ID,patient_id,Evaluation,%ile MT class1,%ile MT class2,%ile WT class1,%ile WT class2,Allele Expr,Best MT IC50 Score,Best MT Percentile,Biotype,Corresponding Fold Change,Corresponding WT IC50 Score,Corresponding WT Percentile,DNA VAF,Gene of Interest,IC50 MT class1,IC50 MT class2,IC50 WT class1,IC50 WT class2,MHCflurry MT IC50 Score,MHCflurry MT Percentile,MHCflurry WT IC50 Score,MHCflurry WT Percentile,MHCflurryEL Presentation MT Percentile,MHCflurryEL Presentation MT Score,MHCflurryEL Presentation WT Percentile,MHCflurryEL Presentation WT Score,MHCflurryEL Processing MT Score,MHCflurryEL Processing WT Score,MHCnuggetsI MT IC50 Score,MHCnuggetsI MT Percentile,MHCnuggetsI WT IC50 Score,MHCnuggetsI WT Percentile,Median Fold Change,NetMHC MT IC50 Score,NetMHC MT Percentile,NetMHC WT IC50 Score,NetMHC WT Percentile,NetMHCcons MT IC50 Score,NetMHCcons MT Percentile,NetMHCcons WT IC50 Score,NetMHCcons WT Percentile,NetMHCpan MT IC50 Score,NetMHCpan MT Percentile,NetMHCpan WT IC50 Score,NetMHCpan WT Percentile,NetMHCpanEL MT IC50 Score,NetMHCpanEL MT Percentile,NetMHCpanEL WT IC50 Score,NetMHCpanEL WT Percentile,Num Passing Peptides,Peptide Length,PickPocket MT IC50 Score,PickPocket MT Percentile,PickPocket WT IC50 Score,PickPocket WT Percentile,Pos,Prob Pos,Prob match,RNA Depth,RNA Expr,RNA VAF,Ref Match,SMM MT IC50 Score,SMM MT Percentile,SMM WT IC50 Score,SMM WT Percentile,SMMPMBEC MT IC50 Score,SMMPMBEC MT Percentile,SMMPMBEC WT IC50 Score,SMMPMBEC WT Percentile,TSL,Variant Type,cysteine_count
chr22-50443983-50443984-GA-G,TWJF-04143-005,Pending,0.475,16.5,6.3392910615507265,29.5,40.659,20.45,0.05,2.0,100.9858231601159,2784.8759315725465,3.5198410747978683,0.256,0.0,68.62,57.62,3907.3924261743778,303.32,205.52772196183184,0.7121249999999998,4288.544985622131,4.582056878174189,0.9735054347824814,0.4329755058295492,11.62257967470222,0.3053227929974865,0.1637545421253889,0.11544845674127388,67.5,0.38,3177.1828737731307,7.444614619486211,15.022376203065978,20.45,0.05,4927.971807887811,5.239351634717323,72.58,0.45,4676.313319182539,7.93004113419218,69.74,0.08,5128.933025011546,4.870075013370623,0.288762,0.26,0.21359948759431172,5.718118167182231,1.0,9.0,1485.2677558853384,2.3,4577.779905579614,8.432784343906022,5.173402663924418,0.0,0.0,16.0,216.271,0.188,0.0,52.71570269569949,0.5,5839.873453157323,6.060041918665099,63.235360677445776,0.6,6684.595500714371,6.921582669678802,1.0,0.0,0.0
chr10-117283571-117283572-T-A,TWJF-04143-005,Pending,0.1,6.0,0.17,40.25,8.691,12.34,0.002,2.0,2.265,27.95,0.011,0.394,0.0,56.246,101.065,69.581,1819.035,32.33250743062344,0.00225,33.84508246944324,0.010625,0.0344021739130369,0.9590921531503044,0.0451630434782828,0.951351651857191,0.6238454654812813,0.5851276814937592,80.16,0.48,198.84,1.01,1.237,31.17,0.04,38.27,0.06,20.58,0.16,34.03,0.28,12.34,0.03,27.95,0.06,0.993165,0.01,0.975605,0.01,2.0,9.0,121.9951827475876,0.3,118.09887808150204,0.3,6.0,0.0,0.0,14.0,40.612,0.214,0.0,122.70436152689082,0.7,100.89275938193416,0.6,133.31223208462924,0.8,133.31223208462924,0.8,1.0,3.0,0.0
chr9-136477528-136477529-G-C,TWJF-04143-005,Pending,0.547,0.09,0.525,0.04,17.1,44.68,0.06,2.0,1.77,79.07,0.07,0.794,0.0,137.111,7.01,166.335,7.245,136.83713944466243,0.5137499999999999,102.1552933449003,0.3806250000000001,0.6972554347825053,0.5589855163108816,0.776711956521595,0.5207608441054529,0.1953053723555058,0.0715454453602433,448.07,1.05,228.25,0.73,1.213,44.68,0.06,79.07,0.07,99.86,0.58,121.34,0.67,135.63,0.14,93.94,0.11,0.332708,0.21,0.258373,0.29,1.0,9.0,537.157411716568,0.3,514.4056055406149,0.3,7.0,0.0,0.0,21.0,44.881,0.381,0.0,137.38521572108374,1.1,241.51271492490216,1.7,146.20425091637696,1.2,211.32943892664764,1.5,1.0,3.0,0.0
chr9-85655184-85655185-C-A,TWJF-04143-005,Pending,0.115,29.0,0.145,45.5,12.848,40.69,0.02,2.0,1.928,78.46,0.02,0.795,0.0,116.212,116.2,179.628,358.7,46.38568414737245,0.033125,48.49256435019655,0.037,0.0344021739130369,0.9595061797736688,0.0255434782608858,0.9650616068510568,0.7259284257888794,0.7814615443348885,5145.16,0.3399999999999999,5374.59,0.76,1.546,40.69,0.09,78.46,0.14,54.78,0.14,89.14,0.15,51.55,0.04,86.67,0.07,0.940905,0.02,0.944146,0.02,1.0,9.0,466.6754581007161,0.3,525.6584286822485,0.4,1.0,0.0,0.0,7.0,12.848,1.0,0.0,177.64377764729088,0.3,270.1158072739374,0.3,190.73043531829023,0.3,290.01469226803005,0.3,1.0,3.0,0.0
chr1-10660270-10660271-TG-T,TWJF-04143-005,Pending,1.015,38.955,2.6,40.907521582146856,183.306,116.2,0.32,2.0,4.309,500.68,1.3,0.619,0.0,203.52,114.87,867.97,269.9964582978972,461.3856340252099,1.582875000000001,6718.25307926437,4.6545000000000005,1.5202989130434048,0.2608807261894361,14.277038043478257,0.0166234823645987,0.1676586784888059,0.0441028289496898,131.79,0.73,685.38,2.12,4.265,244.24,0.44,1654.79,2.7,116.2,0.69,500.68,1.8,162.8,0.32,1050.56,1.3,0.06493,1.8,0.005286,5.4,2.0,10.0,995.274467102104,1.3,2551.251382965138,3.4,10.0,0.0,0.0,51.0,444.918,0.412,0.0,147.1939635925103,0.7,192.70367630994733,0.9,361.2684202409188,1.6,614.9361153274824,2.5,1.0,0.0,0.0
chr3-52823740-52823741-C-A,TWJF-04143-005,Pending,0.04,4.2,11.05,5.4,12.751,13.29,0.007,2.0,1621.57,21550.66,4.03,0.728,0.0,115.958,45.395,12337.363,82.3,33.059195010877595,0.006625,12816.847351721017,4.030125000000001,0.1993750000000034,0.850170333857459,31.64317934782608,0.0077101757173066,0.2289651250466704,0.0017442894677515,358.32,0.01,5590.32,99.31,106.395,13.29,0.03,21550.66,14.0,19.28,0.05,17410.87,8.2,13.51,0.02,21401.48,9.1,0.990288,0.01,0.001262,13.0,2.0,10.0,1170.650925558883,0.3,11857.878436159015,15.0,10.0,0.0,0.0,5.0,12.751,1.0,0.0,212.71592273629827,0.2,4729.334149186516,4.3,198.85659556555072,0.2,7880.250078944544,7.4,1.0,3.0,0.0
chr17-19283659-19283660-C-T,TWJF-04143-005,Pending,0.205,2.2,0.23,8.0,21.131,131.72,0.11,2.0,1.414,186.27,0.15,0.364,0.0,164.545,694.775,224.891,1528.145,171.40214005029856,0.2381249999999997,112.41851288025671,0.1581249999999999,1.2239673913042424,0.3422398538421925,0.9472010869563974,0.4442540940100088,0.0054860902018845,0.0110576508086523,5458.58,86.03,5444.64,72.15,1.367,131.72,0.21,186.27,0.26,144.27,0.2,242.51,0.26,202.44,0.11,293.85,0.15,0.603322,0.14,0.683593,0.1,2.0,10.0,2469.769045352091,1.3,3033.4495271226524,1.8,5.0,0.0,0.0,9.0,63.456,0.333,0.0,157.68849201219265,0.2,157.68849201219265,0.2,141.75552670954684,0.2,207.27169550778908,0.2,1.0,3.0,0.0
chr12-43754848-43754849-GT-G,TWJF-04143-005,Pending,0.02,4.0,0.49,20.0,5.24,5.66,0.005,2.0,379.452,2147.7,0.064,0.406,0.0,83.618,135.24,1424.606,1384.95,32.52066231081567,0.00525,171.8622275046844,0.2407499999999997,0.0072554347826212,0.9806863003488292,0.0643206521739188,0.9385317162703106,0.8438512608408928,0.961281456053257,372.57,0.02,4797.6,0.24,17.037,5.66,0.02,2147.7,1.4,12.71,0.05,1384.4,0.68,14.17,0.02,827.81,0.3,0.98474,0.01,0.606898,0.14,1.0,9.0,277.6287273290855,0.2,1391.9092882313646,1.9,6.0,0.0,0.0,6.0,15.736,0.333,0.0,142.74141578333175,0.2,1457.303473335381,1.4,134.71625459752477,0.2,1470.3475424303886,1.4,1.0,0.0,0.0
chr7-20379230-20379231-C-T,TWJF-04143-005,Pending,0.174,7.2,0.322,6.0,4.093,18.974,0.04,2.0,0.716,13.588,0.04,0.426,0.0,72.15,63.9,80.638,60.99,50.74960204373029,0.11,72.87685323362186,0.2565,0.238179347826076,0.8253694431820027,0.3866032608695633,0.7320737325865059,0.2949736602604389,0.2394392108544707,5614.1,1.15,14972.21,4.42,1.118,89.22,0.04,88.4,0.04,55.08,0.07,67.28,0.08,209.78,0.04,143.99,0.04,0.211356,0.08,0.178127,0.1,2.0,9.0,902.925945728536,1.6,874.08813019978,1.4,7.0,0.0,0.0,1.0,4.093,1.0,0.0,18.9744851209395,0.9,13.588452481543584,0.7,23.805099441444344,1.1,20.63811366436547,0.9,1.0,3.0,0.0
chr2-170993927-170993928-C-A,TWJF-04143-005,Pending,0.66,4.15,17.0,7.505,8.346,15.79,0.05,2.0,142.782,2254.52,3.98,0.487,0.0,169.589,9.44,9780.299,38.42,107.18178516920575,0.199125,19204.97726360277,9.117375,0.9296739130433592,0.4522374707779631,46.22467391304348,0.0058659840599751,0.0070850087795406,0.0349811867345124,15.79,0.05,2254.52,3.98,57.671,358.83,0.66,18697.03,25.0,159.89,0.66,12117.27,17.0,113.19,0.14,10562.93,9.2,0.054211,2.0,0.000294,32.0,1.0,9.0,508.8698527539727,0.5,6829.0379086880075,24.0,9.0,0.0,0.0,35.0,32.473,0.257,0.0,179.28749528409313,0.7,5088.033944283535,12.0,252.42362543436067,0.9,8997.668738963961,17.0,1.0,3.0,1.0
chr12-19440074-19440075-G-A,TWJF-04143-005,Pending,1.766,5.1,1.85,7.65,18.953,91.63,0.17,2.0,4.998,458.01,0.81,0.422,0.0,445.787,320.655,538.145,395.855,606.3336526209652,1.7328750000000008,300.32544412981633,1.3516250000000014,2.1733967391303537,0.1558549127937513,1.3415760869564366,0.306451887205924,0.0595131595036946,0.1132707940414547,2126.08,3.95,4008.93,5.63,1.207,91.63,0.17,458.01,0.81,285.24,1.6,618.28,2.3,1144.22,1.4,1067.94,1.4,0.023501,2.9,0.051211,2.0,1.0,9.0,1469.2841137360406,4.4,1469.2841137360406,4.4,5.0,0.0,0.0,125.0,50.407,0.376,0.0,190.4846568995453,1.4,229.5408576533428,1.7,267.220640119252,1.8,346.633075141757,2.2,1.0,3.0,0.0
chr12-19440259-19440260-G-T,TWJF-04143-005,Pending,0.445,9.4,0.445,9.4,21.776,125.207,0.1,2.0,0.818,102.467,0.11,0.41,0.0,465.911,513.715,494.567,509.755,125.2067243757601,0.1766249999999999,102.46671159939793,0.141125,1.0291576086955132,0.410823235842044,0.91285326086944,0.4593856555502105,0.0020140304113738,0.0028790466421924,5429.9,41.88,5400.32,3.04,1.062,252.06,0.33,275.99,0.35,459.16,0.39,421.09,0.39,301.69,0.15,536.94,0.23,0.665605,0.1,0.656102,0.11,1.0,9.0,1517.7585670175067,2.2,1362.1125453370685,1.8,7.0,0.0,0.0,132.0,50.407,0.432,0.0,472.6612509034752,0.5,478.1344102387383,0.5,586.7052845567007,0.6,510.9989408837073,0.5,1.0,3.0,0.0
chr16-31459765-31459766-G-T,TWJF-04143-005,Pending,0.78,1.215,4.35,4.515,6.729,140.899,0.17,2.0,106.633,15024.558,2.5,0.509,0.0,271.22,7.4,3096.62,15.34,140.89933830649002,0.2877499999999999,15024.557610231715,6.63625,1.089130434782433,0.3883572004301747,37.35904891304347,0.0066351507418336,0.0079598990123486,0.0026290639871149,392.13,1.22,5976.88,8.17,11.417,331.13,0.61,3642.75,4.0,162.5,0.66,3116.62,4.3,147.56,0.17,3076.62,2.5,0.095081,1.2,0.001085,19.0,1.0,9.0,471.7521981623594,0.5,1391.9092882313646,3.0,9.0,0.0,0.0,4.0,13.459,0.5,0.0,289.43430214386416,1.0,1518.9728101728672,4.4,253.00552198747368,0.9,1309.573867019359,3.9,1.0,3.0,0.0
chr17-32211122-32211123-C-T,TWJF-04143-005,Pending,0.38,11.55,0.26,4.6,3.704,22.69,0.05,2.0,0.995,22.57,0.05,0.472,0.0,177.394,11.2,158.829,9.45,15552.790022183995,6.961749999999999,10781.450091716924,4.9355,37.35904891304347,0.0064251689143316,20.2322554347826,0.011346295986508,0.0029666209302376,0.064501185901463,76.67,0.33,24.57,0.1,0.895,22.69,0.07,22.57,0.07,94.61,0.08,63.05,0.07,39.54,0.05,39.09,0.05,0.257318,0.43,0.260934,0.42,6.0,10.0,260.17800677216036,0.1,254.6083498698839,0.1,9.0,0.0,0.0,6.0,22.179,0.167,0.0,1090.485763112595,1.9,1565.3807901707278,3.3,1344.3736759414935,2.6,2025.4428797688972,4.8,1.0,3.0,0.0
chr19-56622727-56622728-C-G,TWJF-04143-005,Pending,2.055,28.95,2.3,22.215,8.088,134.2,0.05,2.0,1.081,145.02,0.03,0.402,0.0,454.03,31.33,475.577,36.28,322.65549164322414,2.054500000000001,475.5769732124971,2.6288750000000007,1.421494565217273,0.2846608739813775,1.7611684782607997,0.2126033641206503,0.103368847630918,0.1002555119339376,134.2,14.72,145.02,15.39,1.047,454.03,0.5135874848040219,475.577,0.7566442713396819,454.03,0.05,403.04,0.03,4920.92,1.9,4396.02,1.7,0.012586,2.7,0.010531,3.0,2.0,11.0,5154.497145169031,2.3,5267.253779493971,2.3,7.0,0.0,0.0,10.0,20.219,0.4,0.0,454.03,7.461455313193433,475.577,8.121413182178241,454.03,7.199658515386118,475.577,7.854508064991851,1.0,3.0,0.0
chr3-142468046-142468047-T-A,TWJF-04143-005,Pending,1.025,34.5,0.725,40.5,2.5,73.565,0.11,2.0,0.508,37.383,0.06,0.278,0.0,392.693,39.98,167.215,63.5,165.7978970423946,0.7018749999999998,104.69879244286018,0.4343749999999997,1.1706249999998732,0.3592912494960223,0.8991032608694383,0.4651166773355262,0.0175252907501999,0.0153116155124735,34491.98,49.73,34281.2,48.08,0.426,352.75,0.11,182.96,0.06,528.51,0.88,151.47,0.28,1178.99,0.25,762.71,0.17,0.007418,1.8,0.022413,0.85,2.0,9.0,432.6355196637657,0.5,476.8841656614147,0.6,4.0,0.0,0.0,5.0,12.5,0.2,0.0,87.33131507234029,4.4,62.541745794283216,3.2,73.56479007442728,3.7,37.38264271630562,2.0,1.0,3.0,1.0
chr7-111944866-111944867-A-G,TWJF-04143-005,Pending,0.16,7.45,0.305,7.45,2.316,57.857,0.01,2.0,1.144,66.181,0.09,0.395,0.0,403.67,544.25,849.31,543.91,57.85672739364537,0.201875,66.1806716371812,0.305125,0.031548913043494,0.9618243984122292,0.049510869565239,0.94850484285222,0.8039398267865181,0.7523113861680031,1087.64,40.18,1599.8,46.78,2.104,403.67,0.5784342384116202,849.31,-0.6085288414103461,186.46,0.01,363.36,0.09,403.67,0.16,849.31,0.33,0.392459,0.14,0.235255,0.27,1.0,9.0,3033.4495271226524,5.6,4196.680175380899,12.0,4.0,0.0,0.0,11.0,25.451,0.091,0.0,403.67,8.876583448092784,849.31,10.923902271741879,403.67,9.544882443690081,849.31,11.95068496995459,1.0,3.0,0.0
chr21-46003143-46003144-G-A,TWJF-04143-005,Pending,1.9,20.0,4.257,40.0,1.236,29.781,0.05,2.0,3.548,105.667,0.12,0.509,0.0,355.975,256.65,1084.69,699.82,4130.913805229559,3.4712500000000017,6515.5364600526045,4.513375000000002,10.23198369565216,0.0232868344236549,16.15755434782608,0.0148760974418524,0.0077766165813955,0.0037999415289959,381.85,0.96,274.72,0.8099999999999999,3.047,30.75,0.05,133.21,0.12,330.1,1.4,1894.66,4.0,5068.77,2.4,12786.99,6.0,0.00578,4.6,0.000541,14.0,1.0,9.0,2010.8325794908649,3.5,3766.310953452029,9.0,7.0,0.0,0.0,150.0,176.541,0.007,0.0,29.78104960601327,0.3,105.66715145642802,0.8,54.445250460420624,0.5,223.33665126998017,1.6,1.0,3.0,1.0
chr5-150895461-150895462-T-A,TWJF-04143-005,Pending,0.304,12.5,0.508,9.295,0.941,48.165,0.01,2.0,1.039,50.051,0.02,0.727,0.0,181.392,30.78,386.885,32.6,48.16461136825448,0.02575,50.05054179081687,0.03075,0.3385597826086837,0.7622623998638568,0.4060597826086933,0.7189610503955283,0.1709485910832882,0.1176715977489948,382.08,1.1900000000000002,1603.79,3.16,2.133,93.55,0.23,164.05,0.36,63.05,0.27,138.91,0.61,49.59,0.05,81.14,0.09,0.914666,0.01,0.886797,0.02,1.0,9.0,3766.310953452029,14.0,4242.333860404259,16.0,1.0,0.0,0.0,2.0,1.881,0.5,1.0,429.0915873898771,1.5,1136.4491286770588,3.5,269.23405979516855,1.0,609.7193809252973,2.0,1.0,3.0,0.0
chr16-9092953-9092953-T-TG,TWJF-04143-005,Pending,0.104,28.275,6.319871313589634,31.678566766374615,2.01,12.02,0.03,2.0,90.41177085060284,2761.8205382442748,3.5264519010289934,0.249,0.0,31.396,56.84,3768.846396214177,246.7476966146164,73.52444980949869,0.107,4148.09933349072,3.5621767892368084,0.7415489130433599,0.5382200488129403,10.653933943924887,0.4335569455779675,0.0010655355290509,0.030475931625769698,14.48,0.04,3149.5466596744336,6.272452846110492,15.007365719796205,12.02,0.04,4699.1408401135495,6.241329038488784,26.39,0.1,4418.515844395641,7.915572707443624,20.03,0.03,4915.1491078536865,5.850325757988498,0.817133,0.03,0.6239001891519969,5.592782591002113,4.0,9.0,1469.2841137360406,3.3,4507.261544083728,8.866216185680798,5.2018233491164825,0.0,0.0,62.0,9.572,0.21,0.0,41.45243051651254,0.2,5882.102121013313,6.743479150256001,36.402398532645506,0.2,6757.740225157578,6.875824173120517,1.0,0.0,0.0
chr4-57010833-57010834-A-C,TWJF-04143-005,Pending,0.23,8.85,0.25,11.8,3.384,31.613,0.1,2.0,1.054,33.333,0.1,0.224,0.0,46.087,214.15,41.247,348.16,45.373300356926514,0.1945,41.81391619716528,0.12175,0.4933152173912845,0.6685339808381817,0.3941032608695565,0.7269095402510135,0.0235396648349706,0.0795248064678162,94.96,0.5599999999999999,83.41,0.49,0.895,64.55,0.11,31.82,0.05,42.94,0.38,40.68,0.36,46.8,0.1,45.75,0.1,0.602195,0.26,0.693698,0.18,2.0,9.0,50.78390721248267,0.2,58.45379627660714,0.2,4.0,0.0,0.0,36.0,40.776,0.083,0.0,39.61503098980696,0.3,36.12933766412422,0.3,31.61331218085544,0.2,33.332662115020156,0.3,1.0,3.0,0.0
chr22-17613273-17613274-T-A,TWJF-04143-005,Pending,0.59,2.45,7.0,2.995,11.6,63.696,0.21,2.0,245.996,15668.867,5.4,0.215,0.0,242.607,9.11,6444.189,13.16,63.69564924533939,0.4656250000000002,15668.86724791255,8.610125,0.3986956521739131,0.7242620593985988,31.64317934782608,0.0071559890113455,0.1913164821453392,0.0356633437913842,183.2,0.95,4734.6,6.22,26.562,371.54,0.68,8940.06,9.3,280.65,1.4,7733.88,7.1,297.23,0.5,19326.21,13.0,0.661231,0.21,0.005078,5.4,1.0,10.0,751.2243258762381,1.0,5154.497145169031,6.9,10.0,0.0,0.0,78.0,69.463,0.167,0.0,77.07082359982539,0.3,683.7384450930225,2.7,204.56437342919065,1.0,988.1662116872149,3.4,1.0,3.0,0.0
chr3-113468215-113468216-G-T,TWJF-04143-005,Pending,0.377,3.0,3.689,4.1,4.032,26.46,0.1,2.0,376.73,9968.27,0.69,0.154,0.0,176.442,69.28,3106.765,81.91,50.93845124219624,0.133375,782.7899598115207,1.5548750000000011,0.4736956521738733,0.6792251243661468,2.778451086956437,0.1077621086522852,0.0690527278929948,0.009687057157862,26.46,0.21,9968.27,7.32,17.608,237.5,0.19,3809.67,2.0,114.95,0.64,2403.86,4.6,337.33,0.28,5024.49,2.4,0.500077,0.1,0.108614,0.69,1.0,9.0,2010.8325794908649,3.5,4727.0973186607425,13.0,1.0,0.0,0.0,11.0,14.768,0.273,0.0,181.10898640234453,1.4,1448.5717121419682,6.0,171.77501692341673,1.3,1769.945932765121,7.2,1.0,3.0,0.0
chr9-35698470-35698471-C-A,TWJF-04143-005,Pending,0.12,0.44,6.9,0.5,1.945,45.371,0.07,2.0,30.658,1390.992,6.9,0.247,0.0,198.09,43.755,2264.981,45.06,45.371459836369496,0.076625,1390.9923181731624,4.7322500000000005,0.3836956521738983,0.7338935965964546,4.213478260869522,0.0627688750334136,0.1119667524471879,0.0008618020219728,198.09,18.3,1021.92,39.190000000000005,11.434,198.09,-1.5470344632051898,2264.981,-2.880938730038774,403.3,0.12,11509.01,25.0,175.52,0.07,14761.27,6.9,0.482669,0.09,0.001621,7.6,2.0,9.0,1017.0464840378708,0.6,2264.981103527669,3.3,9.0,0.0,0.0,41.0,81.043,0.024,0.0,198.09,6.835484481837373,2264.981,3.0983751104518404,198.09,7.2244695596009665,2264.981,5.242588263114528,1.0,3.0,0.0
chr1-77631871-77631872-C-T,TWJF-04143-005,Pending,0.278,30.5,0.263,34.005,1.216,36.51,0.15,2.0,0.681,24.87,0.07,0.148,0.0,175.145,137.57,168.353,271.85,51.38649932241417,0.296625,51.32041174837772,0.296625,0.1821467391304452,0.8612135943199624,0.0778260869565201,0.929598539389657,0.3753444962203502,0.5884181894361973,78.55,0.47,129.41,0.72,0.961,449.96,0.8,572.16,1.2,36.51,0.15,24.87,0.07,124.25,0.26,110.44,0.23,0.700585,0.18,0.814484,0.1,1.0,8.0,226.0393096133909,0.2,207.29661580797057,0.2,6.0,0.0,0.0,26.0,15.796,0.077,0.0,1234.8949084306194,2.9,1105.6813901653684,2.5,2561.3563257499727,7.3,3985.3824131612105,13.0,1.0,3.0,0.0
chr1-225519545-225519546-G-A,TWJF-04143-005,Pending,1.125,12.5,1.65,8.4,6.778,35.71,0.028,2.0,1.139,40.666,0.106,0.118,0.0,493.244,291.4,841.14,530.15,35.710346803739675,0.02775,40.6659812823694,0.10575,0.3351902173912862,0.7644277527798495,0.4182880434782561,0.7117325651102067,0.0921988270711153,0.0506323599256575,1771.32,3.5700000000000003,3831.4,5.489999999999999,1.705,302.28,0.55,257.81,0.48,449.33,2.0,1028.11,2.9,126.98,0.26,946.31,1.3,0.915237,0.04,0.7705,0.14,1.0,9.0,537.157411716568,1.7,611.6306104899984,2.0,5.0,0.0,0.0,145.0,165.323,0.041,0.0,852.8251513539641,3.8,735.9698106145905,3.5,1108.842848928258,4.8,1150.4559644396677,4.9,1.0,3.0,0.0
chr3-101728838-101728839-A-G,TWJF-04143-005,Pending,0.635,12.39,0.409,12.0,1.55,66.278,0.2,2.0,0.855,56.675,0.08,0.112,0.0,243.817,79.5,156.405,80.165,66.27812317546838,0.4988750000000003,56.67540020568322,0.3762500000000001,0.5533695652173662,0.6339570559103944,0.4409239130434628,0.6978142262506645,0.0845180386677384,0.1228559657465666,145.0,0.79,181.45,0.94,0.641,436.54,0.78,167.97,0.32,98.79,0.64,48.37,0.25,97.33,0.2,38.43,0.08,0.29109,0.63,0.225237,0.77,2.0,10.0,487.3161926794595,0.6,283.7019639618546,0.2,1.0,0.0,0.0,6.0,9.282,0.167,0.0,362.98610442256944,1.6,144.84049487603008,0.7,342.63363996403524,1.6,178.9905077401085,0.8,1.0,3.0,1.0
chr22-20985865-20985866-C-T,TWJF-04143-005,Pending,0.07,5.15,4.49,17.985,12.867,8.62,0.026,2.0,656.43,5658.43,1.652,0.239,0.0,19.031,354.6,4493.556,2245.4,39.03485176288462,0.06975,885.6576174528225,1.6521250000000012,0.0255434782608858,0.965194982570103,2.2710054347825377,0.1457026792439089,0.7230189219117165,0.1411193991079926,8.62,0.0699999999999999,5658.43,4.68,236.12,56.11,0.06,8935.42,4.3,14.48,0.1,3997.24,6.4,16.88,0.03,8129.43,3.8,0.743286,0.03,0.010625,3.4,2.0,9.0,471.7521981623594,0.2,4989.871863860996,14.0,9.0,0.0,0.0,18.0,115.919,0.111,0.0,12.940170540373522,0.2,1705.8467012916494,6.9,21.18166035962429,0.3,2837.6576584762724,9.7,6.0,3.0,0.0
chr2-236581369-236581370-G-A,TWJF-04143-005,Pending,0.02,0.425,2.527,9.8,10.372,3.82,0.008,2.0,6.186,23.63,1.983,0.269,0.0,32.906,15.9,2469.769,149.3,32.90584399503959,0.0079999999999999,445.3730381581744,2.5267500000000016,0.0165760869565616,0.972938975852148,1.9827717391303563,0.1791209409489498,0.7495150417089462,0.0220368995796889,3.82,0.11,23.63,3.94,75.056,32.906,-0.7300225900911974,2469.769,0.5533650024690921,254.21,0.02,4834.06,8.0,31.14,0.02,4452.8,1.8,0.92645,0.01,0.0491,1.2,3.0,9.0,1235.7262231072605,0.9,2469.769045352091,3.8,9.0,0.0,0.0,33.0,68.234,0.152,0.0,32.906,5.050419244338867,2469.769,5.890303114470198,32.906,4.531762929178093,2469.769,6.8807536693173565,2.0,3.0,0.0
chr11-62530341-62530342-T-C,TWJF-04143-005,Pending,0.715,59.9,0.635,54.145,57.635,56.04,0.32,2.0,0.941,52.751,0.294,0.391,0.0,213.048,1627.2,193.535,1153.9,56.03974581040171,0.3672500000000001,52.75123041264956,0.3228750000000001,0.3199456521738852,0.7736733376266927,0.2942391304347609,0.789684128573731,0.2306257567834109,0.240549192763865,132.06,0.74,195.59,0.99,0.908,386.01,0.71,313.63,0.57,107.72,0.65,86.29,0.53,215.8,0.4,191.48,0.37,0.246445,0.72,0.227152,0.77,1.0,10.0,953.1186832043844,1.3,645.6305357438321,0.8,10.0,0.0,0.0,150.0,233.341,0.247,0.0,234.90377709641015,1.2,198.55919342784355,0.9,210.29550990123812,1.0,132.99337275274814,0.7,2.0,3.0,0.0
chr7-103561572-103561573-C-A,TWJF-04143-005,Pending,0.63,20.0,0.315,18.0,25.04,73.611,0.36,2.0,0.555,40.861,0.2,0.408,0.0,411.64,322.605,136.7,280.425,73.61067522711939,0.5682500000000003,40.86064558413248,0.10575,0.4456249999999784,0.6955334946148441,0.0427173913043645,0.9532811769367712,0.1915835971012711,0.6488546393811703,584.12,1.94,66.08,0.3899999999999999,0.332,251.05,0.47,125.17,0.24,314.41,1.5,148.23,0.81,189.98,0.36,98.23,0.2,0.275516,0.66,0.855145,0.08,1.0,10.0,508.8698527539727,0.6,497.9764243550323,0.6,1.0,0.0,0.0,20.0,33.387,0.75,0.0,818.2575100558136,3.1,171.35232439014152,0.8,677.3763038899153,2.7,336.37987124414116,1.5,5.0,3.0,1.0
chr17-29613530-29613531-G-T,TWJF-04143-005,Pending,1.2,43.735,1.85,41.495,363.61,59.16,0.409,2.0,1.237,73.169,0.568,0.501,0.0,582.068,598.82,1014.695,582.06,59.15962033691548,0.4093750000000001,73.16913200638524,0.5682500000000003,0.4426086956521544,0.6972759072050289,0.6995923913042361,0.5584116052068714,0.1339122259523719,0.0227813956444151,5500.35,6.800000000000001,5040.97,6.45,1.743,1927.18,3.0,3575.08,4.7,414.31,1.7,780.22,2.3,1202.32,1.5,2031.34,2.0,0.414745,0.44,0.2843,0.64,0.0,10.0,652.6540428705426,0.9,1249.169100192773,1.7,1.0,0.0,0.0,108.0,853.545,0.426,0.0,170.56503197372297,0.8,145.50904822419687,0.7,511.48158227201424,2.1,665.0127929944042,2.6,2.0,3.0,0.0
chr4-2881935-2881936-A-T,TWJF-04143-005,Pending,1.235,41.5,1.035,40.245,25.46,58.468,0.051,2.0,0.869,50.804,0.118,0.233,0.0,566.679,105.0,364.363,279.8,58.46827326045408,0.4020000000000001,50.803843121658986,0.287625,0.0509510869565446,0.9470293570244526,0.1181521739130602,0.9022373516272152,0.7098704241216183,0.4843998020514846,519.78,1.81,1132.88,2.81,0.643,363.39,0.66,312.94,0.57,743.14,2.5,312.72,1.7,375.27,0.59,297.78,0.5,0.586336,0.28,0.703983,0.17,0.0,9.0,631.8094575737812,2.1,471.7521981623594,1.5,8.0,0.0,0.0,46.0,195.85,0.13,0.0,635.1261583645114,3.1,613.5641835574601,3.0,613.5783115575395,3.0,415.7861320810635,2.4,1.0,3.0,0.0
chr1-39444771-39444772-A-T,TWJF-04143-005,Pending,0.8,36.44,2.1,34.545,22.609,42.68,0.191,2.0,0.659,28.14,0.725,0.213,0.0,546.8,438.8,1460.0,423.5,92.53233877601788,0.603,172.66056766373984,1.2637500000000004,0.1914673913043429,0.8552012993125175,0.7247282608694405,0.5464802591651028,0.5228572189807892,0.24484802223742,42.68,6.74,28.14,4.69,2.67,546.8,-2.231938581007307,1460.0,-2.230487281157987,546.8,0.27,1460.0,1.6,4851.93,1.9,7505.94,2.9,0.078116,0.8,0.020213,2.1,0.0,9.0,3807.2828566667704,8.6,3848.700473704344,8.7,3.0,0.0,0.0,34.0,256.918,0.088,0.0,546.8,8.218858720891799,1460.0,8.281471539419845,546.8,9.240190160770151,1460.0,9.732216392300078,5.0,3.0,0.0
chr9-35091931-35091932-G-A,TWJF-04143-005,Pending,1.7,2.1,0.517,16.5,12.029,142.782,0.24,2.0,0.351,50.052,0.08,0.745,0.0,594.7,44.5,397.63,437.53,142.78245913457587,1.0497500000000002,50.05188780347224,0.120125,1.0836684782607051,0.3897042519729073,0.5165217391303969,0.655333601784385,0.0132066042860969,0.033807973464718,215.09,19.12,397.63,25.89,0.669,594.7,0.8253305874731357,397.63,0.16561959591190534,2026.76,2.5,753.87,0.56,594.7,0.24,200.96,0.08,0.02955,1.7,0.224036,0.29,0.0,9.0,1728.185404637339,1.8,1453.47247883281,1.4,4.0,0.0,0.0,6.0,14.44,0.833,0.0,594.7,8.423440154665949,397.63,7.347312331812384,594.7,7.718452431070684,397.63,6.552593521380375,1.0,3.0,0.0
chr7-3974403-3974404-C-T,TWJF-04143-005,Pending,1.26,12.15,11.173,53.0,11.863,74.776,0.337,2.0,225.054,16828.577,9.345,0.179,0.0,652.93,13.85,14985.073,218.7,74.77587718731381,0.5861250000000002,16828.57654423975,9.345375,0.3367119565217251,0.763573640491804,18.61798913043478,0.0125985925375944,0.2937590768560767,0.2166882620658725,203.89,1.02,6049.0,7.199999999999999,22.951,3372.3,4.5,23198.04,22.0,377.91,1.7,13141.57,13.0,1324.03,1.5,21711.68,16.0,0.41956,0.44,0.002658,7.0,0.0,8.0,2812.1856201345004,3.8,27875.689867112076,33.0,8.0,0.0,0.0,19.0,37.541,0.316,0.0,499.6087087309494,0.5,1182.0340850219782,2.7,806.2505056192238,1.5,1228.768303339436,2.9,1.0,3.0,0.0
chr6-30627643-30627644-T-A,TWJF-04143-005,Pending,1.05,30.0,0.55,34.0,0.283,66.2,0.11,2.0,0.474,31.38,0.06,0.204,0.0,207.805,104.1,70.113,123.5,865.8566087032248,1.6343750000000012,1684.5966006734784,2.2216250000000004,2.9916847826086155,0.0963204275112255,4.887418478260841,0.052967882211233,0.0020496907600318,0.0025140722573269,244.23,0.76,56.48,0.3399999999999999,0.337,119.17,0.11,45.48,0.06,66.2,0.41,31.38,0.21,267.17,0.23,325.67,0.27,0.042066,1.5,0.025697,2.0,2.0,9.0,2904.964926184022,6.2,2314.5284480795485,4.3,4.0,0.0,0.0,7.0,0.991,0.286,0.0,99.75622359859284,0.8,42.55396186015184,0.4,171.37994534761307,1.3,83.74521463815697,0.7,1.0,3.0,0.0
chr17-2376205-2376206-A-G,TWJF-04143-005,Pending,1.481,6.2,0.65,5.55,63.407,45.885,0.12,2.0,0.425,19.484,0.04,0.376,0.0,1099.165,161.5,472.955,125.3,131.17601062679347,0.5617499999999997,98.60950280039644,0.3997499999999997,0.6616032608694837,0.5772230555460461,0.3973641304347808,0.7256718271748337,0.2047163136303424,0.3133023213595152,36565.42,69.08,36628.02,69.76,0.43,394.76,0.12,93.86,0.04,3184.8,4.1,1325.76,2.2,1803.57,0.4,847.3,0.18,0.093098,0.23,0.154325,0.11,0.0,9.0,1904.938955172279,4.9,1469.2841137360406,3.5,6.0,0.0,0.0,4.0,126.814,0.5,0.0,84.36649368897069,4.3,27.680249475808942,1.5,45.88492223437164,2.3,19.48363567086936,0.9,1.0,3.0,1.0
chr16-89284853-89284854-C-A,TWJF-04143-005,Pending,2.631,5.3,2.1,37.0,113.997,445.58,0.79,2.0,1.291,575.39,1.2,0.27,0.0,1280.326,74.06,738.985,1341.13,1816.393379624113,2.5621249999999995,409.3735864877138,1.5131250000000012,4.887418478260841,0.0527021070388554,1.933858695652077,0.1858053188968657,0.0216931278409902,0.0115638269489863,516.67,1.81,825.32,2.35,0.577,445.58,0.79,575.39,1.2,656.19,2.1,652.65,2.1,1310.71,1.5,1910.43,1.9,0.022771,2.9,0.026458,2.7,0.0,10.0,2010.8325794908649,2.7,2054.8203260098107,2.7,4.0,0.0,0.0,14.0,398.591,0.286,0.0,1249.942399259656,4.0,503.37309610749753,2.1,1721.1946995701455,5.0,1088.5039265340895,3.7,1.0,3.0,0.0
chr20-37999266-37999267-G-T,TWJF-04143-005,Pending,0.77,4.335,2.05,5.995,5.862,67.188,0.1,2.0,2.477,166.435,0.42,0.2,0.0,634.29,19.43,1656.692,27.97,67.18777111177934,0.22025,166.43484272928313,0.6057499999999998,0.3513586956521664,0.7537948071041188,0.6635326086955757,0.5759881081886389,0.249284541234374,0.2686443282291293,579.65,1.21,1121.19,1.7000000000000002,2.612,833.64,0.54,4820.12,2.4,688.93,2.2,3997.24,6.4,169.63,0.17,1646.29,0.92,0.495761,0.1,0.183222,0.42,0.0,9.0,953.1186832043844,1.0,1946.610237380866,3.3,3.0,0.0,0.0,14.0,16.42,0.357,0.0,534.4905117027959,2.9,995.2679065101288,4.6,706.2525030078742,3.6,1667.0936604793878,6.8,1.0,3.0,0.0
chr2-20034985-20034986-G-A,TWJF-04143-005,Pending,0.745,11.0,1.15,11.0,0.629,41.777,0.14,2.0,3.243,135.5,0.36,0.195,0.0,304.992,145.72,426.943,139.055,425.9435368809992,1.124,346.34591569950305,0.9988749999999992,1.975027173912963,0.1794742472713038,1.789619565217322,0.2072692317410134,0.0104695930931484,0.0041119558118225,1200.03,1.77,2052.19,2.41,1.4,161.62,0.14,507.54,0.36,184.04,0.86,335.5,1.4,1194.99,0.73,919.35,0.6,0.096349,0.76,0.065685,1.1,2.0,9.0,792.984124177032,0.6,1050.6007652110409,1.2,7.0,0.0,0.0,113.0,34.938,0.018,0.0,41.77726452355479,0.4,135.50021989472316,1.1,57.53869398009543,0.5,206.99506905069043,1.5,1.0,3.0,0.0
chr8-56963962-56963963-C-T,TWJF-04143-005,Pending,2.78,4.8,2.55,6.7,7.071,141.82,0.29,2.0,0.956,135.52,0.28,0.369,0.0,791.832,31.685,769.245,64.83,704.9238693479721,1.8232500000000007,554.547535588528,1.6847500000000009,2.660624999999925,0.1149748086051781,2.2818206521738347,0.14509108087921,0.0015275152036338,0.0111953242740128,1263.33,2.98,2800.84,4.6,0.971,1870.42,2.9,2758.69,3.9,688.93,2.4,659.75,2.3,141.82,0.29,135.52,0.28,0.031893,2.5,0.038682,2.3,0.0,9.0,1133.2624602040687,3.5,1183.3858794734783,3.6,6.0,0.0,0.0,23.0,32.584,0.217,0.0,878.7391991186431,3.9,878.7391991186431,3.9,573.9446341647975,2.9,539.3491516981533,2.8,1.0,3.0,1.0
chr1-155256402-155256403-C-T,TWJF-04143-005,Pending,0.36,1.105,0.503,0.685,4.197,96.71,0.24,2.0,1.386,134.078,0.29,0.207,0.0,644.795,6.1,1398.038,6.42,96.7102102076045,0.3591250000000001,134.07801204256458,0.5037499999999999,0.2699184782608341,0.8052498477490391,0.5019293478260352,0.6627872423107495,0.4342054277658462,0.3137035313993692,170.91,0.63,1519.58,2.02,2.168,987.58,0.61,1968.43,1.2,141.18,0.24,167.87,0.29,302.01,0.26,310.92,0.26,0.212929,0.36,0.178362,0.43,0.0,10.0,1209.2729068825724,0.3,1276.4951611980568,0.3,4.0,0.0,0.0,21.0,17.635,0.238,0.0,4581.629854139219,1.7,7211.406881741997,5.5,10763.41288125996,15.0,11801.847540388244,17.0,1.0,3.0,0.0
chr20-20052395-20052396-G-C,TWJF-04143-005,Pending,0.51,1.9,1.4,2.0,4.552,5.97,0.27,2.0,0.827,4.94,0.71,0.644,0.0,697.62,43.33,1862.85,34.37,143.61718386799097,1.0497500000000002,699.6887976000729,3.2715000000000014,0.4095652173913038,0.7171030207231663,0.7080978260868562,0.554178316417877,0.4044739138334989,0.6378043778240681,5.97,0.47,4.94,0.2799999999999999,2.67,697.62,-2.238506957452271,1862.85,-1.5153347093413054,1434.01,1.6,2244.15,3.0,697.62,0.27,1862.85,0.71,0.132928,0.51,0.039764,1.4,0.0,9.0,5743.4917749851775,17.0,5997.52246638931,18.0,4.0,0.0,0.0,34.0,11.049,0.412,0.0,697.62,9.735475538281076,1862.85,12.497663550169525,697.62,11.549323495211897,1862.85,13.602660069650488,1.0,3.0,0.0
chr1-40762942-40762943-C-T,TWJF-04143-005,Pending,1.91,6.7,2.825,7.085,27.238,65.467,0.317,2.0,1.568,102.663,0.275,0.613,0.0,1879.546,81.0,3607.213,115.1,65.46728980843655,0.4913750000000003,102.66332456389097,0.7850000000000004,0.3167663043477944,0.7757613775239584,0.274510869565205,0.8023307891922191,0.2766950158402324,0.445373922586441,432.75,1.62,1162.02,2.85,1.919,7437.62,8.1,12635.98,13.0,196.38,0.98,418.82,1.8,3266.32,2.6,5885.6,3.9,0.100959,1.4,0.047824,2.0,0.0,11.0,1728.185404637339,2.2,2240.6066112583476,2.8,11.0,0.0,0.0,33.0,56.161,0.485,0.0,2030.906829331935,2.3,4973.819263328299,9.1,8799.135387417055,19.0,8942.109835854866,19.0,1.0,3.0,0.0
chr5-168671258-168671259-G-T,TWJF-04143-005,Pending,1.102,45.0,1.271,77.0,7.037,111.88,0.3,2.0,1.318,147.43,0.2,0.738,0.0,812.79,2329.47,891.811,9683.135,120.17846079733786,0.8720000000000004,161.07439644370015,1.0288750000000009,1.0039945652172406,0.4210506548100693,1.142119565217243,0.3693146918726651,0.0026604728409438,0.0218237497902009,2765.41,4.569999999999999,3532.86,5.24,1.097,2915.83,4.1,2939.08,4.1,111.88,0.63,147.43,0.77,923.01,1.2,1174.52,1.4,0.030007,2.6,0.014728,3.5,0.0,11.0,289.90805501337366,0.3,257.3781128547943,0.2,4.0,0.0,0.0,4.0,14.073,0.5,1.0,702.5706449619117,0.4,609.1019642088393,0.3,9471.96315457379,20.0,5642.089876081224,12.0,1.0,3.0,2.0
chr4-84690595-84690596-C-G,TWJF-04143-005,Pending,1.77,7.12,2.6,7.8,11.035,12.25,0.2,2.0,1.873,22.94,1.3,0.76,0.0,1032.96,109.74,2331.17,145.185,497.6494782194369,2.6947500000000013,910.2034096737724,3.784625,1.975027173912963,0.1795014635132185,2.58752717391296,0.1195973466116348,0.0532370652072131,0.0843145244289189,12.25,1.77,22.94,3.82,2.257,1032.96,1.105987901955579,2331.17,1.8149178367438723,1032.96,0.2,2331.17,1.3,3381.28,1.4,6680.25,2.6,0.005263,4.3,0.002981,5.7,0.0,10.0,2339.707100807512,0.3,3380.0760613847024,0.8,8.0,0.0,0.0,21.0,33.139,0.333,0.0,1032.96,5.898213837181161,2331.17,5.7171835348629205,1032.96,5.489377360269435,2331.17,5.798951029673319,1.0,3.0,2.0
chr19-14478512-14478513-T-C,TWJF-04143-005,Pending,2.75,0.99,3.65,1.3,91.333,257.901,0.2,2.0,1.018,262.564,0.2,0.423,0.0,3085.075,353.19,3619.672,529.855,257.90121445145394,1.2745000000000013,262.56424804267834,1.2872500000000011,0.9202989130433537,0.4562107154446872,1.3033967391303634,0.3181156395384023,0.2526736522559076,0.0917320461012423,13084.21,12.39,11525.74,11.19,1.173,15116.84,15.0,19615.66,19.0,1509.57,3.2,2403.86,4.2,10452.42,6.1,15010.42,8.8,0.03745,2.3,0.01871,3.1,0.0,11.0,1222.4280109388617,1.5,1347.454232446704,1.7,5.0,0.0,0.0,63.0,239.718,0.381,0.0,289.52761977941486,0.2,276.49673033777447,0.2,4660.580352568296,8.4,4835.484549992739,8.9,1.0,3.0,0.0
chr19-7533630-7533631-A-T,TWJF-04143-005,Pending,1.656,56.0,1.05,49.5,17.875,102.01,0.422,2.0,0.621,63.382,0.198,0.429,0.0,2635.664,159.1,2086.041,161.2,102.00965230293404,0.4224999999999997,63.38242655365921,0.197625,0.91285326086944,0.4586086548516404,0.6674456521738392,0.573784297112427,0.0007673315722058,0.0010513138367969,32728.84,37.78,30297.77,26.58,0.791,20714.82,8.5,22919.86,11.0,1854.1,2.4,1430.07,2.0,3366.39,0.82,2367.46,0.52,0.004504,2.4,0.013233,1.3,3.0,10.0,1904.938955172279,0.9,1804.6218566100913,0.8,9.0,0.0,0.0,57.0,46.307,0.386,0.0,2635.664,10.34506350780853,2086.041,15.725008363495277,2635.664,12.333640772685918,2086.041,12.094632413091137,1.0,3.0,2.0
chr3-179199059-179199060-A-G,TWJF-04143-005,Pending,2.866,0.22,1.05,0.23,1.997,163.35,0.87,2.0,1.216,198.63,1.0,0.164,0.0,783.815,228.075,435.946,209.12,758.8506924074593,1.8725000000000007,134.8034375720081,0.9355000000000004,2.631467391304284,0.1162697214779086,0.8991032608694383,0.464806954100151,0.0253444408299401,0.084343914524652,163.35,0.8699999999999999,198.63,1.0,0.556,636.59,1.3,521.66,0.93,430.3,1.7,150.65,0.82,4537.76,3.3,800.36,1.1,0.010587,4.0,0.090336,1.5,0.0,10.0,3454.0165428148343,4.7,4018.9258489021786,5.4,3.0,0.0,0.0,20.0,13.316,0.15,0.0,888.975925641731,3.2,466.5411977592277,2.0,808.7792490905354,3.1,405.34983446682776,1.8,2.0,3.0,0.0
chr1-59872894-59872895-C-T,TWJF-04143-005,Pending,4.1,3.255,13.692,5.12,9.284,19.97,1.3,2.0,10.043,200.56,7.7,0.192,0.0,1635.327,11.2,9588.333,12.32,1635.3269791349048,5.136250000000001,9588.332652335645,13.692249999999998,4.519266304347795,0.0575939865609186,22.19230978260869,0.010920915203556,0.0194145893910899,0.0213817605326767,19.97,3.28,200.56,18.43,5.863,1635.327,-3.9100385091438508,9588.333,2.6948173090237098,1262.92,1.3,4696.92,7.7,5124.41,2.0,13615.43,6.2,0.005752,4.1,0.000825,11.0,0.0,9.0,9245.505976249102,31.0,14722.663765950489,48.0,9.0,0.0,0.0,14.0,18.569,0.5,0.0,1635.327,12.506128756550739,9588.333,30.657731997592045,1635.327,15.30304870893422,9588.333,33.150646828968355,1.0,3.0,1.0
chr15-52319171-52319172-C-T,TWJF-04143-005,Pending,0.62,7.87,12.45,8.795,2.993,69.104,0.151,2.0,30.42,2102.131,1.898,0.347,0.0,891.05,38.4,17356.653,62.0,69.10419335874718,0.232125,2102.1309858488,2.4862500000000005,0.1514402173913254,0.8813155261428018,1.898478260869496,0.19023793509705,0.5074183493852615,0.4689370114356279,494.77,1.11,22196.26,17.97,19.479,6511.97,3.2,30882.38,24.0,116.83,0.47,8342.39,9.9,1287.33,0.77,28358.17,20.0,0.347566,0.2,0.004334,5.4,0.0,11.0,3307.718431318005,1.9,12517.045870855363,15.0,1.0,0.0,0.0,10.0,29.932,0.1,0.0,891.05,3.0453378430788476,17356.653,26.28327898614301,891.05,0.7428505307909772,17356.653,24.458951592279526,1.0,3.0,0.0
chr4-157136814-157136815-C-A,TWJF-04143-005,Pending,1.6,7.985,2.8,9.695,1.982,189.489,0.22,2.0,1.32,250.108,0.38,0.73,0.0,810.5,28.1,957.23,43.02,189.4888204656085,1.3777500000000005,250.10778843433857,1.7067500000000009,1.2760054347825047,0.3254067115026877,1.494293478260758,0.266327532708983,0.0116300533627509,0.0074778682646865,810.5,35.59,940.92,37.91,1.181,810.5,1.0186567469456171,957.23,0.4517311348810713,1441.96,1.6,2181.61,2.8,565.31,0.22,957.23,0.38,0.009402,3.2,0.006028,4.0,0.0,9.0,2693.0728595832916,4.4,3307.718431318005,6.7,4.0,0.0,0.0,5.0,3.303,0.6,0.0,810.5,8.431670031709835,957.23,9.066669504552799,810.5,9.190967909757713,957.23,9.797125619093922,1.0,3.0,1.0
chr11-3775951-3775952-C-G,TWJF-04143-005,Pending,3.0,19.0,2.4,19.0,16.954,700.815,1.014,2.0,0.928,650.305,0.979,0.387,0.0,2963.601,546.4,3002.736,561.905,700.8151299805849,1.0143749999999998,650.3047695846235,0.9791249999999996,2.32364130434776,0.140436612977692,1.9827717391303563,0.1784427281234882,0.0647124569804873,0.1246521094581112,7231.66,9.54,6896.37,9.17,1.013,3263.11,3.6,3408.98,3.7,3491.59,3.7,3398.41,3.6,6555.94,5.3,7025.55,5.7,0.029061,3.1,0.033716,2.8,1.0,10.0,2664.091477136258,1.8,2607.0610014707204,1.8,5.0,0.0,0.0,35.0,49.43,0.343,0.0,1246.2925530580765,2.3,958.5615400594812,1.6,1447.171496270688,2.9,1110.503674740249,2.0,1.0,3.0,0.0
chr11-74493435-74493436-T-C,TWJF-04143-005,Pending,0.2,39.0,1.0,43.5,0.657,40.847,0.042,2.0,1.364,55.714,0.105,0.392,0.0,731.11,87.35,615.25,95.42,40.84705315827687,0.042,55.71398584953627,0.182125,0.1149184782608756,0.904046489697948,0.1054619565217649,0.9101533697592036,0.4303581230342388,0.536062765866518,438.02,27.09,171.64,16.919999999999998,0.842,731.11,0.24695879165379225,615.25,-0.26310616413014354,731.11,0.09,615.25,0.06,2081.92,0.79,4703.88,1.8,0.17726,0.4,0.057945,1.0,0.0,10.0,1654.9864903064934,0.2,3725.7799675308625,1.0,2.0,0.0,0.0,6.0,0.985,0.667,0.0,731.11,6.534870948495962,615.25,4.456145880547431,731.11,6.629397206885974,615.25,5.112390288566936,2.0,3.0,0.0
chr1-32938460-32938461-T-A,TWJF-04143-005,Pending,3.7,0.4,2.9,0.33,10.266,749.653,1.94,2.0,0.804,602.365,0.99,0.645,0.0,2523.664,39.035,1609.18,35.46,834.1151585113822,1.940250000000001,150.18906144479905,0.9902500000000004,2.741494565217323,0.1098178497221079,1.0654619565216024,0.3972840391476147,0.0331151032587513,0.0360675413830904,20334.83,18.790000000000003,10373.61,10.35,0.638,3529.57,4.7,1826.45,2.9,3646.02,5.5,3325.66,5.2,5156.84,3.5,3041.9,2.6,0.01939,3.1,0.207577,0.83,0.0,9.0,1517.7585670175067,4.6,1391.9092882313646,4.2,1.0,0.0,0.0,15.0,38.449,0.267,0.0,749.6525109598413,3.6,602.3653751182726,2.9,848.926322737285,3.8,732.6052051569765,3.5,1.0,3.0,1.0
chr3-49653942-49653943-A-T,TWJF-04143-005,Pending,4.5,10.95,4.45,10.95,4.911,1098.38,2.463,2.0,0.982,1078.26,2.153,0.717,0.0,1543.783,275.5,1548.457,276.8,1618.2823439297963,2.4632499999999995,1119.4074669811148,2.1528750000000008,4.732201086956479,0.0547154945490221,3.5626902173912214,0.0766683466561743,0.0011850974515255,0.0019854819838656,1098.38,2.76,1078.26,2.73,1.003,4352.76,5.5,5456.24,6.4,2579.01,4.5,3491.59,5.3,7203.36,4.5,6615.87,4.3,0.016976,3.3,0.01753,3.2,0.0,9.0,1469.2841137360406,4.4,1534.2695396588344,4.6,5.0,0.0,0.0,4.0,4.911,1.0,0.0,1177.226419386586,5.0,1562.6438245867794,6.0,1227.071869317566,5.1,1383.1522896392892,5.5,1.0,3.0,0.0
chr10-129963732-129963734-CC-AA,TWJF-04143-005,Pending,2.25,32.0,3.6,38.5,1.8533996088934241,118.16,0.189,2.0,4.278,505.433,1.629,0.717,0.0,819.491,148.3,1696.395,418.66,118.15993426565106,0.8612500000000004,505.43306161427296,1.629000000000001,0.1885869565217177,0.8574488102499906,1.87081521739124,0.1948287548621642,0.5951398350298405,0.0859859599731862,217.48,1.06,1176.3,2.87,2.07,2822.95,4.0,5978.02,6.9,973.97,2.4,2216.49,3.8,2777.83,2.4,9136.42,5.5,0.116084,1.3,0.009351,4.2,0.0,10.0,3202.0759094759173,4.3,4382.296453477993,5.8,8.0,0.0,0.0,491.57428568773264,4.725,0.4446655734413105,0.0,494.1855016751376,2.1,649.9650435125196,2.6,665.0127929944035,2.6,985.8934924676262,3.4,1.0,3.0,0.0
chr22-38706013-38706014-C-A,TWJF-04143-005,Pending,8.2,4.2,7.1,4.2,14.17,1358.126,4.94,2.0,0.723,981.612,5.49,0.26,0.0,8527.113,524.115,8813.585,505.29,10940.756637465736,6.560125000000002,12974.272405727665,7.657625000000002,24.57923913043477,0.0095411702315258,27.61739130434782,0.0080489923867586,0.0190388346090912,0.0173473292961716,6113.47,4.94,7052.81,5.489999999999999,1.034,16316.14,8.2,10574.36,5.0,19088.05,22.0,11730.27,15.0,19781.27,12.0,14733.66,7.0,0.00426,5.4,0.002451,6.9,0.0,9.0,3491.5911438616804,8.2,3236.909768355534,7.2,4.0,0.0,0.0,11.0,51.904,0.273,0.0,1358.125801611885,5.8,981.612318898062,4.6,4226.296868402854,13.0,3580.63456720745,12.0,1.0,3.0,0.0
chr7-74121033-74121034-T-A,TWJF-04143-005,Pending,11.0,11.16,8.0,12.55,15.836,397.067,1.497,2.0,1.108,440.035,1.498,0.432,0.0,10525.898,503.71,7630.686,502.79,397.0668574170517,1.4971250000000011,440.0349666547252,1.5586250000000008,1.5202989130434048,0.2606457606664587,1.4984510869564218,0.2659409626176607,0.1260978109203279,0.1620224067009985,25027.52,24.31,26707.85,26.700000000000003,0.725,14107.77,15.0,16171.31,16.0,11604.04,12.0,7733.88,8.1,15129.12,8.9,13499.26,7.9,0.098084,1.5,0.078903,1.6,0.0,9.0,9447.75502346994,27.0,7527.49114979243,23.0,1.0,0.0,0.0,28.0,55.371,0.286,1.0,3295.0347568430925,10.0,1725.2816372482675,6.4,4896.32232845774,14.0,2534.3698886418374,8.1,1.0,3.0,0.0
chrX-18908891-18908892-C-G,TWJF-04143-005,Pending,4.95,64.3,6.95,64.525,8.698,1170.651,2.2,2.0,1.011,1183.386,2.3,0.789,0.0,4178.825,1249.78,6105.695,1352.74,7394.18549697498,3.7308749999999993,10788.021687367052,4.9355,16.15755434782608,0.0148426043926136,22.19230978260869,0.0100178752875526,0.0378836162853986,0.02909513306804,9516.73,12.08,12805.82,16.08,1.461,4351.96,4.6,7116.59,7.4,4576.12,5.9,5530.06,6.8,4005.69,3.2,6681.33,5.4,0.041268,2.4,0.010667,5.8,0.0,9.0,1170.650925558883,2.2,1183.3858794734783,2.3,8.0,0.0,0.0,10.0,17.396,0.5,0.0,1873.0527137674576,5.3,2745.0483606585085,7.1,2489.602434545667,6.5,3177.825165965295,7.8,1.0,3.0,0.0
chr16-1341162-1341163-G-A,TWJF-04143-005,Pending,2.939,5.25,1.45,2.395,3.969,651.54,0.79,2.0,1.078,702.43,0.29,0.106,0.0,1999.721,13.5,640.629,11.8,860.2098951151626,1.1406249999999998,186.9320798237936,0.3879999999999999,2.778451086956437,0.1072640232654299,1.2209510869564042,0.342893996440602,0.034112222288968,0.0301185305579565,651.54,1.73,702.43,1.83,0.32,3950.29,4.3,1156.29,1.6,2010.83,3.1,394.62,1.3,903.31,0.79,260.8,0.29,0.057406,1.9,0.100651,1.2,0.0,9.0,2722.3695166880275,8.4,1469.2841137360406,3.3,3.0,0.0,0.0,4.0,15.874,0.25,0.0,1988.6117446059277,5.6,578.8286246212763,1.9,2416.183977205207,6.4,837.7800223700034,2.7,1.0,3.0,0.0
chr3-9906723-9906724-C-G,TWJF-04143-005,Pending,3.977,20.95,2.11,15.81,4.754,912.23,0.54,2.0,0.117,107.18,0.29,0.342,0.0,2532.175,18.85,1296.329,17.1,2103.864839899404,1.82125,951.9882638373444,1.2062499999999998,5.554945652173885,0.0450533726874544,3.0137228260868767,0.0957120807253951,0.0154369610245339,0.0261041711491998,9833.92,12.45,4389.88,6.4,0.512,912.23,1.4,107.18,0.26,2842.78,1.9,1576.34,0.92,3003.18,2.4,978.48,0.84,0.218654,0.54,0.351458,0.29,0.0,8.0,5500.220791866743,6.3,4151.517790435466,3.9,6.0,0.0,0.0,10.0,7.923,0.6,0.0,990.90039150278,7.3,1016.3188952680996,7.4,2221.5699893344618,14.0,3488.670878474527,19.0,1.0,3.0,0.0
chr3-136152692-136152693-T-C,TWJF-04143-005,Pending,1.4,16.0,0.325,17.0,5.897,488.81,0.4,2.0,0.386,188.879,0.12,0.31,0.0,3228.748,193.785,528.81,181.245,488.8097563851793,0.5472499999999993,188.87867963452217,0.2622499999999997,2.0198097826086183,0.1735026083515625,1.230081521738995,0.3400073011812837,0.0366507469443604,0.0293342492077499,5459.12,86.37,5453.22,81.99,0.164,3255.42,1.8,277.56,0.35,5182.46,1.8,883.6,0.54,3683.53,0.94,759.39,0.28,0.282634,0.4,0.630342,0.12,0.0,9.0,3202.0759094759173,6.8,1602.1292262796685,2.4,7.0,0.0,0.0,28.0,16.517,0.357,0.0,757.7919718687859,0.8,298.22908770874295,0.3,925.5928689088132,1.0,297.4541277659131,0.3,1.0,3.0,1.0
chr1-47251427-47251428-T-C,TWJF-04143-005,Pending,1.7,60.5,4.5,70.0,1.656,371.649,0.82,2.0,4.813,1788.568,1.9,0.192,0.0,1511.038,242.0,4470.198,936.4,371.6487524042122,1.0466249999999997,1788.567742456171,2.2948750000000007,1.2795923913042344,0.325314236214755,2.4772826086955604,0.127666345590965,0.1964454688131809,0.2908214665949344,918.28,1.53,10176.74,7.470000000000001,2.958,3203.5,1.8,10695.06,5.1,3116.62,5.5,7092.61,9.3,2938.0,1.6,6771.35,3.2,0.087726,0.82,0.029218,1.9,0.0,9.0,1967.7864831100464,3.4,2169.0457037070128,3.9,5.0,0.0,0.0,5.0,8.28,0.2,0.0,1013.7713183778652,4.7,1132.243927150284,5.1,1054.2897882413276,4.8,1247.268631266173,5.4,1.0,3.0,0.0
chr14-104951544-104951546-TC-CT,TWJF-04143-005,Pending,1.6,48.5,2.14,48.0,3.9873356064846,78.244,0.33,2.0,1.404,109.841,0.625,0.825,0.0,1277.515,807.4,1742.802,1405.01,78.24409853009331,0.6147500000000002,109.84131493469602,0.8213750000000003,0.3301902173912765,0.767522267409914,0.6251630434781816,0.5947368512645909,0.3124241773039102,0.1763906115666031,122.14,0.69,606.32,1.98,1.364,1430.55,2.4,2264.08,3.4,503.39,1.8,841.61,2.3,1124.48,1.4,1269.11,1.5,0.143678,1.1,0.058079,1.9,0.0,10.0,1989.193095131647,2.7,2216.49442399124,3.0,9.0,0.0,0.0,493.88350897667135,20.369,0.46108394073045145,0.0,3287.6834844855935,7.4,4354.015793077799,8.9,1935.664120302098,5.5,2459.4047076371176,6.1,5.0,3.0,0.0
chr1-66905303-66905304-T-C,TWJF-04143-005,Pending,4.8,2.6,1.113,1.9,3.046,1302.721,2.7,2.0,0.116,150.656,0.37,0.194,0.0,4288.484,45.0,943.48,31.53,1302.7205502093984,4.5706250000000015,150.6558042974434,1.1127500000000003,3.996902173913,0.0664883138313157,1.1445923913042009,0.3677861232803682,0.0002566458852015,0.0016093283593363,8545.07,82.84,1043.29,39.51,0.22,4288.484,3.702349812164367,943.48,0.04889619585084115,3164.84,4.8,620.07,0.4,6989.84,2.7,943.48,0.37,0.003099,5.6,0.097359,0.67,0.0,9.0,4288.484190125121,12.0,2240.6066112583476,3.2,1.0,0.0,0.0,6.0,9.148,0.333,0.0,4288.484,13.578254366105938,943.48,6.856967757863549,4288.484,16.86528490059934,943.48,8.402198301770088,1.0,3.0,1.0
chrX-106612159-106612160-C-G,TWJF-04143-005,Pending,4.55,42.46,2.7,40.5,2.068,22.448,1.1,2.0,1.337,30.003,1.6,0.779,0.0,4157.561,479.4,2503.799,465.2,319.4481395787936,1.1751250000000002,153.77695249228395,0.6542499999999999,1.714619565217319,0.2202548478832777,1.117282608695504,0.3779227628143889,0.0037603604323521,0.0194915841566398,36329.47,66.59,35743.71,60.74,0.602,18745.24,7.1,17091.69,6.1,5651.03,6.9,2693.07,3.6,13113.3,4.7,5753.94,1.7,0.001543,4.4,0.007086,1.8,0.0,9.0,2664.091477136258,7.6,2314.5284480795485,6.3,3.0,0.0,0.0,1.0,2.068,1.0,0.0,22.447604396560234,1.1,30.003367393650606,1.6,63.04780917021158,3.2,180.16482326530493,8.6,1.0,3.0,0.0
chr19-47544602-47544603-G-T,TWJF-04143-005,Pending,5.05,55.5,4.45,64.5,1.658,448.302,1.566,2.0,0.841,377.065,1.403,0.408,0.0,3238.671,284.75,2399.817,613.3,448.301925159649,1.5657500000000009,377.0649685137742,1.4701250000000012,1.5753260869564372,0.249143749731151,1.4029619565216365,0.2900772581359735,0.1422974333981983,0.1536263555171899,18305.31,16.81,7950.1,8.58,0.741,4112.13,5.2,2373.75,3.5,6195.39,7.0,5470.55,6.6,9980.29,5.9,8540.67,5.2,0.051881,2.0,0.0478,2.0,0.0,9.0,1550.9601273084331,4.6,1485.2677558853384,4.4,7.0,0.0,0.0,1.0,1.658,1.0,0.0,1158.4038706718131,4.9,1037.19401007581,4.5,2365.2115983853773,7.7,2425.8838318761336,7.9,1.0,3.0,0.0
chr3-147391138-147391139-A-C,TWJF-04143-005,Pending,1.6,70.32,1.646,74.0,1.217,1958.474,0.47,2.0,0.9,1763.259,91.91,0.295,0.0,4915.852,857.17,4974.725,859.78,1958.4736774992343,1.232624999999999,1763.2587036607244,1.168499999999999,3.238749999999925,0.0869361216481762,1.692934782608603,0.2249683189912782,0.1942365728318691,0.4804595867171883,5308.97,0.47,5471.29,91.91,1.012,2043.07,1.3,480.63,0.5,4936.17,1.7,4478.16,1.6,4298.8,1.2,2167.87,0.6,0.051699,1.5,0.069132,1.3,0.0,10.0,8119.75721135566,8.6,6539.787600533107,6.4,8.0,0.0,0.0,1.0,1.217,1.0,0.0,4895.5331981395475,4.4,5594.998829397769,5.0,6910.985790051573,6.5,8063.804683203824,7.6,1.0,3.0,0.0
chr12-68202032-68202033-T-A,TWJF-04143-005,Pending,0.036,3.31,0.135,3.61,0.0,2.28,0.01,2.0,5.193,11.84,0.1,0.431,0.0,5.415,18.9,15.194,21.45,32.309155902292495,0.0335,45.26620347917107,0.103125,0.0383152173913146,0.9568419802757504,0.2287228260869653,0.8313121467412918,0.6078491434454918,0.2753953449428081,2.28,0.01,11.84,0.1,2.806,5.21,0.01,12.94,0.03,5.62,0.03,15.53,0.11,5.94,0.02,25.92,0.04,0.624851,0.05,0.394435,0.16,3.0,9.0,375.8681811436352,0.2,482.0719613908703,0.2,3.0,0.0,0.0,0.0,0.0,0.0,0.0,2.5231321648095397,0.1,10.302437771713077,0.2,3.5071956999879013,0.2,14.857987888590712,0.2,1.0,3.0,0.0
chr2-113227165-113227166-C-A,TWJF-04143-005,Pending,0.02,0.21,0.04,1.8,0.0,2.32,0.0,2.0,1.284,2.98,0.04,0.538,0.0,29.11,23.79,32.037,80.33,30.78130936529809,0.003625,32.03734176477251,0.0068749999999999,0.0383152173913146,0.956555035685324,0.3301902173912765,0.7670688199987561,0.5925919637084007,0.0665622747037559,2.32,0.0,2.98,0.04,1.101,29.11,0.18289983881773553,32.037,0.3992414424210793,29.11,0.01,48.13,0.01,10.4,0.02,27.83,0.02,0.78347,0.02,0.525662,0.07,4.0,9.0,392.4925723107973,0.2,401.07850032761297,0.2,8.0,0.0,0.0,0.0,1.999,0.0,0.0,29.11,6.137960387930816,32.037,6.05918616039608,29.11,5.713113821118378,32.037,5.497016931939617,1.0,3.0,0.0
chr3-135192635-135192636-T-A,TWJF-04143-005,Pending,0.1,2.22,0.089,0.35,0.0,19.3,0.02,2.0,0.773,14.92,0.08,0.305,0.0,31.374,34.35,36.378,19.35,35.77830821790411,0.02775,40.329440401040905,0.097625,0.0344021739130369,0.9593976607869148,0.069728260869553,0.9348047047765716,0.6538563333451748,0.5455449018627405,61.45,0.36,45.25,0.25,1.159,69.12,0.12,54.3,0.08,26.97,0.08,19.49,0.01,19.3,0.04,14.92,0.03,0.964311,0.02,0.829217,0.08,3.0,10.0,202.85899618985857,0.2,176.2412896328162,0.2,5.0,0.0,0.0,0.0,0.484,0.0,0.0,25.40329198401808,0.2,32.42574775996682,0.2,24.200815458761276,0.2,31.61040062128502,0.2,1.0,3.0,0.0
chr2-168907897-168907898-G-T,TWJF-04143-005,Pending,0.12,1.5,0.314,0.97,0.0,10.45,0.03,2.0,3.69,38.56,0.05,0.283,0.0,31.708,19.5,65.349,23.255,39.27213195479525,0.06975,38.057953333484654,0.064625,0.2038586956521584,0.846979478686531,0.3283152173912782,0.7682491284318624,0.2692261720076203,0.1157103795558214,10.45,0.09,38.56,0.2799999999999999,2.061,25.75,0.05,86.55,0.08,19.18,0.15,65.84,0.41,17.5,0.03,42.05,0.05,0.573033,0.07,0.251475,0.3,5.0,9.0,792.984124177032,0.6,883.5969186971492,0.8,4.0,0.0,0.0,0.0,0.013,0.0,0.0,37.66517590256638,0.3,68.38171679221452,0.6,45.0775184700606,0.4,64.8574694860248,0.6,1.0,3.0,0.0
chr6-30154009-30154010-C-T,TWJF-04143-005,Pending,0.17,11.2,0.34,33.5,0.0,11.92,0.01,2.0,0.952,11.35,0.01,0.177,0.0,33.822,9.9,78.045,45.4,28.9796307081398,0.02,29.900824364504647,0.023625,0.0130978260869767,0.97586141321275,0.0141576086956831,0.9741145488806856,0.7477809935808182,0.7361181452870369,25.68,0.21,171.91,0.63,2.308,153.12,0.14,906.62,0.58,38.54,0.28,77.03,0.48,11.92,0.02,11.35,0.02,0.963617,0.01,0.904577,0.01,3.0,9.0,497.9764243550323,0.2,492.6174734627515,0.2,7.0,0.0,0.0,0.0,0.001,0.0,0.0,29.10315015412749,0.3,57.27169017558714,0.5,47.31076821268731,0.4,79.0605807160511,0.7,1.0,3.0,0.0
chr7-90227385-90227386-A-T,TWJF-04143-005,Pending,0.202,26.0,2.5,31.795,0.0,23.78,0.03,2.0,24.008,570.91,1.3,0.399,0.0,37.102,91.99,1606.125,194.78,36.13360140890251,0.052875,2816.457234146498,2.8706250000000013,0.2137500000000045,0.8409391415333962,1.9611684782608023,0.1821514254857073,0.2333942679688334,0.5341619427781552,46.38,0.31,872.54,1.49,43.29,23.78,0.05,570.91,0.39,26.97,0.19,2339.71,4.6,38.07,0.05,5111.95,2.5,0.730204,0.03,0.052418,1.3,3.0,9.0,638.6826117731563,0.4,5382.47700914843,15.0,2.0,0.0,0.0,6.0,2.793,0.0,0.0,26.91162980337163,0.3,389.88811792141064,2.5,38.19090940926449,0.3,444.59031730182784,2.7,1.0,3.0,0.0
chr6-25726359-25726360-T-A,TWJF-04143-005,Pending,0.164,1.5,0.276,15.2,0.0,17.62,0.019,2.0,1.62,28.55,0.024,0.624,0.0,42.215,28.1,56.034,194.4,35.013381313876295,0.0195,35.33959614760084,0.0235,0.1687500000000028,0.8703027893594312,0.2525815217391169,0.816020373175872,0.2921302355825901,0.1776583802420646,70.78,0.42,195.65,0.99,1.327,22.29,0.03,41.62,0.06,20.14,0.16,37.31,0.33,17.62,0.03,28.55,0.06,0.905371,0.05,0.855291,0.08,4.0,9.0,68.75388948023772,0.2,116.82796231698195,0.3,1.0,0.0,0.0,0.0,0.0,0.0,0.0,69.32023079727679,0.4,83.91894202047199,0.5,49.41627441157675,0.3,70.44821604867332,0.4,6.0,3.0,0.0
chrX-41215998-41215999-A-C,TWJF-04143-005,Pending,0.132,8.655,4.035,6.655,0.0,3.89,0.03,2.0,3207.319,12476.47,9.04,0.704,0.0,43.11,341.77,4200.02,303.83,41.76357102300429,0.083375,5134.689056638097,3.9131250000000017,0.401766304347845,0.7225765097291317,4.157119565217343,0.06406276844097,0.0730549858417362,0.3655671440064907,3.89,0.03,12476.47,9.04,97.425,81.22,0.07,3982.18,2.1,26.11,0.18,4625.9,7.0,22.04,0.03,4417.86,2.2,0.640552,0.05,0.031243,1.8,4.0,9.0,340.9925042250324,0.2,3202.0759094759173,7.1,2.0,0.0,0.0,17.0,26.464,0.0,0.0,44.45698436325144,0.4,930.979247046532,4.4,45.181432882095095,0.4,676.0207087162785,3.5,5.0,3.0,0.0
chr6-84762588-84762589-C-T,TWJF-04143-005,Pending,0.181,11.0,0.189,8.3,0.0,23.56,0.02,2.0,1.126,26.53,0.08,0.623,0.0,43.612,326.355,60.1,229.88,44.36443116990163,0.1775,46.18417598936756,0.2055,0.1854891304347603,0.8589660253631975,0.1734239130434645,0.8673808414938632,0.3297254629433155,0.3609045492485165,24.49,0.11,29.27,0.1399999999999999,1.378,42.86,0.07,53.72,0.08,23.56,0.02,26.53,0.08,33.36,0.07,66.48,0.13,0.564788,0.29,0.424885,0.43,2.0,10.0,437.34195544615335,0.5,567.0174473895294,0.7,6.0,0.0,0.0,6.0,4.038,0.0,0.0,139.60147275757663,0.7,84.31211813086242,0.4,210.29550990123812,1.0,78.13219044926323,0.3,1.0,3.0,0.0
chr17-42702577-42702578-T-C,TWJF-04143-005,Pending,0.143,0.66,0.021,3.4,0.0,21.14,0.015,2.0,1.017,21.49,0.013,0.492,0.0,46.41,12.405,41.436,45.97,34.603219509701354,0.01475,34.275491948142964,0.013125,0.2556793478260744,0.8140762405627009,0.0214130434782759,0.968297297874178,0.1682321978732943,0.7146159335970879,34563.65,50.28,32552.73,36.81,0.893,47.98,0.03,36.51,0.02,21.14,0.02,21.49,0.02,39.52,0.02,47.55,0.02,0.476833,0.02,0.537357,0.02,2.0,9.0,618.2842486218158,0.9,451.77069117473314,0.6,7.0,0.0,0.0,5.0,36.623,0.0,0.0,75.53878584206649,3.9,46.362836666140694,2.4,44.84045388809077,2.3,31.817789184376736,1.7,1.0,3.0,0.0
chrX-41216003-41216013-CAATGATTATT-C,TWJF-04143-005,Pending,0.2,3.5,3.55,7.9751745895893995,0.0,33.87,0.126,2.0,235.739,7984.49,0.437,0.674,0.0,60.518,66.3,1865.141,359.9358762988958,59.99631516889421,0.4248750000000001,403.0884479713365,1.5032500000000009,0.1255163043478404,0.8977667625290423,0.4366847826086797,0.7013346464015919,0.516016872599721,0.6661844700574875,33.87,0.18,7984.49,8.61,30.82,89.57,0.17,2669.08,3.8,61.04,0.32,1925.66,3.5,89.16,0.18,4722.14,3.3,0.192613,0.88,0.00898,4.3,7.0,10.0,363.86363379152226,0.3,1804.6218566100913,2.4,8.0,0.0,0.0,18.0,26.464,0.0,0.0,51.86686516328911,0.2,1320.961013046138,4.2,50.67922909394087,0.2,1061.280048985425,3.6,5.0,0.0,1.0
chr2-219297990-219297991-A-C,TWJF-04143-005,Pending,0.26,7.1,2.85,26.0,0.0,28.61,0.013,2.0,102.381,2929.11,0.556,0.262,0.0,66.541,9.31,1977.019,27.2,42.75827716530191,0.01325,282.60137390273644,0.5557499999999997,0.2395652173912736,0.8238946372710793,1.5977173913042575,0.2442374979279262,0.2450515497475862,0.0081550719332881,149.61,0.59,2719.37,4.51,29.711,67.9,0.18,3459.48,3.8,64.78,0.28,3745.99,5.0,28.61,0.04,2929.11,2.4,0.790027,0.04,0.035103,2.7,1.0,9.0,846.1713421466491,1.3,810.3309610065206,1.2,5.0,0.0,0.0,1.0,2.135,0.0,0.0,76.12897806855834,0.3,1234.6674533320431,3.7,65.18234791348094,0.3,975.2815309610282,3.0,1.0,3.0,0.0
chr18-23916681-23916682-T-A,TWJF-04143-005,Pending,0.021,6.7,0.353,9.8,0.0,6.51,0.0,2.0,146.561,954.11,0.08,0.335,0.0,66.684,110.55,744.06,138.395,30.704347565348485,0.0035,86.59864027139481,0.114,0.0214130434782759,0.9685882238039828,0.305706521739097,0.7823751264936093,0.6870999932289124,0.3643535766750574,340.62,0.0,1046.35,0.08,11.158,6.51,0.02,954.11,0.76,8.34,0.05,479.47,0.41,10.44,0.02,442.55,0.2,0.989068,0.01,0.550181,0.17,2.0,9.0,163.3860118481957,0.2,579.4211750802284,0.4,9.0,0.0,0.0,1.0,6.059,0.0,0.0,107.040961127837,0.2,996.666819037749,1.1,102.66442993801296,0.2,908.6988951251944,1.0,1.0,3.0,0.0
chr1-248295454-248295455-G-A,TWJF-04143-005,Pending,0.335,0.81,0.369,4.15,0.0,8.13,0.06,2.0,1.502,12.21,0.1,0.24,0.0,67.884,30.2,115.425,123.3,97.49442327967051,0.3591250000000001,108.03575964941524,0.404625,0.4985597826086803,0.6652949495423033,0.3331521739130068,0.7650519200205591,0.2294052559882402,0.3970996271818876,8.13,0.0699999999999999,12.21,0.1,1.7,52.54,0.06,110.64,0.1,38.96,0.28,91.09,0.54,55.98,0.07,129.89,0.13,0.250941,0.31,0.239097,0.32,4.0,9.0,618.2842486218158,0.4,932.7151751659565,0.9,7.0,0.0,0.0,0.0,0.0,0.0,0.0,79.78844478429505,0.7,120.2098347120696,1.0,86.09144553812519,0.7,131.81353282150477,1.1,6.0,3.0,0.0
chr19-8882842-8882843-C-A,TWJF-04143-005,Pending,0.325,33.53,0.39,38.0,0.0,37.106,0.045,2.0,1.057,39.236,0.075,0.42,0.0,72.104,312.3,99.529,619.93,37.106137212020776,0.045375,39.23553384257907,0.075125,0.069728260869553,0.9340800489572564,0.0874728260869659,0.922018141761908,0.5193326249718666,0.4834858924150467,78.24,0.47,85.68,0.51,1.38,127.91,0.25,108.56,0.21,44.84,0.4,68.38,0.58,37.45,0.08,105.79,0.21,0.764988,0.14,0.593212,0.27,1.0,9.0,263.0083594020469,0.8,283.7019639618546,0.8,5.0,0.0,0.0,0.0,0.576,0.0,0.0,70.6089901080298,0.4,94.3756596062648,0.6,73.59867571408414,0.4,104.68151516225912,0.6,5.0,3.0,0.0
chr6-28126879-28126880-A-G,TWJF-04143-005,Pending,0.35,9.31,0.484,11.5,0.0,37.179,0.003,2.0,0.977,36.32,0.002,0.174,0.0,82.86,32.74,158.715,50.2,37.17872344703383,0.00325,36.31973326593901,0.002125,0.4167391304347774,0.7131112421779081,0.4182880434782561,0.7122186477237311,0.0279204664693679,0.0202710169542115,89.52,0.3899999999999999,137.8,0.5499999999999999,1.915,41.16,0.11,108.03,0.26,76.2,0.31,177.2,0.71,59.81,0.07,140.23,0.16,0.971302,0.01,0.970751,0.01,1.0,9.0,735.1427907623246,1.0,1109.0025961138124,2.1,6.0,0.0,0.0,17.0,8.885,0.0,0.0,244.0900070871676,0.9,471.57416019284426,1.6,195.9431114123836,0.7,344.4530225443679,1.2,1.0,3.0,0.0
chr12-109483642-109483643-G-A,TWJF-04143-005,Pending,0.368,5.08,0.4,4.07,0.0,40.826,0.106,2.0,1.145,46.74,0.216,0.32,0.0,96.28,25.47,179.465,23.0,40.82636099368595,0.10575,46.739925879131725,0.215625,0.3351902173912862,0.7646940510265524,0.5057608695651794,0.6613699261985885,0.1293742426205426,0.0225979062379337,255.93,1.17,426.87,1.61,1.864,100.64,0.19,158.25,0.3,128.08,0.96,200.68,1.4,91.92,0.19,203.09,0.38,0.79472,0.11,0.58864,0.27,5.0,9.0,567.0174473895294,1.8,537.157411716568,1.7,5.0,0.0,0.0,8.0,22.983,0.0,0.0,65.44251783081955,0.4,62.93032867445801,0.4,71.5929074745367,0.4,74.62253528165174,0.4,1.0,3.0,0.0
chr1-178466005-178466006-G-C,TWJF-04143-005,Pending,0.315,18.0,0.384,4.64,0.0,41.849,0.122,2.0,1.166,48.802,0.254,0.578,0.0,112.565,54.8,189.202,55.8,41.848598284050674,0.12175,48.80210291186113,0.254375,0.2334510869565207,0.8284129463410241,0.3787499999999824,0.7376953009120035,0.2480396749451756,0.1375051969662308,239.72,1.13,388.64,1.52,1.681,116.72,0.22,221.2,0.39,71.41,0.39,125.34,0.75,108.41,0.22,166.65,0.33,0.6129,0.24,0.498844,0.36,2.0,10.0,638.6826117731563,0.8,1222.4280109388617,1.7,1.0,0.0,0.0,4.0,13.488,0.0,0.0,83.73171759212124,0.4,71.43153782472723,0.3,162.86583866791034,0.8,211.7532087368949,1.0,1.0,3.0,0.0
chr16-61727188-61727189-G-T,TWJF-04143-005,Pending,0.71,14.0,1.45,19.5,0.0,27.26,0.05,2.0,5.774,157.39,0.14,0.705,0.0,116.522,24.6,338.989,48.5,981.7306941402768,1.739500000000001,1655.532608456524,2.212,2.5574999999999197,0.1212790302390326,2.851521739130362,0.1039689669744752,0.109569976106286,0.2039933837950229,27.26,0.22,157.39,0.6,2.909,32.7,0.05,157.95,0.14,108.89,0.62,388.27,1.5,235.97,0.21,589.67,0.43,0.144527,0.53,0.154268,0.49,1.0,9.0,1318.6091434272448,1.7,1619.5580271428798,2.5,6.0,0.0,0.0,0.0,0.683,0.0,0.0,91.18848491054057,0.8,190.9589420813342,1.4,124.15379524549724,1.0,289.7076744783906,1.9,1.0,3.0,0.0
chr6-65334983-65334984-G-A,TWJF-04143-005,Pending,0.51,11.0,0.463,34.5,0.0,86.02,0.16,2.0,1.193,102.64,0.23,0.202,0.0,120.295,39.56,163.493,67.31,113.38637244723012,0.216625,91.43548984868634,0.157625,0.7328804347824871,0.5415955746262855,0.4262499999999818,0.7070894246718706,0.1238317163661122,0.2667090184986591,133.17,0.54,427.37,1.29,1.359,86.02,0.21,102.64,0.25,114.95,0.52,162.5,0.66,139.14,0.16,206.16,0.23,0.204974,0.57,0.325588,0.32,3.0,9.0,1437.8310001273976,3.2,1453.47247883281,3.3,4.0,0.0,0.0,0.0,0.371,0.0,0.0,107.04096112783668,0.4,121.7727180797922,0.5,125.64059950351336,0.5,164.486401664808,0.6,1.0,3.0,1.0
chr19-22316448-22316449-A-T,TWJF-04143-005,Pending,0.6,7.75,2.155,15.76,0.0,74.834,0.1,2.0,3.12,233.455,0.87,0.401,0.0,139.252,17.5,1700.515,51.28,74.83368108240242,0.258625,233.4547537975596,0.7779999999999997,0.3397826086956428,0.7617202707624647,1.4107065217390442,0.2881977843121927,0.2910773996263742,0.0194200274709146,379.91,0.96,11574.88,8.41,12.212,107.04,0.1,1496.09,0.87,181.07,0.86,1904.94,4.0,112.38,0.13,2156.11,1.3,0.402629,0.16,0.107217,0.69,2.0,9.0,1925.6618788676217,3.2,3416.846299147091,7.9,7.0,0.0,0.0,0.0,0.003,0.0,0.0,133.64108718068368,1.1,519.9241613940246,2.9,144.86384228706413,1.2,584.7362254675913,3.1,2.0,3.0,0.0
chr19-22316754-22316755-T-A,TWJF-04143-005,Pending,0.376,5.2,0.305,2.38,0.0,46.499,0.109,2.0,1.023,47.566,0.116,0.396,0.0,140.474,76.935,98.123,52.455,46.4989020732504,0.10925,47.566054884777714,0.1155,0.3426902173912793,0.7591583907590213,0.2300271739130437,0.8303375329171836,0.1564663727767765,0.2870413083583116,153.61,0.59,118.45,0.52,0.699,423.99,0.3,187.81,0.16,64.78,0.41,52.18,0.36,235.34,0.21,224.35,0.21,0.327924,0.22,0.305387,0.25,1.0,9.0,2664.091477136258,5.4,2264.981103527669,4.2,3.0,0.0,0.0,0.0,0.003,0.0,1.0,86.68421088221365,0.7,54.19260153836888,0.5,127.33857924496726,1.0,77.79648945251903,0.7,2.0,3.0,0.0
chr4-56911017-56911018-C-T,TWJF-04143-005,Pending,0.595,15.0,0.621,19.99,0.0,53.544,0.16,2.0,0.979,52.393,0.18,0.185,0.0,141.205,373.555,183.2,797.14,53.54393962594282,0.3315000000000001,52.39334432626841,0.3145000000000001,0.401766304347845,0.72173907238273,0.5019293478260352,0.6631172868856898,0.1400922057218849,0.0561528988764621,136.1,0.75,133.99,0.74,1.297,85.33,0.16,96.98,0.18,114.95,0.92,149.03,1.2,146.31,0.3,217.37,0.4,0.418185,0.44,0.373012,0.48,2.0,9.0,268.76176978724686,0.8,296.2499067258409,0.9,3.0,0.0,0.0,18.0,16.922,0.0,0.0,490.7496516546768,2.6,420.5910240016785,2.4,263.5542354868585,1.8,290.98459658567685,1.9,1.0,3.0,0.0
chr1-2502241-2502242-G-C,TWJF-04143-005,Pending,0.6,6.115,0.3,9.435,0.0,42.19,0.18,2.0,0.332,14.02,0.04,0.196,0.0,151.13,22.6,81.064,21.63,422.3771214153684,0.7501249999999996,365.6774610920559,0.6743749999999996,1.9268749999999244,0.1868253189546947,1.826603260869476,0.2016976852837443,0.0220503791933879,0.0093422393838409,42.19,0.18,14.02,0.04,0.536,120.82,0.29,38.76,0.1,110.08,0.5,42.71,0.18,172.81,0.2,99.15,0.12,0.148693,0.79,0.178733,0.66,1.0,9.0,3529.574501098987,13.0,3307.718431318005,12.0,8.0,0.0,0.0,4.0,7.026,0.0,0.0,152.2474404134173,0.6,75.60490986977061,0.3,150.013381244955,0.6,86.52268736216607,0.3,1.0,3.0,0.0
chr12-63580705-63580706-G-T,TWJF-04143-005,Pending,0.165,2.4,0.195,2.5,0.0,16.22,0.05,2.0,1.078,17.49,0.05,0.377,0.0,152.158,79.36,143.915,153.04,37.46093985377308,0.050375,36.88534771039584,0.045375,0.0601358695652436,0.941338976788788,0.1211956521739239,0.900293849367533,0.5571069903671741,0.3903310755267739,103.64,0.6,90.51,0.53,0.946,225.42,0.4,196.62,0.36,16.22,0.05,17.49,0.05,62.31,0.13,91.21,0.19,0.89929,0.05,0.892644,0.05,2.0,11.0,200.67593822672967,0.2,218.82002441761688,0.2,7.0,0.0,0.0,4.0,8.107,0.0,0.0,1338.7207655690254,1.2,1354.222421440708,1.2,9559.606150565583,20.0,12689.36822233988,26.0,1.0,3.0,0.0
chr2-70181323-70181324-C-T,TWJF-04143-005,Pending,0.735,9.2,1.4,7.6,0.0,32.965,0.03,2.0,1.73,57.021,0.09,0.261,0.0,155.405,75.775,678.38,56.595,32.96478576280144,0.037375,57.02083824336755,0.16725,0.033043478260879,0.960144972764369,0.1353532608695786,0.8917209413787737,0.6368417181074619,0.483903519809246,36.56,0.27,2496.37,2.71,4.365,4332.75,2.2,4919.38,2.5,339.15,1.4,888.39,2.5,140.36,0.14,468.37,0.37,0.746592,0.03,0.533943,0.09,1.0,9.0,1534.2695396588344,2.4,2240.6066112583476,4.1,7.0,0.0,0.0,4.0,12.901,0.0,0.0,156.65346304001136,1.2,170.58467012916512,1.3,154.15584636292746,1.2,217.2501074905172,1.5,1.0,3.0,0.0
chr19-3557297-3557298-C-A,TWJF-04143-005,Pending,0.26,3.69,0.388,3.8,0.0,52.605,0.01,2.0,1.03,54.183,0.01,0.174,0.0,162.62,47.63,153.21,41.94,52.60466980405834,0.146125,54.18313263398099,0.163,0.3898369565217194,0.7297845363570248,0.3880163043478006,0.731322295427372,0.1466591006610542,0.1569837273564189,162.62,16.43,153.21,15.87,0.942,162.62,-0.20879687340610287,153.21,-0.7300605147821815,176.71,0.01,168.17,0.01,105.9,0.05,122.78,0.06,0.23826,0.26,0.168804,0.42,2.0,9.0,3646.021818984919,8.0,3975.676359145958,9.2,7.0,0.0,0.0,2.0,140.772,0.0,0.0,162.62,8.954112313172866,153.21,8.38204886675255,162.62,10.07205687290529,153.21,9.818647182724046,1.0,3.0,1.0
chr7-86786653-86786654-G-A,TWJF-04143-005,Pending,0.456,10.4,2.975,7.5,0.0,39.55,0.15,2.0,108.987,4310.45,0.93,0.204,0.0,173.47,24.0,2145.494,20.8,75.09791653552011,0.258625,212.8526200900937,0.7281249999999998,0.6313586956520965,0.5922774853675423,1.2177173913042338,0.344089886220801,0.0691177761182189,0.0672675125533714,39.55,0.2799999999999999,4310.45,3.85,12.368,217.9,0.17,3906.34,2.1,153.12,0.82,2077.17,4.2,193.82,0.18,2167.94,1.3,0.418534,0.15,0.076872,0.93,3.0,9.0,1290.3815441454742,1.6,4062.6458292605503,9.9,2.0,0.0,0.0,1.0,0.009,0.0,0.0,147.55026709666163,1.2,972.6128430644684,4.5,311.86023369758306,2.0,2123.0489129638427,8.2,1.0,3.0,0.0
chr15-57962049-57962050-A-G,TWJF-04143-005,Pending,0.82,2.05,1.15,1.025,0.0,90.403,0.314,2.0,1.31,118.459,0.54,0.728,0.0,224.054,84.78,449.323,34.0,90.40334164564896,0.7043750000000004,118.45922805889067,0.8612500000000004,0.3136956521738767,0.7773167208096194,0.5399184782608444,0.6408224781278429,0.3678303509950638,0.2523408103734255,155.78,0.84,263.71,1.2,2.005,989.5,1.8,1434.32,2.4,291.48,1.6,608.33,2.3,542.62,0.77,683.25,0.9,0.468249,0.38,0.350058,0.51,1.0,9.0,902.925945728536,2.8,1235.7262231072605,3.7,7.0,0.0,0.0,1.0,2.065,0.0,0.0,125.85196475950484,0.8,168.98960856942023,1.1,156.6282155197621,1.0,290.3153505849095,1.9,1.0,3.0,0.0
chr7-142050856-142050857-A-T,TWJF-04143-005,Pending,0.11,33.0,0.355,59.0,0.0,25.93,0.012,2.0,1.452,37.65,0.284,0.389,0.0,261.11,149.9,639.15,651.9,43.26194200020216,0.05775,70.68182417645302,0.35525,0.012092391304364,0.9760902714527044,0.2841032608695428,0.7966942484010542,0.860541895031929,0.3329586908221245,25.93,4.32,37.65,6.08,2.448,261.11,-1.1048585441520924,639.15,-2.134858916863342,640.63,0.43,676.84,0.45,261.11,0.11,639.15,0.25,0.650146,0.05,0.349541,0.16,2.0,9.0,3033.4495271226524,5.6,4429.969369593865,12.0,6.0,0.0,0.0,0.0,1.207,0.0,0.0,261.11,7.567005892404994,639.15,9.983484265407476,261.11,7.3538513247536486,639.15,9.501196886382786,1.0,3.0,0.0
chr7-101200757-101200758-A-T,TWJF-04143-005,Pending,0.773,4.675,0.436,5.675,0.0,149.742,0.18,2.0,0.635,95.118,0.07,0.41,0.0,275.746,20.96,124.637,21.09,149.74230492016986,0.5553749999999997,95.11770789781924,0.3510000000000001,0.8950815217390158,0.4672970758285091,0.8422010869564218,0.4900324211600312,0.1160256457224022,0.0171944220928708,182.52,0.65,22.63,0.19,0.452,376.39,0.27,191.87,0.16,264.44,1.3,86.29,0.52,193.05,0.18,56.44,0.07,0.345041,0.21,0.384331,0.16,2.0,9.0,1453.47247883281,2.2,855.3764372017306,0.7,7.0,0.0,0.0,0.0,0.0,0.0,0.0,315.45687734859115,2.0,158.8327297913474,1.3,287.0516185537848,1.9,154.15584636292763,1.2,1.0,3.0,0.0
chr17-47836875-47836876-G-T,TWJF-04143-005,Pending,0.3,23.885,1.25,39.5,0.0,81.97,0.07,2.0,77.637,6363.88,0.42,0.476,0.0,285.043,128.5,2388.642,327.5,291.84578115694063,0.3759999999999995,2141.863777973474,1.2993749999999988,1.3880163043477154,0.2939233906619602,4.585733695652138,0.0561818703825413,0.0885499778669327,0.0860550007782876,760.17,0.0699999999999999,5263.5,0.42,8.38,81.97,0.15,6363.88,2.8,111.88,0.18,2635.42,1.2,278.24,0.14,3457.57,0.89,0.161746,0.64,0.008757,4.1,2.0,9.0,1039.2947723310567,1.1,1290.3815441454742,1.7,9.0,0.0,0.0,0.0,1.332,0.0,0.0,229.9058382905901,0.3,1050.8724340613608,1.1,299.51598127818903,0.3,1005.587809819766,1.1,1.0,3.0,0.0
chr19-8977510-8977511-C-T,TWJF-04143-005,Pending,0.257,14.0,0.592,39.0,0.0,9.79,0.105,2.0,1.386,13.57,0.427,0.423,0.0,286.65,495.32,1017.046,973.73,48.62366689510243,0.105375,77.73332815203852,0.4275,0.2572826086956468,0.8131206076812523,0.5923641304347171,0.6116501140655762,0.2598392879590392,0.1014423454180359,9.79,1.26,13.57,2.04,3.548,286.65,-0.07211120690454537,1017.046,-0.7828065026827256,788.36,0.58,2786.86,4.0,286.65,0.12,1345.91,0.52,0.432986,0.12,0.159358,0.44,1.0,9.0,874.08813019978,0.4,1017.0464840378708,0.6,1.0,0.0,0.0,0.0,0.576,0.0,0.0,286.65,5.654944492830676,1017.046,5.068758324126703,286.65,5.023294235717968,1017.046,4.547975335965423,5.0,3.0,0.0
chr9-6605180-6605181-C-A,TWJF-04143-005,Pending,0.35,6.15,1.35,34.365,0.0,34.03,0.15,2.0,10.075,342.84,1.6,0.067,0.0,299.586,225.1,1122.04,3939.71,46.52000910993959,0.215625,68.18484528608485,0.5145000000000003,0.2683967391303952,0.8058571927513128,0.5327717391303821,0.6454200206498719,0.234383933711797,0.1063620029017329,206.68,1.03,710.62,2.16,3.745,409.4,0.74,3212.18,4.3,34.03,0.15,342.84,1.6,151.41,0.3,1193.48,1.5,0.59851,0.26,0.333365,0.54,1.0,11.0,392.4925723107973,0.4,1050.6007652110409,1.2,3.0,0.0,0.0,0.0,0.003,0.0,0.0,1293.2723722998726,1.1,1320.352828069238,1.1,8306.919464403441,18.0,9256.35495017149,20.0,1.0,3.0,0.0
chr6-75165580-75165581-T-A,TWJF-04143-005,Pending,0.8,12.1,9.55,18.0,0.0,40.514,0.09,2.0,19.02,770.565,3.4,0.063,0.0,331.616,49.62,4715.961,63.2,40.51378441229048,0.097625,770.5650541127155,1.881375000000001,0.130217391304356,0.8947254358186629,2.4501358695651163,0.1299458678611844,0.3989772358909249,0.0653887519147247,226.82,1.09,15788.38,14.580000000000002,14.221,133.6,0.26,5578.38,6.5,560.92,2.2,11233.42,12.0,315.8,0.51,20074.5,14.0,0.821034,0.09,0.015158,3.4,1.0,9.0,352.24248988870096,1.1,2365.159660107549,7.1,9.0,0.0,0.0,39.0,39.708,0.0,0.0,379.1927279760473,2.2,3853.541141517314,12.0,347.4321469056335,2.2,3621.345822512765,12.0,1.0,3.0,0.0
chr9-74821749-74821750-T-A,TWJF-04143-005,Pending,1.3,7.65,2.0,7.15,0.0,39.62,0.22,2.0,5.847,231.64,1.11,0.28,0.0,341.238,298.3,942.578,312.9,6431.982113819109,4.543375,4842.086296822925,3.927375000000001,16.15755434782608,0.0149257002483073,12.187228260869546,0.0197054967091461,0.001211608390804,0.0031544085504719,39.62,0.22,231.64,1.11,2.762,198.5,0.36,1139.0,2.0,191.14,0.98,456.69,1.7,457.31,0.68,1338.45,1.5,0.004884,5.5,0.005929,5.1,1.0,10.0,1062.0297506032605,1.4,1422.3578464915408,2.0,7.0,0.0,0.0,0.0,0.0,0.0,0.0,251.12502905274889,1.2,251.12502905274889,1.2,431.3501962862558,1.8,746.1566260866111,2.9,1.0,3.0,0.0
chr12-12435684-12435685-A-T,TWJF-04143-005,Pending,1.045,8.7,1.35,29.0,0.0,56.595,0.17,2.0,0.955,54.044,0.15,0.204,0.0,385.264,174.95,567.108,1173.445,56.59476513173709,0.3762500000000001,54.0440314239391,0.34025,0.5491304347825547,0.6358082083208244,0.3253532608695622,0.7701707974365009,0.0434135377872735,0.2150475280359387,227.49,1.09,473.69,1.71,1.472,648.07,1.3,1223.92,2.1,226.04,1.2,350.34,1.6,128.04,0.26,282.77,0.48,0.714034,0.17,0.737234,0.15,1.0,10.0,759.396537558375,1.0,846.1713421466491,1.1,7.0,0.0,0.0,6.0,11.428,0.0,0.0,660.5261258812424,2.6,660.5261258812424,2.6,543.0377234871701,2.3,779.5249139782571,3.0,1.0,3.0,0.0
chr10-94688193-94688194-T-A,TWJF-04143-005,Pending,1.185,4.2,1.991,4.25,0.0,127.45,0.15,2.0,1.976,251.79,0.28,0.721,0.0,394.606,9.1,1182.325,11.2,296.08604356874866,0.5749999999999996,334.537545297337,0.6294999999999995,1.5295108695651152,0.2592311966790898,1.68184782608688,0.2270034576475941,0.0434548771008849,0.0274182123248465,812.3,2.01,1194.0,2.59,2.996,335.74,0.61,1102.4,1.6,263.01,0.87,1170.65,2.3,127.45,0.15,251.79,0.28,0.178825,0.66,0.090537,1.3,1.0,9.0,932.7151751659565,1.5,1209.2729068825724,2.3,7.0,0.0,0.0,0.0,0.0,0.0,1.0,453.47150260990526,1.5,1407.829301370554,4.2,477.6722367859426,1.6,1493.2413236644836,4.3,1.0,3.0,0.0
chr22-16991926-16991927-C-T,TWJF-04143-005,Pending,0.56,38.0,0.46,48.0,0.0,58.27,0.273,2.0,0.962,56.067,0.343,0.248,0.0,396.939,289.3,312.659,555.9,58.270053987614375,0.4020000000000001,56.06745076542918,0.3672500000000001,0.2727173913043259,0.8036633859265356,0.3426902173912793,0.7592101334204291,0.2922652903944254,0.2079198854044079,90.28,0.53,93.08,0.5499999999999999,0.788,1469.57,2.4,1669.99,2.7,83.09,0.49,64.43,0.42,375.06,0.59,265.37,0.46,0.240526,0.73,0.389567,0.46,1.0,11.0,418.8179265751275,0.4,359.94793166265003,0.3,6.0,0.0,0.0,0.0,0.008,0.0,1.0,5077.96847075771,9.3,5054.637324932476,9.3,10627.717457900018,22.0,9648.060097214768,20.0,1.0,3.0,0.0
chr14-45183801-45183802-A-T,TWJF-04143-005,Pending,0.855,28.165,6.5,34.755,0.0,61.538,0.439,2.0,93.806,5772.633,4.288,0.747,0.0,405.324,709.8,5901.347,709.8,61.538061366009536,0.4393750000000002,5772.633012896162,4.288125,0.6488043478260153,0.5830104119096121,14.277038043478257,0.0165820415174292,0.003637710957264,0.0017379821911163,905.05,2.47,21599.44,20.12,14.56,314.25,0.57,6091.37,7.0,174.34,0.93,6030.06,6.0,585.59,0.81,16736.5,10.0,0.249226,0.71,0.002372,7.4,1.0,10.0,659.7539553864469,0.9,1567.8322839124316,2.1,10.0,0.0,0.0,1.0,3.237,0.0,0.0,224.8485027614494,1.1,530.7499965316439,2.2,496.3979736574829,2.1,909.5571663684505,3.2,1.0,3.0,0.0
chr1-207526847-207526848-C-A,TWJF-04143-005,Pending,1.681,47.0,3.36,48.0,0.0,235.23,0.76,2.0,6.532,1536.48,1.3,0.634,0.0,436.348,77.6,1350.818,78.8,329.77280678468856,1.4010000000000016,1165.1567799488346,2.1793750000000007,1.6615489130433758,0.2312111708892925,1.9682336956520745,0.1811457906789789,0.030213539925171,0.2899354782421142,235.23,1.12,1536.48,3.32,3.096,610.94,1.2,2659.11,3.8,492.62,2.1,2635.42,4.5,530.58,0.76,1047.48,1.3,0.022326,2.9,0.015502,3.4,1.0,9.0,893.2091487761664,2.8,1637.1764276304789,4.9,9.0,0.0,0.0,0.0,8.961,0.0,0.0,238.70416675540915,1.7,602.3653751182719,2.9,380.0756089549988,2.2,928.6883552544105,4.1,1.0,3.0,1.0
chr8-105802042-105802043-C-T,TWJF-04143-005,Pending,0.557,34.49,21.453,25.47,0.0,60.62,0.09,2.0,268.131,16254.047,14.0,0.589,0.0,438.26,226.31,16254.047,211.99,60.61980281577861,0.228375,16254.04674314714,21.452749999999995,0.5570108695651754,0.632206127647493,37.35904891304347,0.006169060382338,0.0578882650006562,0.0035048639583692,86.74,11.23,40.01,6.39,37.088,438.26,-7.648894611238563,16254.047,3.1188096973501027,1138.08,1.2,22347.58,53.0,438.26,0.17,22356.52,15.0,0.479895,0.09,0.000441,14.0,1.0,9.0,5044.1543035179475,15.0,15541.081711348315,50.0,9.0,0.0,0.0,8.0,37.186,0.0,0.0,438.26,0.9140662404831416,16254.047,29.128478704193547,438.26,5.12134591393487,16254.047,33.70289267622051,1.0,3.0,0.0
chr2-178776632-178776633-G-C,TWJF-04143-005,Pending,0.385,5.6,23.0,15.0,0.0,36.882,0.023,2.0,130.129,4799.459,2.202,0.251,0.0,447.923,15.63,28092.375,96.77,36.88245286161173,0.023125,4799.459429625586,5.109875000000003,0.0978804347825956,0.9152389583968132,2.202255434782515,0.1522909843497907,0.4408603422343731,0.6197576187551022,34033.95,46.23,36379.53,67.11,62.717,1297.44,0.32,27986.61,17.0,238.6,0.45,16673.41,23.0,643.4,0.14,28198.14,23.0,0.368169,0.03,0.001609,4.3,1.0,9.0,963.487207450801,1.8,39837.45943397545,80.0,2.0,0.0,0.0,0.0,1.578,0.0,0.0,252.4468755801352,13.0,29934.361563536673,95.0,214.12629375661197,9.8,25566.424759841724,94.0,5.0,3.0,0.0
chr8-22724877-22724878-A-T,TWJF-04143-005,Pending,0.645,1.8,0.39,1.4,0.0,234.28,0.32,2.0,0.811,189.93,0.08,0.671,0.0,510.068,45.44,282.9,40.49,563.5526765508865,0.8928749999999998,170.15008624950607,0.3564999999999999,0.4000543478260852,0.7237049124411349,0.1596195652173833,0.8759885506336164,0.789062388241291,0.7406729012727737,234.28,0.83,189.93,0.72,0.555,397.35,0.71,178.99,0.38,747.17,0.76,375.87,0.42,591.42,0.58,111.44,0.14,0.325842,0.32,0.643626,0.08,0.0,10.0,2390.8891056788234,1.5,1501.42527646561,0.6,7.0,0.0,0.0,0.0,0.0,0.0,0.0,405.1538778252427,0.4,422.29894844353646,0.4,456.58327615499934,0.4,450.3187187539654,0.4,1.0,3.0,0.0
chr2-206297267-206297268-G-A,TWJF-04143-005,Pending,0.57,12.8,0.394,8.4,0.0,48.49,0.03,2.0,1.509,73.19,0.01,0.497,0.0,553.9,17.9,199.95,11.79,89.16947175263022,0.5595,73.35674398866672,0.383125,0.5670652173912458,0.6258324101363121,0.3941032608695565,0.7267633802560944,0.1561175212264061,0.2336363494396209,48.49,7.449999999999999,73.19,10.02,0.361,553.9,0.18087265108072828,199.95,-0.44137253698270384,553.9,0.03,199.95,0.01,3965.32,1.6,1995.08,0.75,0.119965,0.57,0.193032,0.36,0.0,8.0,6682.848003569165,3.7,5805.9724867553105,2.7,6.0,0.0,0.0,8.0,1.436,0.0,0.0,553.9,7.512666631679843,199.95,7.574952690561133,553.9,7.268625666978255,199.95,6.820077577020474,1.0,3.0,0.0
chr15-32730790-32730791-C-T,TWJF-04143-005,Pending,1.305,43.29,8.5,77.0,0.0,78.485,0.12,2.0,4.04,317.087,0.604,0.764,0.0,611.198,57.02,5895.94,650.1,78.48544327114489,0.12025,317.0870969781707,0.6044999999999995,0.5077173913043254,0.6598007912852831,1.6371739130433838,0.2352847098494163,0.1629172377288341,0.0258818353759124,482.95,1.41,1592.6,3.14,9.647,977.54,1.5,10805.45,13.0,755.3,1.7,7609.38,9.3,677.73,0.64,10489.47,9.1,0.433997,0.2,0.081063,1.5,0.0,9.0,1709.5876151371574,4.3,5805.9724867553105,21.0,1.0,0.0,0.0,52.0,9.739,0.0,0.0,336.1630690228383,1.2,3195.5822486331695,7.9,544.6656665190403,1.8,5985.9074804282955,14.0,4.0,3.0,1.0
chr20-57358983-57358984-G-A,TWJF-04143-005,Pending,0.742,26.81,0.44,18.0,0.0,3.35,0.06,2.0,1.081,3.62,0.09,0.144,0.0,627.25,242.97,579.57,283.24,200.40757733517515,1.4405000000000003,74.40732783113422,0.391125,0.7415489130433599,0.5376853816088664,0.579510869565155,0.6191619825438923,0.2757471203804016,0.0984074433799833,3.35,0.06,3.62,0.09,0.924,627.25,-0.9044136976604251,579.57,-0.5487855185447531,627.25,0.41,579.57,0.32,770.07,0.3,1126.51,0.44,0.07678,0.82,0.107596,0.62,0.0,9.0,2077.173737759784,2.7,3236.909768355534,6.5,8.0,0.0,0.0,0.0,0.0,0.0,0.0,627.25,5.276984777085427,579.57,6.167790970519738,627.25,5.564135339032129,579.57,6.477738141687634,6.0,3.0,0.0
chr12-80707815-80707816-T-G,TWJF-04143-005,Pending,2.55,17.555,2.55,28.34,0.0,229.71,0.41,2.0,0.874,200.71,0.37,0.249,0.0,631.114,206.43,628.109,710.19,483.5539165775001,1.604500000000001,639.8074275204302,1.7632500000000009,1.6513043478259846,0.2322915839760487,1.755733695652097,0.2137231017452504,0.1370107512921095,0.1835811282508075,2117.14,3.94,3480.88,5.2,0.995,229.71,0.41,200.71,0.37,638.68,2.3,537.16,2.2,589.86,0.81,544.77,0.77,0.02425,2.8,0.022185,2.9,1.0,9.0,922.6778027608818,2.9,912.7484470874748,2.9,6.0,0.0,0.0,0.0,0.0,0.0,0.0,981.431515879738,4.2,907.527930579416,4.0,623.5481570941594,3.1,616.4104603630624,3.0,1.0,3.0,0.0
chr19-18774927-18774928-G-T,TWJF-04143-005,Pending,2.448,3.65,6.169,15.37,0.0,100.57,0.08,2.0,0.208,20.94,2.2,0.378,0.0,649.71,228.77,3197.95,1704.9,421.7721575721912,2.4480000000000017,2343.369046345689,6.1688750000000026,1.570679347826001,0.2502381999775426,6.18413043478256,0.0400995308815418,0.1272012374829501,0.0106513058417476,100.57,12.36,20.94,3.46,4.922,649.71,2.1595427166344567,3197.95,2.6087005833209296,649.71,0.08,3197.95,2.2,2424.78,0.91,8608.68,3.4,0.007795,3.5,0.001195,8.7,0.0,10.0,12517.045870855363,14.0,14564.22648204198,17.0,2.0,0.0,0.0,7.0,44.674,0.0,0.0,649.71,11.35416180613173,3197.95,13.50581807850863,649.71,12.043061790492835,3197.95,15.408166318566167,1.0,3.0,0.0
chr8-25462101-25462102-G-T,TWJF-04143-005,Pending,1.5,6.555,8.05,14.99,0.0,204.92,0.76,2.0,14.762,3025.0,4.87,0.711,0.0,755.443,8.27,5698.5,22.04,1044.709795518989,1.2654999999999998,19728.472132022285,9.58975,3.3897826086955547,0.0811460999382907,46.22467391304348,0.0050584177916658,0.0004427614931046,0.0002720217194109,204.92,0.76,3025.0,4.87,7.543,1066.66,1.6,6720.77,6.9,344.7,1.2,4676.23,6.0,1559.64,1.4,10594.18,9.2,0.039761,2.5,0.000568,25.0,0.0,9.0,3529.574501098987,13.0,10414.042691738432,34.0,9.0,0.0,0.0,0.0,5.102,0.0,0.0,466.17609541888334,1.6,2446.526926659399,6.5,349.24484140914757,1.2,1807.7151593686729,5.2,1.0,3.0,1.0
chr1-209706975-209706976-C-T,TWJF-04143-005,Pending,1.087,2.5,0.665,2.2,0.0,146.61,0.32,2.0,0.442,64.73,0.26,0.607,0.0,766.981,42.85,545.527,71.24,172.83777799350747,0.6227499999999997,102.0749338341123,0.3806250000000001,1.0730434782607148,0.3936367593295213,0.7808152173911793,0.5188252115780699,0.0703169261105358,0.0691376480390317,146.61,0.58,64.73,0.37,0.711,1798.87,1.1,844.52,0.55,973.97,2.6,579.42,1.9,864.17,0.56,736.93,0.5,0.241306,0.32,0.286254,0.26,0.0,9.0,1534.2695396588344,2.4,1376.930319032567,1.9,2.0,0.0,0.0,26.0,42.098,0.0,0.0,669.7920678302786,3.5,463.3828966008256,2.8,657.5972676194997,3.4,511.6347100718735,2.9,1.0,3.0,0.0
chr8-22148733-22148734-C-T,TWJF-04143-005,Pending,0.4,39.5,0.63,30.99,0.0,94.61,0.11,2.0,1.215,114.95,0.14,0.704,0.0,777.213,228.14,863.479,115.4,291.6674558575274,0.9051249999999996,394.0036296842456,1.0809999999999995,0.5364673913042992,0.6432624918811861,0.9296739130433592,0.4523496843425398,0.5027133207768202,0.3646167162805795,98.57,0.47,95.05,0.4599999999999999,1.111,1305.58,0.76,2303.09,1.4,94.61,0.11,114.95,0.14,165.69,0.17,134.2,0.14,0.235142,0.33,0.215815,0.35,0.0,10.0,1262.7582159361314,0.3,1332.953664331198,0.3,4.0,0.0,0.0,0.0,0.0,0.0,0.0,2167.8039335814724,0.3,3412.0862449797014,0.9,3012.6591590158537,0.7,3303.3150802719483,0.8,1.0,3.0,0.0
chr10-129963733-129963734-C-A,TWJF-04143-005,Pending,2.25,32.0,3.6,38.5,0.0,118.16,0.189,2.0,4.278,505.433,1.629,0.703,0.0,819.491,148.3,1696.395,418.66,118.15993426565106,0.8612500000000004,505.43306161427296,1.629000000000001,0.1885869565217177,0.8574488102499906,1.87081521739124,0.1948287548621642,0.5951398350298405,0.0859859599731862,217.48,1.06,1176.3,2.87,2.07,2822.95,4.0,5978.02,6.9,973.97,2.4,2216.49,3.8,2777.83,2.4,9136.42,5.5,0.116084,1.3,0.009351,4.2,0.0,10.0,3202.0759094759173,4.3,4382.296453477993,5.8,8.0,0.0,0.0,1.0,4.725,0.0,0.0,494.1855016751376,2.1,649.9650435125196,2.6,665.0127929944035,2.6,985.8934924676262,3.4,1.0,3.0,0.0
chrX-145823605-145823606-A-G,TWJF-04143-005,Pending,0.32,0.7,0.5,0.94,0.0,72.624,0.09,2.0,0.976,70.856,0.07,0.137,0.0,822.25,35.805,1028.56,69.54,72.6237064338721,0.37375,70.8560621269819,0.35525,0.0904347826086962,0.9204558133923691,0.069728260869553,0.9340288207911774,0.6464358866214752,0.6966878660023212,147.99,15.56,114.24,13.38,1.251,822.25,1.8493202077684125,1028.56,1.553400131336225,861.98,0.14,1028.56,0.2,822.25,0.32,1366.96,0.53,0.242645,0.26,0.138173,0.5,0.0,10.0,5805.9724867553105,3.1,5869.132896433324,3.2,6.0,0.0,0.0,1.0,0.295,0.0,0.0,822.25,7.613960501763967,1028.56,6.707937545283259,822.25,7.584354317103051,1028.56,6.98563579346262,2.0,3.0,0.0
chr8-132077813-132077814-C-A,TWJF-04143-005,Pending,1.4,0.65,0.775,0.64,0.0,62.32,0.215,2.0,0.697,43.458,0.159,0.623,0.0,873.411,68.835,328.307,58.465,62.31961887199929,0.4487500000000002,43.457989102136,0.1585,0.2150543478260829,0.8399698421868385,0.1774728260869409,0.8641162171499104,0.38098930940032,0.33626189827919,5738.13,6.97,540.87,1.86,0.376,322.77,0.6,87.09,0.16,585.72,2.2,132.31,1.0,1379.87,1.6,436.9,0.65,0.4032,0.45,0.604849,0.26,0.0,9.0,388.2687811477462,1.2,302.73048891663535,0.9,1.0,0.0,0.0,0.0,0.0,0.0,0.0,1311.7769639222386,5.4,353.88324421459015,2.2,1161.10100241487,4.9,482.9142267595893,2.6,5.0,3.0,0.0
chr19-50949067-50949068-T-G,TWJF-04143-005,Pending,0.64,16.0,13.093,18.5,0.0,154.971,0.02,2.0,57.67,8937.092,13.0,0.431,0.0,929.16,83.6,9346.083,90.6,154.97053569837968,1.1391250000000002,8937.092210057222,13.092999999999996,0.8748913043477131,0.4762820693818896,15.160951086956516,0.0151803916841024,0.1356382006779313,0.0963701969012618,929.16,37.7,7191.52,78.8,10.059,929.16,0.5320476548267327,9346.083,11.887020657281568,499.49,0.02,10815.58,13.0,1682.92,0.64,27864.23,22.0,0.235484,0.27,0.001868,7.1,0.0,8.0,2365.159660107549,0.3,9346.083432734207,7.5,2.0,0.0,0.0,0.0,0.301,0.0,0.0,929.16,7.883999531889803,9346.083,10.338955467164945,929.16,5.9328538775336375,9346.083,11.103969793937956,1.0,3.0,0.0
chr21-32794112-32794113-C-G,TWJF-04143-005,Pending,2.9,6.9,3.807,3.8,0.0,477.19,0.21,2.0,0.201,95.82,0.4,0.498,0.0,955.03,83.9,1471.831,60.55,662.2393085082944,3.177250000000001,1471.8305170505382,4.870125000000002,2.4772826086955604,0.1280833664488747,3.80744565217384,0.0701681234737561,0.0191122672113124,0.0501059489324688,477.19,28.18,95.82,11.99,1.541,955.03,2.4039806488469737,1471.831,1.9120718716833935,955.03,0.21,1349.99,0.4,6051.23,2.4,8596.29,3.4,0.011212,2.9,0.011747,2.8,0.0,11.0,7208.657199267612,4.5,9654.42834743743,7.6,8.0,0.0,0.0,0.0,0.0,0.0,0.0,955.03,8.990388816636766,1471.831,9.153258265553076,955.03,8.277201582396746,1471.831,9.813716173286153,1.0,3.0,0.0
chr4-42627001-42627002-G-C,TWJF-04143-005,Pending,0.515,3.3,8.9,3.0,0.0,83.459,0.1,2.0,36.608,3055.243,1.3,0.572,0.0,958.57,99.0,10546.76,89.61,83.45884127081439,0.110125,3055.2431314430305,1.5713749999999986,0.156630434782599,0.8781347592214209,3.358777173912955,0.0827184062591878,0.5507374089211226,0.3009637510403991,5477.02,93.51,5454.39,83.0,11.003,390.73,0.44,18572.22,9.4,1085.26,0.59,18279.56,12.0,632.63,0.24,11364.96,3.1,0.674205,0.1,0.067304,1.3,0.0,9.0,2551.251382965138,4.9,10414.042691738432,30.0,3.0,0.0,0.0,3.0,1.889,0.0,0.0,1010.5318356083328,1.1,10679.477374887045,9.2,906.6089456618884,1.0,9804.376943891932,8.6,1.0,3.0,0.0
chr5-140857677-140857678-C-A,TWJF-04143-005,Pending,0.487,9.69,0.53,8.65,0.0,49.272,0.111,2.0,1.061,52.274,0.146,0.841,0.0,962.2,364.71,1536.45,360.92,49.27237865090725,0.111125,52.27409714778709,0.146125,0.4865489130434355,0.6724096555958172,0.5181249999999551,0.6546178124371091,0.0511305548716336,0.0448389035882428,962.2,38.25,1388.18,44.31,1.597,962.2,1.423330520922807,1536.45,1.3686031019437945,889.05,0.14,1536.45,0.53,1909.87,0.72,3812.19,1.5,0.053208,1.1,0.029076,1.7,0.0,10.0,2216.49442399124,0.3,2904.964926184022,0.5,10.0,0.0,0.0,0.0,0.578,0.0,0.0,962.2,6.865713377613016,1536.45,5.536462278056328,962.2,7.191815063505308,1536.45,6.136764209175307,1.0,3.0,0.0
chr11-56318948-56318949-C-A,TWJF-04143-005,Pending,2.35,5.8,3.715,5.38,0.0,365.75,0.56,2.0,16.204,5926.69,1.2,0.183,0.0,962.377,68.675,3138.545,64.645,1047.874736824033,1.7933750000000013,724.0415376055404,1.4921250000000008,3.1065489130433974,0.0910928181184446,2.356766304347744,0.1378664236664046,0.0370299324858933,0.0675992949400097,365.75,0.94,5926.69,4.83,3.261,1348.53,0.77,5140.85,2.6,1097.07,2.8,4106.84,6.5,865.81,0.56,1867.39,1.2,0.0286,1.9,0.032665,1.8,0.0,9.0,1989.193095131647,3.4,3529.574501098987,8.3,9.0,0.0,0.0,0.0,0.0,0.0,1.0,876.8796673717934,4.3,2747.5145437186393,9.5,636.7368725738625,3.3,2065.1899360282773,8.0,6.0,3.0,0.0
chr19-39314699-39314700-C-G,TWJF-04143-005,Pending,1.8,2.25,2.223,2.75,0.0,469.21,0.49,2.0,1.079,506.12,0.52,0.453,0.0,1017.214,7.62,1113.756,7.1,4138.7337641161175,2.62325,3101.600097798822,2.246249999999999,8.01565217391304,0.0305681805723143,6.047907608695624,0.0418870597239634,0.087307738722302,0.1004654942080378,631.75,1.69,1040.05,2.36,1.095,953.94,1.5,546.7,0.9,469.21,0.49,506.12,0.52,665.01,0.63,374.06,0.39,0.065364,1.7,0.105355,1.1,0.0,10.0,3766.310953452029,3.5,3725.7799675308625,3.4,8.0,0.0,0.0,1.0,2.416,0.0,0.0,1080.4881295427272,1.9,1187.462763804979,2.2,1467.3036571824364,3.0,1316.8005522317742,2.6,1.0,3.0,0.0
chr5-140795066-140795067-G-A,TWJF-04143-005,Pending,1.25,16.83,1.713,21.05,0.0,278.03,0.5,2.0,2.994,832.525,0.61,0.328,0.0,1021.149,199.45,1614.593,240.12,278.02968051871926,0.5483749999999998,832.5248924369033,1.1204999999999998,0.9620652173911992,0.4379227964109009,1.9268749999999244,0.1871420575823549,0.252393520437181,0.2089314451441168,5628.83,7.79,7557.34,9.91,1.581,752.51,1.3,967.02,1.5,1824.25,1.2,1737.56,1.0,512.88,0.5,635.11,0.61,0.177355,0.66,0.169202,0.7,0.0,8.0,5620.540265729719,6.6,8853.903895775105,13.0,8.0,0.0,0.0,0.0,1.311,0.0,1.0,879.0832396524596,6.6,1786.6109853042042,13.0,1163.2150163213255,8.2,1491.626189633559,9.9,1.0,3.0,0.0
chr2-178566801-178566802-A-T,TWJF-04143-005,Pending,1.6,6.1,1.25,9.075,0.0,30.667,0.2,2.0,0.899,27.585,0.2,0.554,0.0,1036.183,14.91,1013.234,39.05,173.96654976490413,0.7374999999999997,142.45843733671092,0.6083749999999999,0.8771195652172992,0.4752449921864659,0.6949456521738,0.560455634992727,0.1662073431070894,0.2080440623685717,32466.28,36.33,32104.09,34.42,0.978,1898.4,0.46,1875.0,0.46,11793.9,16.0,10757.62,15.0,11249.36,3.8,11188.18,3.8,0.010594,1.5,0.011845,1.4,2.0,9.0,149.83839485450932,0.2,151.46841539389263,0.2,6.0,0.0,0.0,5.0,1.578,0.0,0.0,30.98631988704231,1.7,22.812348626082837,1.1,30.66690868345113,1.7,27.584810193766707,1.5,5.0,3.0,0.0
chr17-58358327-58358328-G-A,TWJF-04143-005,Pending,0.8,30.5,2.1,38.5,0.0,165.194,0.21,2.0,4.567,754.396,1.6,0.144,0.0,1054.082,179.2,4003.018,449.1,165.19368469230417,0.2309999999999997,754.3959120627017,0.7171249999999989,0.3821739130434594,0.7348988105124769,2.676956521739058,0.1137220326939347,0.4681918234564364,0.0166524710948579,5491.79,95.98,5462.87,88.51,3.798,2431.06,1.5,5005.23,2.4,1874.27,0.85,7527.49,2.6,563.18,0.23,5730.4,1.5,0.4613,0.21,0.046805,1.6,0.0,9.0,1332.953664331198,1.7,3000.8051964776514,6.2,9.0,0.0,0.0,2.0,1.292,0.0,0.0,771.8803764820931,0.8,1851.612056650402,1.8,775.2111310389608,0.8,1817.2722713382807,1.7,1.0,3.0,1.0
chr1-35594394-35594395-C-A,TWJF-04143-005,Pending,1.986,4.4,2.276,7.4,0.0,534.491,0.79,2.0,0.875,467.671,0.64,0.226,0.0,1087.035,9.4,1226.29,22.0,700.2047952227468,1.469125000000001,714.7486632325681,1.4855000000000007,2.5035597826086047,0.1260728271137994,2.572826086956439,0.1201223369197297,0.0292939423816278,0.0193548806710168,833.65,1.46,1468.34,1.98,1.128,1844.62,1.2,1923.18,1.2,1354.76,3.2,1501.43,3.3,1340.42,0.79,984.24,0.64,0.048373,1.4,0.059823,1.2,0.0,9.0,3606.785319173851,8.6,2523.7962059597608,4.8,8.0,0.0,0.0,1.0,0.332,0.0,0.0,534.4905117027959,2.9,467.67052575295656,2.8,792.4283417717875,4.0,489.7337111494538,2.8,1.0,3.0,0.0
chr19-6468114-6468115-T-G,TWJF-04143-005,Pending,1.573,35.5,1.938,44.0,0.0,18.2,0.117,2.0,2.126,38.7,0.129,0.425,0.0,1114.78,73.2,1420.19,165.7,224.24954481362207,1.5726250000000006,296.516219174631,1.9378750000000005,0.1168206521739136,0.9032204903421188,0.1285326086956786,0.8951302232005309,0.8951958194375038,0.946652002632618,18.2,2.96,38.7,6.22,1.274,1114.78,-0.5235711322334813,1420.19,-0.12605579835127134,2908.46,4.3,2313.53,3.0,1114.78,0.44,1420.19,0.55,0.431934,0.12,0.342961,0.16,0.0,9.0,3529.574501098987,7.5,3725.7799675308625,8.4,5.0,0.0,0.0,5.0,11.807,0.0,0.0,1114.78,8.395686923758769,1420.19,9.558552952514324,1114.78,8.748571731170241,1420.19,9.317749965094778,1.0,3.0,0.0
chr5-192169-192170-G-A,TWJF-04143-005,Pending,1.25,1.51,1.85,4.9,0.0,57.042,0.156,2.0,0.94,53.614,0.131,0.126,0.0,1185.392,23.6,1081.45,14.3,57.041714563064886,0.155875,53.61356476088094,0.13075,0.5399184782608444,0.64126618022593,0.5705706521738563,0.6242722150621723,0.052256807219237,0.0145680980058386,33011.7,39.45,33594.14,43.17,0.912,4991.55,1.4,6387.75,1.8,1619.56,2.5,1469.28,2.4,2357.95,0.52,1117.77,0.24,0.038375,0.54,0.050616,0.44,0.0,9.0,751.2243258762381,1.1,1028.1104483849197,1.9,7.0,0.0,0.0,1.0,0.789,0.0,0.0,641.460620450324,24.0,1045.129243994328,32.0,322.6041872300893,15.0,454.64246738735807,19.0,1.0,3.0,0.0
chr7-20745297-20745298-C-T,TWJF-04143-005,Pending,1.392,2.11,0.97,6.28,0.0,372.889,0.2,2.0,0.453,168.768,0.2,0.42,0.0,1256.93,20.2,1262.67,25.0,372.8890383604746,2.251125000000002,168.76848610040986,1.2363750000000002,1.39152173913034,0.2929590742442265,0.6172826086955752,0.5986612274508716,0.1545125981792807,0.2989116120152175,1208.51,41.93,1262.67,42.67,1.005,1256.93,1.4988615084076644,1262.67,0.1060163219133805,1256.93,0.34,1214.72,0.32,5627.54,2.2,6514.43,2.5,0.058219,1.0,0.06109,0.97,0.0,11.0,1728.185404637339,0.2,1691.1899649121788,0.2,5.0,0.0,0.0,0.0,0.148,0.0,1.0,1256.93,7.63766912602149,1262.67,6.383329769808709,1256.93,7.495620788518436,1262.67,6.509577040402132,1.0,3.0,0.0
chr14-104951545-104951546-C-T,TWJF-04143-005,Pending,1.6,48.5,2.14,48.0,0.0,78.244,0.33,2.0,1.404,109.841,0.625,0.805,0.0,1277.515,807.4,1742.802,1405.01,78.24409853009331,0.6147500000000002,109.84131493469602,0.8213750000000003,0.3301902173912765,0.767522267409914,0.6251630434781816,0.5947368512645909,0.3124241773039102,0.1763906115666031,122.14,0.69,606.32,1.98,1.364,1430.55,2.4,2264.08,3.4,503.39,1.8,841.61,2.3,1124.48,1.4,1269.11,1.5,0.143678,1.1,0.058079,1.9,0.0,10.0,1989.193095131647,2.7,2216.49442399124,3.0,9.0,0.0,0.0,2.0,20.369,0.0,0.0,3287.6834844855935,7.4,4354.015793077799,8.9,1935.664120302098,5.5,2459.4047076371176,6.1,5.0,3.0,0.0
chr18-12427316-12427317-CA-C,TWJF-04143-005,Pending,1.6,38.0,6.478457253617143,57.5,0.0,600.703,0.96,2.0,77.71185906269076,3103.3366698993577,2.952418153155607,0.288,0.0,1382.59,42.2,4435.275152544749,274.6,761.6204684756907,1.06475,4261.5418518840415,4.160081161008639,2.572826086956439,0.1207510114455198,10.756957621560348,0.11583303577215981,0.0384702239534817,0.026056968412524167,895.57,2.14,3537.8914935887633,6.8458414142456565,13.440076238130086,1199.81,1.7,5149.451087625035,4.813426991565152,1654.99,0.96,5203.478064777674,7.951581687659311,1565.37,1.4,5547.3602066458425,4.6243953152483215,0.085277,1.4,0.056163129830523656,4.941677881648714,0.0,8.0,2469.769045352091,1.5,5358.766321762093,7.641682508759788,5.209608420961937,0.0,0.0,3.0,10.855,0.0,0.0,2244.03693100851,14.0,7589.753185777514,18.570847546485155,600.7032754114106,4.7,7313.379579018776,10.551989888926917,1.0,0.0,0.0
chr1-32276005-32276006-T-C,TWJF-04143-005,Pending,1.29,23.0,1.325,23.0,0.0,115.995,0.043,2.0,0.887,102.909,0.027,0.203,0.0,1669.153,68.3,1105.127,50.8,115.99451028846164,0.4878749999999998,102.90900333304393,0.4224999999999997,0.0427173913043645,0.9534508707921046,0.0267391304348052,0.9645631359065616,0.936380296945572,0.9838840067386628,30593.74,27.72,29559.99,24.03,0.662,6329.34,1.8,2749.69,0.65,446.91,0.78,1127.15,2.0,816.69,0.18,617.95,0.14,0.308616,0.05,0.386308,0.03,0.0,9.0,3529.574501098987,12.0,2192.641718942874,5.9,2.0,0.0,0.0,1.0,7.505,0.0,0.0,2193.663453760997,49.0,931.4724191809576,30.0,1144.64285052051,34.0,1083.103601654177,33.0,1.0,3.0,0.0
chr19-879946-879947-C-T,TWJF-04143-005,Pending,4.04,9.2,4.295,9.15,0.0,147.004,0.09,2.0,0.74,108.732,0.08,0.17,0.0,1888.388,31.21,2284.561,37.81,147.0036511388761,0.3026249999999999,108.73218752311976,0.202125,0.7303532608694354,0.5427886406567757,0.7303532608694354,0.5428179721402858,0.196475863456726,0.1137167720589786,2182.55,3.88,2030.78,3.69,1.21,3829.05,4.2,4688.64,4.9,3254.47,4.5,4062.65,5.4,746.61,0.69,685.48,0.64,0.610696,0.09,0.645613,0.08,0.0,9.0,4018.9258489021786,15.0,5154.497145169031,19.0,2.0,0.0,0.0,11.0,102.911,0.0,0.0,1594.226412245672,4.6,2538.341206473035,6.7,1552.8517649279718,4.5,1945.9424852116897,5.5,1.0,3.0,0.0
chr22-39647886-39647887-C-T,TWJF-04143-005,Pending,0.989,55.695,13.0,53.665,0.0,87.97,0.71,2.0,10.699,941.22,12.0,0.215,0.0,1890.65,331.32,5441.03,370.01,129.00333910897066,0.9350000000000004,4240.961055915559,8.402125000000002,0.9888858695650812,0.426838263434907,10.655842391304333,0.0222281661406114,0.0288126031809952,0.0015379692522401,87.97,11.34,941.22,37.91,2.878,1890.65,-3.1734837343198135,5441.03,-2.068831194154268,4320.01,6.9,16640.26,39.0,1890.65,0.72,21054.89,13.0,0.089525,0.71,0.000658,12.0,0.0,9.0,2523.7962059597608,3.9,5441.03041320878,16.0,9.0,0.0,0.0,0.0,0.476,0.0,0.0,1890.65,5.465106557518533,5441.03,6.578074414644026,1890.65,6.528338333770156,5441.03,9.096209910843138,1.0,3.0,1.0
chr1-38046172-38046173-G-T,TWJF-04143-005,Pending,1.458,3.75,0.84,4.77,0.0,299.86,0.579,2.0,0.37,111.017,0.209,0.636,0.0,2027.518,870.27,1385.289,951.18,299.860423980171,0.5794999999999996,111.01734007004296,0.20875,1.5159510869564343,0.2616886768740165,0.7013858695651152,0.5570914989502718,0.0505383822601288,0.1357274446636438,15304.95,19.49,7217.78,9.52,0.683,395.61,0.71,152.14,0.34,2180.81,1.4,1215.83,0.76,2075.06,1.8,1075.3,0.92,0.142399,0.82,0.284906,0.37,0.0,8.0,1637.1764276304789,0.7,1989.193095131647,1.0,8.0,0.0,0.0,0.0,0.267,0.0,0.0,3917.689386126393,20.0,3396.487338834195,19.0,1979.9763371241147,13.0,1554.7479755945797,12.0,6.0,3.0,0.0
chr3-7686364-7686365-C-A,TWJF-04143-005,Pending,9.36,14.405,8.76,42.5,0.0,66.23,1.2,2.0,0.91,60.26,1.9,0.634,0.0,2359.22,52.82,2965.51,143.03,1679.9875151578815,5.189625000000001,2753.130715798927,6.699500000000002,4.585733695652138,0.0564120966405944,6.962798913043457,0.0360058388014766,0.0205970962997525,0.023254997562617,66.23,9.36,60.26,8.76,1.257,2359.22,-0.2506725189645036,2965.51,-1.935864164990365,2359.22,1.2,2965.51,1.9,21019.62,13.0,23306.97,16.0,0.000184,19.0,0.000181,19.0,0.0,11.0,32787.64122076024,43.0,41151.77233515705,52.0,9.0,0.0,0.0,0.0,0.865,0.0,0.0,2359.22,24.89302941740948,2965.51,24.82581000244774,2359.22,23.814092593705578,2965.51,26.861576481538826,5.0,3.0,1.0
chr9-38595648-38595649-C-T,TWJF-04143-005,Pending,4.629,29.07,6.45,30.5,0.0,481.792,2.5,2.0,1.786,860.716,3.8,0.08,0.0,2453.093,457.74,4615.59,964.24,1985.6103377073116,2.662999999999999,1510.7473685866664,2.39725,4.657581521739076,0.0554284858616414,3.679429347826016,0.0740223388223352,0.0612174643902108,0.0735580208129249,13925.35,13.05,8582.8,9.03,1.882,7544.69,8.2,6374.84,7.2,2737.14,4.6,5382.48,6.5,11830.07,6.9,17487.33,12.0,0.019178,3.1,0.003318,6.4,0.0,9.0,2169.0457037070128,6.4,3848.700473704344,13.0,9.0,0.0,0.0,1.0,1.722,0.0,0.0,481.79246104975226,2.5,860.7162453227726,3.8,719.233653208596,3.5,1030.0777348756558,4.4,1.0,3.0,0.0
chr7-48017335-48017336-T-C,TWJF-04143-005,Pending,4.86,19.0,4.8,28.165,0.0,96.656,0.66,2.0,1.185,114.541,0.92,0.348,0.0,2730.113,178.4,2486.009,261.17,96.65587064418108,0.7518750000000004,114.54101384830015,0.8428750000000004,0.8247010869563951,0.4980923771878061,0.9336141304346626,0.4501271314050699,0.0307121057994663,0.02290740609169,2936.43,4.72,2129.24,3.95,0.911,10284.82,12.0,9581.69,9.7,4151.52,5.8,5441.03,6.6,4050.93,3.0,6782.72,4.3,0.278354,0.66,0.180569,0.92,0.0,9.0,2523.7962059597608,7.5,2842.778048235646,8.3,3.0,0.0,0.0,0.0,0.283,0.0,0.0,1169.1224497179285,5.0,1284.8723992516573,5.3,1495.7878458314058,5.8,1566.2821551976226,6.0,1.0,3.0,0.0
chr14-78709240-78709241-C-T,TWJF-04143-005,Pending,3.677,4.45,10.925,1.62,0.0,837.07,2.179,2.0,6.936,5805.97,5.822,0.697,0.0,2838.599,15.5,8064.312,8.01,1153.8271925996935,2.1793750000000007,9728.835265740498,5.821625000000001,3.454483695652087,0.0797182999504277,9.849456521739114,0.0242322819520498,0.0222606749157421,0.2544671013019979,1250.41,2.96,2817.5,4.62,2.841,6125.01,7.0,11126.37,12.0,837.07,2.4,5805.97,6.8,9472.73,5.7,22343.46,16.0,0.006374,5.0,0.00067,13.0,0.0,11.0,2781.922411072352,3.4,6399.789706012268,8.2,11.0,0.0,0.0,0.0,6.962,0.0,0.0,2895.276197794152,3.9,6133.2405732171865,13.0,7646.100463598262,16.0,12062.574260626045,25.0,1.0,3.0,1.0
chr7-1236170-1236171-G-T,TWJF-04143-005,Pending,5.4,76.5,5.6,76.5,0.0,104.82,1.761,2.0,0.328,34.36,1.49,0.42,0.0,3236.91,1160.2,3606.785,1148.8,329.5576195762531,2.0841250000000007,241.6251375949824,1.6660000000000006,1.7611684782607997,0.2131110335326483,1.4903532608694832,0.2681938771964972,0.0004172837761871,0.0006986684420553,104.82,12.68,34.36,5.62,1.114,3236.91,0.4731606050562802,3606.785,0.51076865191125,8935.42,19.0,7544.45,16.0,8501.21,3.4,7715.33,3.0,0.00337,5.4,0.003111,5.6,0.0,9.0,3236.909768355534,6.5,3606.785319173851,7.8,5.0,0.0,0.0,0.0,0.0,0.0,0.0,3236.91,8.333821543926659,3606.785,9.785180334472267,3236.91,8.946395928083124,3606.785,10.051691042232367,1.0,3.0,0.0
chr19-13298643-13298644-C-A,TWJF-04143-005,Pending,5.75,69.285,14.255,71.09,0.0,1703.172,2.505,2.0,2.513,4280.458,3.705,0.226,0.0,4072.716,725.14,12608.09,882.92,1703.171631525183,2.504749999999999,4280.457630898198,3.7046250000000014,4.807092391304323,0.0533622957307046,11.115788043478249,0.0219629300752751,0.0077391942468238,0.0006134807572379,11807.29,11.4,14504.44,13.51,3.096,4388.27,5.5,14534.32,15.0,4600.95,6.0,15710.15,16.0,10514.7,6.2,28344.99,25.0,0.008028,4.5,0.000609,13.0,0.0,9.0,1728.185404637339,5.2,3890.5686532731647,13.0,7.0,0.0,0.0,2.0,4.328,0.0,0.0,3757.1626814970105,12.0,10711.73943893194,24.0,3046.9827812793683,9.5,9613.24476227928,22.0,1.0,3.0,0.0
chr20-35556881-35556882-A-T,TWJF-04143-005,Pending,7.22,23.0,11.3,24.0,0.0,79.008,2.4,2.0,2.63,207.812,3.3,0.124,0.0,4268.008,559.95,10294.931,852.205,5155.936500749021,5.339875000000003,3231.130432891144,4.149625000000001,11.6303260869565,0.02061214134267,7.147065217391287,0.035026350154007,0.0333714916632743,0.0591245618561515,37209.26,76.07000000000001,36166.64,64.92999999999999,2.412,14522.52,4.8,16013.74,5.5,3380.08,4.3,18378.72,25.0,19140.18,9.1,21433.0,13.0,0.004501,2.4,0.002544,3.3,0.0,9.0,3099.8074179973237,9.3,4576.122411906873,16.0,2.0,0.0,0.0,3.0,183.832,0.0,0.0,210.4602102871725,9.7,269.8795640834588,13.0,79.00780566104117,4.0,207.81170234012745,9.6,3.0,3.0,0.0
chr12-18701706-18701707-C-A,TWJF-04143-005,Pending,8.573,53.645,8.3,44.56,0.0,932.954,3.238,2.0,1.062,990.513,2.386,0.178,0.0,4308.723,514.97,5620.947,746.96,3219.364247891426,3.238,1495.8132240269226,2.386375,8.545326086956507,0.0288539056048563,4.391929347826036,0.0593785539593076,0.0015305565957532,0.0040935385550255,16774.0,15.43,19825.85,18.28,1.305,3066.28,4.2,5917.34,6.8,6719.1,7.4,10815.98,12.0,22865.61,17.0,25606.66,20.0,0.001675,8.6,0.003839,6.1,0.0,9.0,5382.47700914843,17.0,5324.553724912208,17.0,5.0,0.0,0.0,0.0,0.0,0.0,0.0,932.9535036406294,4.1,990.512589888241,4.3,3234.968081745314,9.9,3183.2445192201794,9.8,1.0,3.0,1.0
chrX-65729587-65729588-A-G,TWJF-04143-005,Pending,7.0,18.0,12.0,18.0,0.0,2052.762,1.584,2.0,1.662,3412.146,2.426,0.695,0.0,4846.75,284.05,6044.66,283.9,2052.762165734261,5.755750000000003,3412.146251325555,7.4975,1.5839673913042844,0.2467240685173746,2.4260054347825246,0.1311363377362153,0.5563332922756672,0.4768592454493046,3017.06,59.21,1880.06,49.8,1.247,4846.75,6.4776376404028975,6044.66,7.100029801888113,4846.75,4.2,6044.66,5.5,24331.25,17.0,28348.04,23.0,0.000633,12.0,0.000274,16.0,1.0,11.0,9146.010879538102,7.0,11604.035633311569,12.0,2.0,0.0,0.0,67.0,66.085,0.0,0.0,4846.75,9.53658918109778,6044.66,10.902554678701751,4846.75,9.450347486156762,6044.66,13.033704309320338,1.0,3.0,1.0
chr17-41190619-41190620-G-T,TWJF-04143-005,Pending,8.95,7.825,28.0,63.315,0.0,2210.803,2.9,2.0,11.858,26215.008,4.214,0.454,0.0,5795.688,583.32,20164.4,12172.81,4881.059285731731,2.8995,8780.441621289,4.213625,10.655842391304333,0.022363269286072,20.2322554347826,0.0111873918308033,0.0418822298524901,0.0041066108315135,20365.08,27.92,28208.66,48.53,3.479,9048.27,9.6,19977.21,28.0,6646.79,8.2,16493.98,24.0,6788.81,5.5,20351.59,25.0,0.005479,8.3,0.000208,37.0,0.0,9.0,3380.0760613847024,12.0,10992.948761900088,36.0,9.0,0.0,0.0,0.0,0.0,0.0,0.0,2210.802769723201,6.0,26215.00832699167,29.0,4944.586741491693,12.0,23074.37784694759,28.0,6.0,3.0,3.0
chr9-18908534-18908535-G-C,TWJF-04143-005,Pending,4.484,56.83,5.546,60.865,0.0,67.247,3.027,2.0,1.256,84.464,3.607,0.486,0.0,6094.343,235.97,6201.043,267.4,1732.7550994546968,3.0265000000000013,2468.3354817983395,3.606500000000002,4.968641304347784,0.0512548250343161,6.792608695652163,0.0368898935845684,0.0004496745987125,0.0003919010696336,38290.12,87.58,37034.29,74.15,1.018,10455.93,3.1,9933.75,2.9,21500.59,30.0,23828.16,34.0,17566.22,7.8,17357.64,7.6,0.00083,6.2,0.000217,12.0,0.0,9.0,1453.47247883281,3.4,1407.051206502568,3.3,7.0,0.0,0.0,0.0,5.772,0.0,0.0,78.91689690459678,4.0,85.54014852592906,4.3,67.24654871301323,3.4,84.46368013861162,4.3,1.0,3.0,2.0
chr16-31297867-31297868-G-A,TWJF-04143-005,Pending,2.55,42.2,3.45,62.005,0.0,638.68,0.31,2.0,1.29,823.59,99.74,0.559,0.0,6612.53,439.52,6908.825,3461.6,3352.0212117991064,1.6576249999999986,5664.974777982833,2.220499999999999,1.8910597826086215,0.1914611617234896,2.870706521739038,0.1023895230004288,0.5992788076400757,0.5369008705019951,5091.42,0.31,5681.71,99.74,1.045,7604.52,3.3,8135.94,3.4,638.68,0.46,823.59,0.53,9169.59,2.4,9934.5,2.6,0.017551,2.7,0.007295,4.5,0.0,8.0,5620.540265729719,5.0,4478.160896660665,3.5,7.0,0.0,0.0,7.0,9.712,0.0,0.0,28571.957799216332,34.0,28571.957799216332,34.0,20399.052702824676,26.0,22574.076891559664,28.0,1.0,3.0,0.0
chr1-18482002-18482003-G-A,TWJF-04143-005,Pending,22.192,34.04,10.656,28.22,0.0,985.48,13.692,2.0,0.016,15.96,8.257,0.203,0.0,9552.074,1449.22,4139.144,1193.37,9552.074032102935,13.692249999999998,4139.1442931048105,8.257000000000001,22.19230978260869,0.0103668818708406,10.655842391304333,0.0227200022809505,0.0054683657508576,0.0011942607416131,985.48,38.62,15.96,2.52,0.433,9552.074,13.891964112763024,4139.144,-1.0760924308499888,37215.25,81.0,24979.99,59.0,36418.19,42.0,28649.31,23.0,0.000229,17.0,0.000361,15.0,0.0,9.0,5154.497145169031,15.0,2496.6364866068243,3.8,1.0,0.0,0.0,0.0,1.095,0.0,0.0,9552.074,12.192336892983356,4139.144,-3.664958301630074,9552.074,15.601965849227373,4139.144,3.4227632846838203,6.0,3.0,0.0
