ID	Evaluation	TSL	Pos	Prob Pos	Num Passing Peptides	RNA Expr	RNA VAF	Allele Expr	RNA Depth	DNA VAF	Ref Match	Biotype	Variant Type	Peptide Length	Best MT IC50 Score	Corresponding WT IC50 Score	Corresponding Fold Change	Best MT Percentile	Corresponding WT Percentile	Median Fold Change	cysteine_count	IC50 MT class1	IC50 WT class1	%ile MT class1	%ile WT class1	IC50 MT class2	IC50 WT class2	%ile MT class2	%ile WT class2	MHCflurryEL Processing WT Score	MHCflurryEL Processing MT Score	MHCflurryEL Presentation WT Score	MHCflurryEL Presentation MT Score	MHCflurryEL Presentation WT Percentile	MHCflurryEL Presentation MT Percentile	MHCflurry WT IC50 Score	MHCflurry MT IC50 Score	MHCflurry WT Percentile	MHCflurry MT Percentile	MHCnuggetsI WT IC50 Score	MHCnuggetsI MT IC50 Score	MHCnuggetsI WT Percentile	MHCnuggetsI MT Percentile	NetMHC WT IC50 Score	NetMHC MT IC50 Score	NetMHC WT Percentile	NetMHC MT Percentile	NetMHCcons WT IC50 Score	NetMHCcons MT IC50 Score	NetMHCcons WT Percentile	NetMHCcons MT Percentile	NetMHCpan WT IC50 Score	NetMHCpan MT IC50 Score	NetMHCpan WT Percentile	NetMHCpan MT Percentile	NetMHCpanEL WT Score	NetMHCpanEL MT Score	NetMHCpanEL WT Percentile	NetMHCpanEL MT Percentile	PickPocket WT IC50 Score	PickPocket MT IC50 Score	PickPocket WT Percentile	PickPocket MT Percentile	SMM WT IC50 Score	SMM MT IC50 Score	SMM WT Percentile	SMM MT Percentile	SMMPMBEC WT IC50 Score	SMMPMBEC MT IC50 Score	SMMPMBEC WT Percentile	SMMPMBEC MT Percentile	Prob match	Gene of Interest
chr9-129021150-129021151-C-T	Pending	1	7	0	2	96.884	0.263	25.48	935	0.298	False	protein_coding	missense	9	40.149	44.327	1.104	0.06	0.07	1.326	0	125.735	166.71	0.23	0.281	76.04	165.06	19.0	32.0	0.1092074885964393	0.0743693374097347	0.7218002944400737	0.7016073448304128	0.401766304347845	0.4366847826086797	47.8318611496454	46.62532425827775	0.08975	0.079875	36269.05	35019.62	65.97	54.14	226.28	158.89	0.07	0.06	107.14	92.58	0.16	0.16	534.58	337.51	0.12	0.06	0.145323	0.225216	0.13	0.07	476.8841656614147	326.54944676299664	0.6	0.3	34.60748186580947	62.97526446554295	1.8	3.2	44.327169456893834	40.14856248264773	2.2	2.1	0	0
chr12-112406339-112406340-C-G	Pending	1	8	0	2	1181.014	0.303	357.847	7412	0.314	False	protein_coding	missense	9	161.871	2466.577	15.238	0.32	1.5	6.065	0	351.15	2129.726	0.965	3.4	5.595	5.03	0.63	0.51	0.0004370385640868	0.0007364677285295	0.036920173706574	0.3510203203493556	6.792608695652163	1.19521739130424	2466.577072318328	161.8706325133105	1.98425	0.3372499999999999	7495.21	362.45	9.84	1.15	1299.76	192.01	1.8	0.4	1593.49	224.82	2.7	0.78	2903.58	339.85	2.4	0.36	0.080643	0.325562	1.5	0.32	12117.274149269211	5620.540265729719	38.0	20.0	1792.8749528409312	585.5311442043982	5.1	1.9	1371.2921819373862	448.87973571730186	4.1	1.5	0	0
chr1-75218582-75218583-A-G	Pending	1	2	0	3	11.099	0.382	4.24	283	0.337	False	protein_coding	missense	9	5.71	365.84	64.07	0.002	0.127	46.281	0	11.177	517.267	0.06	1.695	8.835	9.42	1.69	2.9	0.8322996199131012	0.8751267939805984	0.8966662991519762	0.9869802906510804	0.1272282608696002	0.0024999999999977	192.21608470703495	24.12453796122528	0.5126249999999999	0.00475	5365.1	2014.45	6.15	0.22	563.72	6.89	0.79	0.02	365.84	5.71	2.6	0.1	537.21	8.36	0.52	0.02	0.256662	0.984397	0.49	0.01	2693.0728595832916	226.0393096133909	9.3	0.4	407.9246973569903	9.540694727473737	4.0	0.3	497.3246664185829	12.812680599934474	4.8	0.3	0	0
chr19-10362370-10362371-C-A	Pending	1	8	0	2	68.466	0.187	12.803	433	0.393	False	protein_coding	missense	10	44.6	83.09	1.863	0.2	0.5	2.604	0	230.611	600.432	0.423	0.695	80.87	215.86	24.0	40.0	0.3120285607874393	0.1565742618404328	0.5113169597388142	0.4867821940068487	0.7985869565216035	0.8492119565216427	255.0293362129192	160.16335192767053	0.6188750000000002	0.446625	5280.56	4358.81	5.6000000000000005	2.3	1235.3	443.78	1.5	0.67	83.09	44.6	0.42	0.25	899.46	270.28	0.69	0.32	0.105723	0.277951	0.99	0.45	932.7151751659565	560.9155146332499	0.7	0.4	271.5813857588334	190.9413549227291	0.4	0.3	301.40468593350937	169.8830306345212	0.5	0.2	0	0
chr18-36769422-36769423-T-A	Pending	1	4	0	1	18.397	0.69	12.694	219	0.739	False	protein_coding	missense	9	15.003	18.037	1.202	0.13	0.11	0.789	0	285.955	225.725	0.51	0.487	98.25	109.25	33.0	36.0	0.0322728489991277	0.0269758523791097	0.5589594812775601	0.5309790932490395	0.6972554347825053	0.7554076086955206	75.56992338075425	83.25912145129199	0.275875	0.3201249999999999	37215.62	36843.84	76.13	72.07000000000001	368.36	453.81	0.11	0.13	83.09	118.1	0.12	0.19	472.49	633.39	0.1	0.14	0.195765	0.144434	0.09	0.13	579.4211750802284	631.8094575737812	0.8	0.9	18.03723651312485	15.002719862427524	0.9	0.7	38.96458005998798	33.70311172045667	2.1	1.8	0	0
chr11-108072373-108072374-G-A	Pending	1	4	0	1	38.059	0.418	15.909	431	0.504	False	protein_coding	missense	9	67.712	77.915	1.151	0.045	0.044	1.658	0	342.371	567.509	0.6	0.825	100.28	77.725	30.0	26.0	0.8214332759380341	0.7739413976669312	0.95254729843606	0.9510935062792272	0.0440760869565366	0.0451630434782828	77.91507942400285	67.7124906058368	0.2257499999999999	0.18875	3606.09	3271.82	1.16	0.8500000000000001	294.21	174.81	0.49	0.35	506.12	293.06	3.0	2.4	413.28	296.02	0.43	0.34	0.700457	0.799526	0.12	0.08	645.6305357438321	573.1857601663112	1.7	1.4	628.8976906845821	403.2552219592468	5.4	4.0	636.2678803123134	388.722787180381	5.5	3.9	0	0
chr10-72354958-72354959-C-G	Pending	1	7	0	1	38.225	0.185	7.072	65	0.358	False	protein_coding	missense	9	137.046	188.125	1.373	0.18	0.14	0.83	0	175.022	145.277	0.51	0.5	189.89	127.235	34.0	25.0	0.0627396435011178	0.53352833352983	0.3679117186764661	0.8072499624846696	1.1445923913042009	0.2669565217391039	188.12513800249613	137.04625593223165	0.3938749999999999	0.2788749999999999	463.47	332.26	1.37	1.08	94.18	213.48	0.23	0.42	96.68	147.43	0.47	0.62	109.93	156.79	0.14	0.18	0.231924	0.293707	0.5	0.35	2122.6127229763083	1709.5876151371574	5.9	4.3	130.18171841940756	142.74141578333203	0.5	0.6	160.37253716860818	193.2546711367848	0.6	0.7	0	0
chr6-20124463-20124464-T-A	Pending	1	7	0	1	7.11	0.2	1.422	270	0.382	False	protein_coding	missense	9	2.861	3.72	1.3	0.0	0.0	1.117	1	3.4	3.799	0.03	0.03	6.85	7.465	1.22	1.54	0.2120094401761889	0.1800721106119454	0.8598346408087438	0.8450671729853051	0.1854891304347603	0.2070652173912748	28.681713280560245	28.81472818335	0.0185	0.019625	427.09	461.1	0.0	0.0	3.39	3.52	0.01	0.01	3.31	3.06	0.04	0.03	3.04	3.28	0.01	0.01	0.943718	0.918966	0.02	0.03	87.231755348375	74.16347343447947	0.2	0.2	3.7203174563055414	2.8614094031742385	0.2	0.2	3.878287495791474	3.0313773408978593	0.2	0.2	0	0
chr7-30923574-30923575-G-T	Pending	1	8	0	1	193.999	0.014	2.716	1771	0.34	False	protein_coding	missense	9	17.41	15.04	0.864	0.04	0.04	0.784	0	145.972	114.442	0.22	0.18	525.14	341.29	1.71	0.69	0.1125660091638565	0.012726813685731	0.7152498599295943	0.5327673760135637	0.4133967391304338	0.7513858695650981	50.06238600744787	78.46571564499594	0.041125	0.09975	4692.67	5424.71	0.2299999999999999	30.59	15.04	17.41	0.04	0.04	40.24	51.34	0.13	0.14	53.73	97.22	0.04	0.07	0.894589	0.727947	0.03	0.09	688.9344191199156	864.6816701021309	0.5	0.8	212.59350884504508	223.6402659272874	0.3	0.3	175.15397589428866	194.72423216119583	0.3	0.3	0	0
chr2-218812697-218812698-C-A	Pending	1	9	0	2	22.737	0.092	2.092	262	0.323	False	protein_coding	missense	9	48.74	533.23	10.94	0.048	0.062	6.926	0	102.839	712.261	0.493	0.72	117.495	114.02	29.0	28.0	0.8721351772546768	0.8197121284902096	0.9406334284333252	0.9492632255648265	0.0617934782608813	0.0480706521739193	119.56512858590588	83.24572573627214	0.353875	0.2461249999999999	2907.87	3134.74	0.59	0.74	533.23	48.74	0.77	0.15	723.31	105.99	3.5	1.5	842.11	136.57	0.67	0.2	0.311315	0.550976	0.41	0.2	688.9344191199156	466.6754581007161	1.8	1.1	704.0118997773279	78.44766115054057	5.8	1.2	720.509978780783	99.68733823547626	5.9	1.4	0	0
chr4-103133718-103133719-G-T	Pending	1	5	0	1	32.317	0.324	10.471	213	0.314	False	protein_coding	missense	8	12.247	274.808	22.439	0.03	0.43	4.386	0	496.315	2176.634	0.479	2.35	170.535	135.1	32.0	26.0	0.0809231656021438	0.1907984348945319	0.3989227093356899	0.7505152712178533	1.060135869565073	0.3577445652173594	175.6054967199569	55.28869889070213	0.3676249999999999	0.049625	3360.54	714.81	5.27	1.84	9595.38	997.39	12.0	1.5	4358.65	932.72	3.2	0.6	2643.68	277.82	2.2	0.31	0.257387	0.8352	0.43	0.03	1709.5876151371574	1602.1292262796685	0.8	0.7	274.8083977462043	12.247007956770233	2.5	0.2	781.0161241148695	109.81457876172531	6.0	1.0	0	0
chr17-47925387-47925388-C-T	Pending	1	3	0	1	11.837	0.227	2.687	128	0.464	False	protein_coding	missense	9	74.481	121.931	1.637	0.21	0.361	7.187	1	374.312	2690.015	1.535	4.185	254.885	255.465	30.0	30.0	0.2110214903950691	0.2893475443124771	0.5998130503387269	0.7614422099122545	0.6153804347825371	0.3397826086956428	121.93067747199096	74.48096991112331	0.361125	0.2103749999999999	5241.32	6200.46	5.37	19.69	2883.39	385.01	2.6	0.6	2496.64	270.22	6.7	2.3	6761.99	1031.03	3.0	0.77	0.091305	0.252125	1.1	0.51	4062.6458292605503	1422.3578464915408	15.0	4.5	1038.914960005381	361.06051726619114	7.4	3.8	1078.0527208236497	363.6135007989793	7.6	3.8	0	0
chr10-69572978-69572979-G-C	Pending	1	2	0	1	2.272	0.688	1.563	48	0.324	False	protein_coding	missense	9	15.692	1873.57	119.399	0.16	13.0	37.815	0	468.895	17731.042	0.839	26.822	416.675	4987.4	48.0	92.0	0.0727271428331732	0.0164770502015016	0.0072805557683462	0.3027944973268069	31.64317934782608	1.356195652173824	17615.584842231216	214.87858923728984	14.7545	0.8769999999999999	33156.76	34595.71	40.32	50.56	24950.54	594.95	13.0	0.16	16316.49	342.84	22.0	0.67	17846.5	2939.84	8.0	0.7	0.000836	0.010194	6.1	1.5	50000.0	2010.8325794908649	85.0	5.3	1973.19497134884	16.64063903184161	46.0	0.8	1873.570328866192	15.691700125495291	45.0	0.7	0	0
chr14-31457307-31457308-C-T	Pending	1	5	0	1	7.128	0.225	1.604	200	0.304	False	protein_coding	missense	9	210.97	74.57	0.353	0.39	0.18	0.674	0	494.781	333.589	1.986	1.434	397.855	543.215	46.0	45.0	0.6047315187752247	0.2823932161554694	0.6191308028028841	0.2713819192696852	0.579510869565155	1.4729891304346978	470.5786491285206	663.0116490115129	0.8671249999999999	1.027125	4975.24	4749.55	4.1000000000000005	3.29	74.57	210.97	0.18	0.39	191.14	326.55	2.0	2.5	666.74	1233.7	0.59	0.85	0.197313	0.140674	0.62	0.82	1332.953664331198	1550.9601273084331	4.1	5.0	196.5984094880978	297.5637341053783	2.4	3.4	157.26786824661795	219.09880053248148	2.0	2.6	0	0
chr2-132417571-132417572-A-T	Pending	1	6	0	3	2.245	0.364	0.817	22	0.344	False	protein_coding	missense	9	5.54	7.92	1.43	0.02	0.02	1.128	0	17.955	20.26	0.24	0.278	11.33	24.38	3.5	7.9	0.1027856231667101	0.087553763994947	0.611443395155351	0.637233745105922	0.594076086956477	0.5470923913043038	78.18460824813864	66.04609614490026	0.2257499999999999	0.18025	2602.81	2411.75	0.44	0.36	5.96	7.34	0.02	0.02	7.05	5.56	0.15	0.1	7.92	5.54	0.02	0.02	0.388334	0.438957	0.33	0.28	118.09887808150204	111.87960435600128	0.2	0.2	22.83389501831675	19.212328333248127	0.5	0.4	17.686422687532186	16.697059700754874	0.4	0.4	0	0
chr4-61676914-61676915-A-T	Pending	1	3	0	1	5.245	0.092	0.483	87	0.307	False	protein_coding	missense	9	31.38	78.71	2.508	0.11	0.2	2.286	1	82.157	187.808	0.844	1.4	30.2	35.0	1.85	1.5	0.0763280461542308	0.0268964848073665	0.1782151827181622	0.2016846484493913	1.9827717391303563	1.826603260869476	546.2193715906404	389.8554147435231	0.934375	0.7876250000000001	4603.04	4345.56	2.88	2.27	84.67	36.02	0.2	0.11	78.71	31.38	1.3	0.63	250.71	96.46	0.3	0.16	0.232164	0.269254	0.55	0.46	1485.2677558853384	973.9685259346436	4.7	2.8	124.90505070064371	67.85471019820399	1.7	1.1	107.30995184984144	54.78226696646418	1.5	0.9	0	0
chr5-141357153-141357154-C-A	Pending	1	1	0	1	8.547	0.024	0.205	85	0.366	False	protein_coding	missense	9	16.19	306.76	18.947	0.04	0.87	7.793	0	56.323	438.922	0.205	2.026	133.995	219.34	27.0	31.0	0.0231943345861509	0.5327781178057194	0.2537664192894953	0.9355686731097388	1.5528260869564434	0.0685597826087018	283.2565085633844	38.00064230083066	0.6611250000000003	0.05475	4983.42	2497.84	4.130000000000001	0.3899999999999999	306.76	16.19	0.5	0.05	421.09	17.4	2.8	0.41	5185.43	52.31	2.5	0.11	0.128106	0.906952	0.87	0.04	531.3768163911138	194.26671306821115	1.3	0.3	423.2334650218395	60.33648416017004	4.2	1.0	454.611062883003	65.71129105121705	4.4	1.1	0	0
chr10-48453387-48453388-T-G	Pending	1	8	0	1	13.888	0.027	0.375	75	0.34	False	protein_coding	missense	9	54.155	70.927	1.31	0.09	0.14	2.144	0	115.072	246.761	0.813	1.2	67.525	68.815	15.0	12.0	0.2859351034276187	0.2141871275380253	0.7678156783412095	0.7692768028278654	0.3283152173912782	0.3268206521738932	70.92720034652645	54.15539484172338	0.19975	0.1275	5468.78	5295.9	6.909999999999999	5.69	309.69	126.67	0.5	0.28	163.39	78.29	1.9	1.3	231.92	113.56	0.29	0.17	0.652047	0.762461	0.14	0.09	932.7151751659565	652.6540428705426	2.7	1.7	213.09830729791105	105.82298311820666	2.6	1.5	261.6013615381734	116.58428135878128	3.1	1.7	0	0
chr11-34357276-34357277-C-G	Pending	1	7	0	1	1.789	0.105	0.188	19	0.516	False	protein_coding	missense	9	20.65	37.75	1.828	0.015	0.123	1.577	0	86.017	135.621	0.201	0.317	76.045	173.39	18.0	34.0	0.710014596581459	0.955016978085041	0.899205664157061	0.973202432882344	0.1226630434782833	0.0153804347826422	119.66228636194764	68.84345889201352	0.353875	0.19225	2196.36	1967.32	0.2799999999999999	0.21	56.12	43.69	0.16	0.14	40.24	25.69	0.78	0.58	37.75	20.65	0.09	0.06	0.449559	0.7339	0.27	0.1	625.0102685141759	405.4416423251884	1.5	0.9	185.60086673775243	113.65276345132015	2.3	1.6	151.57933589956085	103.1905672915673	2.0	1.5	0	0
chr5-26885792-26885793-A-T	Pending	1	3	0	1	0.084	1.0	0.084	2	0.574	False	protein_coding	missense	10	17.31	15.2	0.878	0.07	0.04	0.619	0	123.523	76.446	0.2	0.2	46.86	88.715	18.0	22.0	0.2592072337865829	0.1405685429926961	0.703934389174855	0.5957260727503848	0.4310869565217246	0.6232880434781833	90.3726975147094	95.99814243342006	0.2676249999999999	0.2851249999999999	994.05	1278.21	0.04	0.0699999999999999	77.4	77.09	0.19	0.18	15.2	17.31	0.12	0.13	65.27	110.54	0.13	0.17	0.443339	0.365019	0.28	0.35	579.4211750802284	674.1863303391938	0.4	0.5	75.49183812702812	155.56073985229088	0.2	0.2	64.58772686204597	136.50545283089718	0.2	0.2	0	0
chr1-237819036-237819037-G-T	Pending	1	3	0	2	4.668	0.045	0.21	22	0.257	False	protein_coding	missense	9	56.06	379.27	6.765	0.16	0.59	5.86	0	260.462	1526.307	1.95	3.1	18.27	23.585	6.4	8.9	0.0542301443420001	0.2122124354355037	0.0606215149083864	0.0906481727906478	4.329592391304317	3.132635869565135	1755.2342443480773	1994.5188933516815	1.6198750000000002	1.7196250000000002	4484.98	4482.59	2.58	2.58	379.27	56.06	0.59	0.16	1297.38	155.62	4.8	1.8	2372.39	334.87	1.5	0.37	0.020227	0.11862	2.6	0.92	2216.49442399124	1362.1125453370685	7.5	4.2	415.5085837024106	161.27980883634658	4.1	2.1	348.0486872075471	186.0544235160595	3.6	2.3	0	0
chr2-110799022-110799023-G-A	Pending	1	8	0	1	1.065	0.667	0.71	30	0.289	False	protein_coding	missense	9	25.625	58.435	2.28	0.01	0.03	2.24	0	425.39	952.739	0.502	0.82	341.455	838.695	11.43	24.51	0.2246249066665768	0.2611156702041626	0.7850586081172826	0.8473521486852651	0.3009239130434338	0.2038586956521584	51.21475258912952	38.01609707957845	0.113875	0.027125	37783.19	35138.87	82.36	55.17	1395.42	564.43	0.34	0.16	1946.61	554.88	2.8	0.94	1077.42	295.9	0.23	0.05	0.361882	0.637899	0.03	0.01	828.0572666536243	573.1857601663112	1.3	0.8	78.55430669940759	37.16806911167097	4.0	2.0	58.43458983768221	25.625361455713865	3.0	1.3	0	0
chr13-100642265-100642266-C-T	Pending	1	1	0	1	44.741	0.277	12.393	434	0.207	False	protein_coding	missense	9	87.27	152.74	1.75	0.17	0.24	1.319	0	164.121	216.402	1.011	1.552	19.55	22.55	6.7	9.1	0.6468526236712933	0.4808657802641392	0.822073600996888	0.7075061974948524	0.2427989130434582	0.4262499999999818	187.1633673628013	199.0630777186393	0.504875	0.5223749999999999	5469.23	5478.96	6.909999999999999	6.99	152.74	87.27	0.33	0.2	405.44	197.45	2.8	2.0	155.75	105.26	0.24	0.17	0.300434	0.343802	0.42	0.38	995.274467102104	874.08813019978	2.8	2.5	222.1160798708231	130.79164438438931	2.6	1.8	210.6880967711672	109.05359829941848	2.6	1.5	0	0
chr19-10195026-10195027-G-T	Pending	5	9	0	1	180.61	0.286	51.654	21	0.315	False	protein_coding	missense	9	39.149	848.187	21.666	0.01	5.0	11.27	0	473.852	5340.334	1.183	4.4	92.41	219.5	1.49	4.505	0.0096445704257348	0.0882889501517638	0.1004806641082927	0.745352776979536	2.910570652173845	0.3657336956521533	848.1870206968185	39.14887714269897	2.0980000000000008	0.034125	27233.12	28861.07	17.76	21.88	9767.9	764.19	2.9	0.19	11233.42	1202.75	15.0	2.1	9095.78	139.63	2.9	0.03	0.001242	0.595628	5.0	0.01	1584.8879846730229	1062.0297506032605	3.8	2.0	200.5256810412291	182.04133007719045	9.4	8.6	119.30811935279614	183.5143374083318	5.9	8.6	0	0
chr2-165309189-165309190-G-C	Pending	5	3	0	3	16.165	0.604	9.764	111	0.296	False	protein_coding	missense	8	104.06	1146.62	11.019	0.09	2.1	17.837	0	198.77	3545.485	0.325	4.675	4.865	6.59	0.24	0.91	0.1146848448552191	0.2482998324558138	0.0089534261677485	0.5228582291969159	27.61739130434782	0.7725815217389993	16559.3150017007	192.8020575991305	7.42075	0.4007499999999999	3991.16	196.86	5.949999999999999	0.73	1146.62	104.06	1.6	0.25	3099.81	200.68	2.1	0.09	4195.45	153.25	3.4	0.17	0.038694	0.416726	2.5	0.22	2264.981103527669	727.2315846854273	1.3	0.2	2382.484039841592	790.7332480309768	15.0	6.0	4402.100973583781	1168.584172885344	22.0	8.2	0	0
chr12-21635663-21635664-T-A	Pending	1	9	0	0	187.329	0.229	42.898	3149	0.349	False	protein_coding	missense	9	273.892	7880.976	28.774	0.49	5.6	20.762	1	513.195	10655.013	1.988	16.8	8.78	23.05	2.2	7.6	0.2080274932086467	0.2233227547258138	0.0123311100430265	0.2969548414243322	18.61798913043478	1.3767934782607796	16674.878227851703	469.7209917397354	7.013125000000003	0.8671249999999999	6106.16	4724.38	16.6	3.22	15452.72	556.67	13.0	0.79	13429.05	344.7	20.0	2.6	14361.89	691.35	6.3	0.6	0.003889	0.258269	5.6	0.49	4576.122411906873	984.5638656907048	17.0	2.8	7880.975910224211	273.89241162656964	25.0	3.2	7827.8050301922995	310.913800888676	25.0	3.4	0	0
chr12-117555224-117555225-G-T	Pending	5	8	0	1	5.642	0.457	2.578	35	0.418	False	protein_coding	missense	9	41.897	77.216	1.843	0.02	0.1	5.133	0	76.085	390.576	0.295	0.77	289.35	596.515	33.0	31.0	0.4218475092202425	0.317363616079092	0.8312298752401479	0.8603951736238228	0.2287228260869653	0.1840217391304435	77.2164747357952	41.896968087892766	0.2227499999999999	0.0735	3234.75	3242.26	0.8200000000000001	0.8200000000000001	299.08	61.57	0.49	0.17	484.69	90.6	2.9	1.4	930.12	122.89	0.72	0.19	0.741731	0.942646	0.1	0.02	482.0719613908703	223.60679774997897	1.2	0.4	112.09338907733353	58.827446832464965	1.6	1.0	128.718212464878	59.92940970678081	1.8	1.0	0	0
chr4-113354033-113354034-C-T	Pending	1	1	0	0	174.671	0.371	64.803	669	0.3	False	protein_coding	missense	8	7.2	22.44	3.117	0.08	0.14	2.009	0	822.955	1652.995	0.328	0.625	199.35	1245.6	40.0	68.0	0.2300440575927496	0.2185464324429631	0.5264404723971066	0.6348196786361099	0.7659510869564059	0.5511684782608341	177.75039647133048	107.5790615918908	0.48425	0.31675	1691.58	1342.16	0.1399999999999999	0.08	4719.53	2033.54	3.7	2.0	22.44	7.2	0.32	0.13	1614.41	303.75	1.2	0.34	0.529518	0.709765	0.22	0.12	316.1200502534412	260.17800677216036	0.3	0.2	26400.9770754785	6912.258957939673	18.0	1.6	17766.013999736442	4155.181512512717	9.1	0.5	0	0
chr1-32668395-32668396-C-T	Pending	1	5	0	1	282.641	0.319	90.162	1944	0.341	False	protein_coding	missense	9	204.19	614.06	3.007	0.38	0.85	1.187	0	990.196	1175.374	2.524	2.431	553.205	1356.545	53.0	63.0	0.0181965041119838	0.0091177151189185	0.1031284807280183	0.0404674731525571	2.851521739130362	6.18413043478256	849.3226209877911	2307.5945054506	1.1563750000000004	1.84825	4206.62	3990.33	2.01	1.65	614.06	204.19	0.85	0.38	2145.7	618.28	6.2	3.2	3656.37	2207.19	1.9	1.4	0.104318	0.080085	1.0	1.2	1501.42527646561	1362.1125453370685	4.8	4.2	470.5220711121024	315.19549382878586	4.5	3.5	491.6318380373211	318.8893387796169	4.8	3.5	0	0
chr16-47699258-47699259-C-G	Pending	1	8	0	0	63.261	0.127	8.034	653	0.377	False	protein_coding	missense	9	213.92	380.55	1.779	0.4	0.59	1.416	0	510.086	722.3	2.551	4.35	58.585	160.775	15.0	29.0	0.0311915465863421	0.1893043937161564	0.0299883032233077	0.1523752813145405	8.269211956521715	2.202255434782515	3442.922719621953	999.916315791713	2.2245000000000004	1.250625	5823.93	5719.32	10.76	9.35	380.55	213.92	0.59	0.4	497.98	484.69	3.0	2.9	401.49	370.89	0.42	0.4	0.06082	0.187093	1.4	0.65	1804.6218566100913	1765.990134027678	6.0	5.8	670.7798375348432	484.8194114353543	5.7	4.7	773.8200886967752	535.3527032796674	6.2	4.9	0	0
chr11-65210391-65210392-G-A	Pending	1	7	0	0	54.372	0.18	9.787	361	0.554	False	protein_coding	missense	9	9.444	9.466	1.002	0.4	0.4	1.42	0	687.475	975.905	0.779	1.477	118.84	260.15	28.0	36.0	0.0731152415391989	0.2356421397998929	0.2362319759602904	0.5936513538682233	1.6371739130433838	0.6272554347825263	374.5819013497995	136.9332305808038	1.3177500000000004	0.5868749999999999	36354.02	36350.03	66.84	66.8	3480.05	1689.34	0.85	0.41	1340.18	631.81	2.2	1.2	9547.23	3828.35	3.1	0.93	0.003639	0.018192	2.7	1.0	611.6306104899984	743.1400590825417	0.9	1.1	9.466076284377516	9.444304913072608	0.4	0.4	12.096786062263067	11.393836943408091	0.6	0.5	0	0
chr1-116600309-116600310-G-C	Pending	1	5	0	0	11.045	0.459	5.07	109	0.346	False	protein_coding	missense	9	70.214	61.147	0.871	0.038	0.018	2.419	0	500.566	1210.685	1.895	3.75	48.475	89.07	17.0	22.0	0.907829113304615	0.8155675381422043	0.971818102932011	0.9560493734841756	0.0176630434782936	0.0383152173913146	61.14659846219408	70.21402557794019	0.157375	0.196875	5444.46	5518.45	6.73	7.33	1320.58	349.71	1.5	0.56	2032.71	557.89	6.0	3.1	1100.79	893.16	0.81	0.69	0.444664	0.343318	0.27	0.38	3380.0760613847024	2751.9848781733217	13.0	9.5	913.2296429171878	400.4792325372757	6.8	4.0	1058.3760411357143	443.24107550261425	7.5	4.3	0	0
chr6-42964389-42964390-C-G	Pending	1	5	0	1	29.452	0.295	8.688	244	0.316	False	protein_coding	missense	9	118.1	144.696	1.225	0.14	0.18	1.111	0	721.758	801.697	1.355	1.55	113.07	147.455	35.0	37.0	0.0341951675945892	0.0782929973211139	0.4043847648504123	0.4915220645901716	1.047391304347684	0.8377717391303179	144.69620209909914	118.09965068184844	0.417625	0.350375	4167.98	4061.95	1.94	1.76	914.46	724.11	1.3	0.95	1804.62	1354.76	5.6	4.9	1441.43	1152.84	0.94	0.82	0.568958	0.643633	0.18	0.14	688.9344191199156	719.4055146968893	1.8	2.0	610.3514771870581	645.0301278657038	5.3	5.6	664.7219194030334	704.1091693346606	5.7	5.8	0	0
chr19-15403684-15403685-T-C	Pending	1	1	0	0	87.11	0.233	20.297	711	0.329	False	protein_coding	missense	9	294.251	65.074	0.221	0.673	0.177	0.139	1	1377.355	191.253	3.159	1.134	1504.975	1709.98	60.0	60.0	0.0686712716706097	0.0121868909627664	0.6250347734520134	0.2396574487365755	0.5685869565216848	1.6177173913042395	65.07388009460803	294.250658366172	0.177	0.6731250000000003	4728.72	5224.39	3.2300000000000004	5.28	106.5	1169.82	0.24	1.4	138.16	1584.89	1.7	5.3	215.15	2544.06	0.28	1.5	0.609948	0.101327	0.16	1.1	1925.6618788676217	3202.0759094759173	6.4	12.0	235.27728502494537	673.8760165878804	2.8	5.7	167.35550398565996	486.0041749236728	2.2	4.7	0	0
chr1-243185945-243185946-G-T	Pending	5	8	0	0	138.826	0.165	22.906	678	0.338	False	protein_coding	missense	8	677.65	241.59	0.357	0.56	0.2	0.397	0	1505.961	597.377	3.5	1.025	47.9	33.95	15.0	11.0	0.0326221120776608	0.0116560145543189	0.0222278763292818	0.0051869053253317	10.655842391304333	46.22467391304348	4749.440558938538	20036.839893989283	2.846125	9.77025	241.59	677.65	0.8500000000000001	1.78	288.15	2211.99	0.54	2.7	354.15	864.68	0.2	0.56	617.11	2413.71	0.59	2.0	0.103966	0.01745	1.2	4.3	893.2091487761664	1437.8310001273976	0.3	0.6	1233.1900160351963	1574.0915951060076	8.6	12.0	577.6436453008967	751.0346945644782	4.5	5.7	0	0
chr16-13935426-13935427-G-A	Pending	1	3	0	0	40.169	0.27	10.846	478	0.338	False	protein_coding	missense	8	113.138	8435.261	74.557	0.1	1.1	8.691	0	967.825	8411.452	1.4	13.0	269.62	212.4	39.0	34.0	0.1046144681749865	0.1661707358434796	0.0165098494513768	0.5790075092942428	14.277038043478257	0.6572010869564338	8435.261068717811	113.13780103478696	4.07975	0.216625	11040.9	950.98	13.89	2.23	5834.69	984.67	6.1	1.5	11479.16	1915.27	13.0	1.3	8264.5	697.49	6.8	0.65	0.114623	0.588039	1.1	0.1	8387.64331174904	2693.0728595832916	13.0	1.8	24156.27694331317	8017.334432591528	50.0	30.0	2901.750046016034	770.3001811616948	17.0	5.9	0	0
chr18-22968845-22968846-G-C	Pending	1	1	0	0	73.077	0.764	55.831	1062	0.711	False	protein_coding	missense	10	284.47	290.38	1.021	0.54	0.55	0.993	0	1777.831	1766.058	3.65	3.15	2268.04	2773.55	84.0	85.0	0.0206230249023064	0.0143399542721454	0.0128801498760452	0.0106755495926342	18.61798913043478	22.19230978260869	8051.578092577743	9569.17183406556	3.953375	4.4945	272.49	374.64	0.93	1.18	290.38	284.47	0.55	0.54	3033.45	3807.28	3.1	3.9	617.42	918.95	0.59	0.81	0.322676	0.190234	0.32	0.62	16946.22638669916	17505.314347699696	25.0	26.0	2002.718916831763	1979.7939829620325	4.7	4.6	1529.3961760937934	1575.8685925035263	3.2	3.4	0	0
chr8-123787295-123787296-A-G	Pending	1	1	0	0	78.087	0.388	30.298	1282	0.487	False	protein_coding	missense	9	161.558	103.976	0.644	0.14	0.06	0.625	0	1696.456	1061.113	2.6	1.296	48.77	79.18	13.0	20.0	0.1228647585958242	0.213329354301095	0.5615621412080993	0.534818654242815	0.6911141304346842	0.7473369565216217	103.97613716091736	161.55821820627796	0.190875	0.3372499999999999	4063.45	2625.91	6.03	4.4	348.97	1212.48	0.64	1.7	860.02	2314.53	1.9	3.5	195.86	551.87	0.21	0.53	0.710191	0.529341	0.06	0.14	2693.0728595832916	3725.7799675308625	8.4	14.0	1638.8907346922467	1792.8749528409312	4.7	5.1	1262.2053016127377	1600.036905685054	3.8	4.6	0	0
chr14-49840729-49840730-A-T	Pending	2	9	0	0	125.28	0.153	19.168	750	0.238	False	protein_coding	missense	9	557.93	499.551	0.895	1.473	0.598	0.798	0	1461.077	1165.535	3.874	2.375	244.665	199.7	32.0	37.0	0.2566960351541638	0.0104911926900967	0.476771190412342	0.0635693953485185	0.8723097826085962	4.157119565217343	240.36688711059185	1420.7230625026557	0.5975000000000001	1.473375	4667.76	4841.32	3.05	3.5900000000000003	1134.81	1318.38	1.4	1.5	1728.19	1501.43	5.5	5.2	3144.47	6842.94	1.7	3.1	0.101776	0.020864	1.1	2.6	1196.2593708868835	4676.226873485467	3.6	17.0	499.5511924636618	557.9303672476175	4.8	5.0	547.8226696646407	582.9616691486334	5.0	5.2	0	0
chr12-56751186-56751187-T-A	Pending	1	1	0	0	49.219	0.332	16.341	370	0.27	False	protein_coding	missense	8	76.2	508.87	6.678	0.08	0.74	2.651	0	1504.6	3989.378	0.345	0.967	47.12	47.92	17.0	16.0	0.5342641705647111	0.8155779168009758	0.6854641057940976	0.9232475928678672	0.4630163043478035	0.0861141304347796	269.2136012470895	129.2162786266814	1.0437500000000002	0.5484999999999998	36119.81	31755.21	64.45	32.73	14720.28	2090.79	4.9	0.5	508.87	76.2	0.74	0.08	3643.62	918.41	0.89	0.19	0.05913	0.170461	0.39	0.1	4335.136567304628	2314.5284480795485	3.6	1.3									0	0
chr21-32347200-32347201-G-A	Pending	1	7	0	0	17.646	0.159	2.806	170	0.342	False	protein_coding	missense	9	83.633	101.63	1.215	0.136	0.184	2.87	0	522.175	1498.7	1.13	2.6	7.14	58.615	1.18	7.3	0.4887145981192589	0.4439849648624658	0.8269403361270605	0.8313400591990394	0.235190217391306	0.2287228260869653	101.63012140286152	83.63308227179475	0.183625	0.136	5623.5	2529.01	7.779999999999999	4.29	1698.05	439.53	2.2	0.76	1824.25	645.63	3.0	1.6	1299.35	455.33	1.2	0.45	0.332783	0.41558	0.31	0.22	4936.17358223685	3567.971061190687	18.0	13.0	954.0035702392256	451.387990312437	3.0	1.5	1222.165443607163	589.0199438800094	3.7	1.9	0	0
chr12-109166894-109166895-G-A	Pending	1	1	0	0	24.011	0.11	2.641	146	0.308	False	protein_coding	missense	9	61.471	25.566	0.416	0.11	0.19	1.917	0	544.216	1043.52	1.15	1.9	366.62	448.8	52.0	55.0	0.0229953178495634	0.0150370331830345	0.4116939027369838	0.5186269895195221	1.026576086956382	0.7808152173911793	134.65123350179073	83.8864832969614	0.5759999999999998	0.3201249999999999	22909.76	22093.86	10.65	9.71	768.43	353.29	0.19	0.11	2077.17	874.09	3.0	1.6	11092.35	4363.04	3.7	1.2	0.009267	0.036896	1.6	0.57	1318.6091434272448	735.1427907623246	3.0	1.1	44.072734782336624	61.96835962233877	2.2	3.2	25.5664247598417	61.47096062173961	1.3	3.2	0	0
chr12-56715885-56715886-T-C	Pending	2	9	0	0	1419.632	0.286	406.015	21	0.334	False	protein_coding	missense	9	703.996	3548.474	5.04	0.73	1.6	1.507	0	2373.484	3577.63	2.405	6.235	2801.725	2476.265	80.0	81.0	0.0190152293362189	0.4885999672114849	0.0279520680738808	0.4215780109494017	8.839293478260856	1.0016032608694443	3548.4738324456007	703.9964127916658	2.2607500000000007	1.058625	4851.73	4453.47	3.63	2.51	2929.9	2393.87	2.6	2.3	7775.84	5154.5	14.0	9.7	7367.22	3123.31	3.3	1.7	0.049881	0.162038	1.6	0.73	3606.785319173851	1989.193095131647	14.0	6.7	2101.7448891066497	1826.3331410884036	13.0	12.0	3188.893387796172	2353.097920285514	16.0	14.0	0	0
chr11-126292755-126292756-G-T	Pending	1	4	0	0	10.392	0.273	2.837	121	0.51	False	protein_coding	missense	8	89.21	48.83	0.547	0.14	0.11	0.995	0	593.7	590.851	0.505	0.952	19.46	35.645	6.4	9.1	0.0289100704831071	0.1134365987963974	0.0696158562163827	0.064346737481111	3.8525271739129607	4.102010869565163	1374.4415563405487	2039.6423739419229	1.464875	1.7911249999999994	48.83	89.21	0.21	0.3899999999999999	202.2	127.75	0.42	0.3	236.04	274.64	0.11	0.14	446.56	444.26	0.44	0.44	0.05742	0.206535	1.9	0.57	735.1427907623246	743.1400590825417	0.2	0.2	1213.4726712923848	1164.206447165241	8.5	8.2	2221.569989334464	1565.5249737094148	14.0	12.0	0	0
chr2-85645062-85645063-C-G	Pending	1	8	0	0	70.518	0.369	26.021	956	0.297	False	protein_coding	missense	9	1073.583	1332.954	1.242	1.546	1.363	1.183	0	1943.372	2299.443	2.9	3.6	276.86	159.06	39.0	32.0	0.60440344363451	0.2413053624331951	0.3007053629244539	0.1211621855084327	1.362934782608605	2.5574999999999197	1847.8681206801136	1588.0927241217598	1.6625	1.54625	5060.36	5206.77	4.46	5.19	2582.47	2114.27	2.4	2.1	4084.68	3665.8	8.6	7.9	6788.3	5729.22	3.1	2.7	0.071268	0.05065	1.3	1.6	1332.953664331198	1073.583066484683	4.1	3.1	2016.415373894308	1772.4745169370628	13.0	12.0	1835.016611248299	1308.097151660848	12.0	8.8	0	0
chr20-63560554-63560555-T-C	Pending	1	3	0	0	28.752	0.137	3.939	315	0.329	False	protein_coding	missense	8	49.663	149.634	3.013	0.143	0.372	2.514	0	713.355	1793.055	0.813	1.9	221.21	188.62	45.0	39.0	0.0243051967117935	0.0081609617336653	0.3481004191697873	0.5068575181934241	1.2049728260868449	0.8065217391303037	178.72832711954368	85.87722088758906	0.3724999999999999	0.14275	5153.15	4286.58	7.26	6.279999999999999	1988.55	496.12	2.5	0.84	3416.85	1164.33	2.3	0.73	1597.56	930.59	1.5	0.82	0.358171	0.357646	0.28	0.28	5997.52246638931	3236.909768355534	7.2	2.6	149.63390159618342	49.66266260174597	1.4	0.5	514.8254407814209	220.6276809098378	4.2	2.0	0	0
chr10-96057879-96057880-G-A	Pending	1	1	0	0	8.269	0.304	2.514	421	0.389	False	protein_coding	missense	10	65.49	324.79	4.959	0.22	0.51	1.143	0	559.4	639.238	0.555	1.2	660.065	559.85	6.9	6.9	0.0884357611648738	0.086559948278591	0.4422725521070327	0.4548178369491428	0.9525271739129266	0.9226086956520448	150.25634458934505	141.6406594539711	0.42875	0.409375	4659.7	2787.32	3.03	0.53	4966.39	794.93	3.8	1.2	324.79	65.49	1.3	0.32	2069.84	655.46	1.3	0.58	0.253317	0.521511	0.51	0.22	567.0174473895294	401.07850032761297	0.4	0.3	527.1084762363954	463.3402194242086	1.1	0.9	711.4592005246758	721.3565838990845	1.3	1.4	0	0
chr20-41491708-41491709-G-C	Pending	1	1	0	0	171.564	0.291	49.925	258	0.338	False	protein_coding	missense	10	507.598	318.801	0.628	0.5	0.3	0.359	1	2356.185	846.045	2.925	1.725	47.8	57.16	3.25	4.0	0.0403552834686706	0.0473906826955499	0.0206138272777881	0.0128586166595587	11.6303260869565	18.61798913043478	5288.322452905431	8891.658913247638	3.02375	4.24475	363.01	1376.09	1.15	2.85	1849.39	2646.4	2.3	3.0	476.88	2065.97	0.49	2.2	1215.21	2972.3	1.1	2.4	0.026727	0.007852	3.3	6.9	11355.62686901531	17316.93169471617	17.0	25.0	315.9511933233868	520.738874393211	0.3	0.5	318.8012385711365	507.59811424768554	0.3	0.5	0	0
chr12-112087740-112087741-T-C	Pending	1	1	0	0	43.552	0.265	11.541	461	0.307	False	protein_coding	missense	9	563.093	196.598	0.349	1.3	0.35	0.173	1	1747.33	302.41	2.94	1.498	38.765	28.25	11.0	9.1	0.5231181606650352	0.4265529974363744	0.4334507183533626	0.1624128552708003	0.9711141304346568	2.1113315217390607	759.4247922617432	2194.924694213005	1.0950000000000002	1.802	5194.13	4837.86	5.12	3.58	292.42	2218.7	0.49	2.2	163.39	1183.39	1.9	4.6	312.4	1892.53	0.35	1.3	0.229493	0.025869	0.55	2.3	963.487207450801	1602.1292262796685	2.7	5.1	196.598409488098	563.092833374483	2.4	5.0	212.14851688900228	616.0840991566962	2.6	5.4	0	0
chr9-122788966-122788967-C-A	Pending	6	5	0	1	0.0	0.167	0.0	12	0.536	False	protein_coding	missense	9	123.475	97.629	0.791	0.375	0.249	0.696	0	331.115	230.33	1.24	0.996	116.75	94.8	29.65	26.0	0.1229349377099424	0.1306268153712153	0.6116323179727408	0.5192115162130652	0.5923641304347171	0.7808152173911793	84.0698035318092	127.49623318750685	0.2489999999999999	0.37475	4539.83	4426.03	2.72	2.45	237.05	324.91	0.42	0.52	223.61	337.32	2.1	2.5	391.11	517.53	0.41	0.5	0.347539	0.31459	0.37	0.41	638.6826117731563	883.5969186971492	1.6	2.5	97.6292605611383	123.47527440840322	1.4	1.7	106.08158498864778	137.92404959179277	1.5	1.8	0	0
chr9-121025516-121025517-A-G	Pending	1	1	0	0	8.777	0.3	2.633	70	0.567	False	protein_coding	missense	10	57.424	53.205	0.927	0.03	0.01	0.504	0	837.759	422.303	0.375	0.201	172.265	118.46	23.0	17.0	0.5350900311022997	0.6379101648926735	0.9134755671048842	0.9337940553643552	0.1013858695652203	0.0717391304347785	53.20480181259365	57.42444535525929	0.047875	0.056625	5438.3	5470.08	60.74	91.51	26.96	178.44	0.06	0.25	506.12	2314.53	0.43	1.2	35.74	230.66	0.04	0.12	0.975312	0.924049	0.01	0.03	3033.4495271226524	4242.333860404259	1.8	3.3	761.7281404686784	1118.922481955242	0.7	1.1	338.4854460923557	556.5958962740619	0.3	0.5	0	0
chr12-119145531-119145532-A-T	Pending	1	8	0	0	11.686	0.429	5.013	49	0.358	False	protein_coding	missense	8	472.781	541.577	1.146	0.41	6.3	6.998	0	1285.925	8998.89	2.996	11.145	344.025	5464.255	31.0	84.0	0.0005015793003622	0.0003595640464482	0.0034833689226544	0.0336640067158497	99.28660326086955	7.348016304347794	29037.360201867927	2721.2078621273968	29.996875	2.0911249999999986	8806.03	3216.26	11.29	5.1	9191.75	1023.17	9.7	1.5	7692.16	573.19	6.3	0.41	13615.58	1548.68	14.0	1.4	0.003811	0.115589	11.0	1.1	9654.42834743743	4335.136567304628	15.0	4.2	699.8903410444561	857.0970493521808	5.5	6.5	541.5767353762905	472.7809837686068	4.4	3.9	0	0
chr2-178014386-178014387-C-A	Pending	1	4	0	0	1.686	0.577	0.973	26	0.342	False	protein_coding	missense	10	90.6	131.59	1.452	0.43	0.69	1.332	0	646.124	860.955	1.005	1.205	48.595	102.54	17.0	17.0	0.1462720241397619	0.071594402892515	0.1970345993632589	0.2257780661142414	1.858124999999916	1.6875271739129545	620.5408408759873	395.7817188808026	0.996625	0.7961250000000001	3739.4	3345.36	1.31	0.91	1680.23	1352.57	1.8	1.6	131.59	90.6	0.6	0.45	882.16	415.76	0.69	0.43	0.021119	0.031629	2.6	2.1	922.6778027608818	855.3764372017306	0.7	0.7	560.918804833817	550.680882846828	1.1	1.1	839.7499758035577	741.5663250090965	1.5	1.4	0	0
chr12-29316987-29316988-T-A	Pending	1	7	0	0	21.551	0.318	6.853	362	0.306	False	protein_coding	missense	9	680.76	2433.19	3.574	0.18	0.58	1.431	1	1530.605	2189.656	3.962	2.644	39.95	13.81	7.3	4.3	0.0713824364356696	0.0875248429365456	0.091776905070978	0.0569069480451053	3.1065489130433974	4.585733695652138	1177.5248705180145	2123.440238541107	2.488500000000001	3.3386250000000013	4583.58	15356.94	0.92	4.61	2433.19	680.76	0.58	0.18	1925.66	937.77	2.8	1.7	4682.4	4136.9	1.3	1.2	0.004974	0.007617	2.3	1.8	5324.553724912208	2968.5121663285818	18.0	8.7	1946.121721392026	885.4621468320311	46.0	29.0	1398.52424577611	763.255601059052	38.0	27.0	0	0
chr14-105143607-105143608-T-A	Pending	1	4	0	0	52.16	0.309	16.117	376	0.351	False	protein_coding	missense	9	512.436	465.2	0.908	0.78	0.82	0.84	1	3012.879	2530.716	5.8	3.45	17.4	22.31	3.7	3.8	0.0247660888126119	0.0123283786524552	0.0366822533583383	0.0172207570840562	6.792608695652163	13.500896739130424	2713.8256831434	5766.843437866035	1.98425	2.935125000000001	3239.48	3182.98	0.8200000000000001	0.7799999999999999	698.47	669.11	0.93	0.91	2510.18	3725.78	6.7	8.1	4549.95	5201.95	2.2	2.5	0.023412	0.002632	2.4	6.8	2551.251382965138	2842.778048235646	8.8	9.8	642.0664836324694	915.3348546639032	5.5	6.8	465.20031486148247	512.436433630966	4.5	4.8	0	0
chr19-51964911-51964912-T-C	Pending	1	4	0	0	11.539	0.362	4.177	152	0.554	False	protein_coding	missense	9	407.981	607.631	1.489	0.86	1.2	1.489	0	1369.955	2040.205	3.7	4.9	32.92	55.8	7.2	12.0	0.0958553089294582	0.0444699288345873	0.0147804338886957	0.0165671435228583	16.15755434782608	14.277038043478257	9172.781500683095	6751.193347274829	3.9760000000000018	3.235250000000001	4424.07	4615.82	2.44	2.91	1412.99	766.97	1.6	0.99	2339.71	1493.32	6.4	5.2	1740.7	1246.59	1.2	0.86	0.006338	0.01156	4.5	3.4	4526.876676399949	3807.2828566667704	16.0	14.0	742.3009220287325	433.09183885555075	6.0	4.2	607.6311084218344	407.9810581297972	5.3	4.0	0	0
chr1-184831901-184831902-C-A	Pending	1	3	0	0	49.818	0.271	13.501	1017	0.291	False	protein_coding	missense	9	650.999	1669.475	2.564	1.5	2.2	2.054	0	3119.138	6405.185	4.366	9.674	35.25	30.46	2.765	2.005	0.0600168133969418	0.2114255828782916	0.0332326872807828	0.0908560271098723	7.348016304347794	3.132635869565135	3428.45882046774	1983.659820382318	2.2245000000000004	1.7196250000000002	6410.58	6160.57	30.680000000000003	18.28	7916.42	3620.47	5.6	3.0	6399.79	2858.2	12.0	7.1	10574.14	4636.03	4.5	2.3	0.028258	0.055403	2.2	1.5	7054.340745605158	3380.0760613847024	23.0	13.0	1669.475307604869	650.998518154875	12.0	5.6	2550.586167124788	868.2404198273636	14.0	6.6	0	0
chr19-8958135-8958136-G-T	Pending	5	6	0	0	11.421	0.096	1.096	167	0.377	False	protein_coding	missense	9	567.017	719.406	1.269	0.6	1.0	1.752	0	1137.069	1992.425	2.35	2.675	40.45	67.23	5.5	9.54	0.2437821989879012	0.0530978165916167	0.0694828035525475	0.0230923100264901	3.8525271739129607	10.23198369565216	3012.681264648443	4915.634584200116	2.2064999999999992	2.8995	1095.78	664.14	2.45	1.76	2470.62	1464.21	2.9	1.9	2737.14	1709.59	4.0	2.8	1956.56	971.91	1.7	0.84	0.118414	0.093676	0.98	1.3	719.4055146968893	567.0174473895294	1.0	0.6	1440.6218584199912	994.3745489637804	4.2	3.1	2028.2897689330628	1279.7643264423496	5.6	3.8	0	0
chr10-73139674-73139675-A-G	Pending	1	5	0	0	59.345	0.203	12.047	675	0.092	False	protein_coding	missense	9	976.863	835.266	0.855	1.238	1.151	0.967	0	3156.81	3052.398	3.405	2.855	69.25	66.35	15.0	14.0	0.1449447879567742	0.0910213654860854	0.1546907878321804	0.114947394793136	2.1829619565216376	2.660624999999925	835.2659080243158	976.8628496368968	1.1507500000000004	1.238125	4650.25	4903.96	3.01	3.81	3168.23	3591.25	2.7	3.0	7527.49	7287.08	14.0	13.0	4275.97	6019.43	2.2	2.8	0.052369	0.035498	1.6	1.9	2936.5666561709572	2722.3695166880275	11.0	9.4	2135.895496302299	1864.5756141410216	13.0	12.0	1616.7393172913014	1357.1879654987356	11.0	9.1	0	0
chr1-183900201-183900202-C-T	Pending	1	5	0	0	13.813	0.013	0.18	310	0.321	False	protein_coding	missense	9	101.44	78.55	0.774	0.17	0.2	1.043	0	647.901	675.773	0.425	0.45	29.195	75.185	1.1	1.3	0.020533993927529	0.0152508710743859	0.0959338637463768	0.0962689773043009	3.0137228260868767	2.9916847826086155	930.4126427450436	909.0616806946368	0.8158749999999986	0.8006249999999987	4410.38	3983.09	0.2	0.1699999999999999	78.55	101.44	0.14	0.17	350.34	384.09	0.38	0.38	1185.37	1490.52	0.38	0.45	0.03966	0.038051	1.8	1.8	1501.42527646561	1318.6091434272448	2.2	1.7	394.9571678559008	380.6711814678415	0.4	0.4	421.133703913539	386.7408077816679	0.5	0.4	0	0
chr2-96269342-96269343-A-G	Pending	1	7	0	0	53.882	0.253	13.632	1077	0.393	False	protein_coding	missense	9	106.947	161.871	1.514	0.46	0.45	0.787	1	3643.495	2867.42	6.266	6.573	21.015	19.115	8.4	8.1	0.2344238613732159	0.197055104537867	0.0341644493850196	0.0229241017622216	7.147065217391287	10.655842391304333	6283.481577234603	8368.58901807678	5.998750000000002	7.231125000000002	27998.43	20664.57	19.58	8.27	1820.8	1845.96	0.45	0.46	674.19	1091.15	1.3	1.9	3914.04	6261.84	0.96	1.8	0.003485	0.001282	2.8	4.9	5997.52246638931	5441.03041320878	21.0	19.0	161.87135420098545	106.9473431407078	7.8	5.3	177.2841869605521	168.1395961646757	8.5	8.1	0	0
chr5-132763824-132763825-G-T	Pending	1	3	0	1	88.175	0.133	11.727	1120	0.356	False	protein_coding	missense	9	902.926	1422.358	1.575	0.9	1.9	2.493	0	3269.855	8151.578	1.65	5.95	188.55	491.1	38.0	58.0	0.0540193659835495	0.0961963995359838	0.0127795644395126	0.0850432925878342	18.61798913043478	3.2967934782607813	9167.728374251954	1404.7381949971837	3.049875	1.0333749999999988	5481.28	5474.87	94.4	92.95	18313.62	5464.1	9.2	2.5	16228.45	4288.48	7.6	1.5	16751.53	4914.91	5.5	1.3	0.012815	0.082136	3.3	1.1	1422.3578464915408	902.925945728536	1.9	0.9	5761.691486661522	1965.84829420132	5.2	1.8	7135.427535831016	2251.2306865301457	6.4	2.1	0	0
chr17-65558017-65558018-C-G	Pending	1	1	0	0	11.322	0.017	0.192	117	0.237	False	protein_coding	missense	9	78.378	332.182	4.238	0.226	0.722	2.748	0	732.201	2012.02	2.1	4.0	42.01	32.79	3.39	2.43	0.0223273323208559	0.0047597177945135	0.2250530328277021	0.5260168911350193	1.692934782608603	0.7659510869564059	332.1822348823021	78.37750307958625	0.7223750000000002	0.2257499999999999	5944.0	5252.24	12.82	5.43	2473.08	969.43	2.3	1.3	1550.96	430.3	5.2	2.8	6093.81	2226.66	2.8	1.4	0.054132	0.196045	1.5	0.63	4106.841418464271	3000.8051964776514	15.0	12.0	1087.87751361879	494.97127960227175	7.7	4.8	913.3558189706538	469.5047603777325	6.8	4.5	0	0
chr12-10218084-10218085-A-T	Pending	1	3	0	0	86.919	0.097	8.431	677	0.374	False	protein_coding	missense	9	261.429	2322.43	8.884	0.233	1.327	4.667	0	2396.409	11184.592	1.595	6.9	39.28	44.43	7.0	7.85	0.6810285523533821	0.7517429366707802	0.3111250450172751	0.8287748718145584	1.3273369565216626	0.2334510869565207	2322.4296343607443	261.42858459629315	1.84825	0.6271250000000002	5179.44	3880.13	5.04	1.49	15069.99	3354.75	12.0	2.9	21154.46	3587.33	30.0	7.9	18009.44	3111.77	8.2	1.7	0.031197	0.219125	2.1	0.57	1728.185404637339	573.1857601663112	5.6	1.4	11261.07886529092	1681.0475575934436	30.0	12.0	11108.105606410098	1662.0343679973275	30.0	12.0	0	0
chr5-150700882-150700883-T-A	Pending	4	9	0	0	95.298	0.234	22.3	77	0.399	False	protein_coding	missense	9	1243.483	1323.244	1.064	3.0	3.1	1.4	0	4709.725	6592.371	7.25	10.95	512.25	2970.15	53.0	80.0	0.0057775333698373	0.0716174240224063	0.0101713722459878	0.0158203801409864	22.19230978260869	15.160951086956516	9754.107312840422	7821.430324606431	4.180250000000003	3.546250000000001	6053.66	5863.43	15.2	11.38	3688.6	3556.02	3.1	3.0	8950.22	7406.31	15.0	13.0	16823.83	9724.14	7.5	4.2	0.002362	0.005741	7.1	4.7	7131.081559054952	1824.253478364652	23.0	6.0	2116.3134886889075	1894.8725306293863	13.0	13.0	1323.2442027960078	1243.4834229369292	8.9	8.5	0	0
chr10-44984851-44984852-G-A	Pending	1	3	0	0	66.875	0.095	6.353	755	0.333	False	protein_coding	missense	11	429.56	206.54	0.481	0.71	0.1	0.282	1	2274.353	641.999	3.227	1.489	541.395	383.225	70.0	60.0	0.0022796080775151	0.0012139232567278	0.0304747220128848	0.0119727988723668	8.01565217391304	20.2322554347826	3046.3029245311777	8095.604155994099	2.2183749999999987	3.953375	206.54	429.56	0.76	1.3	361.32	2024.91	0.66	2.5	56.89	540.07	0.1	0.71	348.1	1713.49	0.37	1.6	0.038941	0.013003	2.5	5.1	922.6778027608818	2523.7962059597608	0.3	1.7	12879.826119741603	13486.833623913062	18.0	18.0	17045.11752468468	22418.161836100426	23.0	35.0	0	0
chr8-12729003-12729004-C-T	Pending	1	6	0	0	16.461	0.442	7.276	339	0.7	False	protein_coding	missense	9	667.275	549.43	0.823	0.51	0.36	0.609	0	2667.965	1624.0	1.826	2.015	130.8	129.0	4.0	3.9	0.3228556755930185	0.3439629375934601	0.3403054055568353	0.3151811264029405	1.230081521738995	1.3140217391303537	549.4302862006662	667.2749300154102	1.6572500000000006	1.8515000000000008	8280.92	5670.71	1.83	1.16	1482.01	2133.85	0.36	0.51	1765.99	3202.08	2.6	4.1	5137.9	5985.4	1.5	1.7	0.005086	0.007624	2.2	1.8	33504.88365341375	36141.06150997474	75.0	77.0	769.4315672279322	693.6972933756213	27.0	25.0	707.4080539228603	683.3921722966523	25.0	25.0	0	0
chr11-70486268-70486269-C-G	Pending	1	5	0	0	0.728	0.158	0.115	19	0.282	False	protein_coding	missense	9	330.788	2796.083	8.453	0.78	9.4	11.234	0	804.55	9037.995	2.05	9.925	1469.545	5173.2	52.0	66.0	0.0160722573054954	0.018193561467342	0.0055270069522252	0.0227353380244854	46.22467391304348	10.655842391304333	19066.339161128053	4400.4102623974495	8.972625	2.721375	8048.95	870.15	10.45	2.1	10052.79	738.95	12.0	1.3	10027.04	482.07	14.0	1.4	10769.27	880.33	9.4	0.78	0.004486	0.054521	9.3	2.0	1746.9855106325765	1196.2593708868835	4.4	2.3	2796.0826199588337	330.788193265219	7.2	1.1	6533.260874389797	711.4264373720936	14.0	2.3	0	0
chr19-12627915-12627916-G-C	Pending	1	7	0	0	36.747	0.232	8.525	509	0.427	True	protein_coding	missense	10	898.05	1542.59	1.718	1.5	1.7	1.513	0	3126.183	4729.844	4.8	5.373	454.75	435.2	40.0	38.0	0.0157703295990359	0.010584589530481	0.0072351765752186	0.0084213601957474	31.64317934782608	27.61739130434782	14408.29611784141	12078.059294291575	5.946250000000004	4.976250000000003	6276.21	6508.13	22.84	39.09	4607.92	2497.53	3.6	2.3	1542.59	898.05	3.5	2.4	2887.48	2429.8	1.7	1.5	0.017492	0.018049	2.8	2.8	3685.6851539916497	3685.6851539916497	4.8	4.8	4851.7677121925635	2569.803995402264	8.5	4.8	4933.441695717304	3682.561428456637	8.7	6.7	0	0
chr7-48587175-48587176-G-C	Pending	1	4	0	0	15.775	0.016	0.252	128	0.293	False	protein_coding	missense	9	557.8	16.49	0.03	1.1	1.7	0.35	0	1170.146	409.74	2.192	1.25	190.33	410.165	37.0	54.0	0.0176749245729297	0.2385415155440569	0.0658499328478205	0.2082289091412268	4.047907608695596	1.7838858695651538	1402.893012677754	808.6280368521712	1.480875	1.106375	16.49	557.8	0.05	1.5599999999999998	402.92	2065.61	0.72	2.6	416.56	1874.27	1.3	3.0	435.6	1285.59	0.44	1.2	0.068707	0.108128	1.7	1.1	1235.7262231072605	1332.953664331198	2.4	2.8	360.20521816589303	943.083181673754	1.2	2.9	331.2302558050295	1054.7025596550857	1.1	3.2	0	0
chr3-119431985-119431986-T-G	Pending	1	11	0	0	73.225	0.151	11.057	212	0.289	False	protein_coding	missense	11	86.76	1170.65	13.493	0.88	3.9	2.004	0	4047.905	8113.873	2.6	11.0	649.95	666.56	37.0	36.0	0.0273620306397788	0.1974228138569742	0.0041531453828129	0.0312008421578013	62.74467391304348	7.778097826086963	26700.358326444995	6047.9510700662	19.545250000000006	3.011125000000001	3665.81	3808.21	1.22	1.4	11299.98	3609.32	8.0	3.0	1170.65	86.76	3.9	0.88	13908.16	4287.6	6.0	2.2	0.000453	0.040818	14.0	1.8	2607.0610014707204	1765.990134027678	2.8	1.7	4927.765129385696	4927.765129385696	21.0	21.0	21839.86753895777	15179.239032493851	56.0	47.0	0	0
chr4-1322411-1322412-C-G	Pending	1	4	0	0	86.379	0.182	15.721	570	0.351	False	protein_coding	missense	11	2660.174	2660.174	1.0	1.5	1.6	0.978	0	6036.702	5900.938	5.5	4.885	166.76	137.35	26.0	25.0	0.0624183018226176	0.0718147612642496	0.0153630825979352	0.0195526245898433	15.160951086956516	12.187228260869546	7799.305921548494	6269.004511687921	3.8689999999999993	3.355	11098.34	15201.25	13.96	19.35	9638.77	11733.06	12.0	14.0	2088.44	4288.48	2.5	5.1	4002.57	5804.4	3.2	4.7	0.07163	0.076255	1.6	1.5	2904.964926184022	3807.2828566667704	2.2	3.4	2660.1737278004516	2660.1737278004516	5.9	5.9	18222.16605668786	15944.09964910199	25.0	21.0	0	0
chr2-27847065-27847066-C-T	Pending	1	7	0	0	6.137	0.111	0.681	63	0.137	False	protein_coding	missense	9	321.028	464.226	1.446	0.707	0.857	0.952	0	1683.273	1602.503	3.8	3.75	203.75	185.95	21.0	20.0	0.1005251151509583	0.2337577210273593	0.2167200530127934	0.3881220314831022	1.737228260869486	1.089130434782433	464.2255284881306	321.0278516744038	0.857125	0.7067500000000002	6072.54	6085.05	15.69	16.02	2374.98	2365.31	2.3	2.3	1567.83	1619.56	5.2	5.3	3351.96	3741.66	1.8	2.0	0.100031	0.143533	1.1	0.81	1637.1764276304789	1746.9855106325765	5.3	5.7	1036.5255219035726	1344.5594208591408	7.4	9.0	680.2052819405367	846.5254123790721	5.7	6.5	0	0
chr16-30927786-30927787-G-A	Pending	1	3	0	0	21.005	0.175	3.676	496	0.252	False	protein_coding	missense	8	1249.281	7288.867	5.834	0.57	7.5	6.0	0	2935.736	17615.695	3.463	25.29	794.3	902.845	52.0	58.0	0.1102315619355067	0.0404291733866557	0.0092639861144832	0.0779147426601112	24.57923913043477	3.526929347825998	15725.779876899387	1264.7028376310927	7.047499999999999	1.4033749999999998	25836.18	9959.41	40.89	12.6	20974.4	4264.79	30.0	4.6	19505.61	4625.9	26.0	3.4	23958.71	3678.83	33.0	3.0	0.006605	0.205802	7.5	0.57	9346.083432734207	2192.641718942874	14.0	1.1	3515.8472630197844	1279.469683739587	19.0	8.8	7288.866568219996	1249.2806118054496	29.0	8.7	0	0
chr1-100918081-100918082-C-T	Pending	1	7	0	0	7.884	0.135	1.064	288	0.218	False	protein_coding	missense	9	357.824	381.654	1.067	0.438	0.214	0.642	0	1802.262	1157.287	1.94	2.11	160.53	152.2	27.0	25.34	0.9707748666405678	0.8394473046064377	0.8416957365064398	0.7002529422231076	0.2137500000000045	0.4382065217391186	527.0412654812454	761.7149520252108	1.6191250000000006	1.9795000000000007	33001.21	29365.61	39.39	23.41	8784.15	6785.51	2.6	1.9	511.63	437.34	0.87	0.75	2806.62	2842.81	0.66	0.67	0.051198	0.03051	0.43	0.67	1501.42527646561	4382.296453477993	3.6	15.0	813.1487523881849	670.1468800183738	28.0	24.0	381.65415954413714	357.82443977381126	17.0	16.0	0	0
chr16-88837724-88837725-C-T	Pending	1	6	0	0	21.583	0.115	2.482	192	0.603	False	protein_coding	missense	10	393.849	148.745	0.378	0.528	0.132	0.748	0	2238.734	1675.247	2.1	1.41	429.55	687.7	50.0	58.0	0.7519405670464039	0.5908148437738419	0.8933513293416356	0.6478307254257522	0.1317119565217552	0.5279076086955996	148.74524949681634	393.8492454937693	0.4245	0.7918750000000001	4626.71	4750.28	2.94	3.29	3591.99	6363.88	3.0	4.7	153.95	416.56	0.65	1.6	1147.61	2137.76	0.82	1.4	0.270395	0.133524	0.46	0.85	1884.439040288195	2339.707100807512	2.0	2.6	2132.553817946203	2381.7709831782317	4.0	4.5	1466.0541106723097	2047.151575738813	2.8	3.9	0	0
chr6-31575889-31575890-T-A	Pending	1	3	0	0	0.152	0.239	0.036	46	0.401	False	protein_coding	missense	9	370.99	333.99	0.9	1.17	1.09	0.699	1	1233.99	862.758	2.15	1.905	23.0	22.4	11.0	11.0	0.0033057215732696	0.0168169865210074	0.0537555674751906	0.0731184699058908	4.807092391304323	3.679429347826016	1662.5560641317418	1245.5527127065302	1.6109999999999998	1.3954999999999995	333.99	370.99	1.09	1.17	603.38	977.83	0.96	1.5	479.47	860.02	1.4	1.9	1534.27	1362.02	1.4	1.3	0.015137	0.01997	4.7	3.9	1158.0530182780362	1222.4280109388617	2.2	2.4	1022.2332427769348	2025.582797238875	3.2	5.6	703.2828062849442	1352.477347851302	2.3	4.1	0	0
chr4-112617871-112617872-C-T	Pending	1	6	0	0	23.173	0.358	8.296	285	0.293	False	protein_coding	missense	10	1910.784	3586.599	1.877	0.9	1.9	2.208	0	4509.26	9954.89	5.75	10.35	359.25	511.075	19.0	19.0	0.0536578032188117	0.1135666714981198	0.0311672377680133	0.0682996045329015	7.778097826086963	3.8986413043477626	3586.598511221732	1910.784299531272	2.425875	1.7338749999999996	20476.19	19324.13	28.14	26.0	9718.78	4988.79	12.0	5.2	15290.89	11857.88	21.0	15.0	10191.0	4029.73	8.7	3.3	0.057957	0.131125	1.9	0.9	12790.861128549575	10191.108226684144	19.0	15.0	4023.64818148224	2532.9114078851862	12.0	6.3	3300.0460483458437	2770.2566112577892	8.5	6.9	0	0
chr7-38429065-38429066-G-A	Pending	1	2	0	0	39.101	0.196	7.664	138	0.29	False	protein_coding	missense	11	885.313	205.397	0.232	1.179	0.534	0.923	1	4394.329	4055.342	9.3	4.9	449.0	545.37	13.0	15.5	0.0799106793710962	0.3270837808959186	0.3622168771061035	0.2478024313477735	1.1617391304346398	1.5795380434781805	205.3972910355745	885.3131270067836	0.5345	1.1792500000000004	6242.41	6412.63	21.32	30.83	23235.22	30363.86	22.0	35.0	973.97	2812.19	3.5	6.6	14399.08	20886.54	6.3	12.0	0.014733	0.004613	3.1	5.2	1235.7262231072605	2904.964926184022	1.2	3.3	5631.83600530742	5883.692946080352	24.0	25.0	2478.8485869567803	2473.147393413229	12.0	12.0	0	0
chr4-166734940-166734941-C-T	Pending	1	5	0	0	1.641	0.25	0.41	8	0.272	False	protein_coding	missense	9	321.9	514.733	1.599	0.52	0.72	1.573	0	1782.815	2804.155	4.0	4.0	5792.6	5715.7	29.0	27.0	0.0195205181516939	0.0229615478310734	0.1581832776986061	0.2308224341209675	2.1463315217390573	1.6615489130433758	514.7331312926609	321.9001914229469	0.90625	0.7106250000000002	6187.03	6145.4	19.19	17.79	3531.14	3722.15	3.0	3.1	2077.17	1369.5	6.1	4.9	4297.03	2196.13	2.2	1.4	0.163567	0.245244	0.72	0.52	4989.871863860996	4196.680175380899	18.0	15.0	681.6791330988008	759.5913316755441	5.7	6.1	544.0514849327571	567.074345232721	5.0	5.0	0	0
chr7-151224984-151224985-A-G	Pending	1	2	0	0	15.008	0.196	2.942	718	0.362	False	protein_coding	missense	9	503.53	3250.307	6.455	0.46	1.5	1.925	0	3523.834	6784.073	6.35	12.8	1568.05	1932.37	18.0	18.0	0.2459332104772329	0.2972451662644744	0.0653267880322456	0.3389878757645512	4.047907608695596	1.2333695652172736	3250.3067281110407	503.5302686163847	2.169	0.895625	6281.07	5961.54	23.07	13.15	9272.95	3947.86	6.6	3.2	13070.67	5900.97	19.0	12.0	14287.96	4308.48	6.2	2.2	0.054691	0.274206	1.5	0.46	7287.076747925954	3099.8074179973237	23.0	12.0	4949.712796022728	1460.763807297091	20.0	9.5	6132.53449844711	1736.3609092866689	23.0	12.0	0	0
chr6-73452086-73452087-A-T	Pending	1	3	0	0	30.201	0.384	11.597	424	0.38	False	protein_coding	missense	10	2503.123	932.623	0.373	1.913	1.211	0.32	0	10390.139	3324.324	13.0	3.8	1495.54	1117.83	7.5	8.04	0.0633028593147173	0.1744734835810959	0.1096591926562543	0.0653813667285989	2.741494565217323	4.047907608695596	932.623411127756	2503.123282310364	1.2113750000000003	1.9125	5407.72	6028.91	6.44	14.63	6359.82	15020.99	4.6	12.0	1430.07	13575.13	3.3	17.0	7073.6	18822.06	3.2	8.7	0.018432	0.00788	2.8	4.1	3848.700473704344	12517.045870855363	5.0	19.0	2295.620001212577	7445.605127728001	4.3	14.0	2799.9482205019426	8263.233022533439	5.2	15.0	0	0
chr1-37540620-37540621-G-C	Pending	1	9	0	0	43.159	0.21	9.063	372	0.35	False	protein_coding	missense	9	2925.028	2307.438	0.789	3.953	6.271	0.959	0	6830.897	6552.336	10.2	7.8	4932.41	5539.555	93.0	94.0	0.0005952023320787	0.0005463934885483	0.0069925544892838	0.0119420048763382	37.35904891304347	20.2322554347826	14124.282272596436	8097.643576909725	6.2707500000000005	3.953375	7411.73	21829.99	9.75	30.94	7235.54	10595.67	7.5	13.0	5470.55	5099.03	6.8	6.4	4178.29	5564.15	3.4	4.4	0.005776	0.016625	8.1	4.5	5869.132896433324	8758.623007239306	21.0	30.0	15154.792696541946	5266.838481223723	23.0	13.0	2307.437784694759	2925.0278131192063	6.2	7.4	0	0
chr10-56358836-56358837-C-A	Pending	1	6	0	0	146.285	0.037	5.413	1479	0.083	False	protein_coding	missense	9	1168.288	3173.584	2.716	3.6	7.8	2.727	0	4712.585	12849.796	4.95	12.373	54.005	95.73	3.1	4.9	0.0011848751473735	0.0005747282739321	0.0047518143148029	0.0049458797978578	62.74467391304348	62.74467391304348	21116.95753609353	20215.392628725283	10.745375	9.952	4270.87	2116.86	6.260000000000001	3.81	11600.52	3337.95	14.0	3.7	16316.49	8433.14	24.0	12.0	14297.86	6087.22	15.0	4.9	0.004802	0.013761	8.9	5.0	14099.07152819993	9146.010879538102	43.0	31.0	3173.5840151666544	1168.2882262716464	7.8	3.6	4028.3760010059264	1224.982825925263	9.2	3.7	0	0
chr17-81202239-81202240-C-T	Pending	1	8	0	0	36.673	0.058	2.127	139	0.352	False	protein_coding	missense	9	124.59	143.621	1.153	0.177	0.204	0.626	0	3626.561	2271.184	1.35	0.847	11.715	14.47	1.7	2.1	0.1289185117930174	0.1217345162294805	0.4887927402879444	0.5169490063049602	0.8444021739129397	0.7859510869564019	143.62052285853835	124.58970789930292	0.2042499999999998	0.1766249999999999	5015.62	5350.3	0.29	0.5599999999999999	2576.52	5357.26	1.6	2.5	1936.11	4311.75	0.85	1.5	3243.64	4519.44	0.84	1.2	0.386654	0.367927	0.28	0.29	2635.4219765328785	2842.778048235646	5.1	5.7	1965.8482942013245	2941.3723122564397	1.8	2.7	1775.906104162678	2555.171177785138	1.7	2.4	0	0
chr11-8100865-8100866-C-A	Pending	1	5	0	0	3.535	0.04	0.141	75	0.275	False	protein_coding	missense	9	795.949	15735.997	19.77	1.092	7.047	5.771	0	1967.272	11353.303	3.3	16.5	500.0	566.89	17.0	17.0	0.0101491090026684	0.0103647765063215	0.0065154047075951	0.1064428830533638	37.35904891304347	2.795434782608623	15735.996580997566	795.948795666871	7.047499999999999	1.09175	8505.9	1066.28	10.95	2.4	12998.6	3467.95	16.0	3.8	13212.86	2812.19	18.0	4.0	18778.52	4380.87	22.0	3.5	0.002847	0.084213	12.0	1.4	3848.700473704344	5210.570464861065	14.0	19.0	8581.239042011994	1053.294945211372	17.0	3.2	9708.00519361499	1122.3543651602747	18.0	3.4	0	0
chr3-187669228-187669229-T-A	Pending	1	5	0	0	4.078	0.115	0.469	52	0.218	False	protein_coding	missense	10	384.09	354.15	0.922	0.5	0.6	0.95	0	3082.461	2927.723	1.916	1.758	95.36	96.17	8.0	8.5	0.1157084598671644	0.0734452587785199	0.0642220275812988	0.0608271332796466	4.102010869565163	4.329592391304317	2060.9851059930497	1875.5117536540283	1.7465000000000002	1.671625	4069.83	4289.41	1.77	2.16	1192.68	1458.77	1.5	1.6	354.15	384.09	1.4	1.5	4381.4	4892.1	2.2	2.4	0.114336	0.104817	0.96	1.0	767.6576508395113	727.2315846854273	0.6	0.5	5481.507340176544	6964.661283938867	9.5	13.0	3794.46018355535	4832.2567345527905	6.8	8.5	0	0
chr19-56588240-56588241-C-A	Pending	1	8	0	0	3.38	0.222	0.75	9	0.407	False	protein_coding	missense	9	1345.7	871.938	0.648	0.97	1.5	0.253	1	3468.275	879.199	3.849	2.63	537.845	832.03	61.0	65.0	0.0079466111928923	0.0185726351046469	0.0975516850316943	0.0685836228698983	2.970652173912967	3.8986413043477626	871.9381967038664	1345.700062955273	1.1730000000000005	1.4395	4351.85	4626.45	2.29	2.94	886.46	4852.19	1.2	3.8	635.24	3325.66	3.3	7.6	1147.61	3610.89	0.82	1.9	0.054885	0.110498	1.5	0.97	2216.49442399124	3848.700473704344	7.5	14.0	580.2030400292102	2221.1607987082243	5.2	14.0	597.9157588930318	2077.973477120856	5.3	13.0	0	0
chr11-15190779-15190780-A-T	Pending	1	5	0	0	3.031	0.176	0.533	17	0.243	False	protein_coding	missense	10	1589.096	1774.802	1.117	2.6	2.7	1.009	0	4210.02	4248.98	5.95	5.962	20.105	79.865	7.3	18.0	0.0552961183711886	0.0658451445051468	0.0070052309195434	0.0067808503140504	37.35904891304347	37.35904891304347	17206.107250707162	18493.813618681528	7.324000000000003	8.197875000000005	6132.8	5982.79	17.39	13.6	11967.17	10432.09	8.5	7.3	1864.16	1999.98	3.9	4.0	10755.99	8799.56	4.6	3.8	0.000245	0.000162	18.0	20.0	2365.159660107549	2264.981103527669	2.7	2.6	1896.2692388099968	2437.249556303923	3.6	4.6	1774.8023700639094	1589.0955079691355	3.3	2.9	0	0
chr2-178636445-178636446-G-A	Pending	5	8	0	0	2.546	0.18	0.458	50	0.354	False	protein_coding	missense	9	1046.333	1048.745	1.002	1.3	1.9	1.172	2	4342.27	5087.6	11.1	6.85	271.395	283.9	48.0	45.0	0.6068227365612984	0.0581501510459929	0.3788104376638544	0.0307178090484686	1.1142119565216009	8.01565217391304	1301.0886423592765	3702.46284056437	2.630500000000001	4.44	30137.18	26803.56	25.99	16.86	6587.87	4487.86	1.9	1.3	3587.33	4196.68	4.6	5.3	19099.62	21441.12	9.1	13.0	0.001968	0.000379	3.9	9.2	11112.535816257448	11986.87464853314	38.0	40.0	1645.0155211996057	1538.756852590904	42.0	40.0	1048.745233518544	1046.333186415049	32.0	32.0	0	0
chr6-84152880-84152881-CT-C	Pending	1		0	0	21.313	0.005	0.107	183	0.087	False	protein_coding	FS	9	221.651			0.77			0	3478.343		4.45		126.1	123.895	22.0	21.0		0.0898923914646729		0.0932691072843936		3.0595108695651447		1236.8155474121656		2.556750000000001		31763.35		32.78		3165.53		0.77		3932.89		5.0		11399.08		3.9		0.023743		0.82		3307.718431318005		10.0		3648.967539640754		60.0		221.6511556622368		11.0	0	0
chr1-109612862-109612863-C-T	Pending	1	3	0	0	0.209	0.192	0.04	26	0.387	False	protein_coding	missense	9	254.437	329.291	1.294	3.0	3.5	1.123	0	8487.789	9531.078	14.401	16.185	3785.25	3182.4	27.0	23.0	0.0003041405061594	0.0003627195710578	0.0041719417115188	0.0041743950051716	62.74467391304348	62.74467391304348	24081.67340179797	24072.178089111792	13.802125000000006	13.802125000000006	6132.15	5982.63	17.37	13.6	5536.28	4572.51	4.2	3.6	18985.07	17888.25	26.0	25.0	24946.76	24895.52	15.0	15.0	1.7e-05	1.9e-05	44.0	42.0	12930.006815315508	10992.948761900088	34.0	30.0	329.29110541021754	254.43684399517744	3.5	3.0	530.4445601941935	414.6102170404098	4.9	4.1	0	0
chr2-165994310-165994311-C-A	Pending	5	9	0	2	0.166	0.0	0.0	0	0.338	False	protein_coding	missense	9	9.34	3669.73	392.905	0.03	3.1	508.498	0	16.592	8437.164	0.28	19.98	70.32	72.0	1.9	2.055	0.0013013182251597	0.2051790282130241	0.0034370536263926	0.7300058510757075	99.28660326086955	0.3898369565217194	29527.564577244528	65.02725917184786	31.083875	0.177	5999.68	2592.29	13.96	0.43	3669.73	9.34	3.1	0.03	18882.64	11.72	26.0	0.26	17238.98	15.62	7.8	0.04	1.6e-05	0.728885	44.0	0.11	10874.648638249304	688.9344191199156	30.0	1.8	532.8193642376906	15.016890016146858	4.9	0.3	751.0001089350094	17.56467021014431	6.1	0.4	0	0
chr2-76748907-76748908-G-T	Pending	1	3	0	3	0.758	0.0	0.0	0	0.298	False	protein_coding	missense	10	6.12	5.53	0.904	0.02	0.01	0.997	0	21.883	21.813	0.099	0.085	371.505	254.015	52.0	44.0	0.2777319541200995	0.2670928332954645	0.8458739766974261	0.821875535506236	0.2053804347825973	0.2427989130434582	40.86413202305348	46.99823005000505	0.06975	0.097875	1015.7	1039.05	0.04	0.04	5.91	9.64	0.02	0.03	5.53	6.12	0.01	0.02	8.58	11.43	0.02	0.03	0.697327	0.648647	0.13	0.14	205.06580260092045	268.76176978724686	0.2	0.2	17.494438179186126	17.454202087913718	0.1	0.1	26.130637187923128	26.31176611179646	0.1	0.1	0	0
chr3-98283311-98283312-A-C	Pending	6	6	0	1	0.0	0.0	0.0	0	0.367	True	protein_coding	missense	9	6.64	13.28	2.0	0.015	0.026	1.543	0	36.274	55.978	0.063	0.116	47.425	44.75	12.0	12.0	0.7634399272501469	0.8071984574198723	0.9651200361312416	0.973358342679001	0.0255434782608858	0.0153804347826422	45.33057506477549	39.93439452192636	0.091375	0.06575	1677.21	1231.52	0.1399999999999999	0.06	21.36	9.02	0.07	0.03	13.28	6.64	0.32	0.14	14.61	9.13	0.04	0.03	0.894821	0.930791	0.05	0.03	165.1634104610084	153.1161681504516	0.3	0.3	73.54954662694222	37.9821898306924	1.1	0.7	66.6254261682857	34.565273689765235	1.1	0.6	0	0
chr11-61781248-61781249-AC-A	Pending	1		0	10	0.219	0.0	0.0	6	0.254	False	protein_coding	FS	9	15.61			0.05			0	38.295		0.197		10.395		1.43			0.379784369841218		0.8531545578030197		0.1947010869565133		55.8872274329222		0.134125		1967.04		0.21		21.33		0.07		15.61		0.35		17.77		0.05		0.881773		0.05		138.90897988784928		0.2		37.80767752034535		0.7		38.78287495791466		0.7	0	0
chr1-152760065-152760066-C-A	Pending	6	5	0	1	0.034	0.0	0.0	0	0.366	False	protein_coding	missense	9	43.932	40.337	0.918	0.04	0.02	0.402	1	64.431	25.912	0.38	0.338	164.93	269.225	33.0	40.0	0.1874507109168917	0.4036946156993508	0.8015145189999989	0.888742111563604	0.2760326086956439	0.1400543478261227	40.336897819347314	43.93196284721172	0.067625	0.085	2889.44	3696.5	0.58	1.26	21.69	55.34	0.07	0.16	27.41	80.43	0.6	1.4	20.02	55.8	0.06	0.11	0.958489	0.912561	0.02	0.04	238.6046055607708	271.68550108708894	0.4	0.6	21.21192095127807	58.28811355808726	0.4	1.0	24.414059574984876	70.57323086028104	0.5	1.1	0	0
chr1-77293828-77293829-A-G	Pending	1	6	0	2	4.622	0.0	0.0	48	0.237	False	protein_coding	missense	9	26.11	18.49	0.708	0.04	0.03	0.807	1	64.835	52.302	0.098	0.062	595.55	1067.975	18.0	22.0	0.6291313134133816	0.6026682257652283	0.9394030789660992	0.9238864286219224	0.0631249999999994	0.0861141304347796	50.46050964386643	58.9478224639964	0.032375	0.06325	742.04	182.28	1.9	0.69	15.94	28.35	0.06	0.08	18.47	29.73	0.06	0.11	18.49	26.11	0.03	0.04	0.896007	0.73628	0.02	0.05	912.7484470874748	1362.1125453370685	1.5	2.9	54.14395798297659	70.72126168559765	0.2	0.3	56.25096794241712	89.76974675118538	0.2	0.3	0	0
chr9-72792259-72792260-G-T	Pending	1	7	0	1	0.324	0.0	0.0	3	0.308	False	protein_coding	missense	9	16.82	17.36	1.032	0.06	0.06	1.142	0	74.217	84.721	0.281	0.271	90.93	66.765	23.0	14.0	0.0477978676208294	0.0711107942624948	0.4535078945332364	0.4628182580247572	0.9252717391303236	0.903559782608582	123.66093342459584	129.52176200973489	0.2429999999999999	0.2621249999999999	26.33	43.95	0.11	0.19	17.36	16.82	0.06	0.06	30.71	26.97	0.12	0.1	87.68	82.25	0.1	0.1	0.313793	0.340807	0.33	0.3	427.97973197836103	525.6584286822485	0.4	0.6	81.76171641799043	68.7939109666693	0.3	0.3	96.41175755932798	79.63977052943932	0.4	0.3	0	0
chr12-52517610-52517610-C-CG	Pending	1	6	0	1	147.19	0.0	0.0	1093	0.365	False	protein_coding	FS	9	9.532	35.495	3.724	0.05	0.24	12.481	0	82.35	1027.794	0.184	1.353	654.55	7926.84	63.0	92.0	0.0205690004513598	0.2560458844527602	0.5074466291294059	0.8127146720321372	0.8065217391303037	0.2589673913043242	89.62982575344945	48.088396392954905	0.3582499999999998	0.08975	34527.11	30881.71	50.0	28.860000000000003	958.52	104.32	0.24	0.05	2936.57	60.38	3.9	0.07	1267.04	357.9	0.26	0.07	0.127701	0.160439	0.15	0.11	1097.0681145574165	1133.2624602040687	2.2	2.3	35.49523043837813	9.531691990506747	1.9	0.4	91.9750430966236	16.930508416616526	4.6	0.8	0	0
chr14-20197740-20197741-T-G	Pending	6	5	0	1	0.0	0.0	0.0	0	0.097	False	protein_coding	missense	9	53.52	50.89	0.951	0.04	0.04	0.863	1	100.607	86.784	0.2	0.2	40.2	19.11	9.8	6.72	0.1073411949328146	0.1701901519554667	0.6323265238641348	0.6893211898029549	0.5570108695651754	0.4563315217391022	72.54590722714839	70.16822906430042	0.089	0.08325	5464.03	5456.39	89.07000000000001	84.54	25.15	57.05	0.06	0.12	42.48	66.2	0.14	0.15	50.89	53.52	0.04	0.04	0.409327	0.480445	0.26	0.2	625.0102685141759	704.0051280916676	0.4	0.6	154.72126231304435	187.30527137674616	0.2	0.3	101.02293922564064	131.04486265737302	0.2	0.2	0	0
chr8-76854977-76854978-C-A	Pending	5	4	0	2	1.957	0.0	0.0	5	0.459	False	protein_coding	missense	8	47.91	44.69	0.933	0.04	0.09	1.608	0	117.275	188.58	0.34	0.333	98.605	22.645	21.0	6.1	0.0873981146141886	0.2084079338237643	0.4747407121473742	0.6565219986888822	0.8771195652172992	0.5143749999999585	130.82809980740518	94.03011817957082	0.2658749999999999	0.165625	228.93	170.25	0.8200000000000001	0.65	44.69	47.91	0.12	0.13	148.23	131.59	0.06	0.05	90.01	103.13	0.11	0.13	0.615834	0.77769	0.09	0.04	1304.4189904398024	1501.42527646561	0.4	0.6	380.2156597807533	89.74907888268602	3.2	0.8	247.54832951068315	131.4195573325885	2.2	1.3	0	0
chr11-6271329-6271330-G-T	Pending	1	6	0	1	0.02	0.0	0.0	0	0.635	False	protein_coding	missense	9	68.145	70.405	1.033	0.14	0.18	1.563	0	122.01	190.666	0.805	0.75	9.3	3.955	1.7	0.35	0.5760329365730286	0.5194696933031082	0.9028758072150492	0.8870711372383224	0.1181521739130602	0.1418478260869591	70.40538806570653	68.14475807488195	0.196875	0.18875	3534.31	3873.95	1.09	1.48	223.36	139.89	0.41	0.31	108.31	74.97	1.6	1.3	119.52	76.47	0.18	0.14	0.509121	0.51348	0.23	0.22	1050.6007652110409	828.0572666536243	3.0	2.4	157.97195760383138	104.1309906330883	2.0	1.5	235.30979202855096	157.6304081249298	2.8	2.0	0	0
chr8-86064473-86064474-C-G	Pending	1	3	0	2	0.0	0.0	0.0	0	0.231	False	protein_coding	missense	9	48.819	44.129	0.904	0.05	0.04	1.056	0	184.24	194.53	0.227	0.276	37.1	93.45	8.7	18.0	0.0971978823654353	0.2181029208004474	0.7289285907187735	0.7889919971099809	0.3914402173912776	0.2942391304347609	44.12858447001428	48.81864158444559	0.06325	0.093125	27994.49	28264.58	19.57	20.26	246.72	249.77	0.08	0.08	103.72	103.16	0.16	0.16	142.34	229.11	0.04	0.05	0.183565	0.160783	0.09	0.11	801.6106208174193	810.3309610065206	1.2	1.2	298.6551444242799	139.37022462470887	14.0	6.8	111.08872953664442	60.76730835415547	5.6	3.2	0	0
chr11-123805708-123805709-G-A	Pending	6	7	0	4	0.0	0.0	0.0	0	0.485	False	protein_coding	missense	10	14.63	13.42	0.917	0.07	0.04	0.739	0	199.49	147.365	0.3	0.225	37.91	45.535	7.7	12.0	0.1617781603708863	0.1134843166801147	0.5401207976872362	0.2592241167207774	0.7376086956520567	1.5295108695651152	130.9917154031531	382.13292014705735	0.382625	0.7782500000000001	2102.88	2164.55	0.25	0.27	22.13	45.86	0.07	0.14	13.42	14.63	0.1	0.11	13.53	28.6	0.04	0.07	0.632739	0.379102	0.15	0.34	466.6754581007161	396.76231208639433	0.3	0.3	255.79968185550135	224.33653103555525	0.4	0.4	163.73819554675163	174.6425242674066	0.2	0.3	0	0
chr3-69938012-69938013-G-T	Pending	1	7	0	1	17.55	0.0	0.0	174	0.348	False	protein_coding	missense	9	54.023	137.271	2.541	0.127	0.174	2.629	0	208.095	546.985	0.875	1.315	92.385	141.02	22.0	31.0	0.3816620353609323	0.5004852972924709	0.8354279316253406	0.8961222293646636	0.222663043478235	0.1272282608696002	64.6585361517592	57.74438099127164	0.17375	0.142625	5047.64	4525.47	4.4	2.68	416.13	157.42	0.64	0.33	677.84	258.77	3.4	2.2	1187.84	1232.57	0.83	0.85	0.264314	0.317472	0.48	0.41	1158.0530182780362	995.274467102104	3.4	2.8	137.2713800946228	54.02316199415753	1.8	0.9	130.8097151660848	61.043580618493735	1.8	1.0	0	0
chr3-98168741-98168742-A-T	Pending	6	7	0	1	0.0	0.0	0.0	0	0.342	False	protein_coding	missense	11	10.87	11.05	1.017	0.02	0.01	1.02	0	211.467	215.673	0.068	0.081	29.23	31.06	1.17	0.985	0.2485386542975902	0.1849416778422892	0.7348595378230908	0.7260758080510555	0.3821739130434594	0.3956249999999954	74.23569317146394	61.65332338500888	0.09175	0.065375	357.11	361.28	0.01	0.02	30.49	30.57	0.07	0.07	11.05	10.87	0.02	0.02	32.03	26.26	0.03	0.03	0.769697	0.839804	0.07	0.05	503.39367272195074	520.0015791455069	0.2	0.2	781.6638007077884	986.3249065258818	1.2	1.7	2774.59755988041	3928.257967162778	4.6	6.3	0	0
chr3-146600307-146600308-C-T	Pending	1	6	0	1	0.009	0.0	0.0	0	0.687	False	protein_coding	missense	9	48.458	45.08	0.93	0.047	0.023	2.159	0	241.988	522.501	1.18	1.86	38.395	113.245	13.0	15.0	0.784667395055294	0.6775736585259438	0.9677307336957144	0.950345528840874	0.0225815217391556	0.0465217391304406	45.07958736109868	48.457613409894606	0.08875	0.104875	4795.98	4791.83	3.44	3.42	688.22	262.37	0.92	0.46	403.25	159.03	2.8	1.9	187.81	101.3	0.26	0.16	0.779733	0.843122	0.09	0.06	2936.5666561709572	2722.3695166880275	11.0	9.4	456.6463598232889	221.60522706313608	4.4	2.6	588.3557470603395	303.8365387372575	5.2	3.4	0	0
chr1-248349457-248349458-GA-G	Pending	6		0	3	0.041	0.0	0.0	0	0.099	False	protein_coding	FS	11	9.81			0.13			0	265.765		0.439		19.15		6.9			0.1746067553758621		0.4940909541791976		0.8339673913042418		165.9635791871791		0.4585		2559.52		0.42		265.66		0.46		9.81		0.14		132.41		0.19		0.654984		0.13		265.8695020902819		0.2		1454.2865916687904		5.4		445.9128626084645		1.1	0	0
chr10-49325143-49325144-G-T	Pending	1	1	0	1	0.024	0.0	0.0	0	0.369	False	protein_coding	missense	9	20.54	99.53	4.846	0.07	0.42	2.811	0	305.251	858.048	0.645	1.048	27.565	27.68	9.0	9.0	0.0472769106272608	0.033670684962999	0.4665778508348374	0.5275845369874742	0.8950815217390158	0.7616304347824752	116.91826312226532	86.51953945481546	0.2253749999999999	0.14275	99.53	20.54	0.42	0.0699999999999999	1454.5	381.23	1.9	0.69	1017.05	241.2	2.1	0.82	977.51	307.72	0.84	0.34	0.289963	0.295501	0.36	0.35	792.984124177032	567.0174473895294	1.2	0.6	882.1653593307553	316.6284974478007	2.8	1.1	833.9307728159853	302.7819628069559	2.7	1.1	0	0
chr11-102949107-102949108-G-A	Pending	1	3	0	3	7.919	0.0	0.0	137	0.058	False	protein_coding	missense	9	20.3	996.24	49.076	0.07	1.5	3.164	0	309.65	979.864	0.695	3.45	62.26	135.84	1.71	2.48	0.0366131881310138	0.0537133417092263	0.0041074736781752	0.005074068789898	62.74467391304348	46.22467391304348	27932.900556418437	23891.55261982452	25.0905	13.917875	933.12	524.84	2.2	1.5	996.24	20.3	1.5	0.07	4129.12	177.2	5.5	0.71	5857.21	726.25	4.7	0.68	0.001885	0.006883	15.0	7.4	963.487207450801	442.0995903020487	1.6	0.4	595.0452599328032	61.03093170568491	1.9	0.3	629.6946449643781	69.20380918752394	2.1	0.3	0	0
chr19-54939577-54939578-G-A	Pending	1	6	0	1	0.0	0.0	0.0	0	0.372	False	protein_coding	missense	9	92.16	66.767	0.724	0.14	0.08	0.538	0	323.3	174.01	0.655	0.465	5.55	6.0	0.56	0.61	0.4627771340310573	0.3498039236292243	0.8676599402735218	0.7627161541846199	0.1734239130434645	0.3385597826086837	66.76676681804813	92.15952966347024	0.08575	0.160625	174.62	203.58	0.67	0.75	107.55	301.9	0.26	0.56	173.4	344.7	0.69	1.2	86.27	127.94	0.1	0.15	0.664904	0.518851	0.08	0.14	2551.251382965138	4778.52115918281	7.8	18.0	202.09240860830943	481.44867963716706	0.8	1.6	218.84165979226245	434.640308219464	0.8	1.5	0	0
chr11-5454311-5454312-T-A	Pending	6	5	0	2	0.0	0.0	0.0	4	0.603	False	protein_coding	missense	10	85.36	141.95	1.663	0.29	0.39	1.022	0	336.135	343.575	0.73	0.92	16.295	16.6	7.0	4.2	0.2697054435266182	0.4697980931960046	0.0302419506138247	0.1200243253355956	8.01565217391304	2.58752717391296	8134.88220001247	3690.856777461903	3.6513750000000007	2.3116250000000007	4301.65	4291.82	2.18	2.16	320.84	217.15	0.52	0.4	141.95	85.36	0.64	0.43	366.31	241.36	0.39	0.29	0.086038	0.153359	1.2	0.76	3454.0165428148343	3066.448979894378	4.5	3.8	297.0981859118727	293.697331100144	0.5	0.5	303.4939234067826	378.5733167305311	0.5	0.7	0	0
chr21-36719956-36719957-A-G	Pending	3	6	0	1	0.031	0.0	0.0	0	0.365	False	protein_coding	missense	8	34.279	35.977	1.05	0.3	0.4	0.934	0	353.349	330.17	0.587	0.645	186.825	189.5	30.0	30.0	0.0056789553518683	0.0045216791550046	0.2391147838529136	0.2219734590696947	1.622608695652076	1.7091576086955769	288.24051379346133	317.0611581863868	0.5606249999999997	0.6044999999999995	165.62	142.48	0.64	0.5700000000000001	262.91	149.08	0.5	0.34	771.82	659.75	0.5	0.46	3757.48	2840.17	3.0	2.3	0.181153	0.2047	0.65	0.57	6262.788760577156	5932.980398129033	7.6	7.1	35.97741866177611	34.27914649241323	0.4	0.3	372.10028272298825	389.636828777052	3.2	3.3	0	0
chr2-120349175-120349176-G-C	Pending	1	5	0	1	5.56	0.0	0.0	134	0.373	False	protein_coding	missense	10	30.38	19.92	0.656	0.19	0.14	0.583	0	373.89	217.84	0.59	0.455	5.995	28.2	0.86	8.7	0.0571616243105381	0.2800615113228559	0.1080660920952787	0.3284585437419292	2.778451086956437	1.2660597826085933	927.5424180079532	496.6108507285231	1.2045000000000003	0.8905	2931.8	3618.87	0.61	1.17	124.96	456.78	0.28	0.69	19.92	30.38	0.14	0.19	242.86	291.0	0.29	0.33	0.138684	0.258783	0.84	0.49	893.2091487761664	1062.0297506032605	0.7	0.8	156.6390353872888	175.75188836859644	0.2	0.3	192.81907716937303	208.04151129527543	0.3	0.3	0	0
chr19-18097814-18097815-G-T	Pending	1	4	0	1	9.857	0.0	0.0	4	0.341	False	protein_coding	missense	8	39.58	16.43	0.415	0.1	0.06	0.648	0	381.833	247.58	0.459	0.519	187.19	457.66	33.0	57.0	0.1058302277233451	0.1845713520888239	0.5346066808196519	0.5941610528188842	0.7473369565216217	0.6272554347825263	109.30912289645858	113.44223092166573	0.204625	0.216625	326.38	968.04	1.0699999999999998	2.26	16.43	39.58	0.06	0.1	168.78	461.65	0.08	0.29	85.27	89.11	0.1	0.1	0.350603	0.408857	0.29	0.22	2579.005231766049	2693.0728595832916	1.7	1.8	433.5408252924325	302.01603384817304	3.6	2.7	1290.208800838658	923.9745305192944	8.9	6.9	0	0
chr21-30480072-30480073-C-A	Pending	6	7	0	1	0.047	0.0	0.0	1	0.36	False	protein_coding	missense	9	80.039	172.462	2.155	0.08	0.19	2.924	1	414.96	1213.48	1.7	2.991	285.4	678.495	39.0	54.0	0.0229741735092829	0.4441746547818184	0.3549294326723174	0.8373297108377267	1.1819565217390249	0.2196739130434792	172.46190494464574	80.03899008806324	0.7288749999999997	0.2993749999999999	37933.77	35656.75	83.98	59.9	756.01	265.86	0.19	0.08	4856.71	2204.54	6.1	3.1	1670.95	564.06	0.36	0.13	0.019744	0.10955	0.94	0.18	2812.1856201345004	3272.1225681968112	8.1	9.9	98.439636194004	80.19919332470799	4.9	4.1	95.20724539146497	94.11741706549527	4.8	4.8	0	0
chr11-5058810-5058811-T-A	Pending	6	6	0	3	0.0	0.0	0.0	0	0.202	False	protein_coding	missense	9	61.55	347.77	5.65	0.27	1.12	3.422	0	469.366	1606.263	0.969	2.5	5.72	11.6	0.66	2.9	0.4429519698023796	0.61278454400599	0.4844342323862253	0.6091361987805538	0.8561956521737955	0.5982065217390868	458.974482064747	506.0916491217593	0.7896249999999998	0.8376249999999998	347.77	61.55	1.12	0.27	2820.14	637.21	3.2	1.1	2483.17	432.64	3.7	1.3	1972.16	662.65	1.8	0.62	0.194314	0.234546	0.61	0.49	4382.296453477993	2264.981103527669	16.0	6.6	1240.366419360186	387.7483871235297	3.7	1.4	1112.0645584906424	365.70424369902736	3.4	1.3	0	0
chr5-24511378-24511379-A-T	Pending	1	10	0	0	0.009	0.0	0.0	0	0.267	False	protein_coding	missense	10	40.62	210.278	5.177	0.02	0.64	9.895	0	529.103	5235.27	0.15	2.4	325.8	325.4	40.0	40.03	0.4792106784880161	0.6494321897625923	0.6951288779214407	0.9536270206618732	0.4456249999999784	0.0427173913043645	210.27804207887172	40.61950416877384	0.2898749999999996	0.020875	5407.36	2615.11	6.460000000000001	0.12	15241.34	535.16	6.7	0.53	5382.48	108.31	1.9	0.18	5088.06	78.09	1.4	0.07	0.165093	0.935723	0.64	0.02	3975.676359145958	1121.0669072114465	2.9	0.3	9972.407117415518	1020.469431942202	9.5	1.1	4814.375939992664	523.0461382933531	4.3	0.4	0	0
chr12-2550565-2550566-G-A	Pending	5	6	0	0	35.751	0.0	0.0	49	0.377	False	protein_coding	missense	9	56.893	65.349	1.149	0.14	0.25	1.629	0	551.856	898.829	0.71	1.4	119.495	202.09	29.0	37.0	0.3390153469517827	0.3816765211522579	0.8120509352769333	0.8518180912010136	0.2589673913043242	0.197744565217377	65.34874514285876	56.89282002125058	0.207375	0.155875	34163.97	29560.17	47.19	24.03	7270.54	3340.99	2.1	0.82	1318.61	621.64	2.2	1.2	1230.64	639.8	0.25	0.14	0.064921	0.115838	0.35	0.17	567.0174473895294	482.0719613908703	0.7	0.6	124.50018592639373	96.86569526198572	6.1	4.8	140.8218352729048	74.07471683837572	6.9	3.8	0	0
chr2-1542584-1542585-A-T	Pending	5	9	0	0	0.758	0.0	0.0	6	0.344	False	protein_coding	missense	9	281.82	17328.36	61.487	0.53	23.0	30.404	0	565.16	17183.255	1.2	26.0	776.67	866.07	44.46	49.96	0.1064978468930348	0.0960206312593072	0.0050841566665106	0.1196939026693336	46.22467391304348	2.58752717391296	28896.948526551183	948.957076280966	29.996875	1.2006249999999998	23913.33	695.34	35.730000000000004	1.81	17328.36	281.82	23.0	0.53	17038.15	434.98	25.0	1.3	21351.99	1108.35	27.0	0.94	0.001274	0.120435	18.0	0.96	8387.64331174904	1121.0669072114465	29.0	2.1	9606.164070715631	327.00169212831054	18.0	1.1	9378.426950529432	359.0293890052003	18.0	1.2	0	0
chr14-87950711-87950712-G-T	Pending	1	1	0	0	31.142	0.0	0.0	297	0.252	False	protein_coding	missense	9	101.445	1569.775	15.474	0.03	0.67	10.41	0	594.285	6186.343	0.958	6.092	31.88	79.535	1.4	7.1	0.5928508378565311	0.8701851665973663	0.3259878924573693	0.9486103796493772	1.2760054347825047	0.049510869565239	1569.7749881047691	101.4447276746979	2.884375000000001	0.4169999999999997	34814.93	31001.22	52.38	29.34	6309.92	1154.28	1.8	0.28	7486.88	797.29	9.3	1.5	6595.35	391.28	1.9	0.08	0.030718	0.391298	0.67	0.03	6062.766657073005	2365.159660107549	21.0	6.5	325.2145742924411	199.60434922654372	15.0	9.4	407.07084622117105	278.40049299936646	17.0	13.0	0	0
chr12-107319943-107319944-A-C	Pending	2	4	0	0	2.448	0.0	0.0	7	0.082	False	protein_coding	missense	9	104.513	142.594	1.364	0.08	0.12	0.767	0	753.481	577.605	0.955	1.092	552.55	502.0	52.0	56.0	0.0583104041725164	0.1270638332352973	0.4285688352753987	0.5639867760115016	0.984076086956378	0.6874999999999147	142.5944601000704	104.51305128123563	0.291125	0.19375	9541.74	20751.47	12.11	28.69	473.44	559.91	0.8	0.91	595.31	771.82	1.5	1.7	559.9	778.59	0.55	0.7	0.551725	0.669144	0.12	0.08	776.0086328378046	735.1427907623246	1.2	1.0	1072.8771602732395	1257.62163507473	3.3	3.8	447.847340973804	654.8321596130298	1.5	2.2	0	0
chr13-37651361-37651362-G-T	Pending	1	9	0	0	5.348	0.0	0.0	34	0.489	False	protein_coding	missense	9	248.971	631.106	2.535	0.52	1.3	2.181	0	898.302	1958.989	0.709	1.304	6.775	9.065	1.27	2.14	0.3307821485213935	0.2998036816716194	0.3168014762849151	0.5063437303304196	1.3074184782608	0.8087499999998755	631.1058669544767	248.9708750671576	1.006625	0.6088750000000002	3202.97	2792.26	0.8	0.53	764.13	391.96	0.99	0.61	3416.85	1028.11	7.7	4.2	1969.75	540.96	1.3	0.52	0.079734	0.205836	1.2	0.6	4526.876676399949	2664.091477136258	16.0	9.2	810.1771680852609	1292.9448481145766	6.4	8.8	1948.2289835481852	768.4931486752793	13.0	6.2	0	0
chr1-101825133-101825134-C-G	Pending	1	7	0	0	0.0	0.0	0.0	0	0.375	False	protein_coding	missense	9	151.801	163.886	1.08	0.315	0.341	0.608	0	1000.19	607.892	1.95	1.25	9.3	6.0	1.3	0.38	0.2419488499872386	0.2296112459152937	0.5564741568114566	0.5640511007980373	0.7039945652172861	0.6874999999999147	163.88592058763192	151.80077845224716	0.3407499999999999	0.3146249999999999	765.76	2730.0	1.94	4.52	877.8	1635.95	1.4	2.1	563.96	1170.65	1.5	2.3	446.75	972.27	0.44	0.84	0.299411	0.327922	0.35	0.32	751.2243258762381	1028.1104483849197	1.1	1.8	546.4494585793386	795.3348265683977	1.8	2.6	651.8234791348093	955.2784925303904	2.2	3.0	0	0
chr4-93455889-93455890-TC-T	Pending	1	8	0	0	0.066	0.0	0.0	2	0.366	False	protein_coding	FS	10	518.81	25859.74	49.844	0.53	23.0	22.785	0	1036.668	23620.766	1.0	23.5	27.65	20.565	1.8	0.49	0.0638624494895339	0.1097375964745879	0.0045733998199025	0.1914808635295138	62.74467391304348	1.8910597826086215	27603.999311468	563.4318456344546	17.494	0.5996249999999991	5450.07	5487.07	78.95	95.37	25859.74	518.81	23.0	0.53	21734.48	1039.29	14.0	0.66	25018.67	1933.66	15.0	0.54	0.000441	0.090844	24.0	1.1	17505.314347699696	2469.769045352091	23.0	1.3	22222.86254328199	878.6178051976001	24.0	0.9	34557.31565760929	1034.0463357837075	36.0	1.1	0	0
chr15-21439913-21439914-G-A	Pending	1	10	0	0	0.0	0.0	0.0	0	0.104	False	protein_coding	missense	10	168.02	13309.67	79.215	0.47	10.0	13.358	1	1049.255	14016.165	1.53	27.0	348.815	3841.42	42.0	90.0	0.000896174529771	0.0022427326330216	0.0033318039883161	0.0080008591941854	99.28660326086955	31.64317934782608	30446.62437194145	12356.41133545328	43.7235	5.50325	13309.67	168.02	16.75	0.65	9432.23	241.97	10.0	0.47	14722.66	932.72	20.0	0.96	10380.29	591.05	9.0	0.58	0.000171	0.009979	40.0	6.0	19088.054835322997	1728.185404637339	28.0	0.8	9831.50489992521	1165.7891257783615	26.0	2.1	23255.195775417396	2474.6854221850017	47.0	6.1	0	0
chr4-174976812-174976813-A-G	Pending	1	2	0	0	0.079	0.0	0.0	3	0.35	False	protein_coding	missense	11	19.6	425.67	21.718	0.26	2.3	3.05	2	1163.655	3549.677	1.6	3.429	744.4	1639.53	67.0	77.0	0.0022255744988797	0.0022924961012904	0.0821808425085953	0.4678719534663064	3.358777173912955	0.8930706521738045	1036.685218092215	98.71811143890449	1.276625	0.2933749999999999	6073.49	4640.46	15.72	2.98	14111.28	1972.01	11.0	2.0	425.67	19.6	2.3	0.26	7946.71	1626.42	3.5	1.2	0.001556	0.013274	8.4	3.2	1967.7864831100464	537.157411716568	1.9	0.4	915.4824011018268	700.890219970529	2.9	2.0	5131.566957251476	3156.8213128632547	22.0	14.0	0	0
chr7-143397573-143397574-C-T	Pending	1	3	0	0	1.012	0.0	0.0	18	0.344	False	protein_coding	missense	9	503.15	655.5	1.303	1.2	2.3	2.26	0	1243.545	2810.885	2.6	4.05	24.625	26.785	8.0	8.4	0.007140931658796	0.0206409462116425	0.0072408083651897	0.0094518975608986	31.64317934782608	24.57923913043477	13951.191589685164	11112.840661448485	6.20075	5.06125	655.5	503.15	1.7399999999999998	1.4500000000000002	4727.97	2016.76	5.0	2.5	2766.91	1235.73	4.0	2.3	2854.86	1251.36	2.3	1.2	0.023774	0.056847	3.5	1.9	11604.035633311569	9972.946142268209	37.0	33.0	1246.0916906203147	836.6619144737584	3.8	2.7	1400.0063322395313	906.00375991007	4.1	2.8	0	0
chr17-41505290-41505291-C-G	Pending	1	7	0	0	10.571	0.0	0.0	70	0.498	False	protein_coding	missense	9	321.84	620.355	1.928	0.969	1.211	1.959	0	1298.92	2544.812	3.05	4.95	454.69	1252.93	47.0	66.0	0.0064184070797637	0.0195755850727437	0.0914785550155627	0.1416065396421038	3.1065489130433974	2.312336956521662	932.8369228222936	588.6850146227715	1.2113750000000003	0.9692500000000002	6092.37	6057.49	16.21	15.3	3931.57	1854.7	3.2	1.9	8297.38	4382.3	14.0	8.9	10399.07	5390.58	4.5	2.6	0.002123	0.008162	7.4	4.1	1158.0530182780362	743.1400590825417	3.4	2.1	987.5975411823388	488.1800190483509	7.2	4.7	620.3545901169133	321.8399855024146	5.4	3.5	0	0
chr8-104355040-104355041-G-A	Pending	1	4	0	0	0.701	0.0	0.0	9	0.259	False	protein_coding	missense	9	643.0	191.97	0.299	0.974	0.808	0.46	0	1353.633	623.193	2.582	1.65	17.915	14.165	4.9	4.0	0.0090281652810517	0.0159070197842083	0.1635231343368446	0.1289639336573444	2.1033695652173208	2.4632608695651186	475.6584560804511	649.276218378331	0.8083749999999998	0.9742499999999996	1900.35	2464.1	3.55	4.22	191.97	643.0	0.4	1.1	576.3	1654.99	1.5	2.8	1360.89	2836.94	1.3	2.3	0.133967	0.114987	0.88	1.1	4018.9258489021786	4062.6458292605503	15.0	15.0	542.6877269660719	827.084724734634	1.8	2.7	670.0851600520833	1052.2768110816894	2.2	3.2	0	0
chr2-124798112-124798113-G-C	Pending	1	1	0	1	0.08	0.0	0.0	1	0.296	False	protein_coding	missense	9	508.839	272.634	0.536	0.95	0.51	0.754	0	1364.163	1028.1	3.707	2.734	16.18	38.485	6.6	13.0	0.0406595467356964	0.01041219032777	0.1364870393337893	0.095401069013479	2.3670380434781606	3.0137228260868767	664.2904107304412	902.4378358406606	1.0315	1.1932500000000004	5324.45	5575.82	5.88	7.829999999999999	1645.7	2029.78	1.8	2.0	659.75	1091.15	3.3	4.4	1463.08	2777.41	0.94	1.6	0.254756	0.115971	0.51	0.95	1391.9092882313646	1637.1764276304789	4.4	5.3	272.6339903045622	508.8385425356511	3.1	4.8	300.3585506385689	528.0073888219481	3.4	4.9	0	0
chr8-76705348-76705349-A-T	Pending	4	4	0	0	1.957	0.0	0.0	23	0.496	False	protein_coding	missense	10	178.916	289.725	1.619	0.484	0.669	1.07	0	1557.948	1666.689	0.87	1.347	74.04	86.65	19.0	21.0	0.1225982184987515	0.1879115300253033	0.3210712163947062	0.4876122800898438	1.2933423913042643	0.846820652173804	289.72504967086286	178.91644966272892	0.6691250000000003	0.48425	3276.67	3269.4	0.8500000000000001	0.8500000000000001	1623.79	1614.47	1.8	1.8	348.45	192.18	1.4	0.79	1539.99	1320.45	0.98	0.89	0.216403	0.257329	0.57	0.49	1709.5876151371574	1501.42527646561	1.7	1.3	3220.3271981675407	2804.7877373492074	5.8	5.2	2168.452932603892	2168.452932603892	4.0	4.0	0	0
chr13-103049387-103049388-C-T	Pending	1	5	0	0	0.0	0.0	0.0	0	0.081	False	protein_coding	missense	9	349.326	319.042	0.913	0.739	0.707	0.908	1	1742.94	1582.986	3.0	2.85	130.45	83.125	29.0	20.0	0.0744991400279104	0.0686080013401806	0.2664592817596114	0.2457159023419611	1.494293478260758	1.5886684782608	319.0415086895369	349.32645073716554	0.7067500000000002	0.7391250000000003	5872.58	5710.86	11.53	9.26	2481.1	2399.62	2.3	2.3	2032.71	2289.62	6.0	6.4	2086.36	2403.96	1.3	1.5	0.028352	0.023439	2.2	2.4	1133.2624602040687	1196.2593708868835	3.4	3.6	821.4478551855475	864.1318249890547	6.4	6.6	874.2587749013594	965.2504216303684	6.6	7.1	0	0
chr6-70137714-70137715-T-A	Pending	1	4	0	0	0.252	0.0	0.0	2	0.278	True	protein_coding	missense	9	535.481	423.725	0.791	0.929	0.823	0.689	0	1847.791	1272.938	2.082	1.774	1683.345	1609.7	55.72	58.77	0.0164053991029504	0.0268869358696974	0.1833460463676123	0.1565494534724687	1.947608695652093	2.1644836956520948	423.7253211742041	535.4809309521787	0.8231250000000001	0.928875	3923.0	3542.88	1.55	1.1	981.67	1669.86	1.3	1.8	1894.66	3472.75	5.8	7.8	2191.91	3168.41	1.4	1.8	0.053493	0.0331	1.6	2.0	1422.3578464915408	1654.9864903064934	4.5	5.4	1123.517910261157	2025.7227243743368	7.9	13.0	772.0403518799459	1168.5303588345396	6.2	8.1	0	0
chr4-118226916-118226917-T-A	Pending	1	4	0	0	0.383	0.0	0.0	3	0.298	False	protein_coding	missense	9	8.505	34.015	3.999	0.4	1.8	2.824	0	1886.493	5327.519	1.72	2.634	1296.29	1296.29	35.605	36.6	0.0135126791719812	0.0333535392492194	0.1362717119686872	0.146032758359264	2.3670380434781606	2.2710054347825377	602.880968934603	596.4936466185296	1.7527500000000007	1.7401250000000006	36921.42	37130.29	72.92	75.2	9732.36	3013.59	2.9	0.73	13648.77	6030.06	18.0	7.4	12396.29	11187.94	4.3	3.8	0.006191	0.012369	2.0	1.3	922.6778027608818	759.396537558375	1.6	1.1	80.0147402985784	31.635157427477967	4.0	1.7	34.01496277363587	8.504915439933717	1.8	0.4	0	0
chr19-58053596-58053597-G-C	Pending	2	2	0	0	0.109	0.0	0.0	3	0.539	False	protein_coding	missense	9	846.35	882.165	1.042	0.99	0.91	0.969	0	1953.25	1892.775	3.183	2.8	3781.8	4171.45	86.0	86.0	0.0221615723567083	0.0432941395556554	0.1066155687029435	0.0858903191877956	2.795434782608623	3.2661956521738205	829.3452936430057	1145.6811593106524	1.1204999999999998	1.334625	1852.23	2567.14	3.49	4.34	1933.32	1641.52	2.4	2.1	2122.61	2264.98	3.3	3.5	3480.77	3830.59	2.8	3.1	0.128469	0.117294	0.91	0.99	3685.6851539916497	4242.333860404259	14.0	16.0	882.1653593307553	846.3500028434071	2.8	2.7	1052.2768110816894	1122.3543651602758	3.2	3.4	0	0
chr1-176557213-176557214-AG-A	Pending	1		0	0	0.109	0.0	0.0	7	0.33	False	protein_coding	FS	9	458.096			0.79			0	2025.638		3.05		13.185		3.1			0.0009239425344276		0.1646024397256525		2.0946467391303543		458.0960061658121		0.7896249999999998		9849.41		12.47		1655.54		2.1		2858.2		4.0		2346.96		2.0		0.117814		0.98		3066.448979894378		9.8		1704.315524596866		4.9		1358.7200996452643		4.1	0	0
chr2-137170781-137170782-G-C	Pending	5	1	0	0	0.375	0.0	0.0	9	0.361	False	protein_coding	missense	9	195.07	823.178	4.22	0.358	1.114	2.387	1	2038.98	4866.888	2.7	7.1	79.775	134.635	12.0	27.0	0.274632868822664	0.5367711149156094	0.2270119454850019	0.7504072693833516	1.68184782608688	0.3577445652173594	823.1779590489333	195.07009033627992	1.1141249999999998	0.4049999999999999	11031.74	5164.14	13.88	7.27	5714.85	1955.35	6.0	2.4	5743.49	2122.61	7.1	3.3	9400.34	2214.27	8.0	1.9	0.06504	0.200532	1.7	0.59	4018.9258489021786	3236.909768355534	15.0	12.0	2738.734924624993	971.739820818556	7.1	3.0	3327.591451996842	1535.076417763033	8.1	4.5	0	0
chr7-18793375-18793376-A-T	Pending	1	2	0	0	24.421	0.0	0.0	15	0.346	False	protein_coding	missense	9	563.093	1519.078	2.698	1.7	5.0	2.56	0	2216.262	5674.12	5.139	9.734	12.63	32.1	2.63	7.5	0.1936492226086557	0.0217443558358354	0.0096199615613694	0.008254805676602	24.57923913043477	27.61739130434782	20490.47780395655	12842.725453715122	9.668250000000004	5.278875000000004	6358.37	6597.79	27.23	49.56	6904.52	1558.82	5.0	1.7	4989.87	1332.95	9.6	4.8	10933.41	4605.93	4.7	2.3	0.004514	0.010728	5.3	3.6	3272.1225681968112	2873.7032767929295	12.0	9.9	1519.0777407214784	563.0928333744824	9.8	5.0	2288.9694692330845	730.533271022728	14.0	6.0	0	0
chr11-133842538-133842539-TG-T	Pending	1	7	0	0	0.0	0.0	0.0	0	0.253	False	protein_coding	FS	9	33.05	84.366	2.553	0.6	0.3	4.029	0	2465.854	9935.133	1.65	7.41	92.81	205.1	28.0	23.0	0.0639553062792401	0.2737935783807188	0.0170719949007931	0.4985855419291752	13.500896739130424	0.8227717391303173	7023.505098686534	233.8182629985352	6.420500000000002	0.9365	36644.88	24578.78	69.93	12.920000000000002	12846.76	4484.8	4.0	1.3	16946.23	6646.79	23.0	8.2	18233.54	9946.87	8.4	3.2	0.001436	0.009619	4.6	1.5	302.73048891663535	446.9089812017916	0.3	0.6	84.36649368897069	33.0498886027193	4.3	1.8	183.0922661446461	76.85462361348779	8.6	3.9	0	0
chr11-101504489-101504490-C-T	Pending	1	9	0	0	58.301	0.0	0.0	624	0.501	False	protein_coding	missense	10	853.96	1488.51	1.743	1.5	1.7	1.351	0	2712.66	3665.397	3.55	4.95	63.935	59.75	14.0	18.0	0.09982012049295	0.0924151244107633	0.0081254197893408	0.0113339915953338	27.61739130434782	20.2322554347826	17349.520701500493	11948.822343807527	7.943875	5.347375	1488.51	853.96	3.0	2.07	2086.23	1875.83	2.6	2.4	1584.89	1332.95	1.7	1.5	3088.46	2391.87	2.5	2.0	0.010571	0.015139	5.8	4.7	4242.333860404259	3033.4495271226524	4.1	2.3	19436.586703763172	8702.01845505217	42.0	24.0	22414.032638404744	9131.03484294378	46.0	25.0	0	0
chr20-33238113-33238114-C-A	Pending	1	4	0	0	149.543	0.0	0.0	1745	0.309	False	protein_coding	missense	10	1258.636	1061.451	0.843	1.51	1.34	1.328	0	3316.645	4405.34	3.55	5.2	19.33	17.485	6.8	6.8	0.0602299541496904	0.0254998773161787	0.0072886107708881	0.0065277011427353	31.64317934782608	37.35904891304347	16812.39810564873	16608.453119944585	7.111500000000004	7.013125000000003	3763.09	3891.97	1.34	1.51	8058.49	3918.79	5.7	3.2	2456.44	1874.27	4.7	3.9	5047.59	2741.32	2.4	1.6	0.000327	0.000589	16.0	13.0	5560.0550744656075	5154.497145169031	7.8	7.2	1061.4511209052423	1258.6355668764393	1.9	2.4	1528.0937519874492	1611.2020285529195	2.9	3.0	0	0
chrX-100585323-100585324-T-C	Pending	1	1	0	0	0.023	0.0	0.0	3	0.643	False	protein_coding	missense	9	636.136	248.056	0.39	2.1	0.9	0.545	0	3840.46	2091.444	6.35	4.135	50.08	80.45	3.7	6.4	0.0207675169658614	0.0110737363283988	0.0039718585013307	0.0038090214328973	99.28660326086955	99.28660326086955	27297.41874246417	27515.444632141705	22.60675	22.60675	3023.78	3129.49	4.87	4.99	316.49	1763.51	0.58	2.2	1765.99	4551.43	2.8	5.9	4193.86	8239.41	3.4	6.8	0.0011	0.001213	19.0	18.0	2416.898449635213	4989.871863860996	7.2	18.0	248.0561506451327	636.136038489478	0.9	2.1	291.15885310827406	741.5321754041166	1.0	2.4	0	0
chr11-48489704-48489705-A-G	Pending	6	10	0	0	0.01	0.0	0.0	0	0.528	False	protein_coding	missense	10	547.1	321.98	0.589	1.54	1.06	0.681	0	3973.899	2707.23	7.4	6.25	251.965	347.005	45.0	48.0	0.0327394248452037	0.0313336075050756	0.005345798717171	0.0046990040029159	46.22467391304348	62.74467391304348	20970.995556976897	23842.090769578776	10.537125	13.917875	321.98	547.1	1.06	1.54	4557.79	5233.96	4.8	5.5	2390.89	2904.96	2.5	3.0	1453.8	1707.96	1.4	1.6	0.005149	0.004486	8.6	9.3	2365.159660107549	3725.7799675308625	1.5	3.4	5088.854104556765	6391.7532361949525	15.0	18.0	3023.5698078405894	4222.01721711258	7.7	12.0	0	0
chr5-41052551-41052552-C-A	Pending	1	4	0	0	0.008	0.0	0.0	0	0.237	False	protein_coding	missense	9	2097.201	1526.3	0.728	2.391	2.571	0.816	1	4653.191	3797.075	8.725	9.328	191.71	163.805	28.0	25.0	0.0684574329061433	0.1991195313166827	0.0262437844228967	0.0466598881644967	9.15535326086956	5.44942934782604	4541.870951121338	3955.2010522808496	2.5707500000000016	2.391375000000001	5939.03	6262.57	12.72	22.19	3052.28	5351.18	2.7	4.0	4856.71	6539.79	9.5	12.0	6598.5	9726.25	3.0	4.2	0.018863	0.014207	2.7	3.1	3033.4495271226524	3343.7015248821103	12.0	13.0	1724.1696655659468	2309.829906125669	12.0	14.0	1526.300336607932	2097.200728975029	9.8	13.0	0	0
chr17-33025939-33025940-G-A	Pending	1	9	0	0	0.507	0.0	0.0	5	0.093	False	protein_coding	missense	9	702.425	2385.448	3.396	1.02	1.948	1.305	1	4731.785	6173.492	6.5	9.2	91.575	614.41	12.0	41.0	0.025122900493443	0.0464428416453301	0.041425520067706	0.1325570232778206	6.047907608695624	2.4134510869564423	2385.448246919685	702.4246268267198	1.948125	1.0201249999999995	18450.63	4664.8	24.45	6.7	6164.97	4654.12	6.4	4.9	7169.76	5353.44	8.9	6.6	11767.01	7768.78	12.0	6.4	0.02142	0.094451	3.8	1.3	5932.980398129033	5932.980398129033	21.0	21.0	4164.376624230645	3850.7914600170943	9.5	9.0	6182.0142242447755	4798.770716527567	14.0	12.0	0	0
chr2-77519005-77519006-T-A	Pending	1	10	0	0	0.758	0.0	0.0	10	0.374	False	protein_coding	missense	10	844.54	17483.163	20.701	1.3	40.0	5.607	0	4796.615	26894.426	6.9	47.0	47.5	74.15	12.0	18.0	0.0327331102453172	0.0308059633243829	0.0043200276860923	0.0063065015796277	62.74467391304348	37.35904891304347	26141.15218970045	17548.328273477764	18.878625	8.062000000000001	32692.79	6426.79	67.80000000000001	8.66	32201.57	9572.98	65.0	12.0	22330.41	5530.06	36.0	5.8	27647.7	4063.17	43.0	3.3	8.3e-05	0.005855	51.0	8.0	49461.92724894346	3529.574501098987	55.0	3.1	17483.1627332338	844.5395645782303	40.0	1.3	12120.485043860748	951.743676519788	30.0	1.5	0	0
chr7-101034081-101034082-C-T	Pending	1	10	0	0	0.005	0.0	0.0	0	0.345	False	protein_coding	missense	10	979.25	13872.1	14.166	1.0	27.0	3.289	0	4987.122	16400.585	3.679	16.5	23.605	73.835	5.09	8.3	0.0237614829966332	0.0600912945810705	0.0041282437100127	0.0635856177375413	62.74467391304348	4.157119565217343	26516.81582229801	1701.572000356606	18.776125000000004	1.5941250000000002	5813.51	5186.29	10.6	5.08	18929.07	6791.9	16.0	4.9	13872.1	979.25	17.0	2.5	28529.59	7100.67	20.0	3.2	0.000388	0.021957	15.0	2.5	20589.91074391898	1196.2593708868835	27.0	1.0	3827.36604809814	5739.84282224943	6.9	9.8	6326.303164168645	4787.954338518106	12.0	8.4	0	0
chr5-128349358-128349359-G-T	Pending	1	2	0	0	4.616	0.0	0.0	91	0.318	False	protein_coding	missense	9	1299.092	13697.459	10.544	3.6	17.0	3.618	1	5521.23	19973.768	10.185	22.596	355.455	1128.045	54.0	74.0	0.2841621600091457	0.1132285671774298	0.0101410445523661	0.0076898150932294	22.19230978260869	31.64317934782608	26972.102893893647	19289.916413389423	20.431500000000003	8.782375000000005	6042.57	5831.89	14.94	10.87	19502.87	4476.27	17.0	3.6	27278.95	10191.11	42.0	16.0	31044.86	18122.22	23.0	8.3	0.000137	0.000628	22.0	13.0	7945.936747596634	5210.570464861065	25.0	18.0	20444.665059659168	1447.3714442131406	38.0	9.5	13697.45871128144	1299.0922742081011	32.0	8.8	0	0
chr17-11669550-11669551-C-A	Pending	1	6	0	0	3.54	0.0	0.0	60	0.505	False	protein_coding	missense	9	810.345	1252.189	1.545	2.871	2.588	0.94	0	5770.015	5422.283	14.95	17.2	52.6	57.7	14.0	15.0	0.3073836229741573	0.510299663990736	0.1194467434730637	0.1024170501967487	2.58752717391296	2.870706521739038	2054.247560410357	5140.240732758302	3.2911250000000014	5.303375000000003	35969.91	35045.7	62.93	54.36	34498.48	31682.14	29.0	23.0	2812.19	4265.35	3.7	5.4	15709.3	17770.96	6.4	7.9	0.003138	0.002739	3.0	3.2	8032.376809343154	6399.789706012268	28.0	22.0	2000.6448477289468	977.619825049834	47.0	31.0	1252.1893334347476	810.3450806514372	36.0	28.0	0	0
chr7-115940863-115940864-C-G	Pending	1	2	0	0	11.13	0.0	0.0	101	0.319	False	protein_coding	missense	11	2192.64	17038.15	7.771	5.6	23.0	3.134	0	6581.068	20628.096	12.5	28.5	29.73	38.36	5.0	6.7	0.0011623513400991	0.0108518571250897	0.0037855213417794	0.0046937077467454	99.28660326086955	62.74467391304348	26710.07942331807	22153.92670752976	19.545250000000006	11.222875000000004	6486.56	5875.06	36.98	11.57	32928.42	16904.66	42.0	14.0	17038.15	2192.64	23.0	5.6	39457.39	25225.25	49.0	15.0	7.5e-05	0.000952	27.0	11.0	24218.0412200515	7287.076747925954	30.0	12.0	3354.671506925273	2714.250959343802	15.0	13.0	6371.621954036261	3658.053054773833	27.0	16.0	0	0
chr4-30724176-30724177-C-A	Pending	1	7	0	0	29.709	0.0	0.0	342	0.324	False	protein_coding	missense	11	1834.15	1718.86	0.937	3.4	4.18	1.185	0	6793.677	8047.383	11.1	14.5	1446.3	1632.885	77.0	77.0	0.0275140868761809	0.0114458238822408	0.0109821291070781	0.0137071698680431	22.19230978260869	17.305597826086952	9748.035163898325	7297.344446237129	4.180250000000003	3.3997500000000014	6346.73	6290.01	26.53	23.5	20270.94	21107.59	18.0	19.0	1718.86	1834.15	4.8	5.0	22334.76	19437.78	13.0	9.2	0.007412	0.009858	4.2	3.8	3272.1225681968112	3807.2828566667704	3.9	4.7	12666.30670704841	12666.30670704841	43.0	43.0	3591.286061982199	2674.545557801063	16.0	13.0	0	0
chr5-155016115-155016116-G-A	Pending	6	11	0	0	0.141	0.0	0.0	0	0.257	False	protein_coding	missense	11	288.34	283.7	0.984	0.48	0.48	1.017	0	7727.241	7856.011	3.35	4.004	173.44	224.48	8.4	11.0	0.0406902586692012	0.042734345595818	0.0708161521055259	0.1258537692002737	3.80744565217384	2.5035597826086047	1407.800599205612	736.8449956492876	2.7295000000000007	1.9451250000000009	17582.28	29376.13	5.91	23.44	33509.59	32351.38	26.0	24.0	283.7	288.34	0.48	0.48	12144.05	11808.46	4.2	4.0	0.001314	0.000811	4.8	6.2	3567.971061190687	3646.021818984919	2.6	2.7									0	0
chr20-23826574-23826575-A-T	Pending	1	5	0	0	24.575	0.0	0.0	292	0.42	False	protein_coding	missense	11	410.66	386.001	0.94	0.487	0.466	0.849	0	8728.797	7407.89	3.9	3.35	510.91	988.4	2.43	2.6	0.475785918533802	0.2054978609085083	0.5552933351266368	0.3112283163606599	0.7058152173912049	1.3273369565216626	386.0011097853175	410.659635175772	0.4656249999999994	0.4871249999999994	5469.7	5470.72	91.39	91.74	30809.96	33605.1	42.0	57.0	9346.08	12315.54	2.8	4.2	19125.68	21954.77	7.1	9.6	0.043191	0.039276	1.7	1.8	9865.62273093003	11986.87464853314	12.0	14.0	2317.501372393353	2133.143145756846	3.9	3.6	1377.8438433514511	553.6049950433994	2.5	0.8	0	0
chr8-112287080-112287081-C-T	Pending	1	5	0	0	0.025	0.0	0.0	0	0.217	False	protein_coding	missense	9	3600.974	3625.935	1.007	2.281	2.526	1.075	1	8807.159	9467.409	8.45	8.0	415.755	511.1	60.0	60.0	0.0006759764328307	0.000693584956025	0.0209150824685759	0.0244861042680626	11.6303260869565	9.849456521739114	4507.38493919356	3818.033127157899	2.5257500000000004	2.2807499999999994	10706.9	10247.33	74.29	63.34	11227.22	13649.07	1.7	2.8	22942.68	24882.07	35.0	41.0	29039.4	30075.46	17.0	19.0	0.002305	0.003219	6.3	5.2	4151.517790435466	5154.497145169031	5.7	8.6	3625.934879039163	3600.9741189030124	3.4	3.4	8227.91885566506	7366.988637163629	9.7	8.3	0	0
chr10-133199037-133199038-C-A	Pending	1	2	0	0	1.009	0.0	0.0	2	0.537	False	protein_coding	missense	10	5530.26	5451.92	0.986	3.1	78.0	3.611	0	10524.452	38008.672	6.0	55.0	2742.035	3882.875	25.0	27.27	0.0379087358596734	0.288759371265769	0.0040844411179546	0.0169728458376738	62.74467391304348	14.277038043478257	28228.64183039013	16025.893015584685	19.378125	5.081875	5451.92	5530.26	80.82000000000001	98.28	36951.25	7128.3	78.0	3.1	33504.88	13575.13	58.0	5.4	39635.82	17249.8	70.0	5.8	0.000239	0.009045	33.0	4.0	50000.0	19717.805755310907	52.0	26.0	39066.09483459379	6695.761871756883	39.0	6.2	51586.9676237358	7473.77467029934	48.0	7.0	0	0
chr6-128883308-128883309-G-T	Pending	5	3	0	0	39.835	0.0	0.0	466	0.367	False	protein_coding	missense	9	126.087	417.513	3.311	3.6	5.8	1.203	0	13230.905	15911.815	19.5	28.5	37.135	31.45	8.5	7.1	0.0093096157361287	0.0023976537049748	0.0066635681493675	0.0067943585819863	37.35904891304347	37.35904891304347	15326.610615317684	14647.46928276273	12.366	11.7855	35682.95	35849.56	60.150000000000006	61.75000000000001	16497.02	11814.34	5.8	3.6	22695.78	19824.77	32.0	27.0	30432.59	30460.59	28.0	28.0	0.000771	0.000701	6.4	6.8	8208.088183148084	6262.788760577156	29.0	22.0	863.3164177522214	398.26303591561054	29.0	17.0	417.5129975475343	126.0869095233879	18.0	6.2	0	0
