ID	Evaluation	TSL	Pos	Prob Pos	Num Passing Peptides	RNA Expr	RNA VAF	Allele Expr	RNA Depth	DNA VAF	Ref Match	Biotype	Variant Type	Peptide Length	Best MT IC50 Score	Corresponding WT IC50 Score	Corresponding Fold Change	Best MT Percentile	Corresponding WT Percentile	Median Fold Change	cysteine_count	IC50 MT class1	IC50 WT class1	%ile MT class1	%ile WT class1	IC50 MT class2	IC50 WT class2	%ile MT class2	%ile WT class2	MHCflurryEL Processing WT Score	MHCflurryEL Processing MT Score	MHCflurryEL Presentation WT Score	MHCflurryEL Presentation MT Score	MHCflurryEL Presentation WT Percentile	MHCflurryEL Presentation MT Percentile	MHCflurry WT Score	MHCflurry MT Score	MHCflurry WT Percentile	MHCflurry MT Percentile	MHCnuggetsI WT Score	MHCnuggetsI MT Score	MHCnuggetsI WT Percentile	MHCnuggetsI MT Percentile	NetMHC WT Score	NetMHC MT Score	NetMHC WT Percentile	NetMHC MT Percentile	NetMHCcons WT Score	NetMHCcons MT Score	NetMHCcons WT Percentile	NetMHCcons MT Percentile	NetMHCpan WT Score	NetMHCpan MT Score	NetMHCpan WT Percentile	NetMHCpan MT Percentile	NetMHCpanEL WT Score	NetMHCpanEL MT Score	NetMHCpanEL WT Percentile	NetMHCpanEL MT Percentile	PickPocket WT Score	PickPocket MT Score	PickPocket WT Percentile	PickPocket MT Percentile	SMM WT Score	SMM MT Score	SMM WT Percentile	SMM MT Percentile	SMMPMBEC WT Score	SMMPMBEC MT Score	SMMPMBEC WT Percentile	SMMPMBEC MT Percentile	Prob match	Gene of Interest
chr9-133043735-133043736-G-A	Accept	1	9	0	3	52.814	0.157	8.292	555.0	0.081	False	protein_coding	missense	10	15.47	24.41	1.578	0.04	0.12	2.878	0	44.746	128.796	0.285	0.47	69.38	93.85	7.97	10.1	0.0822537057101726	0.1381819769740104	0.2195919191723943	0.6145360631088287	1.7204076086955808	0.5886413043477603	426.87153151696975	87.75792776024988	0.7047499999999997	0.2356249999999999	1801.83	94.79	1.77	0.29	24.41	15.47	0.08	0.05	159.03	65.13	0.44	0.28	37.45	16.26	0.09	0.05	0.57493	0.847933	0.12	0.04	379.9570720848363	337.3229287282724	0.3	0.3	98.56211176602432	24.361835143586088	0.7	0.3	61.92414230486518	22.587075315682593	0.5	0.3	False	False
chr12-124430678-124430679-C-T	Accept	1	1	0	3	157.207	0.091	14.306	2842.0	0.113	False	protein_coding	missense	10	37.92	195.32	5.151	0.09	0.204	3.866	0	83.947	324.553	0.19	0.515	1099.78	2492.575	36.0	50.0	0.6267637088894844	0.5978839695453644	0.8469313215832935	0.9208315677544984	0.2038586956521584	0.0904347826086962	144.49125771480166	60.53050308822732	0.3687499999999997	0.141375	688.84	50.38	1.01	0.19	792.99	120.19	1.4	0.31	195.32	37.92	0.53	0.19	386.13	43.93	0.5	0.11	0.203422	0.491536	0.42	0.17	340.9925042250324	127.39094578433766	0.3	0.2	308.11298397193394	193.0678676423787	1.6	1.1	225.35126484021347	107.36432548567149	1.3	0.7	False	False
chr1-244864019-244864020-G-C	Reject	1	7	0	4	332.862	0.149	49.596	5478.0	0.153	True	protein_coding	missense	9	47.886	49.918	1.042	0.028	0.036	0.936	0	119.85	112.2	0.3	0.3	229.9	170.87	18.17	15.18	0.0734892711043357	0.0284957401454448	0.6868786926321673	0.6607742577395419	0.4598913043478063	0.5057608695651794	49.917990293974434	47.88577231213706	0.036375	0.02775	280.68	177.08	0.8999999999999999	0.66	115.51	84.62	0.17	0.13	108.89	120.68	0.34	0.38	184.37	169.25	0.18	0.16	0.864213	0.849658	0.03	0.04	196.3800481231358	194.26671306821115	0.3	0.3	46.04791811814861	62.11693236200217	0.3	0.3	80.652902277398	119.02001481841852	0.4	0.5	False	False
chr17-59685611-59685612-C-T	Accept	1	3	0	2	108.116	0.146	15.785	1364.0	0.146	False	protein_coding	missense	9	37.82	81.05	2.143	0.002	0.014	1.771	0	102.369	181.255	0.275	0.421	267.95	758.43	4.43	12.77	0.0514404252171516	0.5099758617579937	0.6971392777939825	0.9277611169198504	0.4426086956521544	0.0808423913043441	43.83813371188159	39.68310524268698	0.014125	0.002375	182.63	84.34	0.67	0.38	179.88	131.66	0.26	0.19	202.86	115.57	0.53	0.36	81.05	37.82	0.1	0.06	0.860206	0.907968	0.03	0.02	260.17800677216036	230.9840076235599	0.5	0.4	109.7008518563001	89.16820003799778	0.4	0.4	264.00977075478556	210.19384758795545	1.0	0.9	False	False
chr6-104772014-104772015-G-A	Accept	1	4	0	4	16.965	0.45	7.634	400.0	0.121	False	protein_coding	missense	10	7.41	190.31	25.683	0.03	0.46	2.139	0	80.107	171.32	0.4	0.5	58.48	139.55	6.89	13.35	0.3443507514894008	0.2811977863311767	0.742607813751719	0.7294915343807562	0.3698097826086837	0.3914402173912776	100.97840719247276	86.0034788443282	0.2742499999999999	0.2303749999999999	190.31	7.41	0.4599999999999999	0.03	344.99	233.95	0.71	0.54	214.14	177.2	0.59	0.49	152.33	74.21	0.26	0.16	0.155799	0.18511	0.54	0.46	1437.8310001273976	1183.3858794734783	1.1	1.0	62.763911303829815	51.01642242156975	0.5	0.4	61.781720729720945	56.73616801294811	0.5	0.4	False	False
chrX-101625957-101625958-C-G	Accept	1	2	0	6	22.706	0.309	7.016	262.0	0.212	False	protein_coding	missense	10	39.81	1936.11	48.634	0.03	27.73	36.506	0	72.26	2637.88	0.085	1.926	566.58	542.14	9.77	9.37	0.2229156643152237	0.2984254881739616	0.1696727854285536	0.8403476497017299	2.0511684782608057	0.2150543478260829	990.4675888868676	46.00009083511438	1.0296249999999991	0.049625	6055.51	598.05	27.73	0.03	3339.65	62.65	3.3	0.08	1936.11	39.81	1.8	0.07	4366.02	44.84	1.6	0.05	0.027037	0.781625	1.8	0.09	1864.1597343160688	531.3768163911138	1.3	0.3	4027.8194987369056	166.75159627096434	6.3	0.3	1503.5573569497983	81.8690969559907	2.7	0.2	False	False
chr17-75570445-75570446-G-A	Accept	1	5	0	4	12.174	0.433	5.271	150.0	0.178	False	protein_coding	missense	9	2.103	4.784	2.275	0.01	0.01	1.352	0	26.775	36.19	0.21	0.2	68.55	296.77	5.8	16.0	0.0027598366141319	0.0037861391901969	0.1741912694641147	0.3546930522085804	2.012282608695557	1.1819565217390249	429.9161943556225	160.99084280788077	1.4383750000000006	0.5907499999999999	9.61	20.61	0.08	0.22	18.77	16.37	0.01	0.01	53.61	32.94	0.05	0.03	515.89	267.78	0.12	0.07	0.078015	0.155461	0.7	0.35	388.2687811477462	384.09044412331593	0.4	0.4	4.784207416825339	2.10285825658103	0.2	0.2	8.027309353859774	5.4521776732834635	0.2	0.2	False	False
chr10-70871866-70871867-G-T	Accept	1	8	0	4	59.108	0.339	20.038	1061.0	0.164	False	protein_coding	missense	8	30.49	2874.33	94.271	0.05	0.97	18.555	0	216.531	4017.661	0.28	3.049	89.99	81.2	8.6	8.1	0.4370064847171306	0.3275810182094574	0.0656980907311196	0.5706425986749463	4.047907608695596	0.6736956521738335	6478.47421947028	210.98263686078317	2.597500000000001	0.4737499999999994	2874.33	30.49	2.41	0.13	3743.32	33.99	3.5	0.11	797.29	39.38	1.7	0.13	6012.2	222.08	3.5	0.36	0.076452	0.801086	0.97	0.05	2169.0457037070128	280.6489180372726	2.0	0.2	22407.84026786055	8879.734893257655	35.0	16.0	4292.002833429806	4042.5928170540938	9.0	8.5	False	False
chr17-64500747-64500748-G-C	Accept	1	8	0	2	414.848	0.105	43.559	5688.0	0.147	False	protein_coding	missense	10	105.53	118.91	1.127	0.14	0.16	1.251	0	334.642	418.744	0.46	0.476	239.745	248.465	11.0	11.0	0.3696316741406917	0.2833583503961563	0.7350883382522801	0.6752858375266096	0.3821739130434594	0.4808152173912816	115.25119572353614	113.27003355340662	0.3606249999999999	0.3543749999999999	3181.08	4577.52	0.58	1.2	118.91	105.53	0.16	0.14	474.31	352.24	0.57	0.44	356.98	245.7	0.22	0.17	0.379671	0.336813	0.33	0.37	1534.2695396588344	1728.185404637339	1.0	1.2	545.845833954929	545.845833954929	1.0	1.0	363.17839080537897	317.04433679036424	0.6	0.6	False	False
chrX-53583820-53583821-C-G	Accept	1	3	0	2	126.931	0.224	28.433	1566.0	0.193	False	protein_coding	missense	9	96.768	110.188	1.139	0.123	0.277	3.08	0	368.361	1134.595	0.67	2.145	58.03	206.59	6.85	17.06	0.3241891302168369	0.6516939103603363	0.7116591561479949	0.8991995495829305	0.4195652173912947	0.1226630434782833	110.18753657997532	96.76751336955272	0.2768749999999998	0.2293749999999999	1095.32	871.83	2.09	1.82	3397.64	326.7	3.2	0.48	1517.76	388.27	2.2	0.86	786.86	230.55	0.52	0.21	0.362261	0.410649	0.3	0.25	719.4055146968893	348.4518481772322	2.3	0.9	2119.385701361397	693.7611881999129	7.9	2.5	1173.8699899492915	420.35866102254874	4.5	1.5	False	False
chr21-46566567-46566568-G-A	Accept	1	4	0	2	31.824	0.161	5.124	404.0	0.142	False	protein_coding	missense	9	25.871	23.271	0.899	0.07	0.06	0.818	0	288.54	236.16	0.278	0.22	116.33	224.72	11.79	17.94	0.6236082166433334	0.5188802108168602	0.9348861186756916	0.8809599646767078	0.069728260869553	0.1514402173913254	53.51967330704791	72.30259173258935	0.07025	0.1655000000000001	244.38	471.79	1.69	2.6	267.5	272.71	0.11	0.11	241.2	304.37	0.33	0.39	231.12	323.01	0.06	0.07	0.548992	0.323897	0.04	0.14	645.6305357438321	846.1713421466491	0.8	1.3	23.27072961066376	25.87080842516609	0.4	0.5	46.72722604923992	63.03329354689448	0.8	1.1	False	False
chr19-29985287-29985288-C-G	Reject	1	1	1	4	49.937	0.149	7.441	1402.0	0.149	False	protein_coding	missense	8	39.17	55.98	1.429	0.13	0.18	0.586	1	471.93	276.785	1.01	0.51	185.29	234.06	2.82	3.76	0.0513342507183551	0.0455238781869411	0.052991212885279	0.0430700077986315	4.887418478260841	5.788070652173886	2011.485823559165	2464.1614385578514	1.4167500000000008	1.5517500000000015	48.36	108.53	0.18	0.32	282.15	360.84	0.61	0.72	55.98	39.17	0.18	0.13	271.42	583.02	0.41	0.67	0.277982	0.049963	0.32	1.3	238.6046055607708	238.6046055607708	0.2	0.2	9319.658525658408	7716.138244793727	17.0	15.0	3842.908110692078	4108.2796661396915	8.3	8.6	True	False
chr14-44963006-44963007-C-T	Accept	1	7	0	5	21.568	0.115	2.48	130.0	0.083	False	protein_coding	missense	10	47.65	252.69	5.303	0.08	0.38	2.349	0	141.906	333.375	0.245	0.36	362.59	767.6	23.37	34.1	0.1397093906998634	0.502493105828762	0.5595394891769537	0.7770312861563158	0.6972554347825053	0.3136956521738767	111.49399828797615	147.89221692631432	0.2799999999999998	0.3784999999999997	1968.04	384.8	3.05	1.1	252.69	47.65	0.38	0.08	446.91	159.89	0.64	0.29	414.06	135.92	0.34	0.14	0.629419	0.608356	0.11	0.12	855.3764372017306	537.157411716568	0.9	0.6	90.30046776375272	89.88557480141642	0.3	0.2	117.74161811594712	89.11072970314622	0.3	0.2	False	False
chrX-118605288-118605289-C-G	Accept	1	7	0	3	49.292	0.038	1.873	1211.0	0.087	False	protein_coding	missense	11	16.13	16.93	1.05	0.03	0.03	1.045	0	119.8	125.232	0.306	0.32	59.05	101.22	6.95	10.67	0.1446029841899871	0.1627988778054714	0.4550434877462272	0.5140346919103471	0.9226086956520448	0.7930434782607136	174.8234712284581	146.43981250677612	0.4202499999999995	0.3713749999999997	63.94	27.01	0.22	0.11	60.17	81.8	0.18	0.24	16.93	16.13	0.03	0.03	75.64	93.16	0.16	0.18	0.809561	0.807066	0.05	0.05	537.157411716568	525.6584286822485	0.5	0.4	2879.850877520771	4713.787495574375	6.5	15.0	4082.347779879084	6136.348268110665	13.0	21.0	False	False
chrX-19545970-19545971-C-G	Accept	1	9	0	3	60.398	0.052	3.141	1377.0	0.241	False	protein_coding	missense	9	97.933	2214.513	22.613	0.234	1.565	9.085	0	239.985	2180.232	0.5	3.15	37.46	110.51	4.53	11.37	0.4444855228066444	0.138724111020565	0.1700086041038607	0.5894716276532911	2.0511684782608057	0.6369565217390374	2214.512763753672	97.93277711638264	1.5654999999999983	0.2337499999999999	1728.9	251.92	2.8000000000000003	0.84	4799.51	228.05	4.1	0.34	2264.98	188.06	2.8	0.5	14812.78	587.97	5.6	0.43	0.031085	0.409085	2.0	0.26	1746.9855106325765	652.6540428705426	5.6	2.1	927.278093701934	119.73193465875543	3.5	0.5	2145.951982349779	383.37165526970057	8.0	1.4	False	False
chr11-65128674-65128675-C-G	Accept	1	3	0	4	47.726	0.068	3.245	749.0	0.099	False	protein_coding	missense	10	54.301	49.417	0.91	0.054	0.034	0.647	0	267.23	172.965	0.363	0.195	5.82	5.65	0.16	0.15	0.439805593341589	0.2156430259346962	0.8900682099148609	0.769726273584737	0.1369293478260971	0.3268206521738932	49.41708028377899	54.301499014470586	0.034125	0.054	39.04	177.39	0.19	0.66	102.2	129.48	0.16	0.19	214.14	356.07	0.38	0.5	167.72	178.39	0.16	0.17	0.440435	0.487204	0.22	0.19	302.73048891663535	409.8522488666769	0.2	0.4	200.7659231095994	486.06013144314267	0.6	1.7	178.20915050847208	376.64308639825526	0.6	1.2	False	False
chr7-5302813-5302814-T-A	Accept	1	1	0	2	5.757	0.427	2.458	110.0	0.195	False	protein_coding	missense	8	24.33	40.24	1.654	0.08	0.14	1.153	0	427.673	493.258	0.553	0.745	8.32	9.75	0.43	0.62	0.6575862914323807	0.7037717662751675	0.456031805812803	0.6215811516694243	0.9202989130433537	0.5757065217390647	1128.0018358769923	667.8099174870913	1.095875	0.8712499999999996	271.56	74.5	0.5700000000000001	0.25	499.2	298.47	0.95	0.65	40.24	24.33	0.14	0.08	378.16	422.71	0.49	0.53	0.272032	0.255595	0.32	0.35	487.3161926794595	432.6355196637657	0.4	0.4	21647.11378702999	13658.405430725015	34.0	23.0	17008.26445850341	17165.639991900047	28.0	28.0	False	False
chr12-88087904-88087905-G-C	Accept	1	1	0	2	12.432	0.144	1.79	395.0	0.097	False	protein_coding	missense	9	48.646	52.595	1.081	0.03	0.03	1.182	0	331.078	391.288	0.525	0.525	447.35	482.51	26.09	27.11	0.1736487820744514	0.0997085161507129	0.748232759549058	0.7116490398927067	0.3609510869565042	0.4195652173912947	52.59457462524308	48.64600194285103	0.097	0.068875	3648.37	3471.29	0.73	0.67	157.4	305.72	0.22	0.46	401.08	333.69	0.69	0.59	262.11	239.47	0.17	0.17	0.916611	0.937823	0.03	0.03	1262.7582159361314	1222.4280109388617	2.0	2.0	381.4960099080505	328.4656810141864	0.7	0.6	614.7803813502518	531.7653069606546	1.1	1.0	False	False
chr15-43366696-43366697-C-G	Accept	1	10	0	1	9.096	0.123	1.119	236.0	0.106	False	protein_coding	missense	10	52.525	180.225	3.431	0.046	0.449	15.625	0	362.958	5671.075	0.34	3.4	373.77	631.39	23.77	31.04	0.0648212134838104	0.446593314409256	0.3793869069925901	0.8865740434253632	1.111657608695495	0.1434510869565173	180.2254501184452	52.52465361536181	0.4488749999999998	0.046125	8965.49	699.65	9.44	1.58	6757.74	203.62	5.2	0.29	3254.47	238.6	3.0	0.39	5051.58	149.82	2.1	0.15	0.026998	0.683993	2.2	0.1	2607.0610014707204	487.3161926794595	3.8	0.5	6290.570008083477	633.4174156268604	22.0	2.4	6853.777477084189	995.2449898835156	23.0	4.0	False	False
chr1-156843447-156843448-C-G	Accept	1	8	0	5	3.481	0.235	0.818	68.0	0.101	False	protein_coding	missense	10	7.847	18.311	2.333	0.02	0.03	1.377	0	13.515	18.614	0.057	0.082	80.13	176.3	8.94	15.48	0.3872250914573669	0.5170659683644772	0.9057903798822158	0.9398196164323744	0.1131793478261045	0.0631249999999994	34.18740586726631	33.296038781756884	0.02725	0.02375	330.71	215.1	0.65	0.5	16.43	15.24	0.05	0.05	11.91	10.24	0.03	0.03	14.0	11.79	0.04	0.03	0.854698	0.919135	0.03	0.02	344.7019992860435	326.54944676299664	0.3	0.3	18.310913034216597	7.847114687939715	0.2	0.2	18.917336974489473	11.242425025827536	0.2	0.2	False	False
chr5-157731544-157731545-C-G	Pending	1	1	0	2	11.617	0.08	0.929	425.0	0.081	False	protein_coding	missense	9	58.238	68.424	1.175	0.06	0.034	1.273	0	113.273	144.251	0.245	0.245	64.07	64.16	7.45	7.46	0.7819897830486298	0.6802118383347988	0.9599410625399748	0.9410516573239864	0.0344021739130369	0.0601358695652436	56.23899865595257	58.97121453722027	0.06575	0.077	181.08	138.55	0.67	0.5599999999999999	108.28	90.98	0.16	0.14	367.82	375.87	0.83	0.84	123.07	107.8	0.13	0.12	0.482662	0.493909	0.19	0.19	218.82002441761688	214.1357220260579	0.4	0.4	68.42424278487069	58.23847576939791	0.3	0.3	165.43218276391354	118.74627638049766	0.6	0.5	False	False
chr17-58270846-58270847-C-T	Reject	1	7	0	3	0.425	0.8	0.34	25.0	0.082	False	protein_coding	missense	10	32.939	32.939	1.0	0.16	0.08	0.64	0	81.51	52.16	0.33	0.3	27.08	44.55	0.08	0.26	0.1418182738125324	0.1844188757240772	0.4451597741794993	0.505762650143398	0.9455163043477056	0.8087499999998755	180.32217861315277	163.93056019152422	0.4279999999999996	0.4017499999999996	17.75	40.54	0.08	0.16	41.39	71.8	0.13	0.21	74.97	93.59	0.3	0.36	62.93	91.22	0.14	0.18	0.333086	0.301652	0.26	0.29	525.6584286822485	666.9311044693874	0.5	0.5	32.93896888670485	32.93896888670485	0.3	0.3	40.53778360085441	43.93999467973349	0.4	0.4	False	False
chr1-166921235-166921236-C-T	Accept	1	4	0	1	4.137	0.226	0.935	31.0	0.107	False	protein_coding	missense	9	44.973	47.267	1.051	0.03	0.04	1.587	0	306.033	485.534	0.25	0.478	402.7	422.9	24.72	25.36	0.0470666326582431	0.3995139077305794	0.6781084982270529	0.8849752499656484	0.4753260869564855	0.1447826086956638	47.26667896732646	44.973128642035824	0.061625	0.04175	2430.99	1801.78	0.41	0.29	624.35	254.4	0.87	0.37	249.16	134.47	0.48	0.21	412.74	306.77	0.24	0.19	0.882292	0.935888	0.04	0.03	659.7539553864469	548.9079394871815	0.9	0.6	459.7164030476366	371.0991845200461	0.8	0.7	511.352048391824	305.2952167568445	0.9	0.5	False	False
chr19-11245582-11245583-C-T	Pending	1	6	0	5	9.701	0.076	0.737	225.0	0.107	False	protein_coding	missense	11	70.26	103.72	1.476	0.2	0.2	0.88	0	186.227	163.893	0.311	0.319	8.9	14.31	0.51	1.28	0.5172698870301247	0.531121376901865	0.8239509461957419	0.8053496420423325	0.2395652173912736	0.2699184782608341	115.20481786497471	137.56239743450612	0.3071249999999998	0.3517499999999997	143.75	198.11	0.38	0.48	967.92	964.98	1.5	1.5	103.72	70.26	0.33	0.26	142.11	133.46	0.25	0.24	0.404832	0.338418	0.22	0.26	184.0363206720129	174.34467692156656	0.2	0.2	53872.85603494882	53625.332745386986	96.0	95.0	15028.30498258749	14856.27739798516	52.0	52.0	False	False
chrX-110792127-110792128-G-C	Pending	1	8	0	13	11.1	0.005	0.056	364.0	0.227	True	protein_coding	missense	9	3.632	4.113	1.132	0.003	0.006	1.166	0	4.67	5.445	0.02	0.025	154.685	297.52	14.0	16.99	0.529705636203289	0.6175499148666859	0.9525246750589584	0.9662817406868256	0.0440760869565366	0.0240489130435008	26.9376291173598	25.69947670609921	0.006125	0.003375	5.32	4.86	0.01	0.01	4.88	4.48	0.02	0.01	7.52	6.5	0.03	0.02	5.57	3.65	0.02	0.02	0.949603	0.974426	0.01	0.01	57.824748377162095	46.57301475862404	0.2	0.2	4.671216539888113	3.8144330792713137	0.1	0.1	4.113106928350079	3.6322020566982895	0.1	0.1	False	False
chr12-131004262-131004263-A-T	Pending	1	3	0	4	5.496	0.031	0.17	162.0	0.091	False	protein_coding	missense	10	29.62	50.87	1.717	0.03	0.04	1.979	0	85.679	169.561	0.159	0.223	298.345	332.46	15.0	16.0	0.6233605295419693	0.4895085468888283	0.91697040621407	0.896389496055405	0.0947826086956382	0.1272282608696002	70.05599409526755	55.317224060881976	0.176875	0.1212500000000001	337.91	116.04	0.66	0.3399999999999999	51.67	34.14	0.16	0.11	59.73	38.33	0.27	0.19	50.87	29.62	0.13	0.08	0.8459	0.880575	0.04	0.03	567.0174473895294	727.2315846854273	0.5	0.5	382.5691975479344	214.1460164253413	2.0	1.2	269.0667295451926	169.37916984986393	1.5	1.0	False	False
chr22-41169524-41169525-G-A	Accept	1	4	0	8	270.821	0.077	20.853	2447.0	0.061	False	protein_coding	missense	9	4.27	5.45	1.276	0.0	0.0	1.095	0	13.615	14.915	0.02	0.02	11.085	26.37	0.17	1.5	0.947907455265522	0.9159957244992256	0.9916946500206202	0.990328343199302	0.0008423913043174	0.0011141304347574	19.69968579104965	20.5441388879663	0.0	0.00025	6.35	5.53	0.02	0.02	7.28	7.03	0.02	0.02	10.13	8.43	0.06	0.03	5.45	4.27	0.02	0.02	0.996261	0.993426	0.01	0.01	57.20246994839306	74.9702625427557	0.2	0.2	34.4691044463246	28.604212780317265	0.3	0.3	25.83271187043238	18.800525995719376	0.2	0.2	False	False
chr5-53646358-53646359-G-C	Pending	1	4	0	1	43.136	0.135	5.823	1304.0	0.059	False	protein_coding	missense	9	14.3	12.8	0.895	0.006	0.001	0.928	0	39.553	36.716	0.04	0.025	424.39	707.25	8.51	13.07	0.8225420042872429	0.7471849247813225	0.9773188226602902	0.9678608183722208	0.0108695652174048	0.0225815217391556	35.63253068528017	39.15795970921332	0.00075	0.00625	1116.16	1092.84	0.16	0.16	33.78	35.25	0.03	0.03	15.96	22.93	0.02	0.05	12.8	14.3	0.02	0.02	0.993124	0.979116	0.01	0.01	111.87960435600128	124.66387492512936	0.2	0.2	37.799843346602515	39.94753629422296	0.2	0.2	41.852364594930464	43.52311792989829	0.2	0.2	False	False
chr13-102644935-102644936-G-A	Pending	1	4	0	3	44.563	0.071	3.164	829.0	0.06	False	protein_coding	missense	9	14.481	13.026	0.899	0.01	0.01	1.244	0	70.02	87.12	0.165	0.12	138.75	244.335	12.0	13.51	0.6823650225996971	0.816074438393116	0.9622980369962294	0.9697083134819507	0.0298641304348024	0.0200815217391578	36.66333244500776	47.257916001002016	0.011875	0.043875	179.25	84.81	1.38	0.8	125.56	130.75	0.06	0.07	144.27	192.18	0.18	0.26	48.68	55.23	0.02	0.02	0.919933	0.846955	0.01	0.01	283.7019639618546	371.82329261838333	0.3	0.4	13.025967791906393	14.481381672810464	0.3	0.3	15.051160953045317	20.30345746557095	0.3	0.4	False	False
chr17-59566766-59566767-C-G	Pending	1	2	0	2	27.561	0.127	3.5	679.0	0.068	False	protein_coding	missense	10	53.67	28830.17	537.175	0.09	2.2	53.294	0	132.592	7066.407	0.26	6.12	55.4	31.96	6.58	3.82	0.4509608969092369	0.5523924306035042	0.0224903024030103	0.8109849389332929	10.655842391304333	0.2603804347826042	21530.180510218743	143.18444951938463	7.239375	0.3664999999999997	28830.17	53.67	40.84	0.26	4743.44	67.84	4.1	0.11	7692.16	122.0	5.0	0.21	5547.74	71.23	2.2	0.09	0.007769	0.480143	4.0	0.19	1785.2014996700302	418.8179265751275	2.5	0.4	10320.244822857492	626.1667464275348	31.0	2.4	6440.654460638917	685.377747708419	22.0	2.6	False	False
chr20-56399047-56399048-C-T	Pending	1	3	0	6	22.016	0.103	2.268	1202.0	0.062	False	protein_coding	missense	9	66.22	508.6	7.68	0.04	0.19	14.913	0	92.019	1372.312	0.306	1.391	88.9	76.18	9.69	8.6	0.1170355975627899	0.6291320249438286	0.4730374999798275	0.9000643313544197	0.881277173912963	0.1211956521739239	146.77062297109737	88.25853149856727	0.5285	0.251625	1735.81	95.78	5.84	0.88	508.6	66.22	0.19	0.04	1700.36	261.59	1.9	0.36	2310.97	376.03	0.51	0.09	0.175211	0.461375	0.32	0.06	2192.641718942874	392.4925723107973	5.6	0.4	1044.2632633165797	82.18830047265784	9.3	1.3	733.7869773741227	72.53873873021506	7.4	1.2	False	False
chr1-234609427-234609428-G-A	Reject	1	1	1	3	75.794	0.077	5.836	1081.0	0.079	False	protein_coding	missense	10	52.24	16.1	0.308	0.16	0.05	0.323	1	341.296	110.37	1.12	0.6	47.66	152.5	5.74	14.13	0.0443696267902851	0.0019496306777	0.1417509111899742	0.0295577075800079	2.312336956521662	8.269211956521715	643.5377601442539	3142.925666250406	0.8584999999999997	1.7396250000000018	90.81	97.76	0.29	0.3	16.1	52.24	0.05	0.16	64.08	137.41	0.27	0.43	21.44	220.36	0.06	0.36	0.098234	0.0078	0.82	3.3	427.97973197836103	727.2315846854273	0.4	0.5	129.93016800191148	526.8779213701754	0.8	2.5	130.2746754820067	462.2319913907482	0.8	2.3	True	False
chr8-134601673-134601674-G-A	Pending	1	4	0	5	19.436	0.061	1.186	180.0	0.076	False	protein_coding	missense	10	32.41	29.7	0.916	0.02	0.02	0.787	0	92.911	73.159	0.28	0.21	654.5	440.88	31.59	25.91	0.0659183077514171	0.0809102430939674	0.6085250798372511	0.5289831725046237	0.599945652173858	0.7594293478259573	69.22853705062849	102.17235462134823	0.12425	0.2507499999999998	46.42	64.63	0.22	0.31	29.7	32.41	0.04	0.04	38.33	46.57	0.02	0.02	77.09	83.65	0.1	0.1	0.245279	0.228136	0.47	0.5	254.6083498698839	316.1200502534412	0.2	0.2	139.858865168071	165.45884943039073	0.4	0.5	152.03024661775544	172.15910649273735	0.5	0.5	False	False
chr16-56408042-56408043-G-A	Pending	1	9	0	2	59.436	0.076	4.517	804.0	0.068	False	protein_coding	missense	9	192.2	12604.1	65.578	0.47	7.81	58.778	0	488.565	28716.671	0.847	37.48	592.85	537.75	25.0	24.0	0.0032936483621597	0.0588521063327789	0.003475082690913	0.1725335048238456	99.28660326086955	2.027690217391225	29406.44166818054	533.6894107108669	36.960625	0.7839999999999997	12604.1	192.2	7.81	0.47	26231.72	245.03	22.0	0.55	28026.9	279.13	34.0	0.91	31188.62	474.59	28.0	0.58	1.4e-05	0.11092	43.0	0.74	26694.988867658747	1145.5906828097525	42.0	2.5	49366.23428682198	561.6037512304089	38.0	1.6	64146.06204503234	502.5392647279895	43.0	1.4	False	False
chr15-43058400-43058401-G-C	Pending	1	4	0	6	35.227	0.047	1.656	403.0	0.068	False	protein_coding	missense	9	29.67	27.27	0.919	0.02	0.02	0.881	0	144.037	126.919	0.15	0.095	139.1	106.3	7.3	8.3	0.5550839006900787	0.3588815554976463	0.9237846808488732	0.8582803655711868	0.0861141304347796	0.1871739130434804	49.640978575155806	49.62294841150376	0.076625	0.076625	797.75	1013.34	0.09	0.1399999999999999	27.27	29.67	0.02	0.02	69.88	60.71	0.1	0.09	49.87	33.49	0.05	0.03	0.694104	0.654442	0.15	0.16	423.3740473427198	384.09044412331593	0.4	0.3	252.6329538574823	300.9469872470741	0.4	0.5	183.95855943948567	227.36310939938156	0.3	0.4	False	False
chr12-124795209-124795210-G-C	Reject	1	5	5	1	44.091	0.024	1.058	453.0	0.064	False	protein_coding	missense	9	40.664	47.097	1.158	0.057	0.086	1.65	1	105.399	173.958	0.396	0.48	33.88	30.29	4.08	3.6	0.3482282422482967	0.0745442733168602	0.8598604260347534	0.7287851726550939	0.1840217391304435	0.3914402173912776	47.09717360680697	40.66385704327368	0.085875	0.05725	1086.32	326.71	1.31	0.65	194.04	83.69	0.46	0.25	108.89	57.82	0.5	0.34	34.45	41.62	0.09	0.11	0.355432	0.113031	0.25	0.72	228.49828361491845	192.1761205734247	0.5	0.4	224.09388200092616	163.4669652276767	0.7	0.6	153.8756852590907	127.10715554120252	0.6	0.5	True	False
chr7-98291200-98291201-G-C	Reject	1	10	6	3	68.08	0.042	2.859	1591.0	0.071	False	protein_coding	missense	10	38.68	963.17	24.901	0.12	1.5	8.272	2	329.6	2726.555	0.83	4.27	299.115	259.515	19.0	18.0	0.0004369914531707	0.0012005791068077	0.0083423603846981	0.0656010166530795	27.61739130434782	4.047907608695596	11754.231464397097	1326.7102061290084	4.116250000000001	1.1783750000000004	6381.22	529.02	4.24	0.86	963.17	38.68	1.5	0.12	1517.76	130.18	2.2	0.43	3578.72	597.8	2.4	0.69	0.000465	0.004126	12.0	4.5	4382.296453477993	1304.4189904398024	4.3	1.1	1509.0721352186292	107.5746644270096	5.2	0.7	1874.3901786625229	129.67611771850116	6.0	0.8	False	False
chr3-105681607-105681608-C-T	Accept	1	6	0	1	55.414	0.026	1.441	426.0	0.054	False	protein_coding	missense	8	21.14	29.73	1.406	0.06	0.1	1.677	0	276.114	463.089	0.375	0.526	68.7	154.45	2.8	6.7	0.8171539232134819	0.8174785152077675	0.7717764866959332	0.8305785267422637	0.3216847826086848	0.2300271739130437	479.90803495905897	327.818885486936	0.7498749999999997	0.6104999999999995	446.27	224.41	0.7799999999999999	0.51	123.83	86.89	0.32	0.25	29.73	21.14	0.1	0.06	647.46	384.09	0.73	0.5	0.312273	0.454302	0.29	0.19	216.46520256712395	170.61246279156248	0.2	0.2	20436.193210844693	30019.261222417004	33.0	45.0	17687.23719615141	17324.47170317853	29.0	28.0	False	False
chr22-46536213-46536214-G-C	Pending	1	4	0	1	11.084	0.093	1.031	194.0	0.07	False	protein_coding	missense	10	97.788	150.176	1.536	0.117	0.298	1.276	0	262.726	335.22	0.35	0.47	254.46	210.36	21.0	18.0	0.5238537043333054	0.6694537103176117	0.7873696883810741	0.90387227032996	0.2977989130434366	0.1168206521739136	150.17563748664526	97.78783642806135	0.3816249999999997	0.2337499999999999	2042.0	1266.85	3.1300000000000003	2.28	172.23	186.44	0.25	0.26	354.15	260.18	0.5	0.43	316.29	223.92	0.27	0.2	0.263393	0.397878	0.44	0.27	1109.0025961138124	1085.26206538749	1.4	1.3	276.4967303377742	265.27113769815134	0.8	0.8	496.51228667518313	530.7988826641035	1.7	2.0	False	False
chr11-85664611-85664612-G-C	Pending	6	8	0	8	37.539	0.173	6.494	1341.0	0.149	False	protein_coding	missense	9	19.916	18.63	0.935	0.015	0.015	0.902	0	49.547	44.691	0.175	0.17	377.95	340.92	23.91	22.61	0.0167079456150531	0.0177130997180938	0.6664775842734909	0.6677918998298011	0.496684782608682	0.4933152173912845	44.68233456189062	44.57380417118416	0.01475	0.01475	57.9	117.95	0.27	0.5	44.7	54.52	0.07	0.08	38.33	41.12	0.14	0.15	69.78	118.09	0.09	0.13	0.844897	0.816403	0.04	0.05	137.41411714875505	182.0558220848466	0.2	0.3	18.62987753346081	19.91636147646685	0.2	0.2	31.018443413994312	41.93918629305592	0.2	0.3	False	False
chr17-7501677-7501678-C-G	Pending	6	6	0	4	156.3	0.087	13.598	953.0	0.069	True	protein_coding	missense	9	55.418	52.885	0.954	0.04	0.04	0.478	0	255.661	122.197	0.3	0.11	25.14	28.45	2.0	2.0	0.9000777378678322	0.5755845233798027	0.9747673402347096	0.9213271328600394	0.0141576086956831	0.088804347826084	52.88500549686096	55.41796794134108	0.10025	0.115625	2370.2	2579.26	0.3899999999999999	0.44	81.78	230.96	0.11	0.34	88.18	159.89	0.11	0.26	75.53	103.8	0.07	0.1	0.899509	0.910457	0.04	0.04	340.9925042250324	432.6355196637657	0.3	0.4	183.8611617779586	283.4588363929111	0.3	0.5	156.21401689181835	280.3625490983307	0.3	0.5	False	False
chr20-3785920-3785921-G-A	Pending	6	6	0	2	12.147	0.194	2.357	422.0	0.074	False	protein_coding	missense	10	66.143	72.111	1.09	0.06	0.11	1.225	0	102.567	125.639	0.2	0.251	62.28	51.68	7.28	6.18	0.1988761387765407	0.2965750135481357	0.7051447073390549	0.7860871433392295	0.4295380434782458	0.2995923913043157	72.1106671578893	66.14293148792844	0.201625	0.172875	865.96	707.03	0.11	0.06	94.82	112.65	0.13	0.15	236.04	192.18	0.32	0.28	102.34	71.57	0.1	0.07	0.602238	0.523155	0.19	0.23	652.6540428705426	792.984124177032	0.3	0.4	124.18524544284956	92.48472296865305	0.3	0.2	127.09252263147847	78.00456153174822	0.3	0.2	False	False
chr17-7674220-7674221-G-A	Accept	1	2	0	2	315.022	0.278	87.576	4875.0	0.161	False	protein_coding	missense	9	216.681	18072.012	83.404	0.479	7.247	16.661	0	876.659	14605.85	1.214	18.0	182.615	520.2	16.0	33.0	0.2118595466017723	0.0791263952851295	0.0115686531100993	0.3496722452684576	20.2322554347826	1.1986684782607568	18072.0119166659	216.6814604684944	7.247250000000002	0.4791249999999994	13722.33	977.31	8.540000000000001	1.23	15489.37	542.06	12.0	1.0	22330.41	989.9	24.0	2.0	24414.57	671.33	17.0	0.74	0.001574	0.154969	6.8	0.54	10992.948761900088	776.0086328378046	24.0	1.6	13690.8370038596	1178.7725122500904	19.0	2.8	12887.539221182798	1071.9388222844614	19.0	2.6	False	True
chr1-71080956-71080957-C-G	Reject	1	8	8	1	58.68	0.147	8.626	721.0	0.118	False	protein_coding	missense	9	9.31	16.82	1.807	0.07	0.17	1.256	1	634.071	796.457	1.553	1.9	443.75	801.48	16.0	8.9	0.0364567376673221	0.2976508475840091	0.0791134158827362	0.2634024304225411	3.454483695652087	1.506657608695562	1225.4535035804015	730.9211443914835	3.2458750000000007	2.2035000000000013	16.82	9.31	0.1699999999999999	0.0699999999999999	434.86	537.22	0.16	0.2	1765.99	1290.38	2.0	1.6	2170.92	2600.24	0.48	0.58	0.022908	0.028715	1.7	1.5	1158.0530182780362	1290.3815441454742	2.1	2.4	220.70389617236404	299.09558335741013	3.0	3.8	118.7326059971512	163.51966924573074	1.8	2.4	True	False
chr1-202741610-202741611-C-A	Pending	1	6	0	3	37.314	0.192	7.164	308.0	0.098	False	protein_coding	missense	9	38.798	42.151	1.086	0.199	0.305	1.348	0	604.117	814.121	0.98	0.85	274.8	802.4	4.56	13.41	0.0663375109434127	0.0994431674480438	0.5248712006764232	0.607794409415317	0.7682608695650828	0.599945652173858	98.54986316147816	78.46739569086301	0.30525	0.198625	519.24	158.48	2.76	1.26	2939.71	3769.78	0.9	1.3	2157.34	1534.27	2.3	1.8	3180.91	1304.59	0.73	0.3	0.104831	0.222064	0.52	0.24	1109.0025961138124	1028.1104483849197	1.9	1.8	42.15120552830538	38.798059077408595	0.8	0.7	174.81150025602344	180.1233435573829	2.5	2.6	False	False
chr6-26204666-26204667-G-A	Pending	6	2	0	1	1677.738	0.121	203.006	3929.0	0.088	False	protein_coding	missense	10	105.544	23551.283	223.141	0.26	9.295	16.501	0	1300.423	21458.651	1.6	35.0	643.93	1893.99	31.34	51.34	0.00187524035573	0.066865149885416	0.0042864469579595	0.508706823742275	62.74467391304348	0.8024184782607193	23551.282512161968	105.5442071497428	9.295125	0.2604999999999998	19366.02	6290.59	21.52	7.01	37744.46	1746.06	36.0	2.0	40489.28	1407.05	62.0	1.7	40313.56	3051.79	61.0	1.5	4.9e-05	0.16403	36.0	0.69	17316.93169471617	1017.0464840378708	23.0	1.2	8967.884371610018	710.7060296095962	28.0	2.7	12131.932910500953	1193.7956718281891	34.0	4.8	False	False
chr7-140456856-140456857-C-G	Pending	5	1	0	2	144.377	0.095	13.716	507.0	0.092	False	protein_coding	missense	9	42.541	239.227	5.623	0.17	1.3	8.359	0	812.688	6793.425	2.35	6.85	44.45	64.4	5.07	7.6	0.005611763743218	0.0045098923146724	0.0049101722713975	0.0065135304065633	62.74467391304348	37.35904891304347	20744.643564579208	15420.662048742235	39.2655	24.330000000000005	14772.98	788.31	27.65	3.5900000000000003	3667.71	454.77	1.3	0.17	9919.14	3000.81	9.4	3.1	13665.47	6266.85	4.3	1.6	0.000583	0.004465	12.0	4.4	1437.8310001273976	837.065307307968	2.9	1.3	239.226893090567	42.54122583105379	3.2	0.8	282.85899891470757	64.50152756691274	3.6	1.1	False	False
chr6-21594749-21594750-C-G	Pending	6	3	0	1	8.309	0.469	3.897	862.0	0.153	False	protein_coding	missense	9	41.742	127.224	3.048	0.11	0.36	2.121	0	311.86	661.39	0.675	0.968	138.11	585.91	13.26	29.9	0.071326408535242	0.0337519869208335	0.5406585194379673	0.5052146264850673	0.7355706521738057	0.8108152173911805	94.01337066195984	94.9072059359588	0.2827500000000001	0.289375	405.08	380.6	2.35	2.26	1039.34	245.81	0.36	0.11	917.7	377.91	1.2	0.55	2858.63	2256.01	0.65	0.5	0.153633	0.130959	0.35	0.42	2842.778048235646	1619.5580271428798	7.9	3.5	216.17725604151255	82.94877945376778	3.0	1.3	127.224279487118	41.74168726943135	1.9	0.8	False	False
chr9-136791740-136791741-C-T	Pending	1	2	0	9	11.943	0.057	0.681	371.0	0.067	False	protein_coding	missense	11	6.33	27.23	4.302	0.014	1.384	27.98	0	31.499	881.346	0.042	1.182	157.27	109.03	14.42	11.26	0.5851511061191559	0.8210839033126831	0.2795362956237044	0.9746667029602788	1.4398641304346853	0.0141576086956831	1915.082088311724	39.828826797220586	1.3836250000000008	0.05325	291.79	8.29	0.6	0.03	107.75	23.17	0.3	0.08	339.15	15.61	0.98	0.03	27.23	6.33	0.07	0.02	0.630034	0.918055	0.1	0.02	4676.226873485467	254.6083498698839	5.0	0.2	1423.5410656869328	1343.9094259014048	2.1	1.9	1769.7421719387546	1418.7634770953655	3.0	2.1	False	False
chr12-30680573-30680574-G-T	Pending	1	7	0	1	57.155	0.084	4.801	479.0	0.063	False	protein_coding	missense	10	85.34	156.19	1.83	0.28	0.41	0.81	0	660.865	535.375	1.018	0.652	76.57	63.72	1.01	0.73	0.5491977706551552	0.327285498380661	0.6597661058897489	0.4075427681718667	0.5077173913043254	1.036603260869441	320.566343155111	415.1869883036998	0.6036249999999995	0.6929999999999996	156.19	85.34	0.41	0.2799999999999999	686.97	686.81	1.3	1.3	311.03	517.2	0.74	1.2	383.78	634.92	0.5	0.72	0.322768	0.248069	0.27	0.35	902.925945728536	1249.169100192773	0.7	1.0	1467.9457300130969	1467.9457300130969	5.0	5.0	1697.6962916180466	1659.052006047806	5.6	5.5	False	False
chr16-68302425-68302426-C-T	Pending	1	8	0	1	8.587	0.079	0.678	432.0	0.069	False	protein_coding	missense	9	32.05	26.64	0.831	0.01	0.01	1.178	0	64.393	75.825	0.103	0.115	5129.38	4237.89	76.32	71.23	0.6168454959988594	0.4576210416853428	0.9425222623350872	0.9033840746755606	0.058288043478285	0.1168206521739136	45.54144133443636	45.46652999134041	0.04525	0.04525	1011.26	674.35	0.1399999999999999	0.06	100.87	120.38	0.14	0.16	50.78	54.19	0.09	0.09	26.64	32.05	0.03	0.03	0.980806	0.985973	0.01	0.01	312.71813855136116	316.1200502534412	0.3	0.3	49.373054955276174	46.61116952599109	0.2	0.2	125.5220432241214	74.59676602150031	0.3	0.2	False	False
chr7-92076878-92076879-G-C	Pending	1	5	0	0	175.396	0.206	36.132	2189.0	0.109	False	protein_coding	missense	9	436.727	436.727	1.0	1.5	1.5	1.059	0	2697.397	2857.733	3.85	3.8	493.06	1062.98	8.55	16.91	0.0072724074125289	0.0119877569377422	0.0287617867208604	0.0297514212254766	8.545326086956507	8.269211956521715	3298.5669113861563	3237.453920014193	1.8413749999999989	1.8336249999999987	21777.78	22348.77	25.39	26.37	4637.23	4353.0	4.0	3.9	2416.9	2157.34	2.8	2.7	12321.54	11485.25	4.6	4.2	0.026095	0.02729	2.2	2.2	1304.4189904398024	1209.2729068825724	4.2	3.8	436.72695739820057	436.72695739820057	1.5	1.5	954.157349840028	1305.0285115303495	3.6	5.0	False	False
chr7-43619695-43619696-G-C	Pending	1	5	0	2	52.807	0.063	3.327	1522.0	0.1	False	protein_coding	missense	9	96.559	93.7	0.97	0.225	0.218	0.856	0	813.114	696.331	1.1	1.1	46.28	75.35	5.58	8.52	0.1197548508644104	0.1586448363959789	0.5836025853831299	0.6096853886675951	0.6467391304347245	0.5961956521738614	93.70030222535448	96.55860962235928	0.2184999999999999	0.2252499999999999	2432.76	3298.05	3.53	4.35	1648.77	1534.05	2.0	1.8	545.95	522.82	1.2	1.2	834.68	863.06	0.54	0.56	0.290401	0.270899	0.4	0.43	1121.0669072114465	1039.2947723310567	3.6	3.3	251.88946268661832	251.88946268661832	1.0	1.0	557.9817569000235	763.1677330687778	2.0	2.8	False	False
chr6-27146458-27146459-C-G	Pending	6	10	0	0	2030.692	0.215	436.599	11345.0	0.119	False	protein_coding	missense	11	1912.67	2058.923	1.076	1.957	1.769	0.902	0	3598.171	3246.77	7.074	5.94	39.02	43.24	4.72	5.23	0.0650381632149219	0.0899011865258216	0.0387019153089927	0.0337658331448063	6.479157608695644	7.348016304347794	2967.476791027488	3758.466952963336	1.7686249999999983	1.9571249999999991	8907.65	11852.2	9.39	12.3	19738.51	20190.61	15.0	15.0	1414.68	1989.19	2.2	2.6	14314.11	17292.96	5.4	6.8	0.001321	0.001704	8.5	7.6	1989.193095131647	1925.6618788676217	3.0	2.9	3526.0624515454674	3437.874352201196	8.3	8.1	2058.9225017712424	1912.669797130338	3.8	3.0	False	False
chr14-32090795-32090796-C-T	Reject	1	3	3	0	41.095	0.238	9.781	1330.0	0.117	False	protein_coding	missense	9	537.737	305.19	0.568	0.53	0.43	0.768	1	2889.878	2220.534	5.5	3.084	288.79	523.81	20.67	28.27	0.2472715973854065	0.0769210122525692	0.2154413062759545	0.0791350876230764	1.7432065217390402	3.454483695652087	798.4422173826038	1419.6280086980173	2.3680000000000008	3.623875000000001	15966.28	19955.05	29.72	37.07	1341.26	1717.11	0.43	0.53	4962.95	8208.09	4.7	7.8	7281.56	15163.54	1.9	5.0	0.028876	0.006755	1.5	3.5	3099.8074179973237	4062.6458292605503	8.9	14.0	932.8460995819288	1658.8610116216626	8.7	14.0	305.18978973223403	537.7370991175987	3.8	6.0	True	False
chr21-26000047-26000048-C-T	Pending	1	8	0	2	83.609	0.082	6.856	1687.0	0.071	False	protein_coding	missense	10	347.811	324.112	0.932	1.1	2.3	1.005	0	2142.775	2154.498	1.4	2.0	15305.42	14572.69	98.45	98.01	0.1609237417578697	0.2475596629083156	0.3269092274512552	0.3812571642263634	1.2724728260868403	1.1085597826085376	324.1124003369414	347.81091830583813	1.1385	1.2140000000000004	823.54	455.38	3.68	2.54	22205.61	19518.5	12.0	8.3	1785.2	1894.66	1.8	1.8	8306.0	5671.67	2.2	1.5	0.015239	0.045656	2.3	1.1	2523.7962059597608	2390.8891056788234	1.4	1.3									False	False
chr20-63940676-63940677-C-T	Pending	1	5	0	1	21.741	0.099	2.152	585.0	0.091	False	protein_coding	missense	10	164.56	78.2	0.475	0.13	0.06	0.804	0	752.322	605.07	0.87	0.795	56.2	55.945	0.98	0.92	0.135357666760683	0.2317761033773422	0.5967744316659853	0.4155147137700492	0.6212499999999181	1.0168206521737773	93.77188859854006	283.4252406017268	0.2184999999999999	0.6151249999999997	448.01	1333.41	1.2	2.36	567.99	413.89	0.79	0.6	642.15	711.66	0.83	0.94	78.2	164.56	0.1	0.16	0.786203	0.576118	0.06	0.13	751.2243258762381	792.984124177032	0.8	0.8	705.8135637148138	967.5869448084704	2.7	3.9	1098.8287148950471	1659.319435188707	4.4	6.3	False	False
chr10-73243874-73243875-C-T	Pending	1	7	0	1	22.161	0.152	3.368	1251.0	0.052	False	protein_coding	missense	9	110.284	81.458	0.739	0.277	0.177	0.816	0	1383.763	1128.462	2.4	1.75	86.01	89.42	0.91	0.97	0.0295935161411762	0.0536610893905162	0.5385684387539698	0.4863651081429825	0.7398913043477222	0.8515489130433593	81.45797771969255	110.28351061978346	0.177	0.2768749999999998	1268.94	5644.03	2.29	6.43	1778.28	2867.31	2.0	2.8	792.98	1229.06	1.5	2.0	2290.88	2951.54	1.2	1.4	0.17278	0.197088	0.66	0.58	1062.0297506032605	1222.4280109388617	3.4	3.9	1186.3422568370854	1419.743862759449	4.5	5.4	1070.5821548283643	1347.783080126786	4.1	5.2	False	False
chr11-12293572-12293573-G-A	Pending	6	4	0	0	49.61	0.311	15.429	90.0	0.079	False	protein_coding	missense	9	98.947	59.243	0.599	0.311	0.096	0.606	0	3575.923	2167.603	8.35	2.45	119.785	332.06	7.25	16.02	0.1145895235240459	0.1108934208750724	0.6823553353983798	0.5629888000072936	0.4674999999999443	0.6891032608694729	59.24348184845292	98.9474220597342	0.096125	0.311375	7699.27	11423.81	16.06	22.040000000000003	5821.51	12649.93	2.1	4.7	6229.0	13070.67	5.7	14.0	2094.6	2769.55	0.46	0.63	0.208195	0.158224	0.26	0.34	2240.6066112583476	4382.296453477993	5.8	15.0	203.14680671610904	1367.130587186436	2.8	12.0	325.51424596747916	1444.0093323399612	4.1	13.0	False	False
chr1-161122359-161122360-G-C	Pending	1	1	0	2	16.656	0.051	0.849	711.0	0.058	False	protein_coding	missense	9	19.21	31.34	1.631	0.08	0.23	2.74	0	309.745	848.715	0.718	0.938	638.545	506.04	27.55	27.6	0.1304330602288246	0.1680938303470611	0.3920160543797457	0.4929406955914761	1.078097826086804	0.8360597826086007	216.65806229687985	162.84237742790577	0.7972499999999997	0.5999999999999999	31.34	19.21	0.3399999999999999	0.21	624.63	184.29	0.23	0.08	2523.8	1000.67	2.6	1.3	804.22	343.07	0.19	0.08	0.333279	0.322964	0.13	0.14	893.2091487761664	727.2315846854273	1.5	1.0	10181.45860782609	1798.0840971171556	33.0	14.0	1716.2083079258866	276.420342021751	14.0	3.5	False	False
chr4-109913372-109913373-C-T	Pending	1	7	0	4	0.349	0.286	0.1	7.0	0.054	False	protein_coding	missense	9	36.28	56.26	1.551	0.03	0.05	1.85	0	61.42	113.62	0.16	0.26	37.1	22.57	4.49	2.53	0.5788601562380791	0.6936302147805691	0.9202705357159932	0.9448999642336025	0.0904347826086962	0.0557608695652334	56.9259283261334	57.5251351507644	0.1293750000000001	0.1322500000000001	56.26	36.28	0.2	0.1399999999999999	106.98	62.16	0.3	0.18	96.15	56.28	0.49	0.34	120.26	60.68	0.22	0.14	0.805929	0.876224	0.05	0.03	784.45046119223	537.157411716568	1.6	1.2	377.94621465976985	210.10190974859992	1.1	0.7	318.54441862839946	142.6165741910591	0.9	0.6	False	False
chr14-73272640-73272641-C-T	Pending	2	5	0	3	16.189	0.031	0.502	325.0	0.068	False	protein_coding	missense	10	76.46	101.64	1.329	0.146	0.123	2.204	0	170.056	374.754	0.36	0.518	1598.6	929.57	22.82	16.0	0.730365414172411	0.6808999106287956	0.8994598758615029	0.8848296227335942	0.1226630434782833	0.1464673913043555	128.49758149807957	125.52168170021206	0.3364999999999997	0.3294999999999997	101.64	76.46	0.31	0.25	506.01	214.59	0.96	0.49	288.34	118.1	0.72	0.39	197.64	103.3	0.33	0.19	0.493973	0.472948	0.16	0.18	855.3764372017306	688.9344191199156	0.7	0.5	477.2105100784457	266.5078464939721	2.3	1.5	461.1688873113759	285.0099355920156	2.3	1.5	False	False
chr19-40590328-40590329-C-G	Pending	1	6	0	0	63.72	0.072	4.588	487.0	0.176	False	protein_coding	missense	11	154.78	136.67	0.883	0.18	0.16	1.092	0	1838.727	2008.756	0.75	1.5	60.5	104.47	0.66	1.64	0.1449722237884998	0.2038443833589553	0.1756440047128336	0.4800365597820425	2.0051086956520976	0.8654619565216422	714.2495503657384	195.6219156316873	2.167625000000001	0.7251249999999999	3877.56	4074.24	9.89	10.23	2655.4	2344.5	0.84	0.74	136.67	154.78	0.16	0.18	6122.95	3972.67	1.6	0.92	0.031671	0.06905	1.4	0.76	1362.1125453370685	1332.953664331198	0.5	0.5									False	False
chr2-38855124-38855125-C-T	Pending	1	4	0	1	9.928	0.043	0.427	303.0	0.068	False	protein_coding	missense	9	49.798	45.312	0.91	0.052	0.049	0.854	0	164.753	140.655	0.38	0.36	70.41	44.64	8.06	5.39	0.0395988188683986	0.0730493403971195	0.6486879281899326	0.6717729338135313	0.5263586956521351	0.4865489130434355	52.68378179695907	53.52648706515596	0.048625	0.051625	95.3	116.9	0.42	0.5	135.22	193.76	0.2	0.28	163.39	169.69	0.46	0.46	184.68	204.52	0.18	0.19	0.759725	0.74863	0.07	0.07	289.90805501337366	302.73048891663535	0.7	0.7	45.311662825437594	49.79778203955339	0.3	0.3	146.08983548118215	159.81590557228208	0.6	0.6	False	False
chr1-200648501-200648502-C-G	Pending	1	2	0	0	20.605	0.162	3.338	383.0	0.1	False	protein_coding	missense	11	174.34	1765.99	10.13	0.53	3.0	3.475	0	1642.096	5706.503	1.368	7.104	44.84	74.8	5.42	8.47	0.2618899792432785	0.320341594517231	0.0157841564125583	0.2236960864811771	15.160951086956516	1.6983695652173054	15679.09330073719	991.5012607473222	5.708625000000001	1.038375	771.48	472.21	1.08	0.8	18233.14	3633.69	14.0	3.4	1765.99	174.34	3.0	0.53	15611.87	2150.93	8.5	1.7	0.003616	0.081348	4.8	0.94	4883.053172255114	1133.2624602040687	5.2	1.0	3849.195771216602	2762.930750565143	12.0	6.2	6529.952166902867	3757.595265737216	22.0	9.9	False	False
chr20-41365064-41365065-C-G	Reject	1	7	6	3	1.215	0.362	0.44	47.0	0.051	False	protein_coding	missense	8	28.78	28.16	0.978	0.07	0.07	1.416	1	237.115	335.72	0.193	0.27	327.46	353.64	22.12	23.07	0.2773606181144714	0.3928566724061966	0.6973379596190487	0.814201977322307	0.4426086956521544	0.2556793478260744	99.7277202929295	78.35738315641396	0.3103749999999999	0.225875	721.66	745.29	0.0699999999999999	0.0699999999999999	273.73	247.23	0.4	0.36	28.16	28.78	0.09	0.09	397.71	227.0	0.23	0.16	0.593389	0.674781	0.19	0.15	196.3800481231358	134.47247924652447	0.1	0.1	4368.577050936102	5988.802623214531	7.7	12.0	6755.072274080381	8762.539727935522	13.0	15.0	False	False
chr2-203183355-203183356-G-A	Pending	5	7	0	1	19.443	0.088	1.711	181.0	0.111	False	protein_coding	missense	9	423.087	222.039	0.525	0.39	0.25	0.353	0	857.765	303.01	1.5	0.8	153.46	2183.09	2.82	27.38	0.0061673633754253	0.0063774175941944	0.2745218479862753	0.1438295120794572	1.4610869565216404	2.2920108695651606	238.49726176844476	550.6569887225864	0.5082499999999994	0.7944999999999997	1846.93	9205.93	1.7999999999999998	5.800000000000001	409.54	922.55	0.8	1.5	299.47	792.98	0.93	1.8	306.55	1131.17	0.44	1.0	0.359027	0.216725	0.25	0.39	883.5969186971492	1290.3815441454742	1.9	2.8	222.03937694154823	423.0873106031548	0.7	1.2	273.6339628018705	537.2420529584251	0.8	1.5	False	False
chr2-226797822-226797823-C-T	Pending	1	7	0	1	3.837	0.072	0.276	291.0	0.055	False	protein_coding	missense	9	18.179	29.28	1.611	0.07	0.08	0.737	0	162.764	120.02	0.503	0.506	7.67	7.19	0.35	0.3	0.0080099068582057	0.0042314492166042	0.4247231806708189	0.348749841957713	0.9941576086955166	1.2019836956520606	120.65932612984685	165.63786548465615	0.41275	0.6056249999999999	98.67	216.44	0.8999999999999999	1.5599999999999998	167.0	130.52	0.08	0.07	119.38	159.89	0.14	0.22	362.61	446.19	0.09	0.1	0.3381	0.320492	0.13	0.14	984.5638656907048	810.3309610065206	1.7	1.2	41.19172695041844	55.56611072596475	0.8	1.0	29.279927700132017	18.17900043350705	0.6	0.4	False	False
chr16-55528558-55528559-C-G	Reject	1	1	1	2	13.308	0.084	1.118	275.0	0.082	False	protein_coding	missense	9	23.868	9.612	0.403	0.25	0.26	0.955	1	685.912	654.937	3.255	2.03	25.41	35.64	2.92	4.3	0.0172407813370227	0.0098907276988029	0.0275918906902026	0.0097665742915017	8.839293478260856	24.57923913043477	3574.3644142273706	10328.433787895745	6.849500000000004	15.496500000000005	283.78	365.7	1.86	2.21	691.59	682.89	0.26	0.25	2088.44	4502.45	2.2	4.3	16463.85	18839.99	5.6	7.2	0.009567	0.000824	2.9	9.8	618.2842486218158	688.9344191199156	0.7	0.9	9.611916735173152	23.867668650452934	0.3	0.4	15.155490616607018	50.99997932049953	0.3	0.9	True	False
chr2-200389250-200389251-G-A	Pending	2	7	0	0	33.837	0.184	6.226	245.0	0.11	False	protein_coding	missense	8	85.71	123.98	1.447	0.62	0.39	0.736	0	3133.702	2305.762	1.156	1.13	128.05	256.65	12.6	19.37	0.0703056044876575	0.029918123036623	0.3394708833867041	0.2854951811871604	1.230081521738995	1.4180434782607565	219.81887008208264	245.87627428276173	0.8039999999999997	0.8937499999999997	123.98	85.71	1.06	0.8099999999999999	12631.46	13762.51	4.7	5.2	323.04	585.72	0.39	0.62	4809.59	6483.35	1.2	1.7	0.082886	0.070463	0.65	0.75	4288.484190125121	5681.683446584433	3.6	5.4									False	False
chr8-86448487-86448488-G-A	Pending	1	1	0	0	41.803	0.065	2.717	882.0	0.08	False	protein_coding	missense	11	353.708	308.142	0.871	0.3	0.2	0.874	0	1829.794	1600.048	1.4	0.79	29.3	23.11	3.47	2.6	0.0104897208511829	0.0587058030068874	0.2305212757620064	0.2370832723637461	1.6615489130433758	1.6326630434781606	308.1418706235614	353.7084883596711	0.6542499999999992	0.6939999999999992	3216.51	5428.76	0.59	2.39	4222.37	5850.88	3.9	4.9	503.39	801.61	0.75	0.96	2016.71	3469.34	0.78	1.3	0.110023	0.037062	0.8	1.5	1183.3858794734783	1672.9903001725866	0.8	1.2	2056.411386869756	1986.5980278501904	2.5	2.4	322.3146160671289	579.8023883640611	0.2	0.3	False	False
chr1-156963551-156963552-C-T	Pending	1	3	0	0	15.464	0.119	1.84	360.0	0.067	False	protein_coding	missense	9	340.086	2045.295	6.014	0.5	1.4	1.016	0	1641.019	1667.838	2.6	1.85	1215.23	1623.58	42.17	48.02	0.0176155716180801	0.0487890653312206	0.0465893195100406	0.2376377213054221	5.44942934782604	1.6274184782607648	2045.295492107332	340.0859541670192	1.3321249999999998	0.6859999999999992	5865.62	6055.21	5.11	27.56	4034.92	5913.95	3.7	4.9	1290.38	1183.39	1.4	1.4	18193.93	9714.89	6.6	3.1	0.045082	0.231041	1.4	0.5	1062.0297506032605	1584.8879846730229	1.7	2.7	646.3831103070393	1497.9247616555156	1.2	2.5	1065.9086829258797	1697.149107194204	2.0	2.8	False	False
chr19-58563114-58563115-C-G	Reject	1	9	7	0	17.776	0.164	2.915	207.0	0.173	True	protein_coding	missense	10	206.058	160.738	0.78	0.495	0.41	0.769	2	2274.801	1749.8	1.95	1.9	37.45	38.7	3.3	3.4	0.0596371926367282	0.0491485670208931	0.401471041036559	0.3367711374587895	1.052445652173759	1.2398097826085603	160.7381975721499	206.0583140723033	0.4102499999999997	0.4953749999999998	1573.94	6111.38	2.62	6.8500000000000005	1477.05	1766.95	1.8	2.0	1925.66	2416.9	2.2	2.5	3065.32	3836.85	1.5	1.7	0.045627	0.046331	1.7	1.6	1534.2695396588344	1485.2677558853384	2.0	1.9	2475.654301341109	2745.9334023435927	9.1	11.0	2192.451525435768	2132.701134633215	8.2	8.0	False	False
chr16-71649237-71649238-C-G	Pending	1	3	0	3	8.836	0.096	0.848	83.0	0.069	False	protein_coding	missense	11	70.68	607.69	8.598	0.09	0.3	1.971	0	745.866	1470.075	0.805	1.9	48.41	84.98	5.82	9.36	0.0246482752263546	0.1156200356781482	0.1322629514562254	0.2478933731678896	2.4134510869564423	1.5795380434781805	650.5299357271637	409.60278379878906	2.0220000000000007	1.3860000000000006	607.69	70.68	3.05	0.69	3962.06	1082.13	1.4	0.38	257.38	88.18	0.3	0.09	7078.12	3978.69	1.8	0.92	0.018205	0.041236	2.0	1.2	2289.620754290416	1158.0530182780362	1.2	0.4									False	False
chr19-45392186-45392187-G-A	Pending	1	5	0	0	7.683	0.239	1.836	46.0	0.185	False	protein_coding	missense	9	517.916	1556.194	3.005	0.49	0.59	1.297	0	1775.046	2302.593	1.87	3.05	364.09	770.44	7.38	13.96	0.0584178604185581	0.0749707743525505	0.0685716220325405	0.1851849455342508	3.8986413043477626	1.9404076086955653	1556.1938662605985	517.9162337003474	1.2046249999999998	0.8103749999999992	6023.36	5918.89	15.83	6.35	7274.87	5512.37	5.7	4.7	2352.4	1369.5	2.1	1.4	8800.7	5391.86	2.8	1.8	0.185325	0.238685	0.59	0.49	1824.253478364652	2054.8203260098107	3.3	3.8	1092.6724671859006	856.0320006279255	2.0	1.6	2252.786318830561	1495.27130822001	3.5	2.5	False	False
chr6-26055810-26055811-C-G	Pending	6	3	0	0	638.923	0.141	90.088	2609.0	0.089	False	protein_coding	missense	9	7856.86	9285.1	1.182	0.64	0.98	1.515	0	13774.287	20864.272	18.406	28.355	842.34	875.03	6.68	9.1	0.0229637399315834	0.0167692452669143	0.0044313278569818	0.0044437312302854	62.74467391304348	62.74467391304348	24572.387529700107	23954.823381631017	20.137125	18.811875	8772.29	9207.59	32.71	40.57	9285.1	7856.86	0.98	0.64	16404.99	14564.23	17.0	13.0	39101.66	36803.61	56.0	43.0	0.001305	0.001828	8.6	7.2	50000.0	43911.91370280116	90.0	87.0	17156.156529297263	12984.343613501023	24.0	18.0	27057.645344007207	10526.645556063102	38.0	14.0	False	False
chr8-56441280-56441281-C-G	Pending	1	6	0	4	1.187	0.053	0.063	19.0	0.065	False	protein_coding	missense	8	24.07	19.18	0.797	0.08	0.04	0.711	0	149.817	106.475	0.29	0.165	614.895	629.28	25.09	30.0	0.4169375449419021	0.4404813125729561	0.7029508323838766	0.7301907504691011	0.4330434782608563	0.3898369565217194	161.30946788620315	153.07425719738455	0.3989999999999996	0.3841249999999997	7.35	41.08	0.02	0.16	38.4	146.56	0.12	0.38	19.18	24.07	0.04	0.08	51.64	81.35	0.13	0.17	0.583986	0.60817	0.12	0.11	214.1357220260579	246.47662139274465	0.2	0.2	35269.55661130865	35842.64080437139	51.0	51.0	28161.773421136342	26464.27495068146	43.0	41.0	False	False
chr1-205321599-205321600-G-C	Reject	1	3	3	2	6.871	0.134	0.921	268.0	0.156	False	protein_coding	missense	9	303.21	423.56	1.397	1.268	1.214	1.001	1	914.17	915.306	2.7	2.565	180.6	169.37	15.72	15.1	0.0170743316411972	0.0080168284475803	0.2144034890255335	0.2001844620454426	1.7490489130433955	1.8393206521738392	347.4104928803426	367.4643594076621	1.2140000000000004	1.2680000000000002	423.56	303.21	2.43	1.95	11350.34	8874.72	4.2	3.2	8433.14	11857.88	8.0	13.0	4719.99	9828.76	1.2	2.7	0.069207	0.022832	0.76	1.8	1407.051206502568	1376.930319032567	2.8	2.7	194.00369428781357	441.3773064344951	2.7	5.2	288.1177403281296	451.4087779762392	3.7	5.3	True	False
chr1-62128028-62128029-G-C	Pending	1	8	0	0	22.271	0.2	4.454	205.0	0.053	False	protein_coding	missense	9	209.433	761.965	3.638	0.772	2.277	1.444	0	3618.904	5224.176	3.75	4.2	28.58	56.19	0.1	0.42	0.0037809759378433	0.018698938190937	0.1082722991409371	0.309762365478908	2.760054347826	1.330624999999927	761.9647377911255	209.43298098377656	2.277000000000001	0.7716249999999998	35806.91	40623.66	76.44	92.13	9086.24	11183.1	3.3	4.1	15290.89	10527.33	16.0	10.0	14633.57	5652.92	4.7	1.5	0.004142	0.032186	4.5	1.4	1362.1125453370685	1584.8879846730229	2.7	3.4	451.6583046261736	1379.7804907616214	5.3	12.0	315.1882362678878	563.0798678321144	3.9	6.2	False	False
chr15-40854428-40854429-C-T	Reject	1	3	3	0	21.063	0.332	6.993	307.0	0.102	False	protein_coding	missense	10	616.183	1246.551	2.023	2.3	3.3	1.73	4	4753.741	8221.625	5.4	6.85	105.41	130.08	10.99	12.73	0.0005262270569801	0.0002407353240414	0.0067551762826866	0.0168769496919798	37.35904891304347	14.277038043478257	14635.436000302754	5636.241616959266	5.245750000000001	2.3796250000000008	6361.81	3871.24	4.23	2.93	10219.7	10874.64	7.3	7.8	10081.44	6575.26	8.4	5.9	11970.29	11000.57	6.4	5.8	0.000192	0.000157	16.0	18.0	3567.971061190687	2579.005231766049	3.3	2.3	1246.5508523400483	616.1834081842344	4.6	2.7	2843.5443093021527	1465.0754802899155	8.1	5.0	True	False
chr12-57613484-57613485-G-A	Pending	1	4	0	1	4.558	0.156	0.711	154.0	0.09	False	protein_coding	missense	9	48.637	43.899	0.903	0.03	0.014	0.798	0	806.198	642.965	0.874	0.998	433.04	612.98	7.5	10.52	0.0046593472361564	0.0039692185819149	0.6607987891703367	0.6375745354780638	0.5057608695651794	0.5470923913043038	43.89859462210881	48.63679505988249	0.014125	0.0299999999999999	640.3	1282.69	1.49	2.3	1296.13	853.0	1.6	1.2	1682.07	2403.86	2.3	2.8	313.27	605.97	0.27	0.44	0.914669	0.829449	0.02	0.04	645.6305357438321	759.396537558375	2.0	2.4	121.95791751846654	128.88726262075062	0.5	0.5	782.7444554749139	1003.737153659918	2.8	3.8	False	False
chr9-127673204-127673205-G-A	Pending	1	10	0	0	26.685	0.482	12.862	456.0	0.142	False	protein_coding	missense	10	6469.41	4883.053	0.755	4.841	11.687	1.433	0	10753.18	15407.585	8.5	10.45	177.675	659.17	8.1	9.4	0.0192319601774215	0.1026185825467109	0.0047614721012395	0.010296442863791	62.74467391304348	22.19230978260869	22504.43028701196	13704.40954901126	11.686625	4.840625000000001	17417.82	15077.23	11.3	9.49	17662.66	12525.04	14.0	8.8	15290.89	9759.45	14.0	8.2	15524.28	11746.91	8.4	6.2	0.000703	0.002681	9.6	5.4	4883.053172255114	6469.409970422214	4.9	6.7	1048.8418309725942	6945.6037024282605	4.1	16.0	609.3404374272023	7309.034300746672	2.7	16.0	False	False
chr19-3531761-3531762-G-A	Pending	1	3	0	0	69.081	0.08	5.526	451.0	0.141	False	protein_coding	missense	10	650.467	573.844	0.882	0.862	0.811	1.156	0	5015.92	5796.876	4.0	5.85	39.66	91.14	2.4	4.9	0.3067959100008011	0.0539435558021068	0.3184322036340222	0.1446303247256675	1.2999728260868864	2.2818206521738347	573.8444927786757	650.4673234944192	0.8108749999999997	0.8621249999999997	22152.92	18709.97	15.93	12.4	7733.13	7724.18	5.8	5.8	8119.76	5099.03	6.9	5.0	5787.78	4932.81	3.4	3.0	0.020827	0.015064	2.0	2.4	5805.9724867553105	3167.6169136018457	5.9	3.0	3505.1773768294947	7107.387595854096	9.0	16.0	3402.9847275099455	4506.714018274518	8.9	12.0	False	False
chr1-228275781-228275782-G-C	Pending	1	9	0	0	29.68	0.036	1.068	138.0	0.061	False	protein_coding	missense	9	849.591	1775.048	2.089	1.3	1.9	1.208	0	1718.554	2075.73	2.625	2.7	51.04	156.74	6.11	14.4	0.8248536363244057	0.2792930528521538	0.4920792161545526	0.1294168352232649	0.8377717391303179	2.4501358695651163	1787.4797230289182	1687.647178478895	1.430874999999998	1.400874999999998	25429.68	9165.33	32.379999999999995	9.63	2363.98	1749.46	2.5	2.0	2523.8	2228.52	2.9	2.8	4575.68	2615.28	1.9	1.3	0.140423	0.056373	0.8	1.5	1584.8879846730229	1391.9092882313646	5.2	4.7	1775.047585011185	849.59118949098	6.8	3.1	1646.7209092748735	1505.2893881740936	6.3	5.7	False	False
chr2-27384725-27384726-C-G	Pending	1	3	0	0	37.823	0.177	6.695	1677.0	0.142	False	protein_coding	missense	9	1804.622	1391.909	0.771	1.1	0.6	0.982	0	5573.156	5471.482	7.15	4.927	685.75	703.785	24.0	28.0	0.0014147832989692	0.0028962530195713	0.0507975416495505	0.0263147616839355	5.054048913043445	9.15535326086956	1755.8450464905495	3566.8345491435275	1.4637499999999997	2.1875	6893.29	7579.42	11.05	16.950000000000003	19384.42	19545.97	5.8	6.0	30726.73	28951.56	60.0	54.0	24443.65	28246.7	8.0	15.0	0.003664	0.001418	4.8	8.3	1391.9092882313646	1804.6218566100913	0.6	1.1	4049.6734052445	3194.625838777906	3.9	3.0	2932.851001840987	3566.8923304206833	2.6	3.3	False	False
chrX-104175789-104175790-C-G	Pending	1	4	4	1	3.162	0.288	0.911	546.0	0.213	False	protein_coding	missense	10	529.321	183.395	0.346	0.817	0.505	1.121	1	1357.755	1521.874	1.4	1.4	27.37	16.34	3.2	1.58	0.0889091454446315	0.0331032052636146	0.3955932497546085	0.1609878361810737	1.0677717391302934	2.129347826086885	183.39527804478865	529.3209028643811	0.5046249999999998	0.8169999999999992	5977.01	5942.59	9.32	7.22	2335.79	1382.56	2.6	1.8	1525.99	1332.95	1.6	1.4	5621.82	3616.56	1.9	1.4	0.074494	0.063306	0.98	1.1	1517.7585670175067	1672.9903001725866	0.9	1.1	729.5750943897133	729.5750943897133	1.4	1.4	738.1081487738481	676.2698098326166	1.4	1.3	True	False
chrX-154469078-154469079-G-C	Pending	1	2	0	0	117.464	0.146	17.15	1190.0	0.127	False	protein_coding	missense	11	9168.325	1571.412	0.171	5.57	2.114	0.296	0	17127.07	5071.439	17.5	5.1	645.315	611.92	16.0	14.0	0.0026365704834461	0.0008658228416607	0.0208702618169894	0.0052800416914628	11.6303260869565	46.22467391304348	4549.940881517059	18913.039073214783	2.11425	5.5695000000000014	5775.74	18654.76	6.550000000000001	20.49	8706.19	15599.38	6.3	12.0	1691.19	31229.48	2.4	19.0	15622.01	26060.58	6.0	15.0	0.007062	0.000246	4.2	18.0	953.1186832043844	11479.159325780089	1.2	16.0	1571.411763771055	9168.325003703922	1.7	17.0	5592.937935307822	12990.922742080986	12.0	22.0	False	False
chr1-150470674-150470675-G-C	Pending	1	1	0	0	41.44	0.084	3.481	1222.0	0.059	False	protein_coding	missense	10	2065.97	1158.05	0.561	2.2	1.5	0.529	0	4059.003	2147.331	4.25	2.799	33.9	43.29	4.08	5.23	0.0496404096484184	0.0120937153697013	0.0174803119774139	0.0104531582785429	13.500896739130424	22.19230978260869	6503.62764128769	9701.38758932463	2.597500000000001	3.4803750000000004	5116.64	7644.4	3.58	4.93	2955.6	5775.09	3.0	4.6	1158.05	2065.97	1.9	2.7	1601.59	4055.36	1.4	2.6	0.037628	0.017882	1.5	2.2	2693.0728595832916	4062.6458292605503	2.4	3.9	1136.867889142478	2727.1561170511704	4.3	7.8	1284.8723992516625	2957.0590696717773	4.6	8.2	False	False
chr6-112350486-112350487-C-G	Pending	2	8	0	1	0.036	0.667	0.024	3.0	0.086	False	protein_coding	missense	9	88.02	79.172	0.899	0.13	0.18	0.977	0	287.192	280.553	0.284	0.264	449.01	580.19	26.14	29.75	0.6655375175178051	0.4940428212285042	0.91925593716459	0.8484637995037501	0.0918750000000017	0.2025271739130403	79.17216589712189	88.02021638127931	0.2289999999999999	0.2681249999999999	3169.4	2830.52	0.58	0.49	354.01	366.24	0.52	0.55	113.1	96.15	0.18	0.13	282.82	278.13	0.18	0.18	0.625105	0.598789	0.17	0.19	340.9925042250324	363.86363379152226	0.3	0.3	278.2851295595791	282.15646134166406	0.5	0.5	269.60006961189765	292.226771474326	0.5	0.5	False	False
chr5-93621066-93621067-C-T	Pending	1	5	0	0	28.244	0.158	4.463	228.0	0.06	False	protein_coding	missense	9	516.9	176.74	0.342	2.3	4.9	1.703	0	4734.516	8064.538	8.0	14.939	27.34	34.85	3.19	4.2	0.109242096543312	0.1859535165131092	0.0143245001935225	0.0341234521578566	16.15755434782608	7.147065217391287	9951.615185772953	5273.277301614964	14.877125000000005	8.991500000000004	176.74	516.9	1.36	2.75	26184.08	18748.48	15.0	7.8	25982.58	20149.14	31.0	22.0	17896.0	10971.92	6.6	3.2	0.003625	0.015063	4.9	2.3	2936.5666561709572	2936.5666561709572	8.2	8.2	6177.460825569683	4195.753833077283	27.0	22.0	4154.99016373853	2363.57833226999	22.0	17.0	False	False
chr17-5373451-5373452-G-C	Pending	1	6	0	0	42.087	0.101	4.251	903.0	0.087	False	protein_coding	missense	9	3345.184	3345.184	1.0	0.09	0.16	1.089	0	4606.76	5017.886	3.443	4.75	290.81	435.09	20.74	25.73	0.1058806404471397	0.1442814506590366	0.0254986161799427	0.0249664424577837	9.494239130434764	9.849456521739114	5366.061049725628	6310.681906375879	2.8371249999999995	3.1853749999999987	4364.25	4002.95	1.61	1.15	4572.96	3517.83	0.16	0.09	15795.37	11541.43	16.0	5.6	26941.63	23123.87	13.0	6.5	0.003805	0.007227	4.7	3.1	5681.683446584433	5210.570464861065	12.0	8.7	3345.183916125396	3345.183916125396	3.1	3.1	4669.710960271977	3893.050165190834	4.8	3.7	False	False
chr7-80758376-80758377-C-A	Pending	1	1	7	1	8.527	0.02	0.171	99.0	0.103	False	protein_coding	missense	10	94.126	109.071	1.159	0.321	0.327	1.678	1	521.97	875.86	0.86	1.015	383.47	433.42	24.09	25.68	0.1411676481366157	0.1308275982737541	0.5348092597395177	0.5297767167164964	0.7473369565216217	0.7573369565215984	124.22038168474448	122.1444941795842	0.3266249999999997	0.3206249999999997	605.72	437.13	0.93	0.76	1146.0	606.81	1.7	1.2	1602.13	1044.93	2.3	1.8	2027.52	1066.96	1.6	0.96	0.103038	0.128159	0.78	0.64	1391.9092882313646	1347.454232446704	1.1	1.1	109.07117707934752	94.12608599916936	0.7	0.7	190.046554345894	166.67098421686762	1.1	1.0	False	False
chr7-128351198-128351199-G-A	Pending	5	1	0	3	0.777	0.083	0.064	12.0	0.094	False	protein_coding	missense	9	53.575	622.132	11.612	0.02	0.7	9.687	0	319.735	3097.417	0.76	2.9	10.2	11.15	0.68	0.81	0.0385628789663314	0.2002221830189228	0.1432556602409475	0.7622908506207384	2.2920108695651606	0.3385597826086837	622.1320013794973	53.57546532019602	1.943875000000001	0.07025	43508.95	20719.48	99.07	38.55	9673.67	3954.1	3.5	1.4	3289.87	314.41	3.3	0.42	9294.86	325.06	2.5	0.07	0.077179	0.758431	0.7	0.02	2904.964926184022	1170.650925558883	8.1	2.1	104.66705387545298	60.09107868063886	1.6	1.1	441.1334597045588	77.36953736858239	5.2	1.3	False	False
chr19-3959985-3959986-T-C	Pending	3	10	0	0	27.133	0.333	9.035	3.0	0.196	False	protein_coding	missense	11	5154.497	4062.646	0.788	5.5	4.4	0.772	0	16199.373	12510.464	20.648	15.708	572.2	640.47	13.0	17.03	0.2009352147579193	0.0853701904416084	0.0088447957898804	0.0055291763197737	27.61739130434782	46.22467391304348	22960.915255201216	24530.914638856768	12.416125	15.295000000000002	14360.85	20723.96	8.98	14.35	29687.81	34750.98	27.0	37.0	4358.65	8664.37	5.5	8.7	11796.71	18064.66	6.3	12.0	0.000142	6.1e-05	19.0	26.0	4062.6458292605503	5154.497145169031	4.4	5.5	13224.218002240514	14334.08580951221	47.0	51.0	8768.190967623414	9569.957299749833	31.0	34.0	False	False
chr6-21594979-21594980-C-T	Pending	6	9	0	0	8.309	0.634	5.268	194.0	0.178	False	protein_coding	missense	9	4337.62	39998.99	9.221	2.0	63.0	6.406	0	6386.024	40910.24	7.15	64.0	4.78	5.23	0.08	0.11	0.0003151444061586	0.0079277120530605	0.0034163031417606	0.0169268381107834	99.28660326086955	14.277038043478257	29606.316032555347	5778.396025916977	39.953375	2.4098750000000013	35319.56	6470.75	46.45	4.29	41821.49	9266.24	65.0	6.8	38565.12	7247.76	75.0	7.5	39998.99	4337.62	57.0	2.7	4e-06	0.021061	63.0	2.0	50000.0	5382.47700914843	60.0	14.0	553898.2588920856	6301.297728857275	87.0	12.0	851471.2724376379	6670.678347915093	93.0	13.0	False	False
chr1-159931472-159931473-G-C	Pending	1	6	6	1	7.506	0.092	0.691	229.0	0.075	False	protein_coding	missense	9	123.252	103.862	0.843	0.4	0.24	0.549	1	1233.943	676.825	1.71	1.507	11.29	9.6	0.83	0.6	0.0404105968773365	0.1285456679761409	0.489211797046387	0.525579846865809	0.8444021739129397	0.7659510869564059	103.86170350842951	123.25170474576916	0.3345	0.425125	357.84	168.98	2.17	1.32	2655.11	5894.27	0.84	2.1	3133.53	5295.83	3.2	5.0	995.81	1827.31	0.24	0.4	0.185396	0.067024	0.3	0.78	1290.3815441454742	2054.8203260098107	2.4	5.1	204.0844897716364	534.3305433611393	2.8	5.9	220.07463994617075	640.5750217436639	3.0	6.7	True	False
chr3-52414007-52414008-G-C	Pending	1	6	0	0	6.589	0.143	0.942	126.0	0.128	False	protein_coding	missense	10	232.24	405.44	1.746	0.24	0.39	1.443	0	1868.848	2697.116	2.4	2.51	615.9	707.85	30.66	32.81	0.0014179944992065	0.0034299418330192	0.0179865617091617	0.0181515195189374	13.500896739130424	12.805461956521723	5295.137497602016	5283.27333677881	8.991500000000004	8.991500000000004	368.1	787.55	2.22	3.5900000000000003	8429.22	6392.94	3.0	2.3	405.44	232.24	0.39	0.24	4388.13	2804.98	1.2	0.63	0.010568	0.013116	2.8	2.5	1006.101584045498	932.7151751659565	0.4	0.3									False	False
chrX-139651747-139651748-G-C	Pending	5	9	0	2	0.537	0.154	0.083	13.0	0.139	False	protein_coding	missense	9	54.692	95.541	1.747	0.03	0.11	3.027	0	394.013	1192.827	0.475	1.28	56.68	77.54	0.43	0.75	0.4202040694653988	0.4155245646834373	0.7992662377404464	0.8706836605556444	0.2793206521738796	0.1687500000000028	95.54069886364604	54.691751494614	0.289375	0.075	12329.6	3161.06	23.53	8.6	2403.47	870.77	0.76	0.32	1461.36	449.33	1.8	0.63	879.93	254.5	0.21	0.07	0.381902	0.577127	0.11	0.03	1746.9855106325765	973.9685259346436	4.1	1.6	924.293715134393	338.6959472360823	8.7	4.2	501.8454604495976	188.1784989680526	5.7	2.7	False	False
chr4-44678664-44678665-C-T	Pending	1	1	0	0	11.94	0.128	1.528	141.0	0.079	False	protein_coding	missense	11	1172.781	5486.849	4.678	0.42	2.3	3.284	0	2980.11	9786.784	2.825	9.182	5.56	6.78	0.14	0.25	0.1218683309853077	0.1870245076715946	0.0263814736209878	0.1324978114492682	9.15535326086956	2.4134510869564423	5486.848966481664	1172.7814070782335	9.208750000000004	3.1498750000000006	25187.97	3281.68	48.0	8.84	27231.48	11521.71	16.0	4.2	9919.14	2678.54	9.0	2.5	8499.37	1911.28	2.3	0.42	0.004355	0.038155	4.4	1.3	9654.42834743743	5620.540265729719	12.0	5.3									False	False
chr1-150262578-150262579-G-A	Pending	1	5	0	2	3.093	0.082	0.254	61.0	0.065	False	protein_coding	missense	11	126.02	110.08	0.874	0.29	0.17	0.522	0	782.105	407.92	0.857	0.464	46.12	40.96	5.56	4.96	0.1537954024970531	0.0514517426490783	0.6486090509852066	0.3432061139960793	0.5279076086955996	1.2209510869564042	79.88771736521079	201.74918091935945	0.169375	0.4923749999999998	341.36	999.68	1.01	1.97	1104.8	1150.25	1.5	1.5	110.08	126.02	0.31	0.33	364.07	564.53	0.31	0.42	0.51605	0.380156	0.17	0.29	451.77069117473314	471.7521981623594	0.4	0.4	3857.358466741152	3848.486788454111	8.7	8.7	2544.719981725323	2544.719981725323	5.9	5.9	False	False
chr17-28353729-28353730-G-C	Pending	1	4	0	0	16.568	0.081	1.342	966.0	0.08	False	protein_coding	missense	9	551.353	513.369	0.931	1.5	1.4	0.71	0	2987.28	2122.155	2.671	2.727	200.27	204.18	16.75	16.94	0.1132687367498874	0.1191339641809463	0.019051211166389	0.0303191331591692	12.187228260869546	8.01565217391304	7492.361164982893	4687.983124675174	2.854000000000001	2.1428750000000023	9459.64	11992.56	5.94	7.42	2967.81	3609.4	3.0	3.4	1276.5	2365.16	2.3	3.3	4942.0	5263.09	3.0	3.2	0.014555	0.018191	2.4	2.1	1183.3858794734783	801.6106208174193	2.6	1.7	513.3694254590814	551.3533275627615	1.4	1.5	701.729929454478	762.3773762183407	1.9	2.0	False	False
chr9-133579048-133579049-C-G	Pending	1	6	0	4	0.759	0.154	0.117	13.0	0.144	False	protein_coding	missense	10	234.383	406.532	1.734	0.32	0.55	2.004	0	630.41	1263.13	0.696	1.281	18.25	22.85	1.1	1.3	0.2268864102661609	0.381634458899498	0.3298433111011449	0.592316985924511	1.2627173913042355	0.6313586956520965	406.5315434383546	234.3834556433412	0.7316249999999992	0.5746249999999994	5036.03	4812.3	1.66	1.41	1754.96	264.18	2.1	0.39	1262.76	659.75	1.3	0.76	1263.5	601.07	0.55	0.32	0.043036	0.118077	1.4	0.77	1318.6091434272448	973.9685259346436	0.8	0.5	579.5220968253807	480.9168568421102	1.1	0.8	751.8306037936071	739.809663784008	1.4	1.4	False	False
chr11-66258738-66258739-G-A	Pending	1	6	0	0	17.936	0.288	5.166	132.0	0.182	False	protein_coding	missense	10	1386.532	1870.381	1.349	2.5	2.4	0.916	0	11682.055	10701.106	6.25	7.2	192.51	1793.5	3.73	24.44	0.0073939599096775	0.0356903187930583	0.0065401124799376	0.0066996895197257	37.35904891304347	37.35904891304347	15517.882009391617	16778.170322800273	4.273874999999999	4.707375	17955.38	24621.25	19.5	30.66	2295.08	2376.37	2.4	2.5	36141.06	34798.02	37.0	32.0	5884.33	6585.94	2.3	2.6	0.00622	0.005745	4.4	4.6	50000.0	50000.0	54.0	54.0	1926.1495341822904	1822.5942675906947	7.3	7.0	1870.3806463272876	1386.532328253448	7.1	5.5	False	False
chr1-237832578-237832579-G-C	Pending	1	11	0	6	8.155	0.407	3.319	280.0	0.08	False	protein_coding	missense	11	330.59	351.795	1.064	0.3	0.3	1.332	0	5033.385	6705.77	8.655	9.385	32.68	745.87	0.2	13.63	0.1072972230613231	0.1480412408709526	0.0054484845881085	0.006670929737688	46.22467391304348	37.35904891304347	26977.987134495816	25375.20840897001	17.127999999999997	12.471374999999998	10049.7	6950.15	10.47	7.61	15295.36	16889.3	12.0	13.0	3361.84	3116.62	3.4	3.2	20158.08	22166.01	8.3	9.7	0.000547	0.000629	13.0	12.0	2032.7074694949488	2812.1856201345004	3.1	4.1	351.7952732949219	330.59021886169546	0.3	0.3	1912.669797130338	1826.5854757665968	3.0	2.6	False	False
chr20-16368651-16368652-C-G	Pending	5	9	0	0	7.975	0.095	0.758	21.0	0.09	False	protein_coding	missense	9	209.658	110.576	0.527	0.3	0.18	1.054	0	1767.627	1862.808	0.835	0.883	21.86	35.79	2.42	4.32	0.006801787763834	0.0209141261875629	0.4444992465286908	0.3112172279145382	0.9455163043477056	1.3273369565216626	110.57616685514948	209.657748742316	0.3479999999999999	0.5436249999999995	3850.51	2775.67	0.8099999999999999	0.48	2760.72	2102.73	2.9	2.4	2088.44	2065.97	1.9	1.9	2131.45	2695.43	0.82	0.97	0.617866	0.432092	0.18	0.3	1637.1764276304789	1469.2841137360406	2.8	2.5	570.8079326821802	415.4224856755058	1.1	0.7	285.57487804445947	251.0267480423136	0.5	0.4	False	False
chr17-39730214-39730215-C-G	Pending	1	4	0	0	12.594	0.087	1.096	721.0	0.078	False	protein_coding	missense	9	799.319	1193.219	1.493	1.5	1.8	1.256	0	3310.27	4157.94	3.129	3.05	34.15	36.11	4.12	4.36	0.0795263536274433	0.0446858443319797	0.0216596669331793	0.0127341425000541	11.115788043478249	18.61798913043478	5789.99514126271	8894.25342242069	2.0224999999999995	2.558375	6058.83	6097.13	29.67	64.41	4824.29	3912.86	4.2	3.7	3491.59	2707.68	2.6	2.2	4885.8	5083.71	1.7	1.8	0.006408	0.003802	3.5	4.5	2390.8891056788234	2496.6364866068243	4.7	4.9	962.6978457810244	810.009290312449	1.8	1.5	1193.2185599838056	799.3187490033018	2.1	1.5	False	False
chr2-11580823-11580824-C-T	Pending	1	7	0	0	4.557	0.308	1.404	117.0	0.078	False	protein_coding	missense	9	39.394	46.343	1.176	0.007	0.042	1.071	0	3652.136	3911.543	2.2	2.75	29.29	38.09	3.47	4.61	0.5674152933061123	0.8861497938632965	0.9312039647391886	0.9799810858045191	0.0745380434782561	0.0072554347826212	46.3425913313669	39.393785523872	0.042125	0.0175	20166.67	16930.4	37.48	31.44	5317.99	5238.83	1.9	1.8	3665.8	2523.8	3.6	2.6	2080.88	1615.86	0.46	0.35	0.2347	0.324189	0.23	0.14	6399.789706012268	6903.327759871985	23.0	25.0	4157.286930719253	4166.870466852705	22.0	22.0	2941.507770576246	3137.4007786652874	18.0	19.0	False	False
chr10-97863983-97863984-G-C	Pending	1	5	0	1	0.757	0.26	0.197	204.0	0.094	False	protein_coding	missense	9	786.49	499.58	0.635	1.049	1.216	1.225	0	1032.167	1264.467	2.15	2.15	61.22	151.02	7.17	14.05	0.125075627118349	0.2367341853678226	0.0917779086331753	0.1734159059526183	3.1065489130433974	2.0198097826086183	1431.8658055843453	1013.7329352410592	1.2155000000000007	1.04875	499.58	786.49	0.83	1.09	1742.25	2884.64	2.2	3.0	1437.83	2327.08	2.4	3.3	3750.74	3525.07	2.5	2.4	0.038696	0.040403	1.5	1.4	1097.0681145574165	1050.6007652110409	2.4	2.4	715.2041075024405	871.8263681538167	1.9	2.2	787.3539307839413	818.7852302669977	2.1	2.1	False	False
chr17-50606975-50606976-G-T	Pending	1	9	0	1	1.123	0.316	0.355	19.0	0.16	False	protein_coding	missense	9	187.332	7867.095	41.995	0.689	12.205	6.113	0	1493.461	9129.678	4.03	19.675	106.3	176.89	11.05	15.51	0.0216636434197425	0.1620735190808773	0.0132175114663937	0.453726150758918	17.305597826086952	0.9252717391303236	7867.09523310066	187.33210216536756	12.205125000000004	0.6894999999999999	10392.26	961.01	20.35	4.06	37867.18	19896.97	36.0	8.6	36337.11	9146.01	54.0	8.6	31618.09	10476.54	25.0	3.0	0.000182	0.005221	19.0	4.0	3646.021818984919	1485.2677558853384	12.0	3.1	3067.6796120381596	575.1882425081941	19.0	6.3	7039.956894908999	1501.6544243456813	28.0	13.0	False	False
chr2-232882260-232882261-C-G	Pending	1	2	0	0	1.93	0.474	0.915	57.0	0.082	False	protein_coding	missense	11	698.699	93.603	0.134	0.5	0.1	0.026	0	3122.795	80.892	3.25	0.2	118.85	319.89	11.97	21.85	0.0648117661476135	0.0373606197535991	0.0560861793869428	0.0042518921417413	4.585733695652138	62.74467391304348	1986.069911966386	27026.10859574473	1.4989999999999983	17.127999999999997	43.63	32948.39	0.21	55.31	68.18	3700.47	0.11	3.4	28.93	2904.96	0.05	3.1	35.0	3340.63	0.06	1.5	0.384449	0.005785	0.29	4.5	202.85899618985857	864.6816701021309	0.2	1.0	93.60304995745705	698.6988042413926	0.1	0.5	225.237137847352	872.248035516512	0.2	0.5	False	False
chr16-3233514-3233515-G-C	Pending	1	2	0	0	6.136	0.103	0.632	117.0	0.066	False	protein_coding	missense	9	112.988	17650.32	156.214	0.283	4.972	11.048	0	1976.152	21832.246	3.15	22.0	210.99	115.85	25.0	16.0	0.1056316830217838	0.3548184856772423	0.0081566320516319	0.7285833911352375	27.61739130434782	0.392527173913038	17650.32031938065	112.9880512525395	4.971500000000002	0.2834999999999998	31275.93	9639.6	48.71	10.09	41236.01	11334.76	48.0	7.8	27725.29	3116.62	15.0	3.2	17346.74	954.49	6.8	0.6	0.007713	0.360288	4.0	0.3	8664.36747969986	2032.7074694949488	25.0	6.5	26014.17155807141	1919.5967236005113	39.0	7.3	7338.7146258516705	852.3539929565262	19.0	3.1	False	False
chr1-228275898-228275899-G-C	Pending	1	5	0	0	29.68	0.052	1.543	251.0	0.091	False	protein_coding	missense	9	69.389	60.046	0.865	0.151	0.104	0.984	0	4547.097	4472.988	5.1	7.2	14.82	29.85	1.36	3.54	0.1847260035574436	0.116549327969551	0.7309996072719946	0.6497644527104378	0.3880163043478006	0.5244836956521368	60.04595839892999	69.38920811674456	0.10375	0.1506250000000001	19207.08	18250.92	35.65	33.84	14453.87	11248.02	5.5	4.1	10470.53	6539.79	9.9	6.1	5491.96	6189.23	1.4	1.6	0.062287	0.02699	0.81	1.6	3454.0165428148343	2904.964926184022	12.0	8.1	965.6283326996112	920.0469712687444	8.9	8.7	1372.6821934067743	1460.7301723546595	12.0	13.0	False	False
chr17-41865206-41865207-G-A	Pending	1	9	0	0	3.692	0.112	0.414	178.0	0.091	False	protein_coding	missense	9	353.192	20350.378	57.619	0.44	30.0	19.792	0	1825.944	36138.738	2.8	48.112	229.99	147.02	18.18	13.81	0.014799740165472	0.1153849177062511	0.0051665158038335	0.2755229509245738	46.22467391304348	1.4566304347825252	20350.37787516261	353.19169571946463	9.166125	0.6363749999999996	24292.27	11452.06	18.6	7.090000000000001	36910.09	4206.36	44.0	3.7	34798.02	2134.13	54.0	3.0	39805.58	3195.46	56.0	2.2	3.8e-05	0.1937	30.0	0.44	35367.3861513542	1517.7585670175067	50.0	3.4	96923.70341572796	1102.6304964878982	52.0	2.7	156375.96400913387	1225.095656208975	62.0	2.9	False	False
chr14-22604061-22604062-G-A	Pending	1	9	0	0	17.004	0.059	1.003	320.0	0.069	False	protein_coding	missense	10	2226.406	4428.403	1.989	1.543	1.983	1.302	0	3931.407	5117.188	3.4	4.65	30.89	37.64	3.68	4.55	0.6516708023846149	0.5916577130556107	0.1786277907309612	0.2553926715254992	1.9827717391303563	1.5432336956520771	4428.402719192901	2226.4058775096946	7.941000000000002	4.9616250000000015	2019.96	2559.94	6.419999999999999	7.48	39709.22	38611.46	42.0	38.0	3272.12	3236.91	2.9	2.9	9468.84	8393.73	2.6	2.2	0.005805	0.009947	3.8	2.8	5805.9724867553105	4625.9038683178505	5.5	3.9									False	False
chr17-7384625-7384626-G-A	Pending	1	4	0	0	4.227	0.127	0.537	102.0	0.098	False	protein_coding	missense	9	180.984	92.809	0.513	0.66	0.277	0.409	0	2113.955	864.255	2.35	1.04	260.115	643.96	16.0	32.0	0.3978191278874874	0.2336037456989288	0.7909543569943057	0.5252146605936712	0.2912499999999625	0.7682608695650828	92.80936987525428	180.98383752161985	0.276875	0.6604999999999999	2153.65	540.45	6.69	2.8400000000000003	886.9	2735.12	0.33	0.85	841.61	2443.19	1.1	2.6	4238.75	7759.45	0.98	2.1	0.158593	0.062147	0.34	0.82	1946.610237380866	3807.2828566667704	4.8	13.0	155.52850592671004	1046.6705387545296	2.3	9.4	402.3184968531306	1784.7196281754948	4.8	14.0	False	False
chr11-83210374-83210375-C-G	Pending	1	3	0	0	4.692	0.122	0.572	131.0	0.17	False	protein_coding	missense	9	227.415	72.34	0.318	0.153	0.166	0.576	0	2351.293	1354.8	3.85	1.275	75.14	62.36	0.71	0.51	0.3810110241174698	0.8315109387040138	0.8195434611532993	0.880228145588848	0.2481521739130414	0.152717391304364	72.33950768660867	227.41455880538345	0.1655000000000001	0.8326249999999996	5187.5	2205.95	12.05	6.79	3032.14	11759.37	0.95	4.3	1332.95	4962.95	1.6	4.7	1376.65	10166.55	0.31	2.9	0.222653	0.051831	0.24	0.96	5382.47700914843	2496.6364866068243	19.0	6.6	190.02467568720425	252.81916929289517	2.7	3.4	441.13345970455833	669.2216771434088	5.2	7.0	False	False
chr17-44380993-44380994-C-G	Pending	1	5	0	0	2.484	0.118	0.293	34.0	0.055	False	protein_coding	missense	9	195.55	348.922	1.784	0.451	0.634	1.251	0	1966.997	2461.046	2.3	2.6	163.43	228.52	14.77	18.11	0.2227701544761657	0.4512310139834881	0.3600789827600127	0.6890639559639438	1.1678804347824752	0.4563315217391022	348.9217152506438	195.5499996753452	0.6336249999999995	0.4513749999999994	8000.43	7097.5	5.12	4.63	6952.73	4250.42	5.3	3.8	4242.33	2904.96	5.0	3.8	3587.25	2929.65	2.4	2.1	0.08642	0.112138	0.89	0.73	953.1186832043844	751.2243258762381	2.1	1.5	1334.8424210440878	1029.03465303725	3.1	2.5	1178.06702520504	988.9401290975692	2.8	2.5	False	False
chr1-20354146-20354147-G-A	Pending	5	8	0	0	1.364	0.6	0.818	5.0	0.108	False	protein_coding	missense	9	253.095	180.391	0.713	0.572	0.449	0.669	0	3620.136	2421.216	4.6	3.3	102.7	120.15	1.21	1.55	0.0280612111091613	0.0923908129334449	0.3490755638946577	0.3264165860780589	1.2019836956520606	1.2724728260868403	180.39106535148335	253.09545779410016	0.4488749999999998	0.5723749999999997	12067.45	17331.16	12.53	18.66	3483.59	6780.89	3.3	5.2	3435.38	5071.52	3.3	4.0	4221.55	7558.91	1.8	2.9	0.06873	0.052542	1.3	1.5	1407.051206502568	1925.6618788676217	4.7	6.2	1371.5448065591568	2168.752536143143	5.2	8.1	892.524199069954	1988.9322967818107	3.3	7.5	False	False
chr1-155661242-155661243-G-C	Pending	1	7	0	0	62.549	0.027	1.689	74.0	0.075	False	protein_coding	missense	9	4028.747	5335.437	1.324	3.668	3.606	0.871	0	10230.38	8913.005	8.6	9.1	275.35	661.98	20.13	31.75	0.1251409649848938	0.2236984483897686	0.014833102765713	0.02048691155568	16.15755434782608	11.6303260869565	10167.49428381625	10379.319116764906	3.606	3.668	24776.3	21790.16	19.25	15.5	11424.89	12500.4	8.1	8.8	8075.95	10081.44	8.4	9.8	9750.06	12355.84	5.2	6.6	0.00881	0.004475	3.1	4.3	5210.570464861065	5500.220791866743	14.0	14.0	6045.469020435575	4309.530909753499	12.0	8.4	5335.437046796194	4028.747045234023	9.8	8.0	False	False
chr3-151338059-151338060-G-C	Pending	1	4	0	0	2.881	0.032	0.092	186.0	0.06	False	protein_coding	missense	9	640.575	327.771	0.512	0.34	0.16	0.365	0	1511.503	551.47	4.383	1.802	166.485	201.015	12.0	15.0	0.1402931772172451	0.0717761404812336	0.2073138041539966	0.0567421250716546	1.789619565217322	4.585733695652138	568.6103560112646	2011.4166826339915	1.8135000000000008	4.642750000000003	290.25	1011.59	1.89	4.18	425.37	932.31	0.16	0.34	1304.42	2693.07	1.6	2.8	1507.22	3358.46	0.33	0.78	0.076514	0.027181	0.71	1.6	2936.5666561709572	3890.5686532731647	8.2	13.0	534.3305433611399	858.6377928718008	5.9	8.3	327.7706029270702	640.5750217436639	4.1	6.7	False	False
chr1-152305278-152305279-C-G	Pending	1	1	0	0	5.952	0.444	2.643	90.0	0.067	True	protein_coding	missense	9	4135.9	5656.789	1.368	16.0	18.0	1.038	0	19686.637	20429.182	41.5	42.859	213.5	503.54	3.37	8.73	0.0003504536621221	0.0002549937148614	0.0043264137500749	0.0039864591383673	62.74467391304348	99.28660326086955	23197.17402172553	25236.294517645907	50.71774999999999	60.79737499999999	17661.19	14136.98	32.77	26.56	28946.23	27065.8	18.0	16.0	40053.56	38984.65	69.0	64.0	41413.96	40533.56	60.0	55.0	2.9e-05	2.2e-05	35.0	38.0	17130.57631317949	13797.251278183585	53.0	45.0	4986.662776389761	4224.837409231864	24.0	22.0	5656.789264120136	4135.89971802763	26.0	22.0	False	False
chr17-7027598-7027599-C-T	Pending	1	9	0	0	5.623	0.035	0.197	114.0	0.096	False	protein_coding	missense	9	229.388	1505.116	6.561	0.15	6.963	4.319	0	2237.08	9661.882	2.098	9.981	143.13	278.42	13.57	20.26	0.3705379217863083	0.9199798032641412	0.0353693321483314	0.8819265370045889	6.962798913043457	0.1497554347826195	9941.813485230306	308.6885365071744	14.877125000000005	1.0965	24055.69	18582.18	45.48	34.45	9381.95	1751.79	3.4	0.54	20258.44	4040.73	22.0	3.9	14436.2	2875.63	4.6	0.65	0.029812	0.272116	1.5	0.2	7775.837276083438	2722.3695166880275	28.0	7.4	630.6813665881542	290.9443983548729	6.6	3.7	1505.1160953045292	229.38763298334953	13.0	3.1	False	False
chr16-411564-411565-C-G	Pending	1	6	6	0	3.811	0.208	0.793	216.0	0.113	False	protein_coding	missense	9	1368.674	1284.605	0.939	1.194	1.16	1.607	1	4068.205	6539.351	6.0	8.1	262.35	355.56	19.61	23.13	0.3819395452737808	0.273972675204277	0.2179110909925998	0.151683553250722	1.731739130434704	2.211847826086881	1284.6048444777043	1368.6739207258026	1.1602500000000002	1.1937500000000003	15900.44	17008.49	10.11	10.98	13418.01	10729.49	9.4	7.7	6719.1	4804.44	7.1	5.5	3928.05	3859.67	2.6	2.5	0.074665	0.033798	0.99	1.6	3766.310953452029	3975.676359145958	9.1	9.7	6359.602918877668	3064.9966205234223	12.0	6.5	8282.663163895539	4160.734461892969	15.0	8.2	True	False
chr2-174572309-174572310-C-A	Pending	1	9	0	0	95.799	0.018	1.724	2612.0	0.193	False	protein_coding	missense	9	720.165	1508.042	2.094	2.185	3.765	1.045	0	15046.927	15723.998	14.5	15.0	670.15	651.95	31.94	31.53	0.0008226595818996	0.0019089207053184	0.0582997405436188	0.1130125592356777	4.454592391304317	2.6922554347825383	1508.042131338591	720.1653674980452	3.7651250000000016	2.184750000000001	37737.64	33014.51	82.64	67.97999999999999	28031.15	26777.14	17.0	16.0	29425.27	25564.3	37.0	30.0	28247.01	20263.48	18.0	8.2	0.001868	0.015912	6.7	2.2	3416.846299147091	5869.132896433324	11.0	20.0	1392.5474424534705	1392.5474424534705	13.0	13.0	3010.024288370052	9830.373071248536	19.0	33.0	False	False
chr16-1397251-1397252-C-T	Pending	5	7	0	0	16.994	0.101	1.716	158.0	0.102	False	protein_coding	missense	9	4478.161	4242.334	0.947	3.239	2.857	0.846	0	17829.301	15087.51	23.5	21.0	2118.63	2548.96	53.87	58.24	0.0037760064005851	0.0046122707426548	0.0177495055290286	0.0151035055787508	13.500896739130424	15.160951086956516	5415.606909782808	6432.042831091228	2.8571249999999995	3.2386249999999985	9130.1	9067.46	39.1	37.96	20006.19	18581.27	6.2	5.3	30726.73	34237.82	60.0	75.0	35372.75	33926.22	37.0	31.0	9.3e-05	0.000153	30.0	24.0	4242.333860404259	4478.160896660665	5.9	6.5	12865.30243572122	17077.331150193273	18.0	23.0	17309.718292696187	20955.1126574227	24.0	30.0	False	False
chr6-41684984-41684985-C-G	Pending	1	11	0	0	12.133	0.047	0.57	127.0	0.148	False	protein_coding	missense	11	571.847	539.859	0.944	0.3	0.3	1.173	0	3935.737	4617.905	1.743	2.599	209.6	524.12	3.29	9.07	0.3855722472071647	0.6167594268918037	0.0379560762863294	0.1824746413755912	6.63130434782606	1.9543478260868736	9738.441356053918	3796.603844763581	2.6986250000000003	1.6857499999999992	5366.23	4074.87	2.23	0.91	9953.0	5511.72	7.3	4.7	3869.58	2010.83	2.5	1.8	18859.36	14597.83	6.9	4.9	0.008997	0.030884	3.0	1.6	3167.6169136018457	4288.484190125121	2.4	3.6	599.9430131953429	588.9928191337392	0.3	0.3	539.8585700208341	571.8472013634527	0.3	0.3	False	False
chr12-113191575-113191576-C-G	Pending	1	1	1	0	8.232	0.11	0.906	563.0	0.082	False	protein_coding	missense	9	844.909	340.259	0.403	2.1	1.7	0.809	1	5148.199	4165.508	7.1	4.25	85.705	82.995	9.4	9.1	0.0261472351849079	0.0169686153531074	0.2206439889582528	0.0707707602617019	1.714619565217319	3.80744565217384	345.78160608400265	1292.1836427639228	1.2015000000000005	3.375750000000002	25824.98	22558.18	49.44	42.26	18379.32	18905.74	7.6	7.9	6161.97	11294.36	5.6	12.0	6547.5	7879.5	1.7	2.1	0.083734	0.010311	0.64	2.8	2169.0457037070128	2416.898449635213	5.5	6.3	340.25929669666664	844.9091240120797	4.2	8.1	346.3937121788454	1165.6549170710534	4.3	9.9	True	False
chr7-72728894-72728896-CC-GT	Pending	1	1	0	2	6.626				0.058	False	protein_coding	missense	9	147.688	3461.477	23.438	0.1	0.45	5.256	0	608.275	3197.385	0.667	4.0	207.71	264.96	3.25	4.37	0.4120107106864452	0.6509463116526604	0.1058042647748101	0.8550828412998852	2.813858695652101	0.1914673913043429	3461.476893787298	147.6882937269601	6.6990000000000025	0.5343749999999999	15901.6	683.73	29.6	3.29	1392.86	212.82	0.45	0.1	3116.62	614.95	3.2	0.8	3278.15	601.6	0.76	0.14	0.061861	0.366825	0.82	0.11	1946.610237380866	1347.454232446704	4.8	2.6	9137.134124680644	1765.2653637217152	32.0	14.0	858.1634231773467	211.13974854499747	8.3	2.9	False	False
chr14-94380946-94380947-C-T	Pending	1	6	0	0	14.862	0.008	0.119	523.0	0.091	False	protein_coding	missense	9	162.381	217.316	1.338	0.399	0.479	1.048	0	2867.339	3006.154	3.4	3.65	52.59	32.44	6.28	3.89	0.276649747043848	0.2882916368544101	0.5188763233385855	0.5986379077938497	0.7808152173911793	0.6172826086955752	217.3163114399512	162.38089855437906	0.4791249999999994	0.3989999999999996	6124.13	9823.59	4.1000000000000005	6.15	4662.48	4563.96	4.0	4.0	3017.08	2766.91	3.9	3.7	5767.78	3973.27	3.4	2.6	0.085007	0.146221	0.91	0.57	1133.2624602040687	1407.051206502568	2.5	3.1	2995.228779679262	2967.768357168391	6.4	6.3	2260.320375675348	2444.38719506583	4.9	5.4	False	False
chr7-47369339-47369340-C-G	Pending	1	3	0	0	45.746	0.01	0.457	813.0	0.083	False	protein_coding	missense	11	199.889	202.359	1.012	0.532	0.535	1.477	0	4200.677	6204.357	2.37	4.15	486.15	1169.61	27.21	41.44	0.1508115902543068	0.3086670190095901	0.4254539201483221	0.5670982477529051	0.9913315217389992	0.6818206521738404	202.35919764909843	199.8885449183484	0.5349999999999996	0.5317499999999996	5884.9	5541.66	5.489999999999999	2.74	26331.83	23013.79	20.0	17.0	6434.51	2523.8	3.6	2.0	14205.8	9098.63	4.7	2.9	0.067564	0.107423	1.1	0.81	3066.448979894378	2122.6127229763083	2.3	1.5	8493.955864106763	3838.04444845487	20.0	6.9	5974.203335692293	4563.310286170976	13.0	8.5	False	False
chr17-8255606-8255607-G-A	Pending	1	5	0	0	11.21	0.062	0.695	336.0	0.085	False	protein_coding	missense	11	1055.286	1162.439	1.102	1.2	1.4	0.892	0	5177.27	4619.264	4.0	4.05	112.26	265.43	11.5	19.74	0.0048355907201766	0.0083390921354293	0.0207579541703772	0.0169510174653545	11.6303260869565	14.277038043478257	4612.624871718575	5778.416708250122	2.1158750000000017	2.4098750000000013	19057.14	17216.83	12.72	11.15	25695.46	24049.35	21.0	19.0	1646.06	1936.11	2.9	3.2	9508.15	8847.39	5.1	4.8	0.008632	0.009293	3.1	3.0	4625.9038683178505	4576.122411906873	5.0	5.0	1162.4385391449744	1055.2855709061469	1.4	1.2	1794.3617379470663	1485.6277397985189	3.1	2.3	False	False
chr8-28503199-28503200-G-C	Pending	1	7	0	0	3.874	0.096	0.372	178.0	0.088	False	protein_coding	missense	9	2491.323	1775.947	0.713	2.544	2.973	1.209	0	4464.79	5398.6	4.555	4.4	20.25	40.12	2.18	4.86	0.0045203492045402	0.0062104128301143	0.0123858263082872	0.0156057777068076	18.61798913043478	15.160951086956516	7909.136851882809	6252.048056470948	2.9725000000000006	2.5435000000000008	7638.02	8525.07	4.92	5.41	4875.51	4141.74	4.1	3.7	3307.72	2781.92	4.2	3.7	5921.69	4787.84	3.5	2.9	0.003825	0.007357	4.6	3.4	7366.349385508023	6978.425774967606	18.0	17.0	1775.9469963826818	2491.322785101274	4.0	5.5	2577.3298281839957	3413.2649413601935	5.6	7.1	False	False
chr12-124986118-124986119-C-G	Pending	1	11	0	0	9.997	0.083	0.83	276.0	0.071	False	protein_coding	missense	11	3683.749	3920.035	1.064	5.7	5.8	1.138	0	13469.245	15321.47	12.5	10.9	837.89	665.85	35.53	31.85	0.0819573625922203	0.2555018924176693	0.005923682172464	0.0111004369451841	46.22467391304348	20.2322554347826	22559.1916683747	22117.103159499224	8.1255	7.653875	20723.8	17439.49	23.630000000000003	18.790000000000003	26938.71	27283.67	20.0	20.0	9919.14	9499.0	5.8	5.7	29969.9	31606.81	20.0	23.0	0.001806	0.001244	7.5	8.8	5560.0550744656075	7692.157952985224	7.3	12.0	3920.035499759403	3683.74873736481	8.8	8.5	6333.444949496488	6048.392970744054	13.0	13.0	False	False
chr14-46957486-46957487-G-C	Pending	1	1	1	0	0.271	0.4	0.108	5.0	0.081	False	protein_coding	missense	9	85.62	518.4	6.055	0.39	1.31	1.036	1	3582.64	3711.605	5.1	4.25	331.88	373.51	6.74	7.56	0.1233921274542808	0.0115453675389289	0.0201470759709295	0.0067451871583875	11.6303260869565	37.35904891304347	7330.39599491204	15258.191048129407	2.6122499999999995	4.228999999999999	518.4	85.62	1.31	0.3899999999999999	4950.29	4533.74	4.2	3.9	6539.79	6399.79	4.7	4.6	11665.09	16490.24	4.3	6.4	0.007289	0.000364	4.1	15.0	652.6540428705426	846.1713421466491	2.1	2.7	2472.9196186099643	2631.540146773733	9.2	9.6	1257.8243560697429	1481.2214753476917	4.7	5.6	True	False
chr2-96327042-96327043-G-C	Pending	1	6	0	0	3.206	0.05	0.16	40.0	0.06	False	protein_coding	missense	9	745.852	1302.829	1.747	0.89	1.6	1.598	0	4022.908	6427.816	3.8	5.65	300.8	2363.94	5.07	29.9	0.0211928822100162	0.0252317264676094	0.071230920783906	0.1179638283698154	3.764592391304277	2.6173369565216404	1302.829142346887	745.851926274646	1.2624999999999982	0.999999999999999	11509.19	11543.47	11.94	11.98	6366.15	4264.7	4.9	3.8	11730.27	4478.16	6.4	3.8	7006.8	2887.36	2.7	1.4	0.050652	0.118812	1.6	0.89	2635.4219765328785	2469.769045352091	8.0	7.6	6489.48151945545	5717.550379122563	18.0	17.0	4242.481918243384	3781.11598964987	14.0	14.0	False	False
chr1-155023915-155023916-G-C	Pending	1	7	0	2	1.269	0.136	0.173	22.0	0.198	False	protein_coding	missense	9	2122.613	2010.833	0.947	1.1	0.88	0.651	0	4186.064	2724.895	3.03	2.469	402.085	303.475	14.95	12.84	0.3871153332293033	0.5660020597279072	0.0444165357098012	0.0933838271937821	5.671874999999957	3.0595108695651447	8272.58671154224	6996.160972864135	2.438124999999999	2.2355	4770.32	5285.2	1.37	2.06	1455.44	3583.83	1.8	3.5	3361.84	4676.23	2.5	3.0	4785.04	5702.75	1.7	1.9	0.088733	0.065301	0.88	1.1	2010.8325794908649	2122.6127229763083	3.8	4.1	1696.2505441982455	2763.6942820251697	2.8	4.2	2087.949545993139	3695.8981958772497	3.2	5.4	False	False
chr1-54678743-54678744-G-A	Pending	2	3	0	0	1.71	0.133	0.227	30.0	0.056	False	protein_coding	missense	9	1434.069	1970.471	1.374	6.1	7.9	0.705	0	10708.326	7544.887	18.54	18.524	383.825	366.4	16.0	16.0	0.0002628192305564	0.0002296150996698	0.0081582379217413	0.0069444091844095	27.61739130434782	37.35904891304347	12022.094877450996	14206.882484563348	18.048375000000004	21.76925000000001	2895.18	7209.77	8.110000000000001	15.310000000000002	24003.35	23191.76	13.0	12.0	25702.97	23699.6	31.0	27.0	36011.46	38980.86	36.0	48.0	0.00015	0.00011	20.0	23.0	2842.778048235646	2365.159660107549	7.9	6.1	3067.6796120381596	1573.2944114719835	19.0	13.0	1970.470783988144	1434.0688420164145	15.0	13.0	False	False
chr2-226797680-226797681-C-T	Pending	1	7	0	0	3.837	0.054	0.207	298.0	0.072	False	protein_coding	missense	9	1989.803	504.441	0.254	2.9	2.0	0.741	0	15481.728	11470.424	19.5	9.298	213.92	222.21	17.42	17.82	0.0125098079442977	0.0044064186513423	0.0220276892016694	0.0183950866923648	10.655842391304333	12.805461956521723	4456.183895639239	5228.501949019468	7.941000000000002	8.919625000000002	21535.74	28017.78	40.18	54.620000000000005	18965.77	32832.36	7.9	24.0	27426.93	33324.12	34.0	45.0	17786.35	23017.52	6.5	12.0	0.018662	0.009561	2.0	2.9	5154.497145169031	7945.936747596634	18.0	28.0	504.4405609918504	1989.8026274618528	5.7	15.0	2901.148770944144	7237.1904260742995	18.0	29.0	False	False
chr7-27108677-27108678-G-A	Pending	1	1	0	0	1.344	0.094	0.126	53.0	0.08	False	protein_coding	missense	9	2646.061	1631.459	0.617	3.0	2.3	0.653	0	10935.967	7145.795	14.5	14.5	29.61	27.75	3.5	3.25	0.0240590013563632	0.0733307264745235	0.0586192030646922	0.0442898331086372	4.454592391304317	5.671874999999957	1631.4591963194846	2646.061270620618	3.9697500000000017	5.5812500000000025	9008.31	11534.27	18.12	22.22	27963.3	27331.84	17.0	16.0	17695.75	19717.81	19.0	22.0	8634.8	10428.14	2.3	3.0	0.018642	0.0059	2.0	3.8	3529.574501098987	3725.7799675308625	12.0	13.0	3514.0666957983403	9349.96531931505	20.0	32.0	5656.789264120136	11443.793171056395	26.0	35.0	False	False
chr22-43946250-43946251-G-C	Pending	1	2	0	0	0.52	0.174	0.09	23.0	0.068	False	protein_coding	missense	9	2169.046	508.87	0.235	2.293	0.013	0.036	0	10272.432	370.902	10.95	1.05	185.31	134.39	15.97	13.01	0.073535818606615	0.0237559825181961	0.7141321903557895	0.0187055725703922	0.4152717391304463	12.805461956521723	43.67371264430178	5512.6635484237095	0.01275	2.293	232.24	33957.66	0.8	59.89	2240.02	29574.97	2.4	23.0	1177.0	22209.93	2.0	9.9	311.04	15032.2	0.27	5.7	0.759413	0.018429	0.07	2.7	508.8698527539727	2169.0457037070128	1.5	6.8	385.6647980493054	5226.488510329193	1.4	16.0	356.1393813897374	3066.337822834526	1.3	12.0	False	False
chr5-140672633-140672634-C-G	Pending	1	1	0	1	1.39	0.131	0.182	61.0	0.227	False	protein_coding	missense	11	6326.66	7607.74	1.202	4.3	4.9	1.188	0	22944.021	27249.166	19.0	24.5	807.19	669.78	34.92	31.94	0.008934661746025	0.006812322884798	0.0075219224200802	0.0075862116771331	31.64317934782608	31.64317934782608	13498.71893024475	13277.036195847566	6.494249999999999	6.329624999999999	7607.74	6326.66	17.24	7.56	35948.02	35816.03	33.0	33.0	25702.97	22695.78	43.0	34.0	29330.23	28217.99	18.0	15.0	0.003595	0.004416	4.9	4.3	28795.3614360886	23192.263360933743	31.0	23.0									False	False
chr2-85542264-85542264-A-ATGCC	Pending	1	0	0	1	72.648	0.001	0.073	1586.0	0.098	False	protein_coding	FS	8	8538.92			18.0			0	34254.273		65.292		108.87		11.25			0.0005147923311596		0.0032935714242079		99.28660326086955		30768.98493365408		57.583375		8538.92		28.96		43708.56		93.0		37739.56		90.0		41531.99		73.0		3.9e-05		41.0		19505.613475559738		18.0									True	False
chr22-43339217-43339218-C-G	Pending	1	9	0	0	0.139	0.125	0.017	8.0	0.088	False	protein_coding	missense	9	8881.08	8544.97	0.962	6.8	8.2	1.012	0	33047.059	33438.687	60.372	60.372	1170.98	876.53	41.46	36.29	0.0015207827091217	0.0030032433569431	0.0047051591049672	0.0047647429143394	62.74467391304348	62.74467391304348	21359.702694288862	21197.625511686027	13.714250000000002	13.385750000000002	8544.97	8881.08	29.05	34.599999999999994	22976.46	20919.11	8.2	6.8	37132.0	35367.39	87.0	79.0	42477.72	42842.83	80.0	83.0	1.8e-05	2.4e-05	53.0	48.0	29745.37470418776	30726.73070127358	74.0	75.0	44711.57824316473	44711.57824316473	58.0	58.0	50267.814064387654	57449.99563142921	63.0	69.0	False	False
chr3-38265941-38265942-C-T	Pending	1	2	0	11	0.081	0.0	0.0	4.0	0.067	False	protein_coding	missense	10	10.77	122.34	11.359	0.03	0.22	8.721	0	43.694	381.061	0.18	1.04	365.7	929.45	16.0	27.7	0.1415092013776302	0.3158413926139474	0.0904696705672803	0.8332630773008664	3.132635869565135	0.2252989130434741	1545.1167131597297	51.70194531041725	1.2595000000000007	0.106375	245.12	39.17	0.54	0.15	294.7	18.16	0.64	0.06	476.88	43.65	0.98	0.21	122.34	10.77	0.22	0.03	0.087843	0.64712	0.88	0.1	1407.051206502568	326.54944676299664	1.1	0.3	467.4229155536156	72.06261206280116	2.3	0.6	268.4478932397636	43.73810874260401	1.5	0.4	False	False
chr5-155015366-155015367-A-C	Pending	6	10	0	3	0.009	0.0	0.0	1.0	0.238	False	protein_coding	missense	10	63.634	838.861	13.183	0.1	3.9	51.398	0	78.62	4040.876	0.16	3.0	26.58	93.41	3.09	10.06	0.0188549011945724	0.0324796251952648	0.0187448777045073	0.5864100098963422	12.805461956521723	0.6429076086955803	5403.212349351126	67.37665594854342	2.272375	0.112625	9613.81	80.21	10.06	0.36	5583.93	70.84	4.5	0.12	2678.54	77.03	2.6	0.11	10305.42	81.82	3.9	0.1	0.024474	0.656472	2.3	0.11	1170.650925558883	228.49828361491845	1.5	0.2	838.8609926303156	63.63411375760787	3.2	0.2	729.339945070221	97.93321229985068	2.8	0.3	False	False
chr21-30430734-30430735-C-T	Pending	6	9	1	5	0.0	0.0	0.0	0.0	0.168	False	protein_coding	missense	10	62.188	116.603	1.875	0.167	0.121	1.513	3	82.18	124.345	0.445	0.395	181.095	83.095	15.0	7.5	0.2035747207701206	0.2235047407448291	0.7593436733698704	0.7360406204605757	0.3426902173912793	0.3806249999999807	55.14555379636469	67.34375792353798	0.1212500000000001	0.166625	2754.11	3936.85	2.34	2.97	54.45	94.1	0.17	0.27	57.2	70.26	0.26	0.28	250.08	382.13	0.39	0.49	0.163504	0.058685	0.52	1.2	476.8841656614147	482.0719613908703	0.4	0.4	116.60307403923495	62.1884883062507	0.7	0.5	132.08697674435717	62.785592934881095	0.8	0.5	False	False
chr11-56137665-56137666-G-T	Pending	6	9	0	3	0.0	0.0	0.0	0.0	0.059	False	protein_coding	missense	9	46.625	6956.97	149.212	0.045	2.223	40.772	0	118.353	4825.455	0.09	3.75	228.87	627.31	18.13	30.95	0.1032368205487728	0.6709702685475349	0.0197458655652412	0.951006263614234	12.187228260869546	0.0451630434782828	6956.970132083873	46.62468980472869	2.223125	0.053125	4030.37	702.29	0.88	0.06	6349.85	54.99	5.1	0.06	5620.54	80.0	3.3	0.1	6058.17	84.48	2.0	0.08	0.001761	0.663525	6.3	0.15	3272.1225681968112	309.352836369049	7.0	0.3	1868.4866532653816	152.22640810510677	3.0	0.3	2765.1583071495675	157.29684072692262	4.2	0.3	False	False
chr3-1374018-1374019-A-G	Pending	1	9	0	1	0.098	0.0	0.0	0.0	0.176	True	protein_coding	missense	9	27.278	51.738	1.897	0.06	0.06	1.463	0	129.941	190.069	0.325	0.354	9.025	6.75	0.21	0.07	0.6695226021111012	0.6354184225201607	0.9298161795925404	0.9255078495582054	0.0778260869565201	0.0834782608695547	68.72278508769591	64.84315829482154	0.1477500000000001	0.12775	54.28	66.09	0.5599999999999999	0.65	212.81	159.52	0.1	0.08	434.98	367.82	0.62	0.51	214.07	227.5	0.06	0.06	0.330636	0.309931	0.14	0.15	1691.1899649121788	1222.4280109388617	3.8	2.2	51.73804330606319	27.277841402543707	0.9	0.5	167.32853163922312	100.3621600801437	2.4	1.5	False	False
chr15-72662433-72662434-G-C	Pending	1	3	0	2	0.061	0.0	0.0	0.0	0.082	False	protein_coding	missense	10	74.543	75.3	1.01	0.146	0.151	1.585	0	206.115	326.635	0.55	0.662	965.79	1585.15	15.65	22.86	0.0507805831730365	0.0578773766756057	0.575883576217949	0.5843901342958604	0.6635326086955757	0.6467391304347245	75.30009354862764	74.54306460612527	0.15125	0.146375	234.12	199.15	0.8	0.72	419.15	213.08	0.6	0.3	832.55	430.3	1.2	0.6	797.51	515.7	0.53	0.39	0.174467	0.185559	0.66	0.63	1785.2014996700302	1407.051206502568	2.5	1.8	141.47835450012593	93.25883802860496	0.4	0.3	227.47307579431552	174.95646693903126	0.7	0.5	False	False
chr5-181204635-181204636-G-A	Pending	1	1	1	4	0.567	0.0	0.0	7.0	0.102	False	protein_coding	missense	11	24.95	28.36	1.137	0.11	0.13	1.133	1	303.532	343.76	0.445	0.325	285.73	392.72	4.78	6.79	0.3977085091173649	0.1146789491176605	0.8357689773975141	0.4732140495926096	0.222663043478235	0.881277173912963	68.37540433055617	145.4100694942409	0.12075	0.3703749999999997	28.36	24.95	0.13	0.11	302.68	137.78	0.43	0.2	67.65	62.04	0.22	0.2	384.84	725.29	0.32	0.49	0.333588	0.035489	0.33	1.9	520.0015791455069	461.6533511488992	0.5	0.4	5537.197319664178	5614.227407478137	12.0	12.0	3977.773040615266	5195.651345247334	8.8	12.0	True	False
chr20-62475220-62475221-C-A	Pending	1	10	0	1	0.064	0.0	0.0	0.0	0.138	False	protein_coding	missense	10	149.592	20250.258	135.37	0.22	17.0	31.601	0	576.985	18233.479	0.9	15.5	45.69	98.84	5.51	10.49	0.0359055735170841	0.5136033892631531	0.0055914415814184	0.7818804437972782	46.22467391304348	0.305706521739097	20250.258089417708	149.59196757558607	8.946000000000002	0.3778749999999996	35466.12	8718.72	47.1	5.52	27946.96	1949.16	24.0	2.3	20813.9	563.96	19.0	1.2	16216.7	245.61	8.9	0.38	0.000188	0.414166	17.0	0.22	5681.683446584433	801.6106208174193	5.8	0.6	5843.997211016027	360.33794712049206	14.0	1.9	4016.613096687672	590.010852485303	9.8	2.7	False	False
chr2-84733461-84733462-G-A	Pending	5	8	0	1	1.595	0.0	0.0	44.0	0.058	False	protein_coding	missense	9	63.909	52.233	0.817	0.08	0.05	0.363	0	579.289	210.073	0.7	0.43	328.35	358.94	22.16	23.25	0.402027003467083	0.1315986216068267	0.8703375999632916	0.6794316273736064	0.1687500000000028	0.4736956521738733	52.23271178510981	63.90924194977404	0.046125	0.09825	127.1	904.22	0.53	1.86	183.76	403.75	0.26	0.58	771.82	1164.33	1.5	2.0	662.54	1508.33	0.46	0.8	0.82616	0.722071	0.05	0.08	461.6533511488992	631.8094575737812	1.3	2.0	95.10645629761235	150.3868975425538	0.4	0.6	236.38504649466057	526.7687463705964	0.9	1.9	False	False
chr17-44911724-44911725-A-G	Pending	1	5	0	2	0.673	0.0	0.0	0.0	0.123	False	protein_coding	missense	9	25.166	62.06	2.466	0.1	0.16	1.541	0	579.44	892.8	0.648	0.918	1188.74	1354.75	18.46	20.4	0.0690118968486785	0.0071823149919509	0.5411716395474951	0.5117360238757456	0.7355706521738057	0.7967119565216052	93.0260170565696	83.86910304031791	0.276875	0.227625	14030.74	10795.57	26.38	21.0	423.49	231.2	0.16	0.1	1362.11	927.68	1.7	1.2	2157.25	1781.65	0.48	0.39	0.298344	0.368601	0.16	0.11	1376.930319032567	1391.9092882313646	2.7	2.8	62.059746891935234	25.165757072446052	1.1	0.5	78.62669121883215	40.69771254853522	1.3	0.8	False	False
chr5-35066032-35066033-C-G	Pending	1	3	0	3	0.278	0.0	0.0	7.0	0.052	False	protein_coding	missense	9	82.143	151.946	1.85	0.079	0.418	3.312	0	650.385	2153.895	0.8	1.795	276.625	2341.69	18.0	57.0	0.4133784249424934	0.7114360928535461	0.7123621244950629	0.9281687578780772	0.4182880434782561	0.0794021739130386	151.94584399799297	82.14296681659464	0.4467499999999997	0.2463749999999999	5298.17	5477.77	2.09	2.52	3672.91	1273.06	3.5	1.7	1477.25	525.66	1.5	0.8	3417.96	775.11	1.3	0.38	0.227978	0.407631	0.51	0.32	1804.6218566100913	1249.169100192773	3.3	2.0	2503.1680101461397	470.4245736751615	3.8	0.8	1639.5323867817406	519.6608507749435	2.7	0.9	False	False
chr2-95049657-95049658-G-A	Pending	1	9	0	1	15.93	0.0	0.0	817.0	0.146	False	protein_coding	missense	9	124.079	101.859	0.821	0.3	0.3	1.436	0	650.524	933.942	0.72	0.695	10.41	13.2	0.71	1.12	0.0796402543783187	0.0697510875761509	0.5286060762612486	0.4720013715829919	0.7594293478259573	0.8832608695651203	101.85938399737604	124.0789464521354	0.3181249999999999	0.3831249999999998	3531.44	2892.14	0.69	0.51	2799.89	2224.16	2.9	2.5	1249.17	850.76	1.4	1.2	1324.67	1160.12	0.57	0.53	0.203076	0.123796	0.55	0.74	359.94793166265003	323.0352995794819	0.3	0.3	618.7140809710187	450.2876129132688	1.1	0.8	408.0562179402721	358.69060370234985	0.7	0.7	False	False
chr2-124417503-124417504-G-C	Pending	1	6	0	3	0.008	0.0	0.0	0.0	0.064	False	protein_coding	missense	9	302.511	582.179	1.924	0.44	0.814	2.076	0	654.656	1359.0	1.25	2.1	8.42	8.395	0.6	0.44	0.1513904519379139	0.5847266986966133	0.2100145607439066	0.69936330553726	1.7785054347825593	0.4397010869565037	582.1792638533694	302.5113505788183	0.8141249999999997	0.5848749999999996	4801.91	2534.81	3.4000000000000004	2.21	1566.75	540.21	2.1	1.0	1033.69	540.07	2.1	1.5	1820.98	683.52	1.5	0.75	0.073007	0.153354	1.0	0.55	2099.770321630722	1422.3578464915408	4.8	3.1	962.564853345503	625.791990040654	2.4	1.7	1151.2509458110528	739.8948424223651	2.7	2.0	False	False
chr1-247949103-247949104-G-C	Pending	6	1	0	2	2.335	0.0	0.0	81.0	0.11	False	protein_coding	missense	11	61.687	357.537	5.796	0.148	0.474	1.684	0	914.332	1539.69	0.64	1.525	39.25	71.69	4.75	8.19	0.6039873361587524	0.3003630638122558	0.6791965112744305	0.7994170881360328	0.4736956521738733	0.2793206521738796	357.5370339540045	61.68657236401711	0.6408749999999995	0.1476250000000001	1451.77	350.39	1.55	0.6799999999999999	16518.63	3634.2	13.0	3.4	1477.25	181.07	2.7	0.57	5498.55	1139.73	3.3	1.1	0.075201	0.266099	0.98	0.33	1602.1292262796685	688.9344191199156	1.5	0.6	1211.6299499492982	1248.4466835391263	1.5	1.6	1782.009438627711	1376.924095684922	3.1	2.0	False	False
chr2-167241861-167241862-G-C	Pending	1	3	0	1	0.003	0.0	0.0	0.0	0.062	False	protein_coding	missense	11	256.024	867.521	3.388	0.2	0.6	3.839	0	951.569	3652.782	0.826	2.2	152.11	79.78	8.3	4.5	0.0554256401956081	0.0356693528592586	0.0384472134407952	0.130262308933529	6.479157608695644	2.437581521739034	2885.704280785409	689.5184705746703	1.5176249999999998	0.9026249999999996	5867.85	5593.08	5.15	2.93	6359.41	1213.62	5.1	1.6	3017.08	471.75	2.2	0.74	6763.15	1901.42	2.2	0.75	0.059915	0.143438	1.2	0.68	4288.484190125121	1654.9864903064934	3.6	1.2	981.996635913319	545.8961105294286	0.7	0.3	867.5210069590202	256.0236000064373	0.6	0.2	False	False
chr19-51125104-51125105-C-G	Pending	1	1	1	1	5.686	0.0	0.0	131.0	0.136	False	protein_coding	missense	9	152.917	134.81	0.882	0.361	0.196	1.47	1	1131.771	1663.625	1.295	1.585	149.74	209.48	13.97	17.2	0.6193616390228271	0.466374758630991	0.8521934486551106	0.7480438402336105	0.196277173913046	0.3609510869565042	134.8100144374875	152.9165066449882	0.3482499999999997	0.3841249999999997	5037.53	7905.51	3.53	5.07	2104.82	1964.02	2.5	2.4	1222.43	776.01	2.3	1.7	876.37	928.7	0.87	0.89	0.446235	0.206317	0.2	0.42	299.47266837663403	299.47266837663403	0.6	0.6	2561.120426977945	1334.842421044092	5.6	3.1	2143.729577265721	1549.4230055365088	4.8	3.5	True	False
chr2-219029574-219029575-G-A	Pending	2	11	0	4	0.108	0.0	0.0	0.0	0.086	False	protein_coding	missense	11	291.266	285.292	0.979	0.2	0.2	1.18	0	1241.655	1464.665	1.25	1.306	421.94	597.79	25.32	30.21	0.0430285558104515	0.2950150296092033	0.0594167377717066	0.4628876242043869	4.391929347826036	0.903559782608582	1722.516372034731	292.69384211867384	1.4129999999999978	0.6278749999999996	2930.75	14062.37	4.02	14.68	672.12	1060.95	0.92	1.4	927.68	1422.36	1.7	2.2	2328.65	3658.71	1.2	1.7	0.094419	0.127239	1.1	0.84	1864.1597343160688	922.6778027608818	2.8	1.1	285.2922669792305	291.2661397555694	0.2	0.2	1206.8130560648312	1708.5984183475855	0.8	2.1	False	False
chr3-64686659-64686660-C-T	Pending	1	4	0	3	5.454	0.0	0.0	237.0	0.094	False	protein_coding	missense	9	130.904	121.419	0.928	0.34	0.46	1.181	0	1329.405	1569.522	1.965	2.65	765.23	196.18	34.05	16.53	0.2204675562679767	0.1162959188222885	0.6087812983236323	0.5001401552041045	0.5982065217390868	0.8208423913042395	121.4190119120496	130.90358831378637	0.3206249999999997	0.3417499999999997	3570.23	1903.83	2.78	1.83	3962.45	3202.49	3.6	3.2	1709.59	1085.26	2.6	2.1	4180.14	2161.62	2.7	1.7	0.186314	0.260835	0.46	0.34	674.1863303391938	1318.6091434272448	1.4	2.9	1248.619174737498	1231.4874774093655	2.9	2.9	1429.453393484239	1340.2011924020917	3.3	3.1	False	False
chr19-6472935-6472936-G-C	Pending	1	8	0	1	32.779	0.0	0.0	379.0	0.15	False	protein_coding	missense	10	922.678	1062.03	1.151	1.1	1.3	1.835	0	1465.854	2690.245	2.5	2.95	37.25	61.06	4.51	7.15	0.555583905428648	0.6034105867147446	0.2058430758201714	0.3418175834462496	1.8016032608694983	1.2239673913042424	2604.8206309406323	1516.0582083950808	1.6804999999999983	1.342124999999998	24772.91	19546.01	30.98	21.790000000000003	2775.67	1415.65	2.8	1.7	8032.38	7406.31	5.2	4.8	8249.49	8813.66	3.1	3.3	0.058192	0.061663	1.4	1.4	1062.0297506032605	922.6778027608818	1.3	1.1	1314.2863578755253	1323.3965556847627	5.3	5.3	1315.0128600791527	1333.3065112244085	5.3	5.3	False	False
chr15-89669985-89669986-C-G	Pending	1	3	0	0	0.26	0.0	0.0	8.0	0.091	False	protein_coding	missense	8	481.5	471.68	0.98	0.48	0.66	1.359	0	1630.823	2216.577	1.5	1.95	276.24	387.25	20.17	24.22	0.0127387270331382	0.0066293776035308	0.0647141428269516	0.1281251267263706	4.102010869565163	2.4772826086955604	1404.5532392510058	632.5589812983061	1.3013749999999982	0.9319999999999992	471.68	481.5	1.24	1.25	18314.6	11938.21	14.0	8.2	1925.66	792.98	2.5	1.5	5223.78	3070.87	2.1	1.5	0.172893	0.240479	0.66	0.48	1844.098663183025	1453.47247883281	2.8	2.1	2750.742895780148	2537.7567990957164	1.8	1.6	2507.494562925917	1808.173083336333	1.6	0.9	False	False
chr12-120994313-120994313-G-GC	Pending	1	0	0	6	0.559	0.0	0.0	0.0	0.15	False	protein_coding	FS	9	446.84			1.2			0	1753.845		3.25		32.49	202.07	3.89	16.83		0.2368334084749221		0.0122609486959835		18.61798913043478		18630.04394784196		5.373500000000001		446.84		1.2		1973.42		2.2		6434.51		4.6		6158.1		2.4		0.011906		3.3		1534.2695396588344		5.1		869.3807105095915		3.2		858.2622285802132		3.2	True	False
chr20-38647088-38647089-C-G	Pending	5	1	0	0	0.056	0.0	0.0	0.0	0.051	False	protein_coding	missense	11	809.872	526.38	0.65	0.7	0.3	1.15	0	2549.102	2931.257	1.99	1.85	948.41	808.555	20.0	20.0	0.0086668729782104	0.005316212773323	0.1503390733568793	0.1031866359305324	2.222146739130366	2.851521739130362	526.3803830457821	809.8717065751356	0.8139999999999992	0.9581249999999996	5135.92	5124.15	1.7999999999999998	1.78	16409.61	21606.46	13.0	16.0	3646.02	2952.5	2.4	2.2	14008.44	18490.81	4.6	6.7	0.022601	0.014234	1.9	2.4	2216.49442399124	2145.7036159277955	1.7	1.6	1321.630340092051	1588.949153603989	1.3	1.7	480.0428439477195	957.8113960993712	0.3	0.7	False	False
chr14-38254989-38254990-C-T	Pending	6	5	0	0	5.655	0.0	0.0	245.0	0.084	False	protein_coding	missense	9	1593.786	1277.703	0.802	0.4	0.52	1.258	0	2593.537	3262.812	3.4	3.3	129.33	230.77	12.68	18.21	0.8557033389806747	0.8175057992339134	0.3648365515719756	0.4673798495936193	1.1531793478259402	0.8950815217390158	3425.81598363908	1926.956555627733	1.813875000000002	1.3902500000000009	13128.6	15172.6	8.129999999999999	9.56	1605.74	1882.99	2.1	2.3	3869.58	4478.16	4.7	5.2	6235.74	5334.99	3.6	3.2	0.16228	0.214922	0.52	0.4	3099.8074179973237	3033.4495271226524	7.3	7.1	1277.7032515362582	1593.785972060933	3.0	3.6	1766.7292529053914	2153.6245834079737	4.0	4.8	False	False
chr2-178547655-178547656-C-G	Pending	5	9	0	0	22.296	0.0	0.0	397.0	0.109	False	protein_coding	missense	10	833.622	639.4	0.767	1.048	0.938	0.815	0	2930.353	2387.239	3.2	2.85	363.04	1036.29	6.24	16.56	0.0073095969855785	0.0107609368860721	0.1272294453657816	0.1023740566609188	2.4772826086955604	2.870706521739038	639.4000561276446	833.6216745450924	0.9383749999999992	1.0477499999999988	1379.53	4119.53	2.41	5.09	7799.35	9098.43	5.8	6.5	2781.92	3236.91	2.7	3.0	2945.0	3737.61	1.4	1.7	0.011193	0.011276	3.4	3.4	2077.173737759784	2010.8325794908649	3.0	2.9	1899.721771822104	2107.123545310743	7.2	7.9	2697.3046432635892	2623.7956034153735	10.0	9.6	False	False
chr2-21003292-21003293-C-A	Pending	1	9	0	0	0.054	0.0	0.0	0.0	0.106	False	protein_coding	missense	9	362.357	8379.577	23.125	0.648	3.111	6.69	0	3390.065	22677.98	4.27	21.28	47.99	49.57	2.3	1.8	0.343008704483509	0.4558237418532371	0.0377878490235731	0.5530132604572647	6.63130434782606	0.7105706521738	8379.577323495754	362.3567628208979	3.1110000000000007	0.6482499999999995	23505.9	3889.49	17.560000000000002	2.94	29679.16	11732.18	27.0	8.3	23318.07	6719.1	26.0	7.1	19735.52	2890.64	13.0	2.1	0.002012	0.084743	6.2	0.91	18279.56236288107	5441.03041320878	33.0	14.0	23357.695902997213	2712.876352904039	26.0	5.9	22037.889442049367	2589.226242149144	25.0	5.6	False	False
chr6-53654456-53654457-GA-G	Pending	1	8	0	0	0.045	0.0	0.0	0.0	0.113	False	protein_coding	FS	10	901.82	17104.879	18.967	1.8	19.0	4.351	0	4065.925	17692.219	2.86	12.905	27.22	246.53	3.17	18.92	0.0411477424204349	0.0138733647763729	0.0048679897612308	0.0126742869548775	62.74467391304348	18.61798913043478	23823.036112923077	7989.151478790706	7.5151249999999985	2.391	6007.44	5591.17	12.81	2.92	15470.62	3472.56	12.0	3.4	18279.56	4406.07	9.0	2.8	22269.37	5597.24	9.0	1.9	0.000325	0.004259	13.0	4.3	13501.892124781842	3725.7799675308625	16.0	3.1	27168.77142406222	1371.1027440074158	25.0	2.6	17104.87875066651	901.8202853368088	19.0	1.8	False	False
chr1-37629635-37629636-G-A	Pending	1	1	0	2	0.21	0.0	0.0	10.0	0.075	False	protein_coding	missense	9	2293.34	11799.35	5.145	1.887	2.633	2.435	0	4525.157	11016.83	5.95	13.0	71.885	79.5	4.1	5.76	0.0251946225762367	0.0096388906240463	0.0157474007169592	0.0260288174872831	15.160951086956516	9.15535326086956	6636.667409395803	3697.987259693137	2.6332500000000016	1.8866250000000024	11799.35	2293.34	7.3	2.06	14906.35	6948.29	12.0	5.3	14329.76	8119.76	15.0	8.4	10234.31	4113.69	5.4	2.7	0.005533	0.016448	3.9	2.3	8208.088183148084	5997.52246638931	19.0	15.0	13348.42421044092	4936.623428682198	19.0	9.4	8244.607783439546	3134.512456085681	14.0	6.6	False	False
chr3-172447573-172447574-G-C	Pending	6	9	0	0	0.009	0.0	0.0	0.0	0.082	False	protein_coding	missense	10	499.285	470.897	0.943	1.3	1.4	1.119	0	4649.498	5200.554	2.51	2.834	39.775	30.69	2.2	1.98	0.0144850313663482	0.0187771543860435	0.1675398136247969	0.1618076557987287	2.068124999999938	2.1200543478259988	470.89678893282274	499.2848867705581	1.5635000000000008	1.6347500000000008	10909.24	9387.93	21.18	18.72	26262.68	19303.63	15.0	8.2	1369.5	1103.02	1.4	1.3	5246.61	4963.86	1.4	1.3	0.006524	0.009729	3.6	2.9	5154.497145169031	4335.136567304628	4.6	3.5									False	False
chr17-50169207-50169208-A-G	Pending	1	2	0	2	1.929	0.0	0.0	21.0	0.133	False	protein_coding	missense	8	1821.83	7229.28	3.968	0.81	1.1	1.798	0	5227.186	9398.165	3.658	6.4	685.17	2880.55	32.29	61.26	0.6727653220295906	0.2284108847379684	0.0540534417770282	0.0194188987602765	4.807092391304323	12.187228260869546	18931.60376362251	11169.876269422966	7.846750000000003	3.916875000000001	2624.91	3042.9	2.27	2.5	7229.28	1821.83	5.5	2.3	6330.92	2678.54	6.6	3.4	11567.05	3323.29	6.2	2.3	0.069263	0.099294	1.1	0.81	12249.092204073026	7131.081559054952	15.0	8.0	5866.782664019766	9647.171518961675	13.0	17.0	17565.47911172564	22733.170019471876	28.0	36.0	False	False
chr1-157097892-157097893-C-G	Pending	2	3	0	0	0.017	0.0	0.0	0.0	0.079	False	protein_coding	missense	11	1449.706	4912.245	3.388	1.4	9.4	1.893	0	6456.785	12219.958	5.19	8.8	34.97	40.19	4.22	4.86	0.0564107447862625	0.0359296575188636	0.0390567053241074	0.0389757760877387	6.327092391304319	6.479157608695644	2847.701671935906	2648.86836394594	1.510625	1.4691250000000002	6110.6	5972.79	78.29	8.99	32964.43	21842.93	28.0	16.0	16493.98	6940.78	7.8	3.9	30867.34	26946.3	21.0	15.0	0.006852	0.006777	3.4	3.4	7945.936747596634	3066.448979894378	8.2	2.3	31703.70366587739	17624.223839100545	65.0	42.0	4912.244782062248	1449.7062124465906	9.4	1.4	False	False
chr11-56105390-56105391-T-C	Pending	6	2	0	3	0.0	0.0	0.0	0.0	0.113	False	protein_coding	missense	10	680.284	439.228	0.646	2.6	1.5	1.058	0	7176.839	7592.33	6.65	5.7	187.56	73.67	2.87	0.69	0.1556035615503788	0.574858121573925	0.0067585773587487	0.0333590443871565	37.35904891304347	7.348016304347794	25733.38645239295	22272.78929135352	13.067624999999998	7.8825	9185.71	4496.18	9.64	5.43	5998.95	9626.58	4.7	6.8	12721.85	22695.78	6.7	12.0	9904.23	13138.87	3.7	4.9	0.000608	0.001397	12.0	8.3	2077.173737759784	4727.0973186607425	3.0	6.5	439.227981975988	680.2835979758028	1.5	2.6	704.5794950174711	837.3942992347144	2.7	3.2	False	False
chr16-67187504-67187505-C-T	Pending	2	6	0	0	2.405	0.0	0.0	29.0	0.104	False	protein_coding	missense	8	3552.376	4820.663	1.357	1.9	3.5	1.329	0	7786.154	10347.144	6.799	8.87	162.34	347.04	3.02	7.05	0.0719838738441467	0.0375219509005546	0.0251084756160333	0.0297564160498182	9.494239130434764	8.269211956521715	4820.663317099058	3552.3761697794216	8.440000000000003	6.798375000000004	12029.92	8743.27	23.03	17.7	34491.41	30125.29	27.0	20.0	5154.5	3725.78	3.9	2.8	15364.53	10972.63	5.1	3.2	0.006954	0.019379	3.5	1.9	8664.36747969986	6829.0379086880075	9.3	6.8									False	False
chr4-8270022-8270023-G-C	Pending	1	8	0	0	2.669	0.0	0.0	12.0	0.103	False	protein_coding	missense	11	2523.796	2968.512	1.176	3.8	4.3	1.001	0	13393.31	13412.38	14.74	13.5	4.83	7.27	0.08	0.3	0.1395613327622413	0.220350194722414	0.0065205659900546	0.0083518090145931	37.35904891304347	27.61739130434782	25191.6109220866	26155.6801761515	11.891624999999998	14.480874999999996	10417.9	9916.45	10.85	10.35	16514.7	16481.14	12.0	12.0	12382.34	11417.23	6.4	6.1	26424.57	26255.86	15.0	15.0	8.6e-05	0.000113	29.0	26.0	2968.5121663285818	2523.7962059597608	4.3	3.8	12310.905567297845	12310.905567297845	21.0	21.0	14442.420979035409	14475.71419781335	24.0	24.0	False	False
chr3-190408435-190408436-G-A	Pending	1	3	0	1	0.596	0.0	0.0	8.0	0.121	False	protein_coding	missense	9	3534.191	2266.157	0.641	0.56	1.5	0.759	0	13753.737	10439.834	19.0	20.0	29.29	39.86	3.46	4.82	0.0005360640952858	0.0007497444748878	0.0035399384315015	0.0033773582974597	99.28660326086955	99.28660326086955	28561.679156888185	30006.50744123319	37.45137500000001	47.388375	7388.19	7202.56	15.11	13.47	10518.23	7453.25	1.5	0.56	24349.41	18679.43	39.0	23.0	31777.58	27030.11	24.0	13.0	6e-06	1.9e-05	71.0	52.0	7054.340745605158	16404.99468020095	16.0	47.0	10361.437221235725	11102.480012561562	14.0	15.0	2266.1570281010054	3534.1908649738252	1.8	3.3	False	False
chr21-26930045-26930046-C-T	Pending	1	11	0	0	1.932	0.0	0.0	222.0	0.103	False	protein_coding	missense	11	9657.691	18555.353	1.921	4.561	10.311	1.326	0	18842.482	24977.121	30.596	54.612	365.005	571.97	12.0	12.0	0.0107758678495883	0.0191327854990959	0.0055692065161286	0.0107605172622889	46.22467391304348	22.19230978260869	18555.352806762443	9657.69133018852	10.31075	4.561249999999999	11310.52	11252.26	87.69	86.52	43534.4	41036.62	92.0	70.0	31398.89	24614.3	64.0	40.0	40175.09	35964.34	63.0	39.0	7.5e-05	0.000363	32.0	17.0	11112.535816257448	13070.666201741768	6.0	8.1									False	False
