ID	Evaluation	TSL	Pos	Prob Pos	Num Passing Peptides	RNA Expr	RNA VAF	Allele Expr	RNA Depth	DNA VAF	Ref Match	Biotype	Variant Type	Peptide Length	Best MT IC50 Score	Corresponding WT IC50 Score	Corresponding Fold Change	Best MT Percentile	Corresponding WT Percentile	Median Fold Change	cysteine_count	IC50 MT class1	IC50 WT class1	%ile MT class1	%ile WT class1	IC50 MT class2	IC50 WT class2	%ile MT class2	%ile WT class2	MHCflurryEL Processing WT Score	MHCflurryEL Processing MT Score	MHCflurryEL Presentation WT Score	MHCflurryEL Presentation MT Score	MHCflurryEL Presentation WT Percentile	MHCflurryEL Presentation MT Percentile	MHCflurry WT IC50 Score	MHCflurry MT IC50 Score	MHCflurry WT Percentile	MHCflurry MT Percentile	MHCnuggetsI WT IC50 Score	MHCnuggetsI MT IC50 Score	MHCnuggetsI WT Percentile	MHCnuggetsI MT Percentile	NetMHC WT IC50 Score	NetMHC MT IC50 Score	NetMHC WT Percentile	NetMHC MT Percentile	NetMHCcons WT IC50 Score	NetMHCcons MT IC50 Score	NetMHCcons WT Percentile	NetMHCcons MT Percentile	NetMHCpan WT IC50 Score	NetMHCpan MT IC50 Score	NetMHCpan WT Percentile	NetMHCpan MT Percentile	NetMHCpanEL WT Score	NetMHCpanEL MT Score	NetMHCpanEL WT Percentile	NetMHCpanEL MT Percentile	PickPocket WT IC50 Score	PickPocket MT IC50 Score	PickPocket WT Percentile	PickPocket MT Percentile	SMM WT IC50 Score	SMM MT IC50 Score	SMM WT Percentile	SMM MT Percentile	SMMPMBEC WT IC50 Score	SMMPMBEC MT IC50 Score	SMMPMBEC WT Percentile	SMMPMBEC MT Percentile	Prob match	Gene of Interest
chr1-10649430-10649431-G-C	Accept	1	4	0	1	29.146	0.615	17.925	709.0	0.105	False	protein_coding	missense	9	10.93	69.13	6.325	0.08	0.34	4.016	0	36.853	148.016	0.555	1.945	14.53	31.76	1.31	3.8	0.0577026446117088	0.1238383897580206	0.6559976178416315	0.8302759484775635	0.5143749999999585	0.2300271739130437	54.438306754040056	26.261575859579697	0.4339999999999998	0.179125	257.48	30.53	2.09	0.5599999999999999	352.18	75.06	2.1	0.68	69.13	10.93	2.4	0.55	138.07	21.59	1.1	0.2	0.432575	0.795116	0.34	0.08	63.73888788848257	43.1759161375421	1.8	1.1	157.96104566448048	44.31492309931599	4.8	1.5	169.8126345997859	48.080613439143846	5.0	1.7	False	False
chr3-170297387-170297388-G-C	Accept	1	7	0	3	52.744	0.248	13.081	1788.0	0.139	False	protein_coding	missense	9	2.122	3.638	1.714	0.02	0.04	4.181	0	62.469	261.164	0.155	0.4	44.84	119.075	11.71	21.0	0.0384372564149089	0.0735556522849947	0.180367001999465	0.5496753755015918	1.9682336956520745	0.7171739130433537	468.693618098499	91.2971269843127	1.548875000000001	0.26625	9.78	6.59	0.08	0.04	75.42	33.64	0.04	0.02	522.82	97.2	0.69	0.11	1143.55	129.0	0.26	0.04	0.072928	0.488412	0.73	0.05	446.9089812017916	333.6928432031666	0.5	0.3	3.63755861334441	2.122315764464588	0.2	0.2	9.34479976495848	5.0300233371424605	0.3	0.2	False	False
chr6-17764141-17764142-C-G	Accept	1	4	0	4	39.123	0.217	8.49	92.0	0.101	False	protein_coding	missense	9	28.17	7.72	0.274	0.33	0.05	0.276	0	31.623	8.735	0.76	0.288	17.585	28.22	8.0	8.5	0.098582237958908	0.0251418906118487	0.8337794861134488	0.6677655831105778	0.2252989130434741	0.4933152173912845	23.34314144355813	45.80199457571117	0.140625	0.3672499999999999	7.72	28.17	0.15	0.52	6.32	30.64	0.05	0.33	7.69	32.06	0.35	1.4	9.78	49.15	0.08	0.44	0.409948	0.134781	0.36	1.3	30.872620284070205	45.57602152184616	0.8	1.2	8.640721349389421	30.799949186102097	0.4	1.0	8.830189015269747	31.186741462750888	0.4	1.0	False	False
chr2-32491427-32491428-G-T	Reject	1	10	0	6	118.559	0.158	18.732	2147.0	0.118	True	protein_coding	missense	10	43.65	10470.53	239.875	0.57	32.0	91.423	0	94.631	8651.47	1.235	22.731	14.1	15.61	1.25	1.48	0.0043477477897795	0.0417498131282627	0.0038819368459222	0.2679054742825297	99.28660326086955	1.4903532608694832	26328.49344967781	281.0207634707657	22.461875	1.1692499999999997	6832.41	88.59	15.57	1.12	17066.93	57.68	32.0	0.57	10470.53	43.65	27.0	0.99	12251.87	108.22	23.0	0.83	2.4e-05	0.014116	63.0	5.7	3807.2828566667704	118.09887808150204	19.0	1.3	203.6619979798487	100.67230213453048	3.7	1.8	289.92789340376146	82.08995167423858	5.2	1.5	False	False
chr3-123447568-123447569-G-A	Accept	1	3	0	7	27.357	0.224	6.128	491.0	0.153	False	protein_coding	missense	10	5.99	14.63	2.442	0.032	0.43	3.675	0	18.742	68.873	0.079	0.447	56.07	199.88	0.69	4.05	0.0905902771046385	0.4828707398846745	0.6837068972392398	0.9616881232073328	0.4646195652173617	0.031548913043494	53.936757929738896	18.034706927624867	0.4297499999999999	0.07825	87.13	19.45	1.11	0.3899999999999999	21.12	6.8	0.24	0.05	14.63	5.99	0.24	0.05	46.73	6.83	0.41	0.05	0.377585	0.776244	0.42	0.08	392.4925723107973	128.77677121554015	3.7	1.4	100.90437575880112	56.74270038170913	1.8	1.0	83.80887287988524	37.78243988304401	1.5	0.6	False	False
chr8-38417901-38417902-C-T	Accept	1	6	0	1	78.452	0.262	20.554	2227.0	0.104	False	protein_coding	missense	9	59.35	44.22	0.745	0.24	0.2	0.986	0	117.67	116.08	1.25	1.041	41.75	228.26	1.12	4.32	0.0177750291841221	0.1762139151105657	0.4303950487488139	0.5805306683106115	0.981358695652034	0.6555978260868756	122.0807448155889	116.60036918013104	0.2965	0.284	2262.81	2864.55	5.63	6.370000000000001	44.22	59.35	0.2	0.24	110.08	118.74	1.8	1.9	719.42	721.87	2.3	2.3	0.363144	0.360412	0.3	0.3	2054.8203260098107	2099.770321630722	4.0	4.1	41.68405881480592	60.39069115239524	0.7	1.0	68.61356739575618	91.49766265942354	1.1	1.5	False	False
chr14-67805586-67805589-GTCT-G	Reject	1	4	0	3	37.484	0.198	7.422	1210.0	0.139	True	protein_coding	inframe_del	9	36.413	13045.143	358.252	0.04	6.936	93.525	0	80.465	7525.485	0.895	23.0	34.6	44.785	15.0	15.0	0.1405206059571355	0.6307239662855864	0.012326323367822	0.9553638004434292	18.61798913043478	0.0396467391304469	13045.14280030754	36.41327350588035	6.935874999999999	0.2826249999999999	19453.14	112.19	40.46	1.3	4859.86	48.74	12.0	0.49	10191.11	44.12	28.0	1.8	15386.99	40.87	28.0	0.37	0.006106	0.773839	8.8	0.08	3491.5911438616804	123.3223102423627	28.0	3.2	1650.250982549422	129.28555377332842	23.0	4.0	1625.4364706987294	126.4648985596751	23.0	4.0	False	False
chr9-128169193-128169194-G-A	Accept	1	7	0	2	50.297	0.166	8.349	2193.0	0.104	False	protein_coding	missense	10	26.39	26.99	1.023	0.06	0.06	0.756	0	109.56	82.785	0.427	0.455	926.33	2510.86	16.96	32.1	0.0187486276263371	0.1068272744305431	0.6358491717119168	0.727531795509627	0.5491304347825547	0.3941032608695565	51.72250872452607	46.03713765630656	0.092875	0.071875	26.99	26.39	0.73	0.72	85.57	148.86	0.3	0.46	80.0	70.26	0.36	0.29	41.77	47.85	0.2	0.25	0.649559	0.645618	0.06	0.06	1864.1597343160688	1804.6218566100913	0.6	0.6	1523.8422126721832	1101.3871367737704	9.0	5.9	1098.5504340105783	543.0252197254551	5.9	2.0	False	False
chr3-155914534-155914535-G-A	Accept	1	11	0	2	44.898	0.159	7.139	1478.0	0.109	False	protein_coding	missense	11	7.73	1056.3	136.649	0.09	5.5	132.842	0	110.094	14625.118	0.4	15.0	21.04	24.885	6.5	6.5	0.0060852498427266	0.0832074070349335	0.0048401868514916	0.5247715013272284	62.74467391304348	0.7682608695650828	21091.375424732956	104.83863775413776	12.048500000000004	0.2508749999999999	21252.78	36.45	29.97	0.8500000000000001	22915.39	1233.25	33.0	1.8	1056.3	7.73	5.5	0.09	8158.86	115.35	17.0	0.55	0.004589	0.419478	13.0	0.22	5382.47700914843	883.5969186971492	4.2	0.2									False	False
chrX-112804948-112804949-C-G	Reject	1	7	0	4	31.45	0.669	21.04	1709.0	0.104	True	protein_coding	missense	9	88.914	230.659	2.594	0.302	0.484	4.482	0	333.845	1496.21	1.6	3.62	74.81	43.6	8.47	5.27	0.0428381491219624	0.0820283233188092	0.322248820683715	0.4811916730002201	1.2898641304346938	0.8628804347825252	215.47656250493736	124.92430792457338	0.4842499999999999	0.30225	973.3	253.38	3.74	2.08	5200.88	660.24	5.2	1.3	2252.76	414.31	9.3	3.4	2019.12	877.92	5.0	2.7	0.101999	0.217459	1.6	0.68	3975.676359145958	2054.8203260098107	12.0	4.0	230.65878497727996	88.91396961422426	3.2	1.5	251.4258922443656	102.190376682134	3.5	1.7	False	False
chr19-54153797-54153798-G-C	Accept	1	1	0	6	36.674	0.221	8.105	551.0	0.14	False	protein_coding	missense	9	30.309	25.326	0.836	0.01	0.03	1.414	0	179.245	253.47	0.367	0.395	116.94	120.71	2.07	2.17	0.0242905853665433	0.0508427104214206	0.6344252313878557	0.6901696790023019	0.5533695652173662	0.4548369565217172	53.11212971945495	45.24507006399136	0.06825	0.036125	11712.1	11314.05	22.52	21.86	212.29	161.49	0.1	0.08	294.65	201.76	0.39	0.28	623.27	197.0	0.14	0.05	0.679171	0.835123	0.03	0.01	792.984124177032	573.1857601663112	1.2	0.7	20.22134319228783	37.653903044404416	0.4	0.7	25.32619812468594	30.308887799729217	0.5	0.6	False	False
chr1-201490235-201490236-C-A	Accept	1	4	0	4	222.543	0.135	30.043	6285.0	0.111	False	protein_coding	missense	10	24.74	18.29	0.739	0.2	0.2	0.586	0	406.06	238.03	1.1	0.434	10.52	191.55	0.19	3.83	0.1522605523350648	0.1820095991715788	0.63270140731338	0.3708414232199309	0.5550271739130039	1.1369021739128868	85.30019985378156	286.74604391586763	0.4339999999999998	1.2256250000000004	401.56	1700.83	3.84	8.959999999999999					18.29	24.74	0.2	0.27	238.03	406.06	0.34	0.49	0.140826	0.042012	0.48	1.1	743.1400590825417	1017.0464840378708	0.2	0.2									False	False
chr4-184716556-184716557-G-A	Accept	1	6	0	4	7.802	0.538	4.197	338.0	0.145	False	protein_coding	missense	9	105.053	66.132	0.63	0.66	0.38	0.89	0	386.84	344.145	1.75	1.812	176.52	486.685	30.0	42.22	0.0021147212119103	0.0086036970751592	0.0486205125158698	0.0788699808425098	5.2477717391304	3.487608695652085	1845.873267989052	1111.0458393398756	1.7232500000000008	1.3145000000000011	2106.81	2734.73	5.44	6.22	114.79	292.65	0.38	0.66	158.17	198.52	2.1	2.4	530.12	481.03	1.9	1.8	0.209996	0.215558	0.71	0.69	3685.6851539916497	4288.484190125121	9.6	13.0	72.27198781572903	111.9360558108416	1.2	1.7	66.13174767040924	105.05337274091718	1.1	1.7	False	False
chr22-17102207-17102208-T-G	Accept	1	2	0	2	18.606	0.114	2.121	883.0	0.108	False	protein_coding	missense	9	84.25	6959.371	82.604	0.11	4.6	43.931	0	309.405	13592.417	0.837	11.96	28.84	30.87	9.67	11.0	0.6048011630773544	0.4410792188718915	0.1650907870022775	0.7860263557579482	2.0946467391303543	0.2995923913043157	4117.635586306114	112.00494684269064	7.540875000000002	0.374	7907.22	336.68	16.38	2.09	12263.42	282.13	4.6	0.11	16946.23	1318.61	18.0	1.6	16538.66	1550.1	5.7	0.34	0.007526	0.342328	3.3	0.13	15541.081711348315	1422.3578464915408	49.0	2.9	14921.414680481525	147.8461432841297	39.0	2.2	6959.3711747137395	84.25001754793493	28.0	1.3	False	False
chr15-90241535-90241536-G-T	Reject	1	5	5	5	1.424	0.249	0.355	309.0	0.124	False	protein_coding	missense	9	6.64	6.98	1.051	0.12	0.13	0.88	1	42.635	37.506	0.728	0.35	19.27	18.64	8.8	8.4	0.1410858996678143	0.0145100477093365	0.7576522708465145	0.6432713059619819	0.3460869565217166	0.5364673913042992	44.33915481234039	49.26957606955663	0.3546249999999999	0.3911249999999999	6.98	6.64	0.13	0.12	20.33	19.72	0.23	0.22	35.15	48.9	1.5	2.0	18.35	19.49	0.17	0.18	0.528355	0.19129	0.22	0.92	186.03836416012683	174.34467692156656	4.4	4.2	39.86116615352418	42.51576520706369	1.4	1.5	43.95112540273391	42.753335217382656	1.5	1.5	True	False
chr17-76293230-76293231-C-A	Accept	1	2	0	3	3.557	0.271	0.964	107.0	0.132	False	protein_coding	missense	9	52.377	4185.623	79.914	0.418	3.42	20.243	0	220.147	4456.362	2.94	12.0	72.7	96.09	8.29	10.27	0.0083716780136455	0.0436229626648128	0.0230452745202034	0.6532136425970597	10.23198369565216	0.5194836956521129	4185.623418796495	52.37658093583673	3.4198750000000016	0.4176249999999999	13183.59	719.31	27.02	3.78	12839.95	370.23	25.0	2.1	4727.1	194.27	19.0	4.4	5058.2	324.25	12.0	2.0	0.007292	0.174561	8.1	1.1	1039.2947723310567	192.1761205734247	15.0	4.5	312.284191599001	199.31959681217592	8.0	5.7	497.70270370667504	240.9738964066676	12.0	6.6	False	False
chr19-4217567-4217568-C-T	Accept	1	4	0	1	5.703	0.136	0.776	162.0	0.146	False	protein_coding	missense	9	12.045	4.987	0.414	0.16	0.1	0.63	0	358.414	225.927	0.53	0.37	80.65	10128.15	1.23	60.67	0.1396310902200639	0.1565558002330362	0.486840431292354	0.4516968090899813	0.8492119565216427	0.9296739130433592	150.54155916329412	185.1593926486279	0.5399999999999999	0.6804999999999999	8484.72	3489.22	17.28	9.2	213.25	439.2	0.1	0.16	474.31	1269.61	0.65	1.6	2439.34	2933.83	0.54	0.66	0.352879	0.254754	0.13	0.21	238.6046055607708	277.6287273290855	0.2	0.2	4.986662776389762	12.045088630953936	0.2	0.3	7.701405663466831	19.978827631470615	0.2	0.4	False	False
chr9-128705376-128705377-C-G	Accept	1	2	0	4	3.107	0.019	0.059	107.0	0.102	False	protein_coding	missense	9	74.419	139.821	1.879	0.079	0.113	2.396	0	307.942	737.924	3.85	6.415	161.06	204.045	35.0	33.0	0.772564984858036	0.6854940354824066	0.9053821572021872	0.9284440307540608	0.1131793478261045	0.0794021739130386	139.82105650305155	74.41889334587113	0.8344999999999996	0.5506249999999997	2359.31	1307.66	7.630000000000001	5.35	1620.61	876.81	5.2	3.6	1050.6	173.4	9.0	4.1	672.85	121.89	3.1	0.9	0.609026	0.731021	0.16	0.1	605.0485751856643	174.34467692156656	9.8	4.2	763.0447348763379	465.1039201519697	15.0	12.0	712.803789684423	441.5399458009233	15.0	11.0	False	False
chrX-154362265-154362266-C-T	Accept	1	5	0	4	206.145	0.381	78.541	6717.0	0.079	False	protein_coding	missense	9	2.37	2.4	1.013	0.018	0.066	1.372	0	24.14	33.116	0.182	0.192	15.86	25.77	0.36	0.67	0.2912314338609576	0.115741339046508	0.8417934084332418	0.8089408953543633	0.2137500000000045	0.2636413043478001	44.31416435174419	29.58639338637733	0.066375	0.018125	2.4	2.37	0.0699999999999999	0.0699999999999999	9.73	7.59	0.06	0.04	26.11	17.21	0.52	0.36	36.17	23.31	0.17	0.1	0.554906	0.688296	0.1	0.05	681.5204823560478	611.6306104899984	0.5	0.4	34.43261447343676	30.476844557726032	0.6	0.5	31.798746461681414	24.96950885764318	0.5	0.4	False	False
chr20-36194213-36194214-G-A	Accept	1	9	0	4	89.036	0.141	12.554	2032.0	0.085	False	protein_coding	missense	9	10.36	5219.84	503.846	0.08	4.6	170.889	0	23.772	4062.402	0.36	11.299	19.57	56.17	0.48	1.47	0.000886371366505	0.001950375677552	0.0048286849472268	0.4705415582533019	62.74467391304348	0.8858967391303167	20746.730199503545	97.51313039711512	11.598250000000004	0.2292499999999999	5219.84	10.36	8.97	0.4	6157.5	23.28	6.1	0.12	6646.79	21.49	20.0	0.41	1810.51	20.1	4.6	0.08	0.00642	0.350352	11.0	0.32	2904.964926184022	476.8841656614147	6.9	0.3	1073.9152263432431	24.26442476584879	12.0	0.4	1060.2541963086055	27.44163604231195	12.0	0.5	False	False
chr16-48258683-48258684-G-A	Pending	1	6	0	7	229.005	0.055	12.595	6331.0	0.076	False	protein_coding	missense	9	28.574	31.693	1.109	0.064	0.13	2.183	0	32.737	71.478	0.385	0.445	7.22	7.27	0.24	0.24	0.0505620932672172	0.0282120711635798	0.6186145772605072	0.6811028529084936	0.5815489130434202	0.4698369565216751	62.65655102975155	43.50913100778371	0.129625	0.064	22.77	32.71	0.67	0.8099999999999999	81.44	34.87	0.29	0.18	80.43	31.04	1.5	0.66	80.3	32.49	0.39	0.15	0.320196	0.50222	0.38	0.14	531.3768163911138	442.0995903020487	0.3	0.3	31.693485246416877	28.57393154830968	0.5	0.5	42.20947981598911	32.764987001558524	0.7	0.6	False	False
chr18-9549259-9549260-C-T	Pending	1	1	0	7	108.882	0.109	11.868	1675.0	0.062	False	protein_coding	missense	9	18.613	68.677	3.69	0.01	0.02	3.959	0	34.424	136.271	0.03	0.209	7.245	24.035	2.0	8.0	0.6428360790014267	0.7859183177351952	0.912362286164934	0.9733771335069832	0.1025000000000062	0.0153804347826422	79.92014567698288	36.92834284026557	0.2078750000000001	0.0125	7333.16	1039.38	15.52	4.25	93.6	30.47	0.05	0.02	157.31	45.09	0.21	0.04	335.14	31.92	0.07	0.02	0.701734	0.946381	0.02	0.01	1222.4280109388617	784.45046119223	2.2	1.1	68.67679193824952	18.61272668161523	1.2	0.4	115.23117755726688	24.635988914613716	1.8	0.5	False	False
chr7-38776758-38776759-C-T	Pending	1	6	0	4	115.272	0.062	7.147	1900.0	0.069	False	protein_coding	missense	9	1.65	1.52	0.921	0.0	0.0	0.793	0	11.348	9.002	0.053	0.074	20.12	22.61	1.76	2.5	0.2588505996391177	0.6698283329606056	0.924227814696028	0.9807910173608856	0.0847826086956331	0.0072554347826212	16.765069418908404	17.155085402226803	0.062625	0.066375	1.52	1.65	0.0	0.0	4.36	5.2	0.02	0.04	4.17	5.15	0.1	0.15	4.23	5.54	0.03	0.04	0.904057	0.894718	0.04	0.04	47.07966040649869	78.28614569791782	1.2	2.0	15.796104566448063	24.74856373302274	0.6	0.8	13.64488877780892	23.986672192350248	0.5	0.8	False	False
chr19-57212881-57212882-G-C	Pending	1	8	0	5	54.867	0.116	6.365	1080.0	0.059	False	protein_coding	missense	10	2.58	6.91	2.678	0.02	0.13	1.843	0	10.855	20.0	0.187	0.23	30.95	37.47	3.69	4.53	0.4256084412336349	0.2605100502260029	0.890959270238585	0.8659133146038872	0.1353532608695786	0.1746467391304236	46.48708847463031	32.460553060806376	0.3704999999999999	0.2458749999999999	6.91	2.58	0.13	0.02	20.41	7.02	0.23	0.05	13.94	5.93	0.23	0.05	19.59	11.07	0.18	0.11	0.177982	0.17049	0.99	1.1	24.59773516374352	11.65913124155442	0.2	0.2	16.745958091246614	10.639225158861969	0.3	0.2	23.02979117647392	13.191372980316734	0.3	0.2	False	False
chr12-92145485-92145486-G-T	Accept	1	7	0	7	101.76	0.074	7.53	3807.0	0.069	False	protein_coding	missense	9	13.96	13.7	0.981	0.15	0.14	0.703	0	24.776	17.424	0.48	0.34	28.27	18.99	3.32	1.99	0.0468099658028222	0.0385644611378666	0.8372991294196899	0.7911807192279612	0.2196739130434792	0.2912499999999625	18.8281719339839	25.0421816065075	0.0875	0.167	16.02	17.34	0.33	0.35	13.7	13.96	0.14	0.15	11.85	19.28	0.59	0.94	12.58	24.51	0.12	0.23	0.420341	0.283507	0.35	0.61	50.78390721248267	70.25790761356939	1.4	1.9	28.943430214386503	43.008074565603586	0.9	1.5	29.17225492242991	40.176305708158495	0.9	1.4	False	False
chr8-143917764-143917765-G-C	Pending	1	7	7	1	125.105	0.095	11.885	5894.0	0.06	False	protein_coding	missense	9	15.15	39.26	2.591	0.08	0.19	1.669	1	70.872	118.318	0.605	0.91	97.01	81.77	10.35	9.08	0.2446808526292443	0.3129664924927056	0.7842273237582726	0.8112868447179289	0.3027989130434463	0.2603804347826042	55.37595416613414	59.74000627428475	0.103375	0.11825	270.95	69.97	2.14	1.18	39.26	15.15	0.19	0.08	89.14	49.97	1.6	0.93	160.21	135.91	0.72	0.61	0.572381	0.460785	0.09	0.17	1028.1104483849197	792.984124177032	1.1	0.6	107.3915226343241	71.77447095108275	1.7	1.2	129.2438837516631	98.49405098130684	1.9	1.6	True	False
chr7-27662720-27662721-G-A	Pending	1	2	0	18	89.33	0.054	4.824	2964.0	0.084	True	protein_coding	missense	10	9.91	1904.94	192.224	0.11	10.0	38.46	0	23.099	888.394	0.219	5.272	19.04	567.44	0.04	8.03	0.5304251965135336	0.2070532226935029	0.0561378186752578	0.8605439452931981	4.585733695652138	0.1840217391304435	10817.217484204912	27.998053624553503	5.958375	0.1985	993.52	11.52	4.5600000000000005	0.24	81.05	13.12	0.73	0.14	1904.94	9.91	10.0	0.11	95.94	18.2	0.77	0.17	0.052228	0.177622	2.6	0.99	2936.5666561709572	30.540385969498736	16.0	0.3	783.2673073798736	58.1982599472064	13.0	1.0	695.4885748389131	45.52919797400489	12.0	0.7	False	False
chr17-42703765-42703766-G-A	Accept	1	8	0	9	27.852	0.107	2.98	850.0	0.099	False	protein_coding	missense	9	1.64	1.89	1.152	0.02	0.04	0.969	0	9.11	8.825	0.045	0.045	38.665	53.465	11.0	9.5	0.0421934678452089	0.0187583477818407	0.7468494749754618	0.7271116295146653	0.362445652173875	0.3941032608695565	32.82978584701738	33.4763976906324	0.02775	0.03025	1.89	1.64	0.04	0.02	3.66	3.39	0.02	0.02	5.12	4.26	0.05	0.03	4.88	4.78	0.02	0.02	0.724548	0.675866	0.04	0.06	503.39367272195074	466.6754581007161	0.3	0.3	12.530546140054938	13.519791685561906	0.2	0.3	13.721765717424937	13.440332102342133	0.3	0.3	False	False
chr3-122806907-122806908-G-C	Pending	1	8	0	6	22.445	0.13	2.918	1228.0	0.084	False	protein_coding	missense	9	18.1	18.22	1.007	0.09	0.054	0.993	0	28.595	28.388	0.6	0.57	25.22	31.82	2.9	3.81	0.039304414705839	0.0878554256632924	0.853288834000359	0.8541161029876602	0.1947010869565133	0.1930434782608614	16.151977364648744	19.145528723170017	0.05425	0.09	35.2	36.74	0.61	0.63	18.22	18.1	0.21	0.21	34.4	37.11	1.5	1.6	16.02	20.85	0.15	0.19	0.316909	0.302068	0.54	0.57	24.59773516374352	26.24756025081029	0.6	0.7	32.177329665694046	30.94211529213034	1.1	1.0	34.83132535778066	33.648832478264175	1.1	1.1	False	False
chr21-41257233-41257234-C-T	Pending	1	9	0	11	70.132	0.07	4.909	2027.0	0.055	False	protein_coding	missense	10	11.02	8.63	0.783	0.06	0.04	0.602	0	64.63	38.895	0.25	0.2	7.395	18.235	0.26	1.5	0.224142849445343	0.1811999585479498	0.8264907574044167	0.7759475042842786	0.2366847826086768	0.3152445652173554	38.89535860515679	46.18293994531301	0.063625	0.1225	183.52	330.33	2.1	3.34					8.63	11.02	0.04	0.06	38.53	64.63	0.1	0.15	0.350427	0.279998	0.2	0.25	1050.6007652110409	1290.3815441454742	0.3	0.4									False	False
chr1-154948279-154948280-C-T	Pending	1	4	0	10	82.829	0.079	6.543	3252.0	0.051	False	protein_coding	missense	9	11.43	14.77	1.292	0.09	0.14	1.645	0	91.668	150.797	1.25	1.35	276.01	403.87	20.16	24.75	0.002568420022726	0.0012454803454602	0.0530827313529263	0.0427577234759259	4.807092391304323	5.913749999999965	1680.9673381033297	2113.60745426955	1.6378750000000013	1.847750000000001	14.77	11.43	0.52	0.43	26.96	18.18	0.14	0.09	91.58	61.7	1.6	1.2	180.14	106.88	0.78	0.5	0.14933	0.169677	1.1	0.92	1050.6007652110409	1318.6091434272448	1.1	1.8	184.91408804394143	127.04863400900528	2.8	1.9	121.45349030934426	76.455723079319	1.8	1.3	False	False
chr10-72859238-72859239-G-A	Pending	1	9	0	8	25.518	0.085	2.169	764.0	0.071	False	protein_coding	missense	9	2.85	2282.9	801.018	0.01	0.74	156.623	0	11.48	1798.063	0.107	6.53	386.875	585.335	5.5	8.4	0.1329990355297923	0.3411426581442356	0.0118925372951293	0.8295550688058446	20.2322554347826	0.2318750000000022	13175.425071071848	58.25848459772185	6.459125000000001	0.11425	2282.9	2.85	5.66	0.1	7365.95	10.3	7.3	0.06	1628.34	7.24	7.6	0.07	398.76	11.32	1.5	0.04	0.205186	0.887063	0.74	0.01	1967.7864831100464	323.0352995794819	3.7	0.2	515.1930550770936	11.640456172106108	6.6	0.2	570.7027956590146	14.771003464386371	7.1	0.3	False	False
chr19-39480887-39480888-G-A	Pending	1	4	0	4	80.928	0.147	11.896	667.0	0.059	False	protein_coding	missense	9	46.818	47.937	1.024	0.01	0.01	0.579	0	282.69	163.75	0.205	0.18	24.57	18.45	2.81	1.9	0.2442487683147192	0.3167066918686032	0.8067571581962206	0.8466256590959372	0.2683967391303952	0.2053804347825973	47.936751587397005	46.81808564323271	0.023125	0.019	18675.85	16953.49	59.760000000000005	53.010000000000005					67.7	95.53	0.18	0.24	163.75	282.69	0.04	0.06	0.938453	0.967566	0.01	0.01	414.3108362962455	456.6852893751565	1.0	1.2									False	False
chr4-39228314-39228315-G-T	Pending	1	7	0	4	25.061	0.055	1.378	721.0	0.066	False	protein_coding	missense	9	8.86	79.35	8.956	0.051	0.43	3.179	0	18.76	59.644	0.315	0.88	99.725	127.01	18.0	11.88	0.0540841079782694	0.1207779834512621	0.6536286938425974	0.8881715099350067	0.5194836956521129	0.1400543478261227	54.30830723741423	15.76911197898064	0.4297499999999999	0.0505	27.48	21.75	0.52	0.43	50.37	13.47	0.5	0.14	55.38	11.53	2.1	0.58	79.35	8.86	0.66	0.07	0.167697	0.543941	1.1	0.2	82.63799313081125	28.62072964869365	2.2	0.7	63.90723090316767	30.658436273997825	2.1	1.0	73.44631314890161	34.432614473436814	2.4	1.1	False	False
chr2-171837132-171837133-C-G	Pending	1	4	0	4	12.133	0.202	2.451	420.0	0.099	False	protein_coding	missense	9	8.75	7.79	0.89	0.08	0.07	0.915	0	41.385	37.872	0.85	0.661	13.12	10.75	1.1	0.75	0.5226082615554333	0.5342789962887764	0.8897946668708231	0.8967103601416875	0.1383423913043628	0.1272282608696002	67.00569861258646	64.88380133640199	0.5123749999999999	0.4993749999999999	52.68	135.26	0.8099999999999999	1.4500000000000002	7.79	8.75	0.07	0.08	27.41	29.56	1.3	1.3	28.05	34.8	0.26	0.32	0.663895	0.655859	0.13	0.13	196.3800481231358	216.46520256712395	4.6	5.0	41.54798823776073	46.29669617507024	1.4	1.6	34.19558202266101	36.472875148581366	1.1	1.2	False	False
chr3-49968064-49968065-G-A	Pending	1	3	0	4	69.628	0.126	8.773	1568.0	0.058	False	protein_coding	missense	9	86.57	3699.71	42.737	0.42	8.0	25.335	0	214.155	5425.545	1.886	11.5	821.035	1134.725	66.0	62.0	0.1471005114726722	0.0380754402140155	0.0094247976961378	0.0575229565310229	24.57923913043477	4.519266304347795	17667.22269267515	1752.708806338978	9.044000000000002	1.6726250000000011	6752.23	94.87	10.63	1.37	5640.52	289.59	5.6	0.65	5210.57	155.62	17.0	2.1	3699.71	86.57	8.0	0.42	0.00712	0.110051	11.0	1.5	11479.159325780089	3167.6169136018457	36.0	7.7	1315.133982817326	211.33430502282897	14.0	3.1	1003.2519210412264	216.9751513600578	12.0	3.1	False	False
chr1-36296651-36296652-G-A	Accept	1	5	0	3	129.755	0.094	12.197	4028.0	0.053	False	protein_coding	missense	9	27.351	30.901	1.13	0.36	0.52	1.613	0	318.635	513.91	1.826	2.777	254.19	500.39	4.65	7.23	0.0118952706252457	0.00386480727866	0.0295311144980422	0.0453267065144172	8.269211956521715	5.554945652173885	3261.984357925134	2003.9157138153791	2.3541250000000016	1.792875000000001	123.59	195.17	1.53	1.86	181.65	106.91	0.52	0.36	846.17	442.1	5.1	3.6	3360.17	1241.11	7.4	3.5	0.043964	0.101518	3.2	1.6	8664.36747969986	7775.837276083438	28.0	25.0	30.900819698405396	27.35079787162679	0.5	0.5	56.93902156527083	44.710548732882	1.0	0.7	False	False
chr14-64070737-64070738-G-C	Pending	1	8	0	3	148.126	0.109	16.146	1503.0	0.06	False	protein_coding	missense	9	82.963	85.113	1.026	0.2	0.23	0.559	0	370.154	207.085	2.065	1.81	74.15	136.8	8.41	13.18	0.0503354545217007	0.0619127341778948	0.5462007993199438	0.56246018396056	0.7247282608694405	0.6911141304346842	85.11313177443914	82.96255352353637	0.6128749999999997	0.5972499999999996	221.43	223.83	1.92	1.93	124.92	269.24	0.97	1.7	226.04	659.75	4.7	7.5	267.33	399.61	1.7	2.2	0.521125	0.550012	0.23	0.2	759.396537558375	784.45046119223	13.0	13.0	175.61030613977928	378.9221562626966	5.2	9.2	192.73917690856783	361.38489819299946	5.5	8.9	False	False
chr19-3626635-3626636-C-T	Pending	1	9	0	2	17.428	0.162	2.823	981.0	0.098	True	protein_coding	missense	9	28.081	1084.951	38.637	0.28	12.0	102.11	0	93.335	9530.425	1.546	20.571	949.23	4010.96	10.68	24.97	0.0005326190375853	0.0003781480877478	0.0040546572304339	0.0499872550173171	62.74467391304348	5.149211956521697	24822.75958955168	1779.9884779590354	17.141125000000006	1.6911250000000009	18262.81	47.43	24.97	0.97	10396.48	78.36	12.0	0.28	8664.37	108.31	24.0	1.8	7643.95	329.26	16.0	1.4	0.001266	0.084871	24.0	1.8	12930.006815315508	2122.6127229763083	40.0	4.2	1655.6555908828057	37.408474652069565	16.0	0.6	1084.9506891188587	28.08083385881677	13.0	0.5	False	False
chr3-123448172-123448173-C-T	Pending	1	1	0	6	27.357	0.174	4.76	115.0	0.066	False	protein_coding	missense	9	34.48	6385.85	185.204	0.46	3.9	12.811	0	165.794	2123.92	1.7	9.915	112.74	95.3	11.53	10.21	0.0029206365670688	0.0018435507663525	0.0113063853722442	0.0667833118511211	20.2322554347826	3.996902173913	8646.811767409941	1303.8899983871704	4.482	1.4355000000000009	6385.85	34.48	10.23	0.83	1401.22	201.88	1.9	0.55	2781.92	202.86	12.0	2.4	1465.92	97.4	3.9	0.46	0.012415	0.096571	7.4	1.7	8478.888488850993	3567.971061190687	27.0	9.2	1002.2360036762012	129.7089668109198	12.0	1.9	859.8248646324004	109.4989614244097	9.6	1.7	False	False
chr12-4662607-4662608-G-C	Pending	1	2	0	3	118.788	0.068	8.078	3249.0	0.061	True	protein_coding	missense	9	45.58	7054.26	154.767	0.47	16.0	22.819	0	316.86	7230.285	2.71	19.5	42.915	47.6	14.0	15.0	0.663758210837841	0.7176967300474644	0.1043432119136868	0.2186375124556284	2.832907608695578	1.7260326086955755	8799.32737493145	4345.128444651393	5.154000000000001	3.4923750000000013	6881.25	482.25	15.64	3.02	7054.26	45.58	16.0	0.47	7406.31	151.47	23.0	3.8	15021.3	718.71	27.0	3.2	0.009733	0.224689	7.0	0.76	27575.70688442416	2751.9848781733217	58.0	25.0	3635.381560138093	68.95249730975743	32.0	2.3	3630.5297509283737	73.44631314890145	32.0	2.4	False	False
chr6-163563586-163563587-C-G	Accept	1	2	0	3	159.302	0.033	5.257	4027.0	0.099	False	protein_coding	missense	9	42.714	918.789	21.51	0.093	1.633	29.125	0	197.2	5743.492	0.387	4.0	11.17	27.2	0.81	3.17	0.3204037956893444	0.0928105933126062	0.2368452002664944	0.7321019845073056	1.6326630434781606	0.3866032608695633	918.7893512853784	42.71421541190517	2.194749999999998	0.09275	42661.81	22094.66	90.4	42.94					3434.75	160.37	9.3	2.0	9149.88	197.2	4.0	0.3	0.007548	0.206563	2.7	0.34	5743.4917749851775	1376.930319032567	24.0	3.2									False	False
chr15-97960900-97960901-G-A	Pending	1	1	0	4	10.986	0.105	1.154	1195.0	0.074	False	protein_coding	missense	9	3.77	20267.56	5376.011	0.16	28.23	127.27	0	62.249	7922.469	0.7	16.0	102.48	153.75	2.44	3.28	0.0988464942201972	0.0511414568172767	0.0157626256881869	0.3901798457478301	15.160951086956516	1.0836684782607051	8670.04712679255	163.6026693054966	4.52275	0.388875	20267.56	3.77	28.23	0.16	13032.68	31.94	15.0	0.16	12051.9	66.56	32.0	1.3	7174.89	89.17	16.0	0.43	0.007405	0.238081	10.0	0.6	5210.570464861065	1376.930319032567	17.0	2.0	2285.44092525641	57.93886722929167	20.0	1.0	1619.60832338551	47.46899094961789	16.0	0.8	False	False
chr12-14424711-14424712-C-T	Pending	1	3	0	1	70.319	0.132	9.282	3218.0	0.09	False	protein_coding	missense	11	10.71	20.53	1.917	0.17	0.29	2.76	0	368.54	1017.046	0.44	0.775	51.6	96.52	6.17	10.31	0.0094563883612863	0.1114163226447999	0.5225048984181467	0.699265218189875	0.7749456521737841	0.4397010869565037	80.894100391257	53.97808011021564	0.4014999999999998	0.1915	24492.86	8435.22	47.16	21.47					20.53	10.71	0.29	0.17	2005.14	368.54	1.4	0.47	0.031106	0.109417	1.3	0.6	1017.0464840378708	1006.101584045498	0.2	0.2									False	False
chr9-137107560-137107561-G-A	Pending	1	1	0	8	53.31	0.108	5.757	2131.0	0.069	False	protein_coding	missense	9	5.59	31028.75	5550.76	0.187	3.572	52.569	0	221.655	11652.217	0.745	20.0	39.83	42.53	0.39	0.44	0.4130645412951708	0.582540474832058	0.062422085217057	0.85861763973496	4.213478260869522	0.1871739130434804	6281.066582171665	111.75040570440903	3.5723750000000014	0.271	31028.75	5.59	54.17	0.24	12855.66	223.64	15.0	0.57	14564.23	162.5	38.0	2.2	10247.28	219.67	21.0	0.92	0.008018	0.265926	9.5	0.51	5869.132896433324	1550.9601273084331	19.0	2.5	12021.813880008258	304.7684455772603	46.0	4.3	11282.621005448354	330.68157693587904	45.0	4.6	False	False
chr19-39830745-39830746-G-A	Pending	1	9	0	9	19.808	0.125	2.476	696.0	0.052	False	protein_coding	missense	9	17.37	59.54	3.428	0.04	1.0	46.489	0	112.498	5229.88	0.367	7.2	25.95	29.8	1.4	1.7	0.0393626445438712	0.1266903858631849	0.0090896496354985	0.5656286838769258	24.57923913043477	0.6837228260868784	12390.160520457166	103.6556992891208	18.699000000000005	0.3345	7245.95	637.16	15.37	3.15	3213.81	66.67	1.0	0.04	13070.67	121.34	14.0	0.14	21264.6	623.63	9.0	0.14	0.002969	0.444825	5.4	0.07	1109.0025961138124	520.0015791455069	1.9	0.6	59.5401603598416	17.370407225176326	1.1	0.4	79.53714539340784	24.297970474721367	1.3	0.5	False	False
chr5-177235879-177235880-G-A	Pending	1	3	0	1	62.836	0.152	9.551	1767.0	0.057	False	protein_coding	missense	9	127.652	139.296	1.091	0.29	0.5	1.072	0	490.52	525.74	0.678	0.732	382.13	701.125	59.0	61.0	0.1998056946322322	0.3427569232881069	0.5586455389685818	0.6955590402777527	0.6972554347825053	0.4456249999999784	139.29631462377134	127.6523888909212	0.7324999999999998	0.6781249999999998	423.4	930.7	3.98	6.43					798.61	490.52	4.3	3.4	525.74	330.53	0.57	0.43	0.132736	0.241185	0.5	0.29	2551.251382965138	4478.160896660665	8.3	18.0									False	False
chr6-167024825-167024826-C-T	Pending	1	10	0	8	36.208	0.073	2.643	1612.0	0.059	False	protein_coding	missense	10	34.52	309.93	8.978	0.37	1.9	5.144	0	156.516	805.065	1.533	7.65	18.27	18.58	1.88	1.93	0.0162961788009852	0.0548823804128915	0.0045100306262755	0.1449643826624218	62.74467391304348	2.2818206521738347	23550.13828123529	650.8853139754265	16.482124999999996	1.6459999999999997	737.21	130.26	3.83	1.4200000000000002	309.93	34.52	1.9	0.37	2456.44	55.08	12.0	1.4	872.92	70.57	3.6	0.6	0.017435	0.276067	5.0	0.64	5210.570464861065	476.8841656614147	23.0	4.4	368.90114228391286	182.7721413326696	6.5	3.3	528.7982387617056	256.6197041770393	8.8	4.6	False	False
chr13-51973942-51973943-A-G	Pending	1	3	0	7	51.593	0.152	7.842	1013.0	0.074	False	protein_coding	missense	9	55.007	55.566	1.01	0.14	0.13	0.913	0	375.81	343.3	0.49	0.381	13.59	26.91	0.29	0.71	0.1703766966238618	0.0779499009950086	0.7357977047523431	0.6697509982876894	0.3806249999999807	0.4901902173912731	55.566442721331	55.00656073430349	0.2025	0.2025	2638.04	624.23	11.28	5.1					343.3	375.81	2.9	3.0	54.19	61.35	0.13	0.14	0.299562	0.295613	0.23	0.24	846.1713421466491	828.0572666536243	1.3	1.2									False	False
chr10-28058595-28058596-C-T	Pending	1	4	0	1	14.938	0.153	2.286	477.0	0.09	False	protein_coding	missense	9	78.518	114.28	1.455	0.22	0.23	1.578	0	123.114	194.257	0.996	1.205	338.05	719.95	56.0	74.0	0.2416013111360371	0.1009681487921625	0.6843985111460736	0.5615549520269341	0.4646195652173617	0.6929076086955632	93.18358782415224	96.00820334696505	0.218375	0.227875	858.17	231.16	3.54	2.0	255.65	150.22	0.61	0.46	311.03	218.82	3.0	2.5	131.25	80.26	0.6	0.39	0.416161	0.42146	0.23	0.22	2314.5284480795485	2904.964926184022	4.8	6.9	114.27993902779464	78.51813943274838	1.8	1.3	132.86481892987285	83.639225000557	2.0	1.4	False	False
chr2-86030197-86030198-C-T	Pending	1	5	0	3	22.691	0.093	2.11	771.0	0.066	False	protein_coding	missense	9	5.36	5.4	1.007	0.02	0.02	2.936	0	133.005	390.49	0.116	0.358	13.625	41.135	0.94	2.9	0.5269831493496895	0.7690818905830383	0.8108415332425791	0.9466947614564416	0.2603804347826042	0.0523369565217564	130.6528538346558	73.03996673325912	0.4559999999999999	0.1715000000000001	5.4	5.36	0.02	0.02	247.09	111.55	0.11	0.06	1646.06	719.41	1.9	0.87	532.34	124.57	0.12	0.04	0.264765	0.550793	0.2	0.04	1362.1125453370685	1362.1125453370685	2.7	2.7	970.0854705702292	658.8855755604503	9.0	6.9	248.63942913427033	141.43926798636926	3.3	2.1	False	False
chr9-137457898-137457899-G-A	Pending	1	1	0	2	29.463	0.104	3.064	1033.0	0.06	False	protein_coding	missense	9	111.88	323.035	2.887	1.716	5.047	12.049	0	242.735	2924.715	3.15	18.5	304.05	343.18	21.26	22.69	0.0113887813058681	0.009325765829999	0.0118081901799807	0.1140758626737808	20.2322554347826	2.676956521739058	8523.32568949268	731.883057239582	5.047125	1.7156249999999993	1298.0	184.37	5.33	1.73	8839.64	785.06	19.0	3.4	4551.43	301.1	19.0	5.4	4909.12	374.75	12.0	2.2	0.001126	0.006855	19.0	8.4	323.0352995794819	111.87960435600128	6.5	2.9	1206.5629908987958	157.9610456644803	19.0	4.8	995.3366595561	149.2691294555871	18.0	4.6	False	False
chr3-127599366-127599367-G-A	Pending	1	3	0	2	40.182	0.141	5.666	1002.0	0.056	False	protein_coding	missense	8	80.84	30.53	0.378	0.2	0.08	1.297	0	367.822	476.884	1.5	0.929	20.3	23.19	0.5	0.59	0.0052363513750606	0.0153554638673085	0.2317770627764102	0.2103117464753323	1.6564130434781532	1.7730978260868966	300.11042693205815	354.04757633571194	0.929	1.0275	28657.42	29130.16	95.3	96.22					30.53	80.84	0.08	0.2	4920.07	9966.26	0.89	2.1	0.076112	0.046583	1.2	1.5	476.8841656614147	367.8219329790623	0.3	0.2									False	False
chr1-21864131-21864132-C-G	Pending	1	3	5	1	165.285	0.016	2.645	5600.0	0.068	False	protein_coding	missense	9	79.86	23557.29	294.982	0.55	8.6	33.376	1	385.726	12873.901	4.1	33.74	124.19	544.16	12.34	28.82	0.0175437597936252	0.0013735892716795	0.0046928611047673	0.0103462957073494	62.74467391304348	22.19230978260869	22704.801773694995	9430.140173613829	13.994625000000005	4.8038750000000014	23557.29	79.86	34.48	1.25	8625.93	201.85	8.6	0.55	16228.45	503.39	43.0	3.8	13094.59	449.04	27.0	1.7	0.001273	0.019311	24.0	5.6	12653.21285183316	1804.6218566100913	39.0	3.2	6807.223344366076	311.15013947804056	36.0	4.4	5799.75970106126	322.4111108965272	33.0	4.5	False	False
chr1-15410037-15410038-G-C	Pending	1	2	0	1	29.049	0.057	1.656	1872.0	0.055	False	protein_coding	missense	9	45.42	11440.66	251.886	0.18	5.1	25.739	0	407.998	10501.344	2.9	33.5	50.24	30.095	3.1	2.16	0.7478658966720104	0.4877560436725616	0.2265445332689341	0.6285889044496572	1.68184782608688	0.5636956521738625	4626.962444812122	294.8264268503725	3.6012500000000016	1.1966249999999996	11440.66	45.42	23.72	0.73	18388.66	673.74	34.0	3.1	19295.7	947.98	42.0	8.7	18596.96	521.17	33.0	2.7	0.017215	0.575049	5.1	0.18	8208.088183148084	819.1461656236108	39.0	13.0	9562.02775595793	181.36354663510755	46.0	5.3	8749.233355770508	176.99866877455358	45.0	5.2	False	False
chr7-24289537-24289539-CC-AA	Pending	1	0	0	1	0.02				0.04	False	protein_coding	missense	10	23.81	19.18	0.806	0.3	0.4	0.803	0	75.07	60.285	0.751	0.835	114.05	121.74	2.01	2.2	0.0605150586925447	0.1142075469251722	0.3762281982732107	0.4603052426988339	1.1225271739129	0.9103260869564024	179.89210013167636	153.12242976241652	0.9492499999999996	0.8724999999999995	70.81	81.81	0.98	1.0699999999999998	49.76	68.33	0.5	0.63	19.18	23.81	0.35	0.45	35.84	42.61	0.32	0.39	0.239377	0.331444	0.72	0.5	40.90220409919967	36.70768628566371	0.4	0.3	123.56913313095536	216.72549322787128	2.2	4.0	189.36076524671577	314.2606467858067	3.5	5.5	True	False
chr22-50280492-50280493-G-A	Pending	5	4	4	6	184.185	0.238	43.836	4435.0	0.097	False	protein_coding	missense	9	9.94	42.43	4.269	0.16	0.56	2.37	1	22.387	53.065	0.462	1.063	16.18	10.805	5.7	3.7	0.0094038287643343	0.0132109359619789	0.4544166502854761	0.7079861723060745	0.9252717391303236	0.4245652173912759	107.1168055292868	36.15488087714586	0.7116249999999995	0.2826249999999999	42.43	9.94	0.7000000000000001	0.2	56.16	14.63	0.56	0.16	49.97	21.14	2.0	0.97	160.24	37.2	1.3	0.34	0.155504	0.101311	1.2	1.6	27.113516753868826	19.387320112476484	0.7	0.5	49.83678293845265	23.63469487971566	1.7	0.8	61.939828708107946	24.15293986084442	2.1	0.8	True	False
chr1-92840553-92840554-G-C	Pending	6	5	0	9	716.3	0.058	41.545	11323.0	0.052	False	protein_coding	missense	9	29.172	46.555	1.596	0.21	0.42	2.128	0	137.78	293.165	1.12	1.98	33.21	46.205	11.0	11.0	0.0071543246231158	0.0132459435626515	0.0256807587774874	0.0308059082867914	9.494239130434764	8.01565217391304	3717.181947470221	3134.262339205181	2.560250000000001	2.3106250000000017	8833.23	1424.07	12.83	4.49	128.79	47.24	0.42	0.21	239.9	79.14	2.7	1.4	346.43	196.42	1.4	0.84	0.154884	0.188741	1.1	0.83	3133.5287466619466	2390.8891056788234	7.6	5.0	46.55539330857998	29.172254922429925	0.8	0.5	56.02862957139917	34.467517121952994	0.9	0.6	False	False
chr2-200877026-200877027-C-G	Pending	5	2	0	20	33.802	0.075	2.535	1429.0	0.05	False	protein_coding	missense	9	2.41	1012.89	420.286	0.01	4.61	109.256	0	6.04	659.908	0.258	6.0	4.44	24.905	0.98	9.6	0.0034144825185649	0.0018834772527043	0.037414459900915	0.6778469828986068	6.63130434782606	0.4753260869564855	2458.2673915755463	40.14348860818992	2.7222499999999985	0.3159999999999999	1012.89	2.41	4.61	0.01	211.83	4.56	1.5	0.02	645.63	7.52	7.4	0.35	1804.54	19.2	5.7	0.17	0.002805	0.136853	13.0	1.3	674.1863303391938	67.28206801518476	12.0	1.8	220.5718064451923	4.183598513368352	6.2	0.2	201.8226944687943	4.082911816028956	5.8	0.2	False	False
chr3-122720469-122720470-C-G	Pending	5	7	0	6	55.484	0.043	2.386	46.0	0.077	False	nonsense_mediated_decay	missense	9	3.32	2.96	0.892	0.03	0.02	0.872	0	27.918	24.343	0.511	0.42	13.015	14.095	0.95	1.4	0.0070198744651861	0.0101300744572654	0.3882810023596956	0.278289078980828	1.089130434782433	1.4441304347825223	140.464103503036	237.31788809859376	0.339375	0.5122499999999999	2.96	3.32	0.11	0.13	3.63	4.74	0.02	0.03	10.13	12.04	0.17	0.22	16.37	18.13	0.06	0.07	0.261795	0.267471	0.53	0.51	759.396537558375	883.5969186971492	0.6	0.8	33.57144231111859	39.53393100528244	0.6	0.7	32.31543452661037	37.705959785152864	0.5	0.6	False	False
chr18-2750351-2750352-G-C	Pending	5	5	0	5	44.303	0.047	2.082	1169.0	0.073	False	protein_coding	missense	9	25.57	25.51	0.998	0.02	0.02	0.96	0	31.606	30.336	0.103	0.08	18.87	45.61	0.46	1.22	0.4562359731644392	0.3882403448224067	0.9323621151380224	0.9123874087737244	0.0733967391304446	0.1025000000000062	30.33600925866312	31.605968239451343	0.01675	0.021	140.0	177.32	1.63	2.04					25.51	25.57	0.45	0.45	28.64	30.88	0.08	0.09	0.884239	0.872363	0.02	0.02	776.0086328378046	893.2091487761664	1.0	1.4									False	False
chr8-143872679-143872680-C-G	Pending	5	6	0	1	38.74	0.268	10.382	1749.0	0.063	False	protein_coding	missense	9	190.74	1883.85	9.877	1.064	1.351	1.294	0	364.277	471.263	4.0	5.45	270.27	289.97	19.93	20.71	0.0099677222315222	0.012039677647408	0.1916977632070843	0.2864770315579742	1.8910597826086215	1.41483695652164	391.1908076932904	229.23703249384835	1.3513749999999998	1.0638749999999997	1883.85	190.74	6.660000000000001	1.77	922.66	856.7	3.7	3.5	469.21	317.83	6.5	5.6	1813.76	1223.74	5.7	4.5	0.111143	0.164228	1.5	1.1	238.6046055607708	246.47662139274465	5.2	5.3	469.4074737389552	410.7239234920843	12.0	9.7	473.1185759592555	463.4149070629157	12.0	12.0	False	False
chr15-50908878-50908879-C-T	Pending	1	9	0	13	10.097	0.093	0.939	471.0	0.06	False	protein_coding	missense	9	13.62	10405.6	763.994	0.03	8.8	274.845	0	37.86	10405.6	0.172	12.798	11.42	21.51	0.01	0.05	0.0019976575567852	0.3098965855315327	0.006073859525703	0.8688212291394943	37.35904891304347	0.1718478260869602	16427.57820681597	37.85985395416657	12.797625000000002	0.05525	2273.22	197.59	10.43	2.23					10405.6	13.62	19.0	0.25	13460.03	13.93	5.7	0.04	0.000402	0.813027	8.8	0.03	3975.676359145958	681.5204823560478	16.0	0.9									False	False
chr19-38725834-38725835-G-A	Pending	1	1	0	1	386.371	0.269	103.934	5665.0	0.138	False	protein_coding	missense	10	557.558	2820.266	5.058	2.0	6.5	9.631	0	819.87	7896.565	5.85	22.0	144.11	258.09	29.0	38.0	0.1051772991195321	0.2761082020588219	0.0077388876478838	0.0579933293784841	31.64317934782608	4.519266304347795	18609.20247852262	4134.195569513442	10.484124999999995	3.4026250000000013	13511.24	2083.07	27.66	7.07	9182.2	572.0	19.0	2.8	6610.93	611.63	21.0	5.8	9689.91	1884.89	19.0	5.9	0.011272	0.080217	6.5	2.0	5154.497145169031	1028.1104483849197	23.0	7.5	3089.655088728325	560.9317206152995	29.0	9.2	2820.265534040117	557.557933785119	28.0	9.2	False	False
chr16-676879-676880-C-T	Pending	1	4	0	14	1.7	0.174	0.296	69.0	0.066	False	protein_coding	missense	10	28.93	37.29	1.289	0.271	0.098	0.592	0	55.903	33.1	0.605	0.355	14.55	9.01	1.31	0.52	0.0225748387747444	0.0055592733551748	0.8168498620905382	0.7086621011496281	0.2510054347825985	0.4245652173912759	19.97373549699304	35.04289283887495	0.098375	0.2706249999999999	37.29	28.93	0.64	0.54	28.91	64.74	0.31	0.61	12.58	32.59	0.17	0.74	19.5	61.79	0.18	0.54	0.059774	0.012469	2.4	6.1	40.90220409919967	53.606933103778	0.4	0.6	58.332420792104195	58.198259947206346	1.0	1.0	54.86431989497877	62.55902910493754	0.9	1.1	False	False
chr5-90783938-90783939-C-G	Pending	1	7	7	3	80.135	0.239	19.152	1696.0	0.064	False	protein_coding	missense	11	109.57	164.22	1.499	0.88	1.2	0.897	1	832.391	747.014	2.742	1.939	26.32	27.26	0.17	0.19	0.0579006605548784	0.0235349835202214	0.0858246057525904	0.0674944123593438	3.2661956521738205	3.946249999999935	1209.328438094447	1394.692392242153	2.07825	2.18325	164.22	109.57	1.62	1.28	4984.31	3402.09	13.0	8.6	151.47	121.34	1.2	0.88	284.7	270.09	1.8	1.7	0.21604	0.036753	0.8	3.3	151.46841539389263	123.3223102423627	1.6	1.3	2261.10119751111	2693.5187308762343	13.0	16.0	2266.0526701161357	2281.7601968261256	13.0	13.0	True	False
chr15-48878200-48878201-G-C	Pending	3	1	0	4	235.704	0.133	31.349	4983.0	0.093	False	protein_coding	missense	9	94.095	196.38	2.087	0.751	1.709	5.036	0	937.863	4722.745	4.4	14.0	504.5	522.56	10.37	10.7	0.0462099317228421	0.0364750537555664	0.1301843278886922	0.4572864989537123	2.437581521739034	0.9172826086955156	717.014498644741	116.81778085234691	1.708749999999999	0.7513749999999996	18508.5	1797.59	38.26	6.47	5901.03	1083.28	14.0	4.1	6504.5	1109.0	22.0	9.2	5990.58	1328.81	14.0	4.7	0.049635	0.214543	2.7	0.8	196.3800481231358	94.0951852953971	4.6	2.5	3544.459350283525	660.0092162587357	32.0	14.0	3334.033812780942	792.4465883187274	31.0	16.0	False	False
chr10-23030747-23030748-C-T	Pending	1	8	0	10	1.709	0.176	0.301	17.0	0.073	False	protein_coding	missense	9	14.705	13.95	0.949	0.038	0.03	0.455	0	70.248	31.96	0.905	0.415	31.56	50.16	0.25	0.58	0.3896658793091774	0.2058487404137849	0.958617544348462	0.9199038677457568	0.0355978260869562	0.0918750000000017	13.9497954365541	14.705186897810648	0.029625	0.0385	30.98	115.9	0.5599999999999999	1.3299999999999998	20.45	24.95	0.23	0.29	32.94	43.88	1.5	1.8	30.82	54.6	0.27	0.48	0.869091	0.68086	0.05	0.12	153.1161681504516	141.94766797100098	3.7	3.5	84.44034518530874	91.94963296374556	2.8	3.0	79.6104355577236	85.89541850029487	2.6	2.8	False	False
chr20-46021770-46021771-C-A	Pending	3	2	0	3	1.157	0.192	0.222	78.0	0.054	False	protein_coding	missense	10	15.68	1388.18	88.532	0.02	0.06	59.962	0	75.89	4550.507	0.29	3.89	410.06	575.94	11.0	14.0	0.1070193019113503	0.0848328493302688	0.0299116227904709	0.661215020110304	8.269211956521715	0.5057608695651794	4550.506649346275	58.67418941643543	3.890499999999996	0.0945	13687.63	15124.26	41.24	46.21					1388.18	15.68	1.9	0.05	300.18	75.89	0.06	0.02	0.281421	0.418707	0.44	0.29	8664.36747969986	592.0962391492582	12.0	0.4									False	False
chr13-52099854-52099855-C-T	Pending	1	5	0	6	1.42	0.372	0.528	43.0	0.071	False	protein_coding	missense	9	72.506	94.854	1.308	0.156	0.225	0.527	0	105.99	55.805	0.885	0.661	68.995	50.725	17.0	10.97	0.2048630826175212	0.1734721497632563	0.6517673328208421	0.6849750128842492	0.5213315217390857	0.4630163043478035	94.85403543419	72.50559867579521	0.225	0.15625	47.27	122.93	0.96	1.53	110.23	216.03	0.36	0.57	52.74	110.68	0.95	1.8	58.87	101.3	0.3	0.47	0.429012	0.454372	0.21	0.18	1121.0669072114465	1318.6091434272448	1.3	1.8	46.55539330858012	73.78532592711827	0.8	1.2	51.0987174833731	83.25493766863777	0.9	1.4	False	False
chr19-49591722-49591723-G-C	Pending	5	4	0	3	18.483	0.342	6.321	395.0	0.118	False	protein_coding	missense	11	17.76	19.62	1.105	0.2	0.2	1.033	0	522.57	539.677	0.733	1.3	38.81	87.825	14.0	30.0	0.1674496224150061	0.190954583697021	0.2324761441607402	0.5425303093313701	1.6513043478259846	0.7328804347824871	539.676823066617	144.23124844773932	1.703875	0.7611249999999998	457.38	630.16	4.18	5.13					19.62	17.76	0.26	0.24	571.18	522.57	0.6	0.57	0.031843	0.054695	1.3	0.94	1028.1104483849197	776.0086328378046	0.2	0.2									False	False
chr1-180020010-180020011-C-G	Pending	1	9	9	3	53.738	0.147	7.899	2361.0	0.114	False	protein_coding	missense	9	114.19	1985.63	17.389	0.2	1.5	3.204	1	634.425	2032.899	5.55	8.75	79.08	62.35	3.3	3.3	0.0355461451108567	0.0743951185140758	0.048722932125273	0.2518752163333566	5.2477717391304	1.5613858695651146	2080.167466602576	344.86645486900795	2.555	1.2796249999999998	1985.63	114.19	6.859999999999999	1.31	8134.0	6391.62	18.0	15.0	2889.29	2228.52	15.0	14.0	3948.37	650.05	9.3	3.0	0.113308	0.543918	1.5	0.2	466.6754581007161	456.6852893751565	8.2	8.1	1141.6947395170976	618.7995653851169	19.0	14.0	1402.7168049710576	845.2204573829065	21.0	16.0	True	False
chr15-99129825-99129826-C-T	Pending	1	4	0	8	7.628	0.038	0.29	557.0	0.055	False	protein_coding	missense	9	10.48	17.03	1.625	0.4	0.57	0.84	0	109.789	92.234	0.945	0.835	42.72	23.03	1.15	0.59	0.0037451025091286	0.082515942514874	0.358690296966941	0.3150725773392241	1.1706249999998732	1.3140217391303537	158.10574920312874	257.5994652911964	0.378	0.5457499999999998	17.03	10.48	0.5700000000000001	0.4	119.08	187.95	0.39	0.53	99.86	128.08	1.7	1.9	67.39	88.43	0.34	0.43	0.387744	0.240793	0.27	0.59	1028.1104483849197	1304.4189904398024	1.1	1.7	70.14068452780967	80.53228095487496	1.2	1.3	84.60772158078451	91.49766265942358	1.4	1.5	False	False
chr1-226161579-226161580-C-T	Pending	1	7	0	1	47.831	0.235	11.24	2496.0	0.159	True	protein_coding	missense	9	96.22	443.09	4.605	0.833	0.768	1.467	0	1245.113	1827.156	3.8	6.95	959.65	567.11	37.86	29.42	0.019904209402739	0.0163270951161393	0.1804069511501597	0.1601771598979206	1.9682336956520745	2.129347826086885	437.9763717082485	501.0369248439093	0.7679999999999996	0.8334999999999996	443.09	96.22	2.64	1.37	9232.11	2552.96	9.2	3.0	4288.48	1989.19	15.0	8.6	3104.67	2070.82	6.9	5.1	0.055566	0.06786	2.7	2.3	2936.5666561709572	2240.6066112583476	7.0	4.6	717.7447095108274	445.6254646177246	8.5	5.9	627.2057050097229	384.95503115756617	7.6	5.3	False	False
chr1-40463367-40463368-C-G	Pending	1	7	0	5	4.301	0.151	0.649	219.0	0.059	False	protein_coding	missense	9	61.02	50.05	0.82	0.14	0.12	0.678	0	135.38	91.746	0.442	0.477	10.29	7.515	3.0	2.0	0.450859747827053	0.4457815196365118	0.8219394456195495	0.8284469503077044	0.2427989130434582	0.2334510869565207	91.74626288385228	85.9771566857542	0.4774999999999998	0.4416249999999997	85.73	135.38	0.94	1.5699999999999998					232.2	441.14	2.4	3.3	50.05	61.02	0.12	0.14	0.298337	0.304527	0.24	0.23	1109.0025961138124	1249.169100192773	2.2	2.7									False	False
chr12-31413493-31413494-C-G	Pending	2	7	0	6	44.986	0.085	3.824	893.0	0.11	False	protein_coding	missense	9	137.711	357.248	2.594	0.71	1.4	2.682	0	517.582	1388.114	1.75	4.76	8.79	14.24	0.01	0.04	0.0137516636168584	0.0096437641623197	0.0572681706430339	0.1143359009493155	4.519266304347795	2.660624999999925	1611.897507598829	730.794826096565	1.6006250000000009	1.039875	6169.05	4869.53	9.99	8.6	6017.41	949.4	5.9	1.5	1164.33	304.37	6.1	3.0	393.74	208.95	1.5	0.88	0.122103	0.211055	1.4	0.71	1864.1597343160688	963.487207450801	3.3	0.9	357.2481594709729	137.71143379199032	5.0	2.0	360.9192115883018	146.6932059176332	5.0	2.2	False	False
chr1-45206315-45206316-G-C	Pending	1	3	0	2	1.76	0.161	0.283	93.0	0.085	False	protein_coding	missense	10	77.518	171.366	2.211	0.47	0.923	2.33	0	128.409	299.18	1.1	3.0	32.265	95.435	5.81	19.0	0.0243677198886871	0.1863652253523469	0.3574807179904596	0.6807934682907618	1.1738043478259783	0.4698369565216751	171.3655335127229	77.51765384927104	0.9227499999999996	0.5692499999999997	3871.02	726.01	10.43	3.8	603.96	156.66	2.9	1.3	209.55	80.87	3.4	1.9	443.15	104.31	2.4	0.81	0.083583	0.3049	1.9	0.56	309.352836369049	78.28614569791782	3.1	0.9	289.00809011553366	217.72585265259275	5.2	4.0	263.80923831439065	152.50707793866255	4.7	2.8	False	False
chr1-154348412-154348413-G-T	Pending	1	5	0	5	21.409	0.002	0.043	823.0	0.051	False	protein_coding	missense	9	49.887	44.284	0.888	0.1	0.11	0.903	0	94.3	85.2	0.518	0.431	7.17	6.055	1.9	1.9	0.0637666964903473	0.0320214860839769	0.7042238246739796	0.6546306391630292	0.4310869565217246	0.5181249999999551	44.28406416059922	49.88675075202237	0.10425	0.1525	639.07	691.89	5.17	5.41					54.96	78.12	0.88	1.3	85.2	94.3	0.18	0.2	0.496713	0.516145	0.11	0.1	784.45046119223	704.0051280916676	1.1	0.9									False	False
chr8-143917032-143917033-G-C	Pending	1	10	10	0	125.105	0.103	12.886	5322.0	0.062	False	protein_coding	missense	11	1222.43	776.01	0.635	0.9	0.8	0.849	1	2717.828	2308.39	3.98	2.862	29.1	35.38	3.44	4.27	0.3754180837422609	0.3390532783232629	0.4126255024161014	0.1688271303158885	1.0239402173911571	2.059347826086878	484.1624345002611	1521.4167602992522	0.8157499999999995	1.5506250000000008	20924.06	19489.59	29.38	26.89	21983.29	21744.12	31.0	31.0	776.01	1222.43	4.7	5.9	2251.62	2939.02	5.4	6.7	0.2631	0.118239	0.53	1.4	2365.159660107549	2496.6364866068243	0.8	0.9									True	False
chr16-23392378-23392379-C-A	Pending	3	8	0	1	19.802	0.329	6.515	155.0	0.064	False	protein_coding	missense	10	87.078	117.465	1.349	1.6	2.1	3.012	0	724.765	2182.71	6.8	12.662	59.65	55.96	7.01	6.64	0.0365072585409507	0.1015169345773756	0.0053474018719662	0.0089930507627725	46.22467391304348	27.61739130434782	21254.19333859852	15711.57562225635	13.323374999999992	8.454249999999996	548.42	322.49	3.25	2.39	1961.56	432.48	5.9	2.3	2403.86	1017.05	12.0	7.1	8263.88	2232.57	17.0	6.5	0.000436	0.004081	27.0	11.0	4018.9258489021786	2523.7962059597608	20.0	15.0	117.46541030223732	87.07831165566282	2.1	1.6	115.6884493574972	87.15453698319698	2.1	1.6	False	False
chr10-77821745-77821746-C-T	Pending	1	2	0	4	47.473	0.173	8.213	243.0	0.067	False	protein_coding	missense	9	431.489	2766.751	6.412	1.7	5.4	5.93	0	988.14	5860.05	4.681	18.64	134.455	214.41	37.0	47.0	0.0335302666353527	0.1693840511143207	0.0053004740331724	0.0215175902612295	46.22467391304348	11.115788043478249	21217.656159546976	8087.83046954518	12.048500000000004	4.262875	13489.23	4113.19	18.28	7.779999999999999	5465.04	1096.4	5.4	1.7	5965.16	837.07	19.0	5.1	5754.94	879.88	13.0	2.7	0.010142	0.090706	8.3	1.8	6539.787600533107	1534.2695396588344	21.0	2.4	2766.7505184553097	431.4892695754746	22.0	5.7	2246.001282944284	446.07717324337784	20.0	5.9	False	False
chr19-39200697-39200698-G-A	Pending	1	9	0	0	9.633	0.992	9.556	773.0	0.139	False	protein_coding	missense	10	1080.986	979.084	0.906	2.3	1.5	0.628	0	1515.335	951.997	7.1	5.6	195.88	154.89	16.52	14.28	0.0006533771756949	0.0005473179462569	0.0044774987043611	0.0034213291464862	62.74467391304348	99.28660326086955	22412.967727670824	29586.398792131527	13.372125000000004	31.75050000000001	333.35	1336.22	2.34	4.36	924.91	1789.75	1.5	2.3	582.56	1354.76	2.5	4.6	820.94	1592.07	2.5	4.2	0.007249	0.001769	11.0	21.0	6755.547524396056	9972.946142268209	6.2	12.0	1445.240089655592	1438.599814616782	8.5	8.4	979.0841048991606	1080.9858273051225	5.0	5.8	False	False
chr10-68646710-68646711-C-A	Pending	1	9	0	5	3.926	0.048	0.188	374.0	0.066	False	protein_coding	missense	9	64.726	12124.353	187.317	0.07	2.8	79.644	0	148.966	11864.197	1.12	21.68	69.8	71.62	19.0	21.0	0.2552399323321879	0.5959673784673214	0.0197119654081946	0.9154301622731352	12.187228260869546	0.0978804347825956	12124.35322752712	64.72641165211814	6.010750000000002	0.13675	20345.45	105.36	28.360000000000003	1.43	13319.21	402.29	15.0	0.81	11604.04	570.09	31.0	4.1	4508.69	123.98	9.4	0.58	0.053491	0.613475	2.8	0.07	12930.006815315508	2169.0457037070128	40.0	4.4	10888.548753053958	131.8165679752056	44.0	2.0	9647.393655852413	166.1154396653163	42.0	2.5	False	False
chr3-196238698-196238699-C-T	Pending	1	9	0	0	45.285	0.229	10.37	1099.0	0.169	False	protein_coding	missense	9	377.8	24328.105	64.394	0.695	16.212	14.229	0	2146.98	30549.76	6.755	65.5	514.62	125.65	28.01	12.44	0.0087193446379387	0.049546108872164	0.0042553727350136	0.2200887231595913	62.74467391304348	1.7204076086955808	24328.10519429752	377.799809573212	16.211500000000004	0.6949999999999997	38585.89	4881.67	84.67	8.61	33865.69	4311.79	72.0	4.5	26123.53	2339.71	74.0	9.4	27233.83	1954.25	63.0	4.9	0.000761	0.149369	30.0	1.1	23444.56094907737	3848.700473704344	58.0	12.0	43248.39550699037	977.1697181315828	69.0	12.0	39848.31850265567	1031.3593259570714	68.0	12.0	False	False
chr1-21560719-21560720-G-C	Pending	2	8	0	8	59.032	0.001	0.059	1922.0	0.052	False	protein_coding	missense	9	30.07	351.76	11.698	0.07	0.31	7.21	0	117.99	850.67	0.199	0.981	11.61	13.785	0.92	0.9	0.4249518662691116	0.3417927576228976	0.6605510271469027	0.8503147078454754	0.5077173913043254	0.1993750000000034	203.14598756240176	49.804444468373056	0.9809999999999998	0.1525	8622.53	1594.82	21.76	8.649999999999999					850.67	117.99	4.5	1.6	351.76	30.07	0.45	0.08	0.223273	0.601362	0.31	0.07	2842.778048235646	1534.2695396588344	9.4	3.9									False	False
chr11-3359683-3359684-C-T	Pending	1	11	9	0	31.635	0.328	10.376	1003.0	0.122	True	protein_coding	missense	11	1011.56	21734.48	21.486	3.8	76.0	11.322	1	2831.715	32060.336	5.278	57.5	72.8	82.2	6.4	8.0	0.0011937968083657	0.0026375994675618	0.0034721744770963	0.0092128239695122	99.28660326086955	24.57923913043477	29207.63129916825	10688.27785456861	30.11675000000001	5.356625000000001	35577.4	1696.29	71.37	4.87	34913.04	3499.61	76.0	3.8	21734.48	1011.56	60.0	5.4	24261.05	2163.82	55.0	5.2	0.000221	0.030526	47.0	4.1	39837.45943397545	6539.787600533107	47.0	5.8									False	False
chr10-114861438-114861439-G-T	Pending	1	1	0	4	26.704	0.1	2.67	1102.0	0.083	False	protein_coding	missense	9	203.025	6584.912	32.434	1.266	5.594	16.048	0	550.979	8841.851	4.1	25.0	38.065	41.275	16.0	16.0	0.3023334313184023	0.5541696138679981	0.0282446780660997	0.3285694977479869	8.545326086956507	1.2660597826085933	9849.94632318218	1347.115191784179	5.594375	2.159625	5648.85	702.84	13.52	3.73	11547.3	224.66	23.0	1.6	17316.93	576.3	39.0	7.1	15227.99	1044.4	27.0	4.0	0.001621	0.024209	17.0	4.2	5210.570464861065	525.6584286822485	33.0	9.0	6584.912371848135	203.0252247833006	40.0	5.8	7833.755272328146	242.64424765848767	43.0	6.7	False	False
chr16-19542980-19542981-G-C	Pending	1	6	0	2	7.437	0.09	0.669	465.0	0.069	False	protein_coding	missense	9	17.78	13.04	0.733	0.16	0.2	0.35	0	251.877	88.2	0.89	0.435	478.72	556.25	26.99	29.13	0.2460889527574181	0.3578061275184154	0.7772472126067779	0.8036585445754895	0.3136956521738767	0.2727173913043259	58.04709395757266	73.98413843832373	0.1125	0.161	13.04	17.78	0.47	0.58	42.72	115.94	0.2	0.38	93.08	268.76	1.6	2.8	83.32	259.99	0.4	1.2	0.433684	0.46438	0.2	0.16	1602.1292262796685	1672.9903001725866	2.6	2.8	153.09817015599384	243.76424261793835	2.3	3.4	152.19836954698735	260.8615076759267	2.3	3.7	False	False
chr3-141443354-141443355-G-A	Pending	1	5	0	0	76.978	0.13	10.007	1794.0	0.17	False	protein_coding	missense	9	72.706	127.812	1.758	1.2	1.9	1.75	0	2887.19	5051.873	5.715	9.35	844.81	638.02	35.67	31.2	0.0001878517209661	0.0002831046499522	0.0121493956257015	0.0117232228891655	18.61798913043478	20.2322554347826	7943.276319402484	8247.23166670789	12.310500000000005	12.648500000000006	2160.47	1320.67	6.7	4.93	8111.24	4453.71	2.9	1.5	11479.16	7406.31	12.0	6.8	31883.32	23765.34	25.0	13.0	0.000313	0.001955	15.0	6.5	1039.2947723310567	1039.2947723310567	1.8	1.8	120.17385695851068	81.62252019183835	1.8	1.3	127.81152007955052	72.70595779285871	1.9	1.2	False	False
chr14-67023658-67023659-G-C	Pending	1	4	0	2	33.34	0.004	0.133	1042.0	0.064	False	protein_coding	missense	9	106.54	103.69	0.973	0.18	0.21	1.189	0	188.888	224.631	1.191	1.373	14.31	12.57	5.0	5.1	0.300120847299695	0.4487698748707771	0.4450287221481843	0.5675030384066475	0.9455163043477056	0.6818206521738404	321.1487718084105	332.4147207150614	0.6244999999999998	0.6426249999999999	624.8	1109.14	3.08	3.98	302.23	235.08	0.67	0.58	136.67	123.99	2.0	1.9	103.69	106.54	0.49	0.5	0.43248	0.457449	0.21	0.18	1709.5876151371574	1709.5876151371574	2.9	2.9	115.60323835459108	110.40023554870336	1.8	1.7	147.03136868168366	142.69540880332022	2.2	2.1	False	False
chr22-45205638-45205639-C-G	Pending	2	4	0	2	71.979	0.099	7.126	2738.0	0.098	False	protein_coding	missense	9	183.887	232.568	1.265	1.5	1.7	1.757	0	1268.454	2228.282	5.9	7.65	29.57	208.53	0.21	24.0	0.0107372158381622	0.0097047454037237	0.0525519535339191	0.065303098321281	4.887418478260841	4.047907608695596	1750.754299567902	1375.3286089674025	2.379624999999999	2.1765	9389.33	6274.07	20.01	14.6	2705.81	1161.58	7.4	4.3	3435.38	2339.71	16.0	14.0	7174.96	5630.09	15.0	13.0	0.095259	0.108277	1.7	1.5	1347.454232446704	995.274467102104	17.0	15.0	232.56802242916007	183.88656489092088	6.4	5.4	309.0081969840543	230.65878497728067	7.9	6.4	False	False
chr11-5709110-5709111-G-C	Pending	1	5	0	2	59.443	0.004	0.238	1136.0	0.063	False	protein_coding	missense	9	123.4	329.39	2.669	0.2	0.56	1.645	0	218.748	359.84	1.304	2.415	30.59	32.31	3.64	3.87	0.0309367007575929	0.0458879717043601	0.2238482280764913	0.3922233727141872	1.6983695652173054	1.078097826086804	345.2153884668956	159.0902442937569	0.6561249999999998	0.382	329.39	123.4	2.33	1.53	333.77	166.45	0.71	0.49	850.76	367.82	5.1	3.3	784.26	168.98	2.5	0.75	0.252225	0.436713	0.56	0.2	3725.7799675308625	3202.0759094759173	9.7	7.8	276.67505184553016	268.51589550424967	3.8	3.7	374.4639378374968	320.19164842056244	5.2	4.5	False	False
chr11-75566661-75566662-G-A	Pending	1	11	0	0	168.29	0.056	9.424	4998.0	0.063	False	protein_coding	missense	11	485.71	31650.12	65.163	1.142	19.988	10.567	0	2951.355	31188.425	3.55	55.625	170.02	312.685	29.0	38.0	0.0281634863349609	0.2221191544085741	0.0042479988531356	0.1897038985844322	62.74467391304348	1.905543478260796	26160.488007843374	858.5559808824278	19.98787500000001	1.1421250000000005	31650.12	485.71	56.25	2.75	39246.2	23422.5	93.0	35.0	18082.85	487.32	48.0	3.5	33497.99	5768.34	81.0	13.0	0.000131	0.035237	55.0	3.7	30726.73070127358	5044.1543035179475	39.0	3.6									False	False
chr3-52697930-52697931-G-A	Pending	1	1	0	2	57.788	0.066	3.814	1999.0	0.066	False	protein_coding	missense	9	180.11	157.32	0.873	0.76	0.95	1.044	0	743.14	776.009	1.259	1.162	37.46	118.055	5.6	12.0	0.006047627699445	0.0051807224808726	0.3616829787570708	0.3312485785090475	1.1617391304346398	1.2591847826085996	157.31998163975734	180.10975803000554	0.8153749999999997	0.8998749999999999	21658.33	11794.8	42.19	26.61					405.85	330.11	3.1	2.8	1215.21	851.57	0.95	0.76	0.018666	0.01396	1.7	2.0	776.0086328378046	743.1400590825417	1.0	1.0									False	False
chr7-74240052-74240053-A-T	Pending	1	2	0	3	27.781	0.089	2.473	1260.0	0.056	False	protein_coding	missense	9	155.944	623.692	3.999	1.6	1.7	1.049	0	559.055	586.301	4.7	4.4	88.435	45.8	29.0	19.0	0.0319738133985083	0.0978666881565004	0.1702877279537152	0.0442084877712835	2.04293478260864	5.671874999999957	491.8575598600601	2899.1686467644563	1.4816249999999995	2.928	257.66	406.45	2.09	2.73	1132.05	361.53	4.2	2.1	548.91	711.66	6.9	7.7	1303.23	1267.01	4.6	4.6	0.096593	0.099972	1.7	1.6	466.6754581007161	2216.49442399124	8.2	23.0	735.4446617972707	174.00030117569165	15.0	5.2	623.6917508945	155.9444776477388	14.0	4.8	False	False
chr5-103017408-103017409-G-A	Pending	1	10	0	6	29.993	0.001	0.03	1686.0	0.087	False	protein_coding	missense	10	24.61	215.58	8.76	0.246	1.448	13.61	0	170.43	2319.53	0.509	3.2	21.785	21.8	1.6	1.6	0.1244347742758691	0.0903907725587487	0.2627025501865567	0.6586858202075391	1.511603260869478	0.5094293478260568	390.3669649586041	60.57286878921359	1.448125	0.246	2319.53	170.43	10.55	1.97					215.58	24.61	1.9	0.27	7020.08	426.31	3.2	0.5	0.003018	0.107287	4.0	0.61	4478.160896660665	2314.5284480795485	4.1	1.2									False	False
chr19-47544848-47544849-C-T	Pending	1	8	0	4	1.148	0.105	0.121	19.0	0.074	False	protein_coding	missense	9	86.76	40.46	0.466	0.88	0.41	0.532	0	202.364	107.64	1.885	1.302	16.08	22.18	7.0	11.0	0.3455459680408239	0.267837974242866	0.4785401162543064	0.2729743085910031	0.8677173913042395	1.4691847826085933	329.80484759858194	623.594273064679	1.2549999999999994	1.6186249999999995	120.1	252.13	1.35	2.07	38.45	104.3	0.41	0.88	40.46	86.76	1.8	2.8	136.55	257.72	1.0	1.7	0.260138	0.153853	0.68	1.2	645.6305357438321	828.0572666536243	12.0	13.0	95.18094229146205	152.59840701032135	3.1	4.7	84.52204573829083	136.4488877780895	2.8	4.2	False	False
chr11-102110909-102110910-C-T	Pending	1	10	0	0	111.479	0.084	9.364	2124.0	0.066	False	protein_coding	missense	10	1798.048	16298.738	9.065	1.9	27.0	7.491	0	3555.63	26635.32	6.6	47.0	1184.28	2481.38	41.67	57.58	0.0249384959752205	0.1780632166191935	0.0066342536923859	0.0890053920598739	37.35904891304347	3.1845108695651163	16298.7382532127	1798.0478338004186	12.622625	2.96225	26635.32	4859.34	51.16	15.62					35801.15	3555.63	50.0	8.9	43613.61	20264.58	52.0	9.2	2e-06	0.00087	47.0	6.6	16946.22638669916	2904.964926184022	27.0	1.9									False	False
chr2-86080844-86080845-C-G	Pending	1	8	0	1	22.691	0.243	5.514	886.0	0.114	False	protein_coding	missense	10	530.774	480.74	0.906	1.5	1.9	0.883	0	996.204	880.099	6.63	6.416	224.48	230.315	46.0	48.0	0.0119350566819775	0.0396534641040489	0.0376340236323674	0.041864291919585	6.63130434782606	6.047907608695624	2519.9374554150763	2486.7983161372663	2.7616249999999987	2.7354999999999987	1162.53	1839.05	4.99	6.5600000000000005	807.08	807.08	3.4	3.4	755.3	1039.29	6.2	7.1	2653.85	2360.48	7.2	6.7	0.081358	0.116098	1.9	1.5	953.1186832043844	953.1186832043844	7.1	7.1	480.7397131575007	530.774439035051	8.1	8.9	548.6431989497883	536.1545550379973	9.1	8.9	False	False
chr16-268816-268817-G-C	Pending	2	1	0	2	65.987	0.086	5.675	81.0	0.058	False	protein_coding	missense	9	592.12	3121.835	5.272	1.8	5.9	4.19	0	1398.45	5859.205	5.703	17.595	63.64	95.57	0.51	0.96	0.0166181746390066	0.0028790522774215	0.0086334325472019	0.009105264379736	27.61739130434782	24.57923913043477	12031.680436760402	10829.012421520749	5.9498750000000005	5.406250000000001	12605.89	2012.48	17.19	5.3100000000000005	5974.92	1217.35	5.9	1.8	5743.49	1091.15	18.0	6.0	4518.85	1579.55	9.4	4.1	0.011522	0.035661	7.8	3.7	13947.3450041095	8208.088183148084	42.0	26.0	4425.578004968981	680.7223344366083	29.0	8.1	3121.8353929369796	592.120367483009	24.0	7.4	False	False
chr11-106079578-106079579-C-G	Pending	1	6	0	1	69.94	0.05	3.497	1860.0	0.057	False	protein_coding	missense	9	178.52	360.36	2.019	0.51	0.74	2.085	0	920.865	1920.01	3.757	4.943	119.845	85.99	19.0	17.0	0.2106495229527354	0.0702760296408087	0.0563249774113127	0.0622329244032703	4.585733695652138	4.213478260869522	3362.6644194419	1808.094487625842	2.3996250000000017	1.7003750000000009	3135.69	3566.18	6.69	7.180000000000001	360.36	178.52	0.74	0.51	1785.2	1011.56	8.1	5.7	2211.82	830.17	5.3	2.6	0.059028	0.079262	2.5	2.0	2054.8203260098107	1844.098663183025	4.0	3.3	432.4839550699037	374.9471009227365	5.7	5.2	480.1865595908247	411.5380543403051	6.2	5.5	False	False
chr1-243426533-243426534-G-C	Pending	1	5	0	1	57.23	0.078	4.464	797.0	0.086	False	protein_coding	missense	9	257.365	243.529	0.946	1.0	1.2	1.371	0	1078.471	1478.674	6.28	6.7	188.5	155.07	31.0	31.0	0.0199351418414153	0.0588948221411556	0.0524353053133618	0.1136587838585309	4.887418478260841	2.676956521739058	1814.780188330758	880.4474102980598	2.4149999999999987	1.851125	1372.46	1519.47	5.510000000000001	5.86	4219.13	2352.09	10.0	6.7	747.17	788.71	7.8	8.0	2358.82	1557.38	6.7	5.2	0.14352	0.175424	1.2	1.0	1584.8879846730229	1276.4951611980568	19.0	17.0	243.5286156493154	257.3653050127599	6.7	6.9	319.8674145477512	321.34385545019626	8.1	8.1	False	False
chr2-171791482-171791483-C-T	Pending	1	4	0	3	12.133	0.215	2.609	326.0	0.126	False	protein_coding	missense	10	238.941	237.843	0.995	1.089	2.095	1.778	0	740.295	1316.567	4.45	5.45	7.8	9.1	0.37	0.53	0.2359787654131651	0.3594006132334471	0.1473407529703539	0.3875732002154688	2.2514130434781947	1.089130434782433	1234.4339560087635	508.54755072134	2.094875	1.5006249999999994	2483.19	2518.56	7.88	7.939999999999999	1398.7	882.05	4.8	3.6	968.71	598.54	6.9	5.7	1661.86	1259.09	5.4	4.6	0.014992	0.042185	5.5	3.0	2240.6066112583476	1864.1597343160688	14.0	13.0	363.0028209353383	408.23477798790714	6.3	7.1	237.84279509806623	238.94062755946655	4.3	4.3	False	False
chr1-21560652-21560653-G-A	Pending	1	2	0	1	59.032	0.002	0.118	2140.0	0.054	False	protein_coding	missense	9	126.926	12318.278	97.051	0.38	5.7	54.875	0	251.855	13820.549	2.71	40.5	357.91	188.99	14.27	13.0	0.2823233818635344	0.3108853539451957	0.0192341146824672	0.3756669996830374	12.187228260869546	1.1225271739129	13730.678540529443	448.8942046282229	7.286249999999997	1.426875	33128.24	634.94	81.54	3.52	24459.0	152.29	45.0	1.3	15457.23	207.3	36.0	4.6	13910.42	296.41	25.0	1.9	0.014239	0.398336	5.7	0.38	12653.21285183316	719.4055146968893	46.0	12.0	12318.277969890116	126.92582647916528	49.0	4.0	12189.053970147625	137.07870722779322	49.0	4.2	False	False
chr1-180020754-180020755-C-G	Pending	1	8	8	0	53.738	0.148	7.953	1581.0	0.093	False	protein_coding	missense	10	328.21	155.57	0.474	2.41	1.58	1.41	1	3839.228	5413.942	19.0	19.5	354.14	898.98	23.08	36.71	0.003850111275824	0.0068807363713858	0.0087230850831044	0.0098336145492604	27.61739130434782	24.57923913043477	11362.373066356276	10143.413584993854	6.21975	5.6805	155.57	328.21	1.58	2.41	7153.03	5064.55	16.0	13.0	6646.79	5900.97	21.0	19.0	12343.95	11218.24	23.0	21.0	0.001259	0.000836	18.0	21.0	1925.6618788676217	1437.8310001273976	13.0	9.6	1721.5117845544416	1358.031988845345	21.0	19.0	4181.094659128291	2613.9062067972704	33.0	27.0	True	False
chr19-8935150-8935151-G-C	Pending	5	1	1	2	1.112	1.0	1.112	63.0	0.119	False	protein_coding	missense	9	50.794	20.455	0.403	0.15	0.12	0.624	1	517.97	323.07	0.934	0.371	16.5	15.08	1.61	1.4	0.2840371835045516	0.1006472515873611	0.7607101710596845	0.4344942754904334	0.3412771739129994	0.9687228260868466	73.35753877455309	162.28404490100644	0.1715000000000001	0.5907499999999999	166.67	382.47	1.3	2.27	762.43	749.89	0.29	0.28	479.47	1229.06	0.66	1.5	543.69	653.47	0.12	0.15	0.35169	0.113079	0.13	0.49	1672.9903001725866	1864.1597343160688	3.7	4.4	20.455495310856666	50.79371759160643	0.4	0.9	93.01864310104948	313.0184957111283	1.4	3.9	True	False
chr10-102141486-102141487-C-G	Pending	1	6	0	0	21.034	0.219	4.606	489.0	0.111	False	protein_coding	missense	10	832.05	499.04	0.6	3.5	2.6	0.926	0	1573.373	1456.777	10.3	10.1	21.87	7.85	0.55	0.11	0.0920892528956756	0.0446159729035571	0.0057868541597742	0.0050127767252055	46.22467391304348	46.22467391304348	23980.6694426042	23405.308771871187	17.404124999999997	16.050249999999995	2158.73	2293.27	7.22	7.489999999999999	499.04	832.05	2.6	3.5	1067.79	1509.57	7.2	8.6	2296.59	2556.39	6.6	7.1	0.007059	0.009281	8.2	7.2	1746.9855106325765	1637.1764276304789	12.0	12.0	1166.567841055013	1111.50136403057	17.0	16.0	1074.7068079180794	1186.5608092855534	16.0	17.0	False	False
chr19-49657850-49657851-G-C	Pending	2	4	0	0	41.517	0.191	7.93	1400.0	0.117	False	protein_coding	missense	9	569.39	635.931	1.117	2.5	2.9	1.074	0	4050.275	4348.251	8.45	8.75	153.645	158.41	32.0	33.0	0.0210588204645318	0.01300530746812	0.0125896937868723	0.0092474332024435	18.61798913043478	24.57923913043477	8258.474308827743	11056.467866187277	4.3332500000000005	5.510750000000002	11480.56	8769.5	15.85	12.76	2410.06	2018.51	2.9	2.5	4909.54	4335.14	16.0	15.0	4589.66	3765.41	9.6	8.2	0.011395	0.009338	7.8	8.7	4106.841418464271	4526.876676399949	12.0	14.0	657.612409530483	579.388672292917	7.9	7.2	635.9310055083582	569.3902156527085	7.7	7.1	False	False
chr5-176532431-176532432-G-C	Pending	1	7	7	6	18.393	0.104	1.913	383.0	0.052	False	protein_coding	missense	9	187.69	230.31	1.227	0.81	0.96	2.213	1	596.159	1319.007	1.984	2.608	96.0	640.16	10.27	31.25	0.148864186136052	0.1917901036795228	0.1248384671153512	0.1366227253233339	2.516684782608607	2.3670380434781606	1094.9749303538597	1150.582832307845	1.3066250000000008	1.3402500000000008	1543.04	436.41	4.65	2.62	1818.64	639.72	2.3	1.2	2302.04	1637.18	9.4	7.6	230.31	187.69	0.96	0.81	0.243751	0.149784	0.58	1.1	1654.9864903064934	1276.4951611980568	2.7	1.6	582.0630088938974	389.018271635923	7.3	5.3	725.1201939344664	552.5988795430131	8.6	7.0	True	False
chr3-179234296-179234297-A-G	Review	2	2	0	2	18.599	0.108	2.009	1198.0	0.108	False	protein_coding	missense	10	61.256	456.936	7.459	0.06	1.4	14.508	0	665.09	9649.11	0.293	2.0	201.965	233.39	46.0	51.0	0.5516296974383295	0.2828792915679514	0.5809212339142621	0.7904438872901098	0.6534782608694769	0.2925271739130011	456.9360669889221	61.2557465298359	1.1845	0.1155	14321.94	15058.12	43.43	45.98					4865.89	115.6	4.7	0.32	9649.11	665.09	2.0	0.13	0.051516	0.786738	1.4	0.06	11479.159325780089	1290.3815441454742	16.0	1.3									False	False
chr1-248848093-248848094-C-T	Pending	1	2	0	1	17.09	0.075	1.282	952.0	0.051	False	protein_coding	missense	9	54.66	21781.64	398.493	0.78	3.8	6.514	0	563.965	3673.505	2.964	13.0	113.88	366.07	1.24	5.09	0.0008347903622052	0.0009734661143738	0.0084367191875192	0.0240945943083585	27.61739130434782	9.849456521739114	11634.621823794472	3887.481726456481	5.77275	2.627625000000001	21781.64	54.66	30.97	1.04	3468.81	380.76	3.8	0.78	3685.69	747.17	14.0	4.7	3661.32	1188.44	8.0	3.3	0.036126	0.085928	3.6	1.8	4778.52115918281	1249.169100192773	15.0	1.6	1204.9527023129872	328.8289153946653	14.0	4.6	1010.2061311328208	265.7112851935127	12.0	3.7	False	False
chr12-52646824-52646825-C-T	Pending	1	5	0	8	0.209	0.062	0.013	16.0	0.053	False	protein_coding	missense	9	66.558	77.444	1.164	0.57	0.32	0.627	0	265.548	166.485	1.95	1.7	14.095	92.485	5.0	28.0	0.3690725825726986	0.1666516130790114	0.7023575906404959	0.4102219311524597	0.4347282608695622	1.0313586956520453	135.89749996628268	228.6545714094168	0.8211249999999995	1.0638749999999997	564.27	2297.96	3.29	7.5	189.18	372.67	1.4	2.1	106.56	205.07	3.1	4.6	143.79	238.31	1.2	1.6	0.449319	0.303084	0.32	0.57	77.443672862212	66.55801506651069	2.0	1.8	239.6348623695607	292.7857934067855	6.6	7.7	261.1980918917445	325.8141937774755	7.0	8.2	False	False
chr9-5988382-5988383-C-G	Pending	5	1	0	1	24.846	0.08	1.988	1626.0	0.051	False	protein_coding	missense	9	6.26	471.48	75.316	0.04	2.6	2.494	0	671.067	1673.589	1.17	3.907	53.93	70.77	6.43	8.1	0.0365543778170831	0.2194814402610063	0.0658373103019104	0.3367195213777502	4.047907608695596	1.2398097826085603	1503.0791024033526	383.30471629045394	3.7651250000000016	1.3130000000000004	471.48	6.26	2.6	0.04	7826.57	958.83	2.8	0.35	8711.37	1978.46	8.2	2.2	11221.76	2775.79	3.3	0.63	0.010961	0.0952	2.7	0.57	1844.098663183025	1073.583066484683	4.3	1.8	382.65729750356	68.04715932517182	4.5	1.1	400.4700112683301	91.32086152696532	4.8	1.4	False	False
chr11-74133548-74133549-C-G	Pending	1	5	0	1	13.005	0.112	1.457	516.0	0.055	True	protein_coding	missense	9	317.665	506.956	1.596	0.728	1.066	2.458	0	613.47	1508.18	3.0	5.5	51.565	49.645	14.45	13.0	0.00840384636831	0.0102208914177026	0.1102144030490842	0.1882307588442312	2.7245652173912447	1.9128804347825368	759.1442606336253	400.74026150749467	1.0663750000000003	0.7277499999999996	7970.47	7404.69	11.92	11.32	2621.74	1439.89	3.0	2.0	1249.17	421.09	6.5	3.5	1767.19	805.85	4.5	2.5	0.059207	0.1111	2.5	1.5	5382.47700914843	4106.841418464271	17.0	12.0	506.95568780686745	317.6654627542833	6.5	4.4	543.7634345014832	334.5106891305994	6.9	4.7	False	False
chr7-107182567-107182568-CA-C	Review	1	10	0	2	66.783	0.022	1.469	2736.0	0.141	False	protein_coding	FS	10	221.968	2240.217	10.093	3.5	38.0	27.454	0	815.685	22393.51	4.065	36.0	151.06	532.075	35.0	45.98	0.0027244672382948	0.0176685684127733	0.0036491796540203	0.019914138515418	99.28660326086955	12.187228260869546	27900.228220750138	5048.802300516052	28.610875	3.760750000000001	26538.32	800.11	59.540000000000006	4.03	20568.98	836.66	38.0	3.5	24218.04	723.31	50.0	6.2	18081.29	831.26	32.0	3.5	0.000228	0.022617	34.0	4.4	40708.919388132446	1422.3578464915408	52.0	9.5	2238.257250503487	225.89675898527065	25.0	4.1	2240.2165431078256	221.96781143884792	25.0	4.0	False	False
chr16-77735952-77735953-A-T	Pending	1	7	0	5	26.525	0.016	0.424	434.0	0.077	False	protein_coding	missense	9	120.567	61.629	0.511	0.17	0.13	0.616	0	583.205	359.0	0.722	0.404	391.93	450.615	40.81	30.0	0.4648629408329725	0.3284676698967814	0.8771361287785576	0.6965974496129745	0.1581249999999983	0.4438315217391135	61.62892304446149	120.56745077757604	0.1105	0.41275	2181.16	978.31	6.74	4.1000000000000005	333.22	469.98	0.13	0.17	471.75	968.71	0.65	1.3	384.78	969.77	0.09	0.24	0.441329	0.202887	0.07	0.27	618.2842486218158	696.4290085710637	0.7	1.0	196.7025545133927	311.75253958798726	2.7	3.9	227.28459452324057	274.5174777718046	3.1	3.5	False	False
chr1-52988129-52988130-G-A	Pending	1	7	0	0	415.181	0.008	3.321	10183.0	0.096	False	protein_coding	missense	9	380.163	271.0	0.713	1.9	1.3	0.73	0	2846.035	2077.265	6.5	6.6	149.94	667.51	13.98	31.89	0.0038499716756632	0.0024165631039068	0.0148245150030058	0.0166712820877059	16.15755434782608	14.277038043478257	6540.421565492945	5754.493172835777	3.6767500000000006	3.3646250000000006	11066.93	12728.05	15.38	17.34	766.5	1407.25	1.3	1.9	1904.94	2858.2	8.4	12.0	2249.59	2833.87	5.4	6.5	0.011279	0.015476	7.8	6.5	5154.497145169031	6682.848003569165	16.0	22.0	271.00044249512996	380.16313467452295	3.8	5.2	274.41636042311853	391.2100472278727	3.8	5.3	False	False
chr1-66874871-66874872-C-G	Pending	1	1	0	0	12.925	0.184	2.378	196.0	0.055	False	protein_coding	missense	10	1063.923	2811.318	2.642	3.7	7.4	2.594	0	1517.904	3937.615	8.5	15.0	12.165	14.735	5.1	5.0	0.2085844334214925	0.0385364937828853	0.021173257288802	0.0178191835865325	11.115788043478249	13.500896739130424	9488.843150366329	6121.410945798089	5.417750000000002	4.164624999999999	9916.13	1450.92	20.95	5.69	4495.15	3007.99	12.0	7.9	3380.08	1347.45	15.0	8.2	7014.84	3644.76	15.0	8.8	0.008744	0.029992	7.4	3.7	3307.718431318005	1584.8879846730229	18.0	12.0	2811.318173089683	1063.922515886195	28.0	16.0	2680.9579360421344	1304.037258246601	27.0	18.0	False	False
chr13-35118245-35118246-G-C	Pending	5	1	0	0	30.649	0.082	2.513	501.0	0.068	False	protein_coding	missense	10	362.485	1964.672	5.42	1.99	5.505	4.197	0	1992.564	8362.288	5.8	21.0	38.07	46.12	16.0	17.0	0.3125870851799845	0.5642379000782967	0.0295916528325161	0.177224422926722	8.269211956521715	1.989701086956444	9732.05894177806	3252.566274344387	5.5045	3.064875	13548.25	2701.92	27.73	8.3	8778.64	1670.6	19.0	5.3	9865.62	2327.08	26.0	12.0	7097.9	617.3	15.0	2.9	0.003446	0.041713	12.0	3.0	7945.936747596634	2314.5284480795485	28.0	14.0	3005.453409988848	706.1711973640267	29.0	12.0	1964.67174784512	362.48496684005335	23.0	6.3	False	False
chr16-75478879-75478880-C-T	Pending	1	1	0	5	0.449	0.273	0.123	11.0	0.139	False	protein_coding	missense	10	76.13	3136.82	41.203	0.38	7.0	13.148	0	583.92	7677.605	1.625	20.084	31.47	21.65	3.76	2.38	0.1306629045866429	0.0102314353862311	0.0059259336006941	0.0130022464632771	46.22467391304348	18.61798913043478	26927.7607687141	7676.599114636174	21.41850000000001	4.0975	13851.05	79.07	18.75	1.25	4770.77	620.9	4.9	1.2	10584.44	226.04	26.0	1.2	3136.82	76.13	7.0	0.38	0.006851	0.169598	11.0	0.92	26123.52654135555	6903.327759871985	35.0	6.4	1610.423131630845	546.9403950660251	9.7	2.0	3394.8453886087145	797.6640146780553	24.0	3.6	False	False
chr15-59091121-59091122-G-C	Pending	1	9	0	5	36.797	0.094	3.459	957.0	0.081	False	protein_coding	missense	10	2780.407	3693.676	1.328	2.1	3.0	0.999	0	5671.113	5665.561	15.5	13.59	195.67	591.1	16.5	30.04	0.0752505827695131	0.0712432072032243	0.0326441239606535	0.0419994452902172	7.558260869565203	6.047907608695624	3693.675672850572	2780.407353179534	2.5413750000000013	2.159500000000002	8228.61	12441.96	12.18	16.98	18573.83	17871.03	24.0	23.0	5470.55	5441.03	15.0	15.0	5238.5	4465.73	12.0	9.4	0.046969	0.075949	3.0	2.1	11857.878436159015	12249.092204073026	15.0	16.0	5860.571921275296	5901.195465115759	38.0	38.0	3039.624945448761	3153.697254332366	22.0	22.0	False	False
chr8-132842624-132842625-G-A	Pending	5	3	0	0	31.208	0.094	2.934	1249.0	0.07	False	protein_coding	missense	9	337.65	499.81	1.48	2.09	2.7	0.705	0	4402.46	3105.495	7.439	4.65	732.975	706.225	30.0	30.0	0.0022849464003229	0.0029534735658671	0.0334735236908959	0.0316262687011569	7.348016304347794	7.778097826086963	2756.97397634763	2935.7864441647075	5.742125000000002	6.0035000000000025	499.81	337.65	2.7	2.09	6187.09	9634.29	2.2	3.5	5238.84	7650.66	5.0	7.1	12610.43	20331.78	3.8	8.3	0.012716	0.004717	2.5	4.3	3454.0165428148343	5869.132896433324	12.0	20.0	353.84250424567654	848.8090473328234	4.3	8.1	658.5215625252066	2106.541405988221	6.9	16.0	False	False
chr10-124974204-124974205-G-C	Pending	1	4	0	0	25.515	0.088	2.245	2602.0	0.082	False	protein_coding	missense	10	279.001	185.399	0.665	0.2	0.2	0.885	0	3732.12	3304.64	1.2	1.017	74.4	71.55	14.0	14.0	0.1157785906689241	0.097961904015392	0.4159678976438608	0.3101576816448984	1.0168206521737773	1.330624999999927	185.398888774898	279.00071581425817	0.9273749999999996	1.2424999999999995	36719.01	36313.53	90.13	86.75					3304.64	3732.12	0.79	1.0	8225.07	5822.83	1.8	1.2	0.129881	0.191673	1.5	0.96	520.0015791455069	548.9079394871815	0.2	0.2									False	False
chrX-10138838-10138839-G-A	Pending	1	8	0	1	25.555	0.001	0.026	1522.0	0.079	False	protein_coding	missense	9	85.921	112.022	1.304	0.197	0.271	1.066	0	696.857	742.903	2.2	2.65	1408.78	1228.1	45.08	42.37	0.1441130889579653	0.2468945980072021	0.5622470022051423	0.7050811516693349	0.6911141304346842	0.4295380434782458	112.02183257982236	85.92051914896902	0.271	0.197125	1063.57	1887.73	3.9	5.140000000000001	534.47	357.51	0.98	0.74	805.96	696.43	5.0	4.5	972.75	838.59	2.9	2.6	0.186455	0.257909	0.84	0.54	1517.7585670175067	1318.6091434272448	2.4	1.8	562.3024813694061	609.4947933772053	7.1	7.5	679.8451442876805	697.2844817913258	8.1	8.3	False	False
chr5-179114105-179114106-G-A	Pending	1	7	0	1	162.381	0.001	0.162	3908.0	0.122	False	protein_coding	missense	9	281.08	6067.23	21.585	1.8	24.0	13.641	0	935.431	12760.397	9.802	34.735	23.61	62.24	0.61	1.62	0.0113635804445948	0.0051623245381051	0.0042573056777594	0.0070188113330335	62.74467391304348	31.64317934782608	24552.02441418156	14305.518837995358	18.42025	7.603749999999998	15884.96	329.16	32.47	2.42	12308.75	285.06	24.0	1.8	16404.99	1682.07	37.0	12.0	6067.23	281.08	14.0	1.8	0.002583	0.011839	14.0	6.3	8478.888488850993	1453.47247883281	40.0	18.0	10175.365076569758	821.391113537777	47.0	16.0	13212.04365470002	1049.4699313337997	51.0	18.0	False	False
chr6-104776783-104776784-C-G	Pending	1	10	0	0	6.074	0.108	0.656	288.0	0.066	False	protein_coding	missense	11	293.062	246.477	0.841	0.08	0.02	0.322	0	1915.118	617.12	1.7	0.925	32.15	24.46	8.3	8.1	0.2824703091755509	0.1161791721824556	0.4538208495644311	0.0687491370643691	0.9252717391303236	3.8986413043477626	290.3339761629675	1915.117997836268	1.2802499999999997	3.4356250000000004	20031.88	28386.94	21.93	40.6					617.12	993.51	0.02	0.08	1848.37	2337.25	0.21	0.27	0.142399	0.114115	1.3	1.7	246.47662139274465	293.06182667959655	0.1	0.1									False	False
chr10-27035634-27035635-C-G	Pending	1	10	0	2	16.68	0.091	1.518	518.0	0.064	False	protein_coding	missense	11	621.64	528.51	0.85	2.037	2.493	1.129	0	3693.928	4170.332	4.705	3.9	1237.39	2909.305	58.0	60.0	0.0019524101044225	0.0031143721789703	0.0262620041763021	0.0367263203623473	9.15535326086956	6.792608695652163	3562.1433900375814	2504.8037941302696	2.492500000000001	2.0367500000000023	481.1	2011.82	2.74	5.3100000000000005	25955.61	25269.23	42.0	40.0	528.51	621.64	3.7	4.1	9066.21	7724.52	19.0	17.0	0.030183	0.050211	4.1	2.9	4778.52115918281	4883.053172255114	3.2	3.4									False	False
chr7-77294813-77294814-G-C	Pending	1	6	0	1	15.045	0.03	0.451	534.0	0.059	False	protein_coding	missense	9	358.993	257.825	0.718	0.77	0.57	1.155	0	1851.46	2139.17	2.2	1.8	72.83	188.09	1.85	3.78	0.3003793228417635	0.28958610445261	0.4983671689004047	0.4094456397741315	0.8247010869563951	1.0313586956520453	257.82506647386555	358.9928210220626	1.1491250000000004	1.392125	15758.53	14659.38	32.629999999999995	30.95					2139.17	1851.46	7.5	7.0	3057.9	4386.56	1.8	2.2	0.117825	0.075923	0.57	0.77	1946.610237380866	1844.098663183025	5.8	5.3									False	False
chr3-111133696-111133697-G-C	Pending	1	6	0	1	31.961	0.003	0.096	1114.0	0.137	False	protein_coding	missense	9	138.502	275.547	1.989	0.83	1.157	1.177	0	946.97	1114.545	4.2	6.65	311.91	841.44	21.56	35.6	0.0300365986768156	0.1036803082097321	0.2635476672718558	0.4752994471497139	1.506657608695562	0.8771195652172992	275.5466641795484	138.50204797012725	1.1569999999999994	0.8298749999999996	2833.31	934.49	8.540000000000001	4.4	1115.95	1052.08	4.2	4.0	805.96	755.3	8.1	7.9	1551.97	959.45	5.2	3.9	0.048551	0.098341	2.7	1.7	1407.051206502568	1453.47247883281	18.0	18.0	1113.1405404656246	973.97991245532	19.0	17.0	914.0500989454484	895.3029180788964	17.0	17.0	False	False
chr17-9239843-9239844-C-G	Pending	1	9	9	0	3.459	0.204	0.706	582.0	0.055	False	protein_coding	missense	9	751.224	767.658	1.022	5.594	9.562	2.081	1	3632.456	7558.495	15.0	21.5	40.47	25.35	1.5	1.5	0.0011655696762318	0.0014022705327079	0.0057488423743868	0.0098427626384501	46.22467391304348	24.57923913043477	17337.72731457818	9933.398102513427	9.562124999999996	5.594375	8757.86	1889.02	18.9	6.67	6359.13	4427.19	15.0	12.0	10874.65	9346.08	29.0	26.0	11774.14	8100.19	22.0	17.0	0.000878	0.003002	21.0	13.0	767.6576508395113	751.2243258762381	13.0	13.0	4597.799196033031	2492.011258137773	35.0	27.0	4709.447935594835	2837.7229987107644	35.0	29.0	True	False
chr12-55701102-55701103-T-G	Pending	1	5	0	0	4.754	0.034	0.162	117.0	0.078	False	protein_coding	missense	9	593.78	394.69	0.665	2.2	3.5	0.706	0	1667.653	1176.928	8.92	7.73	947.81	538.1	78.0	60.0	0.1672531459480524	0.0537209594622254	0.0903170350441069	0.0422859964341889	3.132635869565135	5.913749999999965	1700.261791821884	2589.500571608419	2.34975	2.7869999999999995	2997.62	3653.28	8.86	10.04	394.69	593.78	2.2	2.9	1189.81	1637.18	9.5	12.0	2294.33	2995.58	6.6	7.8	0.033122	0.069835	3.5	2.2	864.6816701021309	1050.6007652110409	14.0	15.0	1012.8613520747087	1322.9700117938391	18.0	20.0	1164.0456172106108	1698.1263459978572	19.0	23.0	False	False
chr6-26043650-26043651-C-T	Pending	6	1	0	0	32.01	0.003	0.096	632.0	0.052	False	protein_coding	missense	10	9.21	1790.39	194.396	0.03	3.6	1.817	0	2171.538	3945.001	4.214	5.925	312.06	126.73	21.56	12.51	0.0015240449392877	0.0025766778053366	0.0101013618849543	0.0273641512281018	22.19230978260869	8.839293478260856	9673.38810355225	3418.313725704533	4.937750000000001	2.4286250000000016	3182.18	4465.62	6.75	8.16	1790.39	9.21	2.3	0.06	17410.87	3236.91	44.0	8.6	1312.73	9.81	3.6	0.03	0.064444	0.748583	2.4	0.03	48929.644943595515	12930.006815315508	54.0	16.0	986.1432354967852	334.9191651687828	5.1	0.8	4707.82163077198	1106.1652218361455	32.0	6.0	False	False
chr1-222629207-222629209-TG-GT	Pending	5	7	0	2	209.151				0.045	False	protein_coding	missense	9	143.731	59.095	0.411	2.38	0.44	0.165	0	631.315	104.249	7.015	2.5	36.32	42.13	4.39	5.09	0.3354784538969397	0.007898687836132	0.0834286169333983	0.0086323903509233	3.326576086956436	27.61739130434782	3431.4377269460465	11657.014070985397	3.138000000000001	6.329375	22.6	320.03	0.44	2.3800000000000003	64.26	539.32	0.61	2.7	143.49	723.31	3.6	7.7	531.83	4475.5	2.7	12.0	0.063265	0.004015	2.3	11.0	645.6305357438321	1407.051206502568	12.0	18.0	59.09489971760746	143.73085200897998	2.0	4.5	65.00847825261643	154.51477008299577	2.1	4.7	False	False
chr4-165041221-165041222-G-A	Pending	1	5	0	10	0.0	0.0	0.0	0.0	0.065	False	protein_coding	missense	9	3.6	2.42	0.672	0.01	0.02	0.684	0	8.839	6.05	0.072	0.04	132.07	411.18	1.51	5.76	0.272316507063806	0.6329927891492844	0.9421441762938484	0.9784506178209564	0.058288043478285	0.0096467391304457	13.0769020720378	16.927532290038865	0.019625	0.06475	2.3	3.63	0.01	0.04	2.7	3.83	0.02	0.02	3.27	4.6	0.05	0.11	2.42	3.6	0.02	0.03	0.911337	0.797558	0.03	0.08	54.779605661940025	69.50183030090719	1.5	1.8	9.540035702392268	13.07826099297127	0.4	0.5	8.83018901526975	13.334293189477126	0.4	0.5	False	False
chr17-39605533-39605534-C-T	Pending	1	9	0	6	0.004	0.0	0.0	6.0	0.069	False	protein_coding	missense	9	2.33	4784.33	2053.361	0.01	0.68	143.922	0	9.202	1324.305	0.06	4.05	43.36	23.13	5.24	2.6	0.0231915611657314	0.0977129008388146	0.0282848460800709	0.8144912297008604	8.545326086956507	0.2556793478260744	3557.9810090562187	26.689143777846592	2.475750000000001	0.011125	4784.33	2.33	8.51	0.0699999999999999	2023.45	4.38	2.5	0.03	784.45	5.35	4.8	0.05	605.05	7.86	2.1	0.02	0.218276	0.953674	0.68	0.01	1864.1597343160688	306.0237497348042	3.3	0.2	466.62714573966554	10.543140644403168	6.1	0.2	570.702795659014	14.771003464386355	7.1	0.3	False	False
chr12-103690457-103690458-G-C	Pending	1	5	0	5	24.63	0.0	0.0	663.0	0.101	False	protein_coding	missense	9	5.75	4.31	0.75	0.0	0.01	4.424	0	13.96	61.758	0.016	0.029	36.64	98.16	4.43	10.43	0.6794947646558285	0.6405894085764885	0.963122931271328	0.9677832096165202	0.0282065217391647	0.0225815217391556	35.4337768778139	26.626256232787615	0.01	0.000375	4.31	5.75	0.01	0.03	43.95	14.21	0.03	0.01	69.5	13.71	0.07	0.01	62.06	9.68	0.02	0.01	0.809642	0.973812	0.01	0.01	801.6106208174193	688.9344191199156	1.2	0.9	61.63253059932197	11.241130768318694	1.1	0.3	61.88280628143848	15.796832020696176	1.1	0.3	False	False
chr12-78006701-78006702-C-G	Pending	1	6	0	8	8.157	0.0	0.0	292.0	0.12	True	protein_coding	missense	9	13.3	9.12	0.686	0.05	0.071	1.095	0	19.275	21.106	0.285	0.345	20.8	17.67	5.73	5.9	0.2490496831014752	0.4171138182282448	0.9184957098993342	0.9486265704254369	0.0931521739130403	0.049510869565239	17.55041870922519	19.469930981955777	0.07125	0.094125	46.18	85.26	0.74	1.1	9.12	13.3	0.09	0.14	12.85	19.08	0.64	0.94	20.61	18.38	0.19	0.17	0.727275	0.810344	0.1	0.07	21.602672475893257	17.973182789352638	0.5	0.4	23.471994784577685	38.77483871235301	0.8	1.3	27.667505184553	49.08739666090807	0.9	1.7	False	False
chr2-179443451-179443452-T-A	Pending	1	9	0	10	22.461	0.0	0.0	704.0	0.056	False	protein_coding	missense	9	10.63	934.46	87.908	0.037	7.525	54.262	0	25.33	1374.435	0.28	13.0	14.01	87.5	0.3	2.16	0.0896368236280977	0.52932009100914	0.0095002000378145	0.957060869950658	24.57923913043477	0.0369565217391425	14212.461036491792	24.139280683151117	7.525249999999998	0.15275	934.46	10.63	4.4	0.22	3010.37	26.66	7.9	0.3	1814.41	22.68	13.0	1.2	6260.08	26.52	14.0	0.25	0.002677	0.490577	13.0	0.26	442.0995903020487	24.071168959571292	8.0	0.6	840.5237704048903	53.155719376747705	16.0	1.8	632.3681674219788	58.2063008893898	14.0	2.0	False	False
chr15-49996726-49996727-G-A	Pending	3	7	0	7	16.158	0.0	0.0	385.0	0.051	False	protein_coding	missense	9	1.74	2.47	1.42	0.03	0.08	1.373	0	25.427	34.92	0.363	0.47	38.6	44.25	13.0	13.0	0.0059585128037724	0.0119573502452112	0.3796699014599556	0.41889340316848	1.111657608695495	1.0090760869563835	145.26584751902567	125.45642862782044	0.35	0.30575	2.47	1.74	0.08	0.03	15.44	8.45	0.08	0.05	28.78	21.72	0.59	0.42	15.87	11.23	0.06	0.04	0.419472	0.560336	0.22	0.09	1121.0669072114465	792.984124177032	1.3	0.6	49.54159675001247	37.15095652391796	0.8	0.6	41.05915430807323	29.134663068386963	0.7	0.5	False	False
chr1-53142328-53142329-G-A	Pending	1	4	4	6	0.64	0.0	0.0	0.0	0.064	False	protein_coding	missense	9	17.58	18.1	1.03	0.1	0.13	0.979	1	28.318	27.724	0.53	0.435	32.31	26.73	0.26	0.18	0.0025464338104939	0.0062409979000221	0.1501788708914799	0.1973995967680338	2.222146739130366	1.8524184782608015	515.4407084659767	371.7265785390769	0.8494999999999997	0.6899999999999997	18.1	17.58	0.59	0.58	24.87	20.25	0.13	0.1	19.49	20.8	0.37	0.41	19.77	25.49	0.08	0.11	0.489819	0.252598	0.14	0.56	446.9089812017916	375.8681811436352	0.3	0.2	38.54517306838451	33.72640104816997	0.7	0.6	30.578065034761966	31.14655370776725	0.5	0.5	True	False
chr11-114247211-114247212-G-A	Pending	1	10	0	2	35.951	0.0	0.0	883.0	0.09	True	protein_coding	missense	10	1.97	6858.79	3481.619	0.02	1.7	54.451	0	43.733	2381.3	0.08	3.65	1063.2	1266.39	44.0	46.0	0.0067816409136867	0.0262763930368237	0.0049508444379045	0.61836280619755	62.74467391304348	0.5815489130434202	20656.185861931983	57.41506182196015	11.598250000000004	0.11025	6858.79	1.97	10.74	0.04	1600.76	4.46	2.1	0.03	1073.58	30.05	4.0	0.06	457.09	6.53	1.7	0.02	0.041205	0.769487	3.3	0.02	3932.892296828435	645.6305357438321	2.6	0.2	3161.8408055419136	439.4808947140729	22.0	1.4	605.0900339425235	102.75903093107507	2.4	0.1	False	False
chr2-178532225-178532226-C-T	Pending	5	5	0	2	2.937	0.0	0.0	101.0	0.062	False	protein_coding	missense	9	47.421	53.576	1.13	0.089	0.132	1.529	0	62.735	95.92	0.685	0.786	881.96	924.76	16.36	16.93	0.000477575730656	0.0004133527954763	0.5715925732335212	0.6245467038779313	0.6714673913042759	0.5705706521738563	63.83599017515151	50.85807329475605	0.132375	0.089125	91.43	108.53	1.35	1.44	171.08	108.45	0.5	0.36	100.41	63.39	1.7	1.2	126.85	62.08	0.59	0.32	0.44142	0.563326	0.2	0.09	1290.3815441454742	1158.0530182780362	1.7	1.4	53.57596472697507	47.420922691591834	0.9	0.8	74.03038364214665	58.131295279668095	1.2	1.0	False	False
chr2-102015945-102015946-C-G	Pending	1	5	0	7	6.556	0.0	0.0	267.0	0.075	False	protein_coding	missense	10	34.96	34.77	0.995	0.48	0.39	1.083	0	65.352	70.772	0.777	0.79	29.02	29.91	11.0	11.0	0.1904374856967479	0.1449506502831354	0.6759231138559066	0.5129464019814856	0.4788586956521357	0.7944565217389936	80.50499516612601	137.8391742696717	0.5878749999999996	0.8261249999999996	58.13	35.56	0.8699999999999999	0.62	94.2	68.33	0.82	0.63	34.77	34.96	0.76	0.76	42.92	53.46	0.39	0.48	0.071916	0.041996	2.1	3.0	61.03916748720335	62.37442306966185	0.7	0.7	441.4789490166987	372.3145425270246	7.6	6.6	390.2024572670808	399.2914400921349	6.8	7.0	False	False
chr16-58586721-58586722-G-A	Pending	1	3	0	4	290.085	0.0	0.0	2987.0	0.051	False	protein_coding	missense	10	43.73	25.03	0.572	0.41	0.36	1.264	0	76.055	96.124	0.91	0.632	72.05	124.31	1.04	2.26	0.2611196357756853	0.2158214347437024	0.6884129546768689	0.7128203765519063	0.4579891304347541	0.4167391304347774	98.1470147720662	73.81960670336817	0.6733749999999996	0.5506249999999997	25.03	43.73	0.48	0.72	46.33	46.42	0.47	0.48	94.1	78.29	2.1	1.9	38.51	45.58	0.36	0.41	0.290391	0.166106	0.59	1.1	228.49828361491845	230.9840076235599	2.4	2.4	427.4742903383581	425.5102243813014	7.5	7.4	658.0971348179166	674.9785939865287	12.0	12.0	False	False
chr11-6632530-6632531-C-T	Pending	1	7	0	2	17.128	0.0	0.0	752.0	0.08	False	protein_coding	missense	9	48.256	270.116	5.598	0.089	0.957	7.44	0	82.78	615.919	1.0	4.4	78.4	69.88	8.78	8.02	0.4402237497270107	0.6882296539843082	0.4398707145213396	0.921301471620832	0.9574456521738028	0.088804347826084	546.6187710781982	83.56086655672262	1.5481249999999995	0.6019999999999996	438.09	82.0	2.85	1.0699999999999998	1383.83	101.64	4.8	0.87	685.22	59.73	7.5	2.2	1025.3	125.51	4.0	0.93	0.299256	0.675618	0.57	0.12	973.9685259346436	271.68550108708894	15.0	5.7	270.11580727393766	48.25585334660213	7.1	1.7	329.5869443315474	60.949479337720526	8.2	2.0	False	False
chr18-33957381-33957382-G-A	Pending	1	5	5	7	4.993	0.0	0.0	33.0	0.093	False	protein_coding	missense	9	5.85	7.51	1.284	0.14	0.07	0.583	1	88.923	51.861	0.492	0.396	167.455	155.77	7.6	5.9	0.0426925268257036	0.0960799693129956	0.3891762688147634	0.5659444854611642	1.086277173912876	0.6837228260868784	159.33516139078543	92.59672655976811	0.382	0.218375	7.51	5.85	0.31	0.25	30.61	85.25	0.15	0.3	20.8	35.54	0.41	0.77	49.72	39.65	0.26	0.19	0.615708	0.49722	0.07	0.14	1235.7262231072605	1050.6007652110409	1.5	1.1	55.71472612332782	96.8210972306636	0.9	1.6	54.002019334790866	109.75138259977555	0.9	1.7	True	False
chr1-85029173-85029174-C-G	Pending	1	6	0	4	2.039	0.0	0.0	111.0	0.051	False	protein_coding	missense	9	33.96	26.94	0.793	0.17	0.14	0.846	0	102.793	86.986	0.85	0.746	25.175	16.07	3.1	2.5	0.052956368192099	0.2294863536953926	0.5720003664105305	0.6775699482668762	0.6714673913042759	0.4769021739130039	77.15027729563928	92.09343841985309	0.170875	0.215375	251.87	50.64	2.07	1.0	26.94	33.96	0.14	0.17	40.03	64.43	0.82	1.3	67.7	155.83	0.34	0.7	0.417657	0.35065	0.23	0.32	2314.5284480795485	2077.173737759784	4.8	4.0	96.82109723066353	113.49324146106862	1.6	1.8	105.78156793252252	123.42695077145484	1.7	1.8	False	False
chr4-47560963-47560964-G-A	Pending	1	7	0	2	14.306	0.0	0.0	678.0	0.054	False	protein_coding	missense	9	72.51	333.21	4.595	0.32	1.4	6.192	0	105.719	654.608	1.55	2.25	221.62	258.29	4.55	5.39	0.0912396819330751	0.1149824215099215	0.1291881098869022	0.2023390826485163	2.4501358695651163	1.8201630434782032	852.5250104456104	535.0966058185383	1.1421250000000005	0.8701249999999997	5706.6	1116.75	9.49	4.0	854.77	91.98	1.4	0.32	456.69	112.49	3.7	1.8	333.21	72.51	1.4	0.36	0.121637	0.30303	1.4	0.42	2264.981103527669	1728.185404637339	4.7	3.0	141.89595000538134	88.09880144099834	2.1	1.5	161.2166899085561	98.9486788643063	2.4	1.6	False	False
chr17-3216460-3216461-C-T	Pending	6	8	0	13	0.001	0.0	0.0	0.0	0.065	True	protein_coding	missense	9	36.96	20.46	0.554	0.11	0.11	0.561	0	109.172	61.2	0.581	0.76	11.99	9.9	0.94	0.64	0.0275825945427641	0.242820369079709	0.2990629412387629	0.6512535133886591	1.369456521739039	0.5230706521738853	227.8724717293879	109.17231542345918	1.0655	0.5807499999999998	61.2	321.13	0.61	3.26					20.46	36.96	0.35	0.64	43.41	42.77	0.11	0.11	0.080784	0.288595	0.76	0.24	1407.051206502568	1967.7864831100464	3.3	5.8									False	False
chrX-49213826-49213827-C-T	Pending	1	9	0	4	0.19	0.0	0.0	2.0	0.063	False	protein_coding	missense	10	31.89	13.06	0.41	0.024	0.064	0.389	0	111.267	43.275	0.71	0.38	48.185	166.36	13.0	25.0	0.5337488390505314	0.706953801214695	0.938797474647269	0.966782123133793	0.0643206521739188	0.0240489130435008	36.041258414132784	35.02971756042118	0.2796249999999999	0.2706249999999999	43.88	166.87	0.72	1.64	42.67	76.35	0.45	0.68	13.06	31.89	0.19	0.74	34.09	78.89	0.31	0.66	0.673414	0.575751	0.12	0.18	141.94766797100098	178.1585346905188	1.6	1.9	59.55387156691003	144.51402594550552	1.1	2.6	59.05953183640393	143.6448301065243	1.0	2.6	False	False
chr19-17652672-17652673-C-A	Pending	5	9	0	2	0.528	0.0	0.0	9.0	0.07	False	protein_coding	missense	9	46.003	782.674	17.014	0.01	2.5	64.944	0	182.056	11823.39	0.134	3.6	201.555	378.09	31.0	53.0	0.0605110612232238	0.42690952681005	0.1263260049963474	0.8923858822916569	2.489130434782524	0.1335869565217535	782.6744131372068	46.00309311958193	1.5611249999999997	0.0145	11823.39	18991.39	35.24	61.02					21631.25	252.3	22.0	0.59	25973.6	123.5	8.9	0.03	0.017722	0.963593	2.5	0.01	1158.0530182780362	182.0558220848466	3.6	0.3									False	False
chr2-213284514-213284515-C-T	Pending	1	6	0	10	26.384	0.0	0.0	729.0	0.059	False	protein_coding	missense	9	30.54	50.784	1.663	0.041	0.608	1.641	0	183.72	301.412	1.35	2.6	57.41	58.74	6.78	6.92	0.2102985540404915	0.6337329410016537	0.6040701580680604	0.954068452983246	0.6078532608695042	0.0411684782608858	119.40586277764272	37.96789551742092	0.7591249999999995	0.2967499999999999	486.26	489.15	3.03	3.04	586.28	304.14	2.8	1.9	333.69	126.7	5.7	3.4	450.02	89.09	2.4	0.73	0.230489	0.609348	0.76	0.16	50.78390721248267	30.540385969498736	1.4	0.8	240.18727777908768	240.74096663765104	6.6	6.6	269.13488857108786	254.07971874353535	7.1	6.8	False	False
chr2-31177141-31177142-C-T	Pending	2	7	0	3	0.049	0.0	0.0	3.0	0.08	False	protein_coding	missense	9	101.819	177.194	1.74	0.27	0.22	0.921	0	192.3	177.194	0.719	0.9	208.99	126.91	20.38	14.56	0.1202831185655668	0.1023442165460437	0.4305905637372752	0.548660869378605	0.9787228260868231	0.7190489130433662	177.19393020599492	101.81927499027432	0.8921249999999998	0.5342499999999998	1699.16	1034.14	8.959999999999999	6.84					137.53	192.3	1.9	2.2	114.56	167.24	0.22	0.27	0.147849	0.186764	0.46	0.36	659.7539553864469	631.8094575737812	0.9	0.8									False	False
chr15-24962177-24962178-C-T	Pending	2	2	2	2	86.54	0.0	0.0	5028.0	0.114	False	protein_coding	missense	9	4.56	2056.69	451.029	0.19	5.37	6.562	1	205.543	1348.775	2.95	5.785	40.81	75.12	4.94	8.5	0.0002561316382525	0.0001271813489438	0.0041303776262807	0.005448038547291	62.74467391304348	46.22467391304348	24327.98242493498	18260.52889154984	16.211500000000004	9.458250000000003	2056.69	4.56	5.37	0.19	647.11	154.88	1.2	0.47	1170.65	211.83	6.2	2.5	1526.9	380.79	4.0	1.5	0.011219	0.038775	7.8	3.5	8853.903895775105	4989.871863860996	29.0	16.0	357.24815947097215	196.32246573970613	5.0	2.9	338.38414035483424	199.25535412089948	4.7	3.0	True	False
chr13-37586782-37586783-C-G	Pending	1	5	0	5	209.452	0.0	0.0	7262.0	0.113	False	protein_coding	missense	9	125.25	275.2	2.197	0.23	0.38	1.475	0	229.66	338.74	1.202	1.029	6.51	9.74	0.22	0.62	0.0548896875698119	0.005072637082776	0.4111538498875851	0.3491302280178661	1.0291576086955132	1.2019836956520606	151.58679778217285	165.86001046044967	0.7888749999999998	0.8403749999999998	3911.76	13800.65	13.88	29.64					338.74	229.66	2.9	2.4	275.2	125.25	0.38	0.23	0.023366	0.029053	1.6	1.4	674.1863303391938	784.45046119223	0.9	1.1									False	False
chrX-18938718-18938719-C-T	Pending	1	8	0	2	43.327	0.0	0.0	883.0	0.064	False	protein_coding	missense	10	45.3	212.55	4.692	0.16	0.34	1.87	0	236.885	442.875	0.682	1.35	86.3	101.17	11.0	10.44	0.249367905780673	0.4461400080472231	0.3802559983638897	0.6059386513544711	1.111657608695495	0.6037771739130022	351.6431451403264	279.64624089784	0.6656249999999998	0.5777499999999999	212.55	45.3	1.93	0.94	606.63	201.82	1.2	0.55	359.95	208.42	1.7	1.0	341.19	171.46	1.4	0.76	0.337948	0.473691	0.34	0.16	2579.005231766049	2240.6066112583476	1.3	0.9	1570.1458656804568	845.1620736386685	9.4	4.0	525.7992956515583	265.3505548015043	1.9	0.5	False	False
chr7-73435051-73435052-G-A	Pending	6	1	0	3	0.215	0.0	0.0	14.0	0.056	False	protein_coding	missense	10	24.02	298.96	12.446	0.221	0.514	13.187	0	279.49	3685.685	0.36	2.2	65.92	153.85	1.7	3.29	0.527210047468543	0.4170034006237983	0.6564992497811253	0.8364489038290914	0.5143749999999585	0.2212499999999835	300.34973290925444	72.98005130964181	1.2550000000000003	0.3452499999999998	3818.81	1383.49	13.71	8.01					298.96	24.02	2.2	0.26	4638.78	279.49	2.3	0.39	0.024111	0.192524	1.5	0.36	3685.6851539916497	2192.641718942874	2.9	1.1									False	False
chr15-50252699-50252700-C-T	Pending	1	2	0	6	0.29	0.0	0.0	4.0	0.052	False	protein_coding	missense	9	36.208	2734.072	75.509	0.03	0.364	21.515	0	307.021	6605.531	0.215	7.6	199.375	232.035	38.0	38.0	0.59980184212327	0.8403024822473526	0.7458806685598073	0.9625833072632016	0.3639130434782345	0.0298641304348024	251.5594055698848	64.64662804987303	0.9087499999999996	0.124625	22698.93	629.24	42.56	3.1300000000000003	19316.38	276.72	8.2	0.11	23067.13	605.05	26.0	0.79	10476.99	591.88	3.0	0.13	0.02776	0.573201	1.5	0.03	2607.0610014707204	337.3229287282724	7.0	0.3	2734.0723321227756	36.208455496567304	18.0	0.7	2130.9340058454436	42.9111348242737	16.0	0.8	False	False
chr6-69233307-69233308-CG-C	Review	1	1	0	13	4.029	0.0	0.0	101.0	0.093	False	protein_coding	FS	9	162.508			0.34			0	333.84		1.171		3.935		0.98			0.0110696202027611		0.3585149604942937		1.1706249999998732		162.50816860087798		0.8334999999999998		1438.44		8.18						333.84		2.8		241.1		0.34		0.066414		0.84		2032.7074694949488		6.1									False	False
chr1-150750066-150750067-A-T	Pending	1	8	0	3	228.447	0.0	0.0	5338.0	0.228	False	protein_coding	missense	9	44.448	50.585	1.138	0.066	0.089	0.666	0	341.947	227.76	1.645	1.035	129.96	119.04	12.72	11.98	0.4062581993639469	0.1988219330087304	0.8754518032305095	0.7927774151032537	0.1609239130434758	0.2896467391304043	50.585304501392834	44.4479050107526	0.089125	0.066375	526.51	1223.89	2.85	4.18	307.4	428.55	0.67	0.85	111.28	270.22	1.8	2.8	100.23	209.52	0.47	0.89	0.571205	0.543063	0.09	0.1	1170.650925558883	1517.7585670175067	1.4	2.4	236.03151827524448	353.97288865798527	3.3	5.0	219.4876052007661	329.92103041386986	3.2	4.6	False	False
chrX-152652643-152652644-C-T	Pending	1	6	0	2	0.078	0.0	0.0	26.0	0.053	False	protein_coding	missense	9	55.89	630.784	11.286	0.443	1.625	7.28	0	370.269	2695.644	2.925	9.3	43.82	44.59	5.29	5.39	0.00191913661547	0.0458616258110851	0.1265763789834927	0.6406169536686344	2.489130434782524	0.5419293478260414	630.7841497841471	55.890410047879335	1.6247499999999997	0.4434999999999998	6728.68	776.72	15.39	3.95	3594.28	195.15	8.9	1.5	3766.31	432.64	17.0	6.4	4197.13	312.02	9.7	1.9	0.06172	0.301053	2.4	0.57	312.71813855136116	223.60679774997897	6.3	5.0	1797.0079564511395	501.8223501442121	24.0	12.0	1702.0409315117392	428.51891833683027	23.0	9.9	False	False
chr7-12369909-12369910-G-C	Pending	5	8	8	1	0.383	0.0	0.0	18.0	0.109	False	protein_coding	missense	10	114.6	79.16	0.691	0.46	0.28	0.601	1	414.134	248.791	1.5	1.126	54.45	48.11	6.48	5.79	0.1384568342473358	0.0705099329934455	0.3670744653210827	0.2175210635624971	1.147228260869397	1.731739130434704	248.79108473372452	414.13398920757305	1.1263750000000003	1.4996250000000002	4851.31	7661.47	15.61	20.26					79.16	114.6	0.8	1.2	175.92	362.79	0.28	0.46	0.180759	0.041684	0.38	1.2	2416.898449635213	3000.8051964776514	1.4	2.0									True	False
chr3-62438127-62438128-C-G	Pending	1	8	0	2	4.351	0.0	0.0	131.0	0.051	False	protein_coding	missense	9	25.24	283.15	11.218	0.28	1.86	0.722	0	432.494	312.071	1.98	1.311	158.93	251.745	36.0	47.0	0.0332794603600632	0.010476761337486	0.4140067585564229	0.1688717885629871	1.0214402173911594	2.059347826086878	138.4244942090812	459.5455484540578	0.4956249999999999	1.5346250000000006	283.15	25.24	1.86	0.2799999999999999	1103.9	1684.82	0.39	0.52	2157.34	6504.5	2.3	6.0	6275.61	15349.57	1.6	5.1	0.096888	0.00972	0.56	2.9	340.9925042250324	405.4416423251884	0.3	0.4	132.07177054453172	123.8254742499855	2.0	1.9	149.8200715009108	166.9436866957869	2.2	2.4	False	False
chr1-247444018-247444019-C-T	Pending	1	1	0	5	3.937	0.0	0.0	149.0	0.082	False	protein_coding	missense	9	306.067	208.692	0.682	0.67	0.35	1.606	0	507.179	814.76	2.92	3.5	20.785	162.7	2.5	25.0	0.0619528150418773	0.0200367627548985	0.3441735612727903	0.2377546667356064	1.2177173913042338	1.6274184782607648	208.6920438034076	306.06711935156954	1.0229999999999997	1.2157499999999997	290.14	435.53	2.25	2.8400000000000003	865.36	354.21	3.6	2.1	846.17	735.14	8.3	7.7	783.35	625.97	3.4	3.0	0.420395	0.263939	0.35	0.67	352.24248988870096	309.352836369049	6.8	6.2	954.0035702392285	578.8286246212787	17.0	13.0	1066.522445925073	626.5705812149951	18.0	14.0	False	False
chr1-31619291-31619292-T-A	Pending	1	3	0	4	0.01	0.0	0.0	2.0	0.058	True	protein_coding	missense	9	60.293	60.804	1.008	0.1	0.03	0.203	0	525.83	106.88	0.284	0.116	55.45	35.42	0.68	0.32	0.5682651698589325	0.2884877657052129	0.9124975964699102	0.796219716824002	0.1025000000000062	0.2841032608695428	60.804385331003175	60.293103809253616	0.1155	0.111	11671.59	9160.68	34.78	27.46					102.59	662.79	0.3	1.3	106.88	525.83	0.03	0.1	0.780605	0.505204	0.06	0.22	257.3781128547943	432.6355196637657	0.4	1.1									False	False
chr12-1831282-1831283-C-T	Pending	1	6	0	5	0.036	0.0	0.0	0.0	0.059	False	protein_coding	missense	9	67.282	113.097	1.681	0.514	2.12	3.466	0	568.534	1970.61	3.35	10.95	40.39	172.49	0.4	3.41	0.2992755575105548	0.499575812369585	0.161524318834924	0.655815902405498	2.1200543478259988	0.5143749999999585	1389.9699071302362	272.43736195272106	2.18325	1.151874999999999	16515.46	2918.29	33.84	8.7	5400.74	831.61	13.0	3.5	2551.25	792.98	15.0	8.1	3654.83	716.37	8.9	3.2	0.059335	0.182428	2.4	0.97	113.09668929084349	67.28206801518476	3.0	1.8	866.0640269264571	399.530556315708	16.0	9.5	941.8245353416728	420.6975666223301	17.0	9.8	False	False
chr21-36460986-36460987-C-T	Pending	1	7	0	1	18.875	0.0	0.0	1011.0	0.066	False	protein_coding	missense	9	132.67	322.88	2.434	1.44	2.39	1.037	0	702.257	728.288	4.451	5.05	13.41	15.42	1.15	1.45	0.0222888365969993	0.0358637272147461	0.0895464857309682	0.064857358029365	3.1588586956520857	4.102010869565163	1012.5237657691446	1524.2737277681351	1.9395	2.2553749999999995	322.88	132.67	2.39	1.44	3920.53	3200.34	9.5	8.2	989.9	942.86	8.8	8.7	1622.29	1389.28	5.3	4.8	0.022057	0.039228	4.4	3.2	466.6754581007161	461.6533511488992	8.2	8.2	155.43542321149047	134.75658606670595	4.8	4.1	207.47701924571984	182.37697164194245	5.9	5.3	False	False
chr2-108247293-108247294-G-C	Pending	2	6	0	2	0.0	0.222	0.0	9.0	0.054	False	protein_coding	missense	11	109.485	100.406	0.917	0.5	0.7	0.956	0	831.97	795.027	4.7	4.7	182.06	596.54	15.8	30.18	0.0643799100071191	0.0565410703711677	0.0067985355609319	0.0052323732304552	37.35904891304347	46.22467391304348	18345.775462952315	23383.55725130653	10.314874999999995	16.050249999999995	1755.54	2501.67	6.38	7.920000000000001	1638.29	3687.32	5.3	9.1	162.5	156.47	1.3	1.3	1064.92	1192.67	4.1	4.4	0.016204	0.017433	5.3	5.0	100.4063597282922	109.4845863513817	1.0	1.2	376.1144335707112	324.578687677049	0.7	0.5	525.1338334273921	471.2702230843011	1.2	1.1	False	False
chr3-14496425-14496426-C-G	Pending	1	8	0	3	0.458	0.0	0.0	8.0	0.072	False	protein_coding	missense	9	133.484	53.544	0.401	0.705	0.138	0.149	0	834.6	124.52	0.936	0.23	97.815	71.12	32.0	26.0	0.4587711989879608	0.063880963018164	0.8890066026508431	0.4492126574411897	0.1383423913043628	0.9356793478259532	53.54382912695037	133.48410637205535	0.18725	0.7048749999999998	1140.25	1418.12	7.22	8.110000000000001					55.96	371.49	0.88	3.0	124.52	834.6	0.23	0.75	0.4194	0.062633	0.15	0.87	1391.9092882313646	1967.7864831100464	3.2	5.8									False	False
chr9-70610710-70610711-C-A	Pending	1	3	0	1	1.512	0.0	0.0	46.0	0.095	False	protein_coding	missense	9	10.181	44.341	4.355	0.3	0.8	1.454	0	916.106	1332.254	0.902	0.95	413.01	588.495	11.0	8.6	0.0004506968607529	0.0004779256441906	0.3451633529966803	0.2872832559440277	1.2147010869563957	1.41483695652164	166.05656200670242	218.8936631099581	0.6127499999999999	0.8039999999999997	3764.23	1284.25	9.69	4.84	2434.35	1365.67	0.77	0.44	2065.97	1097.07	2.2	1.4	4325.16	5509.93	1.1	1.4	0.128311	0.09036	0.43	0.59	598.5373721582038	735.1427907623246	0.7	1.0	44.34146115146404	10.181458607826093	0.8	0.3	92.37830726599157	27.012824685299165	1.4	0.5	False	False
chrX-124392117-124392118-C-G	Pending	1	6	0	1	6.121	0.0	0.0	317.0	0.057	False	protein_coding	missense	9	432.484	461.286	1.067	0.922	1.028	2.361	0	1168.05	2757.89	4.3	6.15	40.69	78.615	10.43	15.0	0.0017491134840383	0.0036259513617551	0.114505328135484	0.1345425280383423	2.660624999999925	2.390326086956435	708.8580612381331	590.4669468065794	1.028125	0.9219999999999996	3962.8	2077.53	7.62	5.4	3411.64	1602.96	3.7	2.1	2192.64	1229.06	9.1	6.4	3323.14	1107.04	7.3	3.2	0.029963	0.049109	4.2	2.9	3646.021818984919	3343.7015248821103	9.5	8.3	461.28570897188087	432.48395506990414	6.0	5.7	487.9889635182521	458.574604316378	6.3	6.0	False	False
chr8-22148170-22148171-G-A	Pending	1	8	0	2	0.076	0.0	0.0	7.0	0.063	False	protein_coding	missense	9	336.179	123.188	0.366	0.52	0.37	0.667	0	1369.415	913.814	3.95	2.5	69.79	57.435	24.0	22.0	0.0774302120553329	0.058006253093481	0.0238017761335629	0.014116461593503	10.23198369565216	16.15755434782608	5202.556229207413	8384.527963325725	8.919625000000002	12.885750000000003	179.26	826.38	1.38	3.69	1051.62	1676.8	0.37	0.52	6866.08	10246.39	6.3	9.7	5940.62	6284.44	1.5	1.6	0.006503	0.005757	3.6	3.8	776.0086328378046	1062.0297506032605	1.1	1.8	234.8605102067256	997.2636743218842	3.1	9.1	123.18845260616844	336.1785502607349	1.9	4.1	False	False
chr6-116616864-116616865-C-T	Pending	1	7	0	0	0.334	0.0	0.0	16.0	0.093	False	protein_coding	missense	11	462.722	499.252	1.079	1.0	1.1	1.555	0	1908.33	2968.09	9.2	11.5	41.53	71.53	1.11	1.83	0.0024976102868095	0.0037328755061025	0.0081663980821054	0.0068350905908597	27.61739130434782	37.35904891304347	12107.785513752497	14627.97096966981	6.557125	7.769749999999997	2802.65	1659.32	8.48	6.16	25634.65	21224.38	47.0	39.0	3133.53	2157.34	12.0	8.9	13420.04	11431.31	25.0	22.0	0.001138	0.001108	19.0	19.0	1501.42527646561	1347.454232446704	11.0	9.5	499.25221459392213	462.72184187383345	1.1	1.0	1469.8397900712553	1381.2427135253918	6.4	5.8	False	False
chr9-74762190-74762191-C-G	Pending	1	5	0	0	0.176	0.0	0.0	4.0	0.059	False	protein_coding	missense	10	277.122	678.046	2.447	0.567	1.444	0.979	0	2551.251	2496.636	1.2	1.9	517.02	590.13	28.07	30.02	0.1599456071853637	0.467893386259675	0.1911371907080616	0.626222897176041	1.898478260869496	0.5670652173912458	678.0457023319381	277.12184434004894	1.4443749999999995	0.8859999999999999	16996.4	19794.96	53.17	64.25999999999999					772.04	749.59	1.2	1.2	9740.36	9529.99	2.0	1.9	0.031649	0.099316	1.9	0.95	2496.6364866068243	2551.251382965138	3.3	3.3									False	False
chrX-141897048-141897049-G-C	Pending	1	9	0	0	0.088	0.0	0.0	1.0	0.052	False	protein_coding	missense	9	456.685	352.242	0.771	7.003	7.143	0.291	0	3505.315	1021.356	17.0	10.0	379.73	304.93	23.96	21.29	0.014113899989752	0.0223773106699809	0.0077146214323928	0.0080842371026818	31.64317934782608	27.61739130434782	13399.514115396029	13154.386548387773	7.143124999999999	7.002749999999999	280.16	3911.03	2.21	10.51	1603.2	3364.61	5.2	8.5	5295.83	3646.02	20.0	17.0	7291.1	10847.97	16.0	21.0	0.002417	0.001585	14.0	17.0	352.24248988870096	456.6852893751565	6.8	8.1	430.08074565603545	1590.5597932451124	10.0	22.0	439.5112540273384	1202.1813880008244	10.0	19.0	False	False
chr12-9163708-9163709-T-A	Pending	1	1	0	0	124.154	0.0	0.0	3024.0	0.057	False	protein_coding	missense	9	127.635	50.93	0.399	1.9	0.97	0.248	0	3731.985	924.945	3.997	2.719	99.675	133.0	27.0	26.0	0.0883206262951716	0.1157267059898004	0.0323304885825606	0.0254096455700543	7.558260869565203	9.494239130434764	3913.7734637623857	5582.577438897014	2.627625000000001	3.2937500000000006	507.12	305.79	2.81	2.26	794.15	4556.21	1.4	4.7	1904.94	6262.79	8.4	19.0	1055.74	2907.76	3.1	6.6	0.161753	0.080293	0.97	1.9	4830.504415176101	5044.1543035179475	15.0	16.0	50.92956889422243	127.63506385874736	0.9	1.9	81.73536380244231	179.22970913866007	1.3	2.7	False	False
chr3-165188552-165188553-C-T	Pending	1	6	0	0	5.032	0.0	0.0	312.0	0.051	False	protein_coding	missense	10	1983.56	2493.19	1.257	1.8	2.3	1.16	0	4481.584	5196.492	6.175	7.63	59.24	33.16	6.97	3.98	0.0711026759818196	0.0629723121528513	0.0193886375687805	0.019638466731347	12.187228260869546	12.187228260869546	6308.303038783916	6042.447460389315	10.212375000000003	9.892500000000004	2493.19	1983.56	7.359999999999999	6.35	38465.1	34839.85	38.0	28.0	4084.68	2920.72	3.5	2.6	19808.04	17090.96	7.9	6.0	0.004407	0.007317	4.4	3.4	3307.718431318005	2842.778048235646	2.3	1.8									False	False
chr17-1271179-1271180-G-A	Pending	6	9	0	1	0.052	0.0	0.0	3.0	0.051	False	protein_coding	missense	10	2088.863	2142.447	1.026	7.77	9.296	1.717	0	7324.595	12578.81	19.5	25.0	361.03	607.23	23.32	30.44	0.1792474186513573	0.267628557048738	0.010970992640424	0.0172493325811292	22.19230978260869	13.500896739130424	16959.134904816026	14589.651046229124	9.296124999999996	7.769749999999997	5516.81	3294.78	13.29	9.4	15736.35	8109.4	29.0	18.0	10081.44	6539.79	26.0	21.0	15076.18	13196.85	27.0	24.0	0.00498	0.005584	9.7	9.2	33144.32235498932	28485.48144917693	48.0	46.0	2142.4465702146363	2088.863205322426	24.0	24.0	3305.9021886169544	3238.0980864910102	30.0	30.0	False	False
chr10-98257702-98257703-C-T	Pending	1	3	0	2	7.812	0.0	0.0	510.0	0.068	False	protein_coding	missense	9	11857.878	50000.0	4.217	7.0	23.0	2.222	0	15913.753	35361.775	34.322	75.5	261.98	303.96	5.3	5.3	0.3997471509501338	0.0444015693501569	0.018745263380526	0.0073885963177856	12.805461956521723	31.64317934782608	21636.082112255684	15647.822711320185	12.550625000000004	7.7745000000000015	27131.95	16417.51	42.81	22.21	40202.91	30557.65	95.0	58.0	29266.51	19191.6	86.0	51.0	30520.64	13438.05	73.0	28.0	0.001409	0.013672	23.0	7.0	50000.0	11857.878436159015	78.0	37.0	361384.89819300023	16179.68268494261	94.0	52.0	289341.01458551886	13848.731652379263	93.0	49.0	False	False
