ID,patient_id,Evaluation,%ile MT class1,%ile MT class2,%ile WT class1,%ile WT class2,Allele Expr,Best MT IC50 Score,Best MT Percentile,Biotype,Corresponding Fold Change,Corresponding WT IC50 Score,Corresponding WT Percentile,DNA VAF,Gene of Interest,IC50 MT class1,IC50 MT class2,IC50 WT class1,IC50 WT class2,MHCflurry MT IC50 Score,MHCflurry MT Percentile,MHCflurry WT IC50 Score,MHCflurry WT Percentile,MHCflurryEL Presentation MT Percentile,MHCflurryEL Presentation MT Score,MHCflurryEL Presentation WT Percentile,MHCflurryEL Presentation WT Score,MHCflurryEL Processing MT Score,MHCflurryEL Processing WT Score,MHCnuggetsI MT IC50 Score,MHCnuggetsI MT Percentile,MHCnuggetsI WT IC50 Score,MHCnuggetsI WT Percentile,Median Fold Change,NetMHC MT IC50 Score,NetMHC MT Percentile,NetMHC WT IC50 Score,NetMHC WT Percentile,NetMHCcons MT IC50 Score,NetMHCcons MT Percentile,NetMHCcons WT IC50 Score,NetMHCcons WT Percentile,NetMHCpan MT IC50 Score,NetMHCpan MT Percentile,NetMHCpan WT IC50 Score,NetMHCpan WT Percentile,NetMHCpanEL MT IC50 Score,NetMHCpanEL MT Percentile,NetMHCpanEL WT IC50 Score,NetMHCpanEL WT Percentile,Num Passing Peptides,Peptide Length,PickPocket MT IC50 Score,PickPocket MT Percentile,PickPocket WT IC50 Score,PickPocket WT Percentile,Pos,Prob Pos,Prob match,RNA Depth,RNA Expr,RNA VAF,Ref Match,SMM MT IC50 Score,SMM MT Percentile,SMM WT IC50 Score,SMM WT Percentile,SMMPMBEC MT IC50 Score,SMMPMBEC MT Percentile,SMMPMBEC WT IC50 Score,SMMPMBEC WT Percentile,TSL,Variant Type,cysteine_count
chr8-42732034-42732035-C-G,TWJF-10146-MO011-0029,0,14.0,1.43,14.0,8.1,0.0,6829.038,2.854,2.0,0.747,5099.027,10.698,0.111,0.0,10098.189,95.79,12711.64,569.47,7465.450072333474,2.854000000000001,21863.374728006616,10.698000000000002,16.15755434782608,0.0145239539437249,46.22467391304348,0.0053771579178933,0.0342916510999202,0.0458421893417835,8245.02,5.26,13560.95,8.44,1.259,15124.87,12.0,11257.03,8.0,11233.42,12.0,19932.31,21.0,25696.57,19.0,22124.06,15.0,0.000729,9.4,0.000797,9.0,3.0,9.0,6829.0379086880075,17.0,5099.027255984747,14.0,9.0,0.0,0.0,0.0,0.0,0.0,0.0,10554.313740671068,17.0,8006.2657234954495,14.0,9642.063781930236,16.0,11862.329957089893,18.0,1.0,3.0,0.0
chr6-46688875-46688876-G-A,TWJF-5120-13,0,1.035,9.1,0.59,15.0,0.057,38.919,0.274,2.0,0.792,30.838,0.202,0.094,0.0,90.304,27.025,78.014,46.425,38.91921575594565,0.2743749999999999,30.83832098676629,0.2019999999999999,0.449130434782603,0.6932524175987373,0.3542391304347632,0.7522381197296655,0.0135815074900165,0.0331265206914395,5139.58,1.13,2878.57,0.35,0.864,72.95,0.67,76.03,0.68,73.76,1.9,45.09,1.4,97.97,0.73,61.28,0.49,0.167962,0.94,0.326671,0.5,9.0,9.0,82.63799313081125,2.6,79.99868565177972,2.5,5.0,0.0,0.0,18.0,0.343,0.167,0.0,229.1447967204756,3.0,168.31003100723217,2.4,227.21133843467155,3.0,173.5521507309832,2.5,1.0,3.0,0.0
chr9-37692682-37692688-CACATAG-C,TWJF-10146-MO011-0020,0,5.5,5.5,30.0,5.9,0.076,193.364,0.953,2.0,34.534,6677.68,8.833,0.354,0.0,1320.742,30.34,8955.551,29.51,193.3637960006428,1.1556250000000003,6677.680259229264,8.833250000000003,0.9525271739129266,0.4418118043968815,12.805461956521723,0.018154778189564,0.1571548096835613,0.0677853748202323,564.31,42.11,935.23,50.2,6.781,19616.09,7.5,37183.05,31.0,5651.03,8.1,19717.81,29.0,8031.07,2.9,22594.36,15.0,0.014867,1.6,0.000542,9.4,1.0,9.0,2077.173737759784,3.5,11233.423801227658,31.0,4.0,0.0,0.0,29.0,1.106,0.069,0.0,352.5088299075249,24.0,1318.7728572779745,68.0,372.9323003230731,25.0,2521.331792221997,87.0,1.0,1.0,0.0
chr10-114861438-114861439-G-T,TWJF-10146-MO011-0021,0,4.1,16.0,25.0,16.0,2.67,203.025,1.266,2.0,32.434,6584.912,5.594,0.083,0.0,550.979,38.065,8841.851,41.275,1347.115191784179,2.159625,9849.94632318218,5.594375,1.2660597826085933,0.3285694977479869,8.545326086956507,0.0282446780660997,0.5541696138679981,0.3023334313184023,702.84,3.73,5648.85,13.52,16.048,224.66,1.6,11547.3,23.0,576.3,7.1,17316.93,39.0,1044.4,4.0,15227.99,27.0,0.024209,4.2,0.001621,17.0,4.0,9.0,525.6584286822485,9.0,5210.570464861065,33.0,1.0,0.0,0.0,1102.0,26.704,0.1,0.0,203.0252247833006,5.8,6584.912371848135,40.0,242.64424765848767,6.7,7833.755272328146,43.0,1.0,3.0,0.0
chr14-23566595-23566596-C-T,JLF-100-042,1,0.26,1.21,0.306,5.29,7.658,65.593,0.15,2.0,1.093,71.674,0.23,0.258,0.0,392.065,102.63,545.917,312.1,65.59315580479904,0.161625,71.67360077594996,0.181125,0.4095652173913038,0.7172241359100706,0.3412771739129994,0.7605396679514163,0.1894922461360693,0.2773969583213329,253.12,28.69,125.3,17.04,1.392,12095.13,2.6,17957.68,5.4,369.82,0.15,614.95,0.23,581.03,0.2,855.84,0.25,0.432597,0.22,0.357343,0.27,4.0,10.0,414.3108362962455,0.3,476.8841656614147,0.4,7.0,0.0,0.0,57.0,33.588,0.228,0.0,392.065,9.325617443043308,545.917,15.59834842800825,392.065,9.56885804488494,545.917,12.882888677673405,1.0,3.0,0.0
chr12-31413493-31413494-C-G,TWJF-10146-MO011-0021,0,1.75,0.01,4.76,0.04,3.824,137.711,0.71,2.0,2.594,357.248,1.4,0.11,0.0,517.582,8.79,1388.114,14.24,730.794826096565,1.039875,1611.897507598829,1.6006250000000009,2.660624999999925,0.1143359009493155,4.519266304347795,0.0572681706430339,0.0096437641623197,0.0137516636168584,4869.53,8.6,6169.05,9.99,2.682,949.4,1.5,6017.41,5.9,304.37,3.0,1164.33,6.1,208.95,0.88,393.74,1.5,0.211055,0.71,0.122103,1.4,6.0,9.0,963.487207450801,0.9,1864.1597343160688,3.3,7.0,0.0,0.0,893.0,44.986,0.085,0.0,137.71143379199032,2.0,357.2481594709729,5.0,146.6932059176332,2.2,360.9192115883018,5.0,2.0,3.0,0.0
chr1-228275781-228275782-G-C,mcdb041_new,0,2.625,6.11,2.7,14.4,1.068,849.591,1.3,2.0,2.089,1775.048,1.9,0.061,0.0,1718.554,51.04,2075.73,156.74,1687.647178478895,1.400874999999998,1787.4797230289182,1.430874999999998,2.4501358695651163,0.1294168352232649,0.8377717391303179,0.4920792161545526,0.2792930528521538,0.8248536363244057,9165.33,9.63,25429.68,32.379999999999995,1.208,1749.46,2.0,2363.98,2.5,2228.52,2.8,2523.8,2.9,2615.28,1.3,4575.68,1.9,0.056373,1.5,0.140423,0.8,0.0,9.0,1391.9092882313646,4.7,1584.8879846730229,5.2,9.0,0.0,0.0,138.0,29.68,0.036,0.0,849.59118949098,3.1,1775.047585011185,6.8,1505.2893881740936,5.7,1646.7209092748735,6.3,1.0,3.0,0.0
chr19-46648819-46648820-C-T,TWJF-5120-04,0,6.301,54.0,13.1,44.0,0.0,166.79,1.8,2.0,2.661,443.782,4.0,0.306,0.0,7102.305,462.1,8189.323,286.105,1389.5092317492515,2.713750000000001,1569.770989279637,2.884375000000001,3.946249999999935,0.0675387428876774,4.391929347826036,0.0594380418582948,0.0227118134498596,0.0176435858011245,33921.83,45.42,34743.72,51.78,1.153,13933.32,4.5,20275.99,8.2,16053.81,22.0,19932.31,27.0,12815.1,4.6,14741.47,5.7,0.00017,14.0,8.6e-05,18.0,0.0,9.0,953.1186832043844,1.8,1637.1764276304789,4.0,8.0,7.0,0.0,54.0,3.589,0.0,0.0,166.7899966657839,8.0,443.7823238524109,19.0,307.3760320907968,14.0,823.5121289862209,28.0,1.0,3.0,1.0
chr1-159440212-159440213-G-A,TWJF-5120-04,0,0.36,2.0,0.482,1.8,0.0,14.01,0.04,2.0,3.717,52.07,0.22,0.212,0.0,115.346,8.105,165.07,6.995,106.36873451806552,0.19675,225.0166776748868,0.4648749999999999,0.7513858695650981,0.5334302918456195,1.0629891304346444,0.3982078036610683,0.0970079191029071,0.1481478549540043,14.01,0.04,52.07,0.22,1.431,52.75,0.15,70.48,0.18,98.79,0.47,108.31,0.5,124.34,0.15,171.45,0.2,0.38874,0.25,0.312129,0.33,10.0,9.0,2751.9848781733217,8.6,3066.448979894378,9.8,8.0,0.0,0.0,0.0,0.01,0.0,0.0,124.32257592606403,0.5,158.690160723423,0.6,151.05322432708482,0.6,173.43230654992348,0.6,6.0,3.0,0.0
chr1-156963551-156963552-C-T,mcdb041_original,0,2.6,42.156,1.85,48.02,1.858,340.086,0.5,2.0,6.014,2045.295,1.4,0.061,0.0,1641.019,1215.23,1667.838,1623.58,340.08597609947026,0.6859999999999992,2045.295294252909,1.3321249999999998,1.6274184782607648,0.2376377099565574,5.44942934782604,0.0465893236838567,0.0487890653312206,0.0176155716180801,6055.21,27.56,5865.62,5.11,1.016,5913.95,4.9,4034.92,3.7,1183.39,1.4,1290.38,1.4,9714.89,3.1,18193.93,6.6,0.231041,0.5,0.045082,1.4,0.0,9.0,1584.8879846730229,2.7,1062.0297506032605,1.7,3.0,0.0,0.0,95.0,8.406,0.221,0.0,1497.9247616555156,2.5,646.3831103070393,1.2,1697.149107194204,2.8,1065.9086829258797,2.0,1.0,3.0,0.0
chr15-68945808-68945809-A-G,TWJF-10146-MO011-0026,0,0.5,1.54,0.595,3.92,0.0,80.43,0.28,2.0,1.228,98.79,0.28,0.202,0.0,285.35,35.79,204.835,71.17,112.57082912644488,0.3486249999999997,100.15607070093044,0.3191249999999998,0.9525271739129266,0.4423808837205951,0.8654619565216422,0.4799202816101295,0.0092840581783093,0.0199216926703229,289.25,0.73,169.02,0.53,0.718,154.4,0.28,157.09,0.28,80.43,0.39,98.79,0.53,281.45,0.33,240.65,0.32,0.381758,0.4,0.191539,0.66,2.0,10.0,359.94793166265003,0.6,427.97973197836103,0.8,8.0,0.0,0.0,67.0,1.692,0.0,0.0,459.2297342074457,1.4,548.31483985998,1.6,509.9410806887599,1.5,554.0130565952463,1.6,1.0,3.0,0.0
chr21-46003805-46003806-G-C,TWJF-5120-06,0,1.5,8.69,1.496,9.88,62.673,6.64,0.504,2.0,1.48,9.83,0.91,0.175,0.0,1130.21,77.27,945.02,91.22,143.33531247102576,1.4250000000000005,151.1454552613259,1.4957500000000006,0.5038043478260334,0.6621388638297939,0.9103260869564024,0.4600751999661066,0.3312135376036167,0.1103781461715698,6.64,0.6,9.83,1.26,0.836,1130.21,0.3033034039153513,945.02,-0.6773615957732435,1130.21,4.6,945.02,3.9,8945.77,5.1,9404.82,5.4,0.007821,3.8,0.006936,4.0,1.0,10.0,3567.971061190687,1.5,3099.8074179973237,1.2,8.0,0.0,0.0,1518.0,190.496,0.329,0.0,1130.21,6.111837057557347,945.02,5.7664305117605155,1130.21,5.625336734244123,945.02,5.075779086816322,1.0,3.0,0.0
chr4-109913372-109913373-C-T,mcdb041_new,0,0.16,4.49,0.26,2.53,0.1,36.28,0.03,2.0,1.551,56.26,0.05,0.054,0.0,61.42,37.1,113.62,22.57,57.5251351507644,0.1322500000000001,56.9259283261334,0.1293750000000001,0.0557608695652334,0.9448999642336025,0.0904347826086962,0.9202705357159932,0.6936302147805691,0.5788601562380791,36.28,0.1399999999999999,56.26,0.2,1.85,62.16,0.18,106.98,0.3,56.28,0.34,96.15,0.49,60.68,0.14,120.26,0.22,0.876224,0.03,0.805929,0.05,4.0,9.0,537.157411716568,1.2,784.45046119223,1.6,7.0,0.0,0.0,7.0,0.349,0.286,0.0,210.10190974859992,0.7,377.94621465976985,1.1,142.6165741910591,0.6,318.54441862839946,0.9,1.0,3.0,0.0
chr17-76528540-76528541-C-T,TWJF-10146-MO011-0026,0,0.29,2.18,0.353,4.9,1.055,28.97,0.2,2.0,0.775,22.44,0.2,0.497,0.0,611.68,44.73,593.35,88.2,61.16567566052175,0.251375,104.47888772054164,0.5531249999999998,0.2699184782608341,0.805001570338171,0.3529076086956451,0.7535149490647222,0.3079830259084701,0.370065601542592,8993.44,22.36,14375.55,30.520000000000003,0.97,611.68,1.134298624674673,593.35,0.9900124366531766,28.97,0.39,22.44,0.32,611.68,0.62,593.35,0.61,0.242681,0.29,0.226273,0.31,2.0,11.0,743.1400590825417,0.2,688.9344191199156,0.2,5.0,0.0,0.0,524.0,31.023,0.034,1.0,611.68,6.588443922420512,593.35,5.981570196876189,611.68,7.018782498575987,593.35,5.975534136024172,3.0,3.0,0.0
chr1-218346722-218346723-G-T,JLF-100-042,1,5.6,0.87,4.5,0.93,5.733,83.025,0.199,2.0,1.535,127.412,0.374,0.061,0.0,361.66,83.5,199.002,87.15,89.42460576729022,0.59225,88.08549765999022,0.58325,0.1993750000000034,0.8501958376572303,0.373586957,0.7398613758407626,0.5022140555083752,0.3028020653873682,487.05,28.45,123.95,14.07,0.55,7326.44,3.6,5130.79,2.6,1183.39,7.6,888.39,6.4,236.27,0.42,258.55,0.44,0.066395,0.73,0.061378,0.78,7.0,9.0,7609.379141,23.0,13356.592119980844,43.0,3.0,0.0,0.0,167.0,119.446,0.048,0.0,83.02521329667077,94.0,127.41190232560466,99.0,140.09737564507617,100.0,139.45368667384048,100.0,1.0,3.0,0.0
chr16-3057589-3057590-G-A,mcdb048,0,8.4,2.87,5.25,3.87,0.0,252.204,0.29,2.0,0.533,134.413,0.095,0.079,0.0,4813.602,303.05,3043.145,374.85,252.20351480886592,0.99275,134.41316129640884,0.5759999999999998,0.2896467391304043,0.7920891814791197,0.0947826086956382,0.9178456971796872,0.6742160320281982,0.8055213540792465,31299.18,30.620000000000005,32420.77,36.1,0.632,21153.54,8.8,12222.88,3.8,15044.73,20.0,7989.04,10.0,6875.22,2.1,3643.1,0.89,0.009995,1.5,0.026964,0.74,0.0,9.0,2751.9848781733217,8.0,2443.1907368579537,6.7,5.0,0.0,0.0,0.0,1.7,0.0,0.0,1239.2815953240458,36.0,595.8953548413542,23.0,1724.5270068543346,43.0,670.9188594281972,24.0,1.0,3.0,0.0
chr16-57382162-57382163-G-A,TWJF-5120-04,1,0.155,27.0,8.0,38.0,11.301,8.91,0.002,2.0,1424.3,12690.51,4.73,0.24,0.0,20.82,183.795,7295.689,249.6,23.968203616344304,0.0126249999999999,9988.49506834538,4.729999999999996,0.0020652173913049,0.9871578380357218,8.839293478260856,0.0278275813783769,0.8772735148668289,0.3018420077860355,20.89,0.26,3969.28,5.07,350.413,26.15,0.14,15776.58,17.0,17.21,0.17,15290.89,16.0,8.91,0.02,12690.51,8.8,0.980551,0.01,0.010085,4.1,5.0,9.0,108.30637289985418,0.2,1785.2014996700302,6.2,9.0,0.0,0.0,964.0,26.653,0.424,0.0,17.918431880502013,0.3,2525.2245334476897,7.2,20.75056852353502,0.3,4602.883680772448,12.0,1.0,3.0,0.0
chr8-73046128-73046129-G-A,TWJF-10146-MD017-0016,0,31.0,2.189,25.5,2.7,3.496,1145.591,13.857,2.0,0.755,864.682,11.316,0.102,0.0,18858.771,55.035,13052.525,71.955,21520.713710847263,13.856625000000005,19321.92275475499,11.31575,62.74467391304348,0.0048925448192346,46.22467391304348,0.0053198457342,0.0146734826266765,0.008871853351593,5646.93,93.57,5693.9,96.61,0.692,32634.03,63.0,25932.04,45.0,26694.99,39.0,21500.59,29.0,26185.21,34.0,22163.61,28.0,0.0002,26.0,0.00029,23.0,0.0,9.0,1145.5906828097525,16.0,864.6816701021309,14.0,8.0,0.0,0.0,600.0,27.312,0.128,0.0,11617.428278677731,25.0,5024.698411585349,18.0,16196.829108225733,28.0,6783.127805839533,20.0,1.0,3.0,0.0
chr11-102110909-102110910-C-T,TWJF-10146-MO011-0021,0,6.6,41.67,47.0,57.58,9.364,1798.048,1.9,2.0,9.065,16298.738,27.0,0.066,0.0,3555.63,1184.28,26635.32,2481.38,1798.0478338004186,2.96225,16298.7382532127,12.622625,3.1845108695651163,0.0890053920598739,37.35904891304347,0.0066342536923859,0.1780632166191935,0.0249384959752205,4859.34,15.62,26635.32,51.16,7.491,3555.63,5.48630779937153,26635.32,42.27823786313856,3555.63,8.9,35801.15,50.0,20264.58,9.2,43613.61,52.0,0.00087,6.6,2e-06,47.0,0.0,10.0,2904.964926184022,1.9,16946.22638669916,27.0,10.0,0.0,0.0,2124.0,111.479,0.084,0.0,3555.63,-1.2859115539143342,26635.32,31.530858535756657,3555.63,0.043256756046298,26635.32,32.44063752913153,1.0,3.0,0.0
chr8-73956042-73956043-T-C,mcdb048,0,8.777,20.55,15.0,58.52,3.386,2023.1,1.1,2.0,1.657,3352.667,1.8,0.054,0.0,12593.985,1833.21,20170.468,10640.12,2023.0997163812565,1.2542499999999988,3352.667366737717,1.6576249999999986,5.554945652173885,0.0459576619078191,8.545326086956507,0.0285595390432919,0.0105745929467957,0.0096853347204159,5433.74,50.68,5451.88,80.80000000000001,1.602,5825.42,2.6,20623.13,13.0,19505.61,12.0,23067.13,21.0,14664.8,4.4,23264.65,12.0,0.089374,1.1,0.038716,1.8,0.0,8.0,11986.87464853314,15.0,19717.805755310907,27.0,6.0,0.0,0.0,20.0,33.858,0.1,0.0,33184.86078060468,38.0,32880.62014824229,38.0,13201.096324899136,18.0,12549.025447967431,17.0,1.0,3.0,0.0
chr12-32327590-32327591-G-C,mcdb047,1,0.885,0.7,2.2,2.03,36.333,42.706,0.163,2.0,1.865,79.629,0.41,0.667,0.0,129.454,74.49,612.25,145.81,42.705629942370365,0.163,79.62888222629057,0.4096249999999999,0.4698369565216751,0.6813959709895533,0.7573369565215984,0.5299942651397598,0.023476168513298,0.0136191509664058,893.29,2.74,6455.85,6.569999999999999,4.729,115.68,0.71,745.03,2.7,111.88,1.5,479.47,2.5,219.45,0.77,1130.18,2.2,0.35108,0.5,0.146374,1.2,4.0,9.0,1453.47247883281,5.0,2289.620754290416,8.3,3.0,0.0,0.0,228.0,57.947,0.627,0.0,112.79763655881573,1.0,278.80464178317885,1.9,143.22868347258316,1.2,360.6035517721986,2.2,1.0,3.0,0.0
chr3-127599366-127599367-G-A,TWJF-10146-MO011-0021,0,1.5,0.5,0.929,0.59,5.666,80.84,0.2,2.0,0.378,30.53,0.08,0.056,0.0,367.822,20.3,476.884,23.19,354.04757633571194,1.0275,300.11042693205815,0.929,1.7730978260868966,0.2103117464753323,1.6564130434781532,0.2317770627764102,0.0153554638673085,0.0052363513750606,29130.16,96.22,28657.42,95.3,1.297,367.822,-2.274467045852414,476.884,-3.8734794344948145,80.84,0.2,30.53,0.08,9966.26,2.1,4920.07,0.89,0.046583,1.5,0.076112,1.2,2.0,8.0,367.8219329790623,0.2,476.8841656614147,0.3,3.0,0.0,0.0,1002.0,40.182,0.141,0.0,367.822,9.713432229382429,476.884,12.961383890570252,367.822,10.804152305344896,476.884,11.831968622708173,1.0,3.0,0.0
chr15-50908878-50908879-C-T,TWJF-10146-MO011-0021,0,0.172,0.01,12.798,0.05,0.939,13.62,0.03,2.0,763.994,10405.6,8.8,0.06,0.0,37.86,11.42,10405.6,21.51,37.85985395416657,0.05525,16427.57820681597,12.797625000000002,0.1718478260869602,0.8688212291394943,37.35904891304347,0.006073859525703,0.3098965855315327,0.0019976575567852,197.59,2.23,2273.22,10.43,274.845,37.86,-1.525384415590486,10405.6,6.270538299088083,13.62,0.25,10405.6,19.0,13.93,0.04,13460.03,5.7,0.813027,0.03,0.000402,8.8,13.0,9.0,681.5204823560478,0.9,3975.676359145958,16.0,9.0,0.0,0.0,471.0,10.097,0.093,0.0,37.86,0.3190280659395864,10405.6,15.680999994387683,37.86,0.2850736629358179,10405.6,18.463336839171873,1.0,3.0,0.0
chr5-128369203-128369204-C-A,mcdb045,0,5.35,10.92,7.6,10.7,0.0,1210.913,0.981,2.0,2.855,3457.033,1.757,0.058,0.0,7243.018,637.76,6872.09,623.8,1210.9126076887123,0.9806249999999992,3457.0331550455285,1.7568749999999993,1.9268749999999244,0.1866494556769957,4.454592391304317,0.0583397356548687,0.310875691473484,0.2287853471934795,5824.2,59.31999999999999,5826.28,61.41,0.949,26565.61,18.0,27177.32,19.0,15625.39,6.5,17791.74,8.8,18198.26,4.2,23247.54,7.0,0.060125,1.9,0.033554,2.9,0.0,11.0,2054.8203260098107,1.6,3491.5911438616804,3.1,1.0,3.0,0.0,2.0,1.638,0.0,0.0,3637.8936603031734,7.3,4110.077395424596,8.2,8661.836863591245,13.0,7917.899772463903,13.0,1.0,3.0,1.0
chr1-200648501-200648502-C-G,mcdb041_new,0,1.368,5.42,7.104,8.47,3.338,174.34,0.53,2.0,10.13,1765.99,3.0,0.1,0.0,1642.096,44.84,5706.503,74.8,991.5012607473222,1.038375,15679.09330073719,5.708625000000001,1.6983695652173054,0.2236960864811771,15.160951086956516,0.0157841564125583,0.320341594517231,0.2618899792432785,472.21,0.8,771.48,1.08,3.475,3633.69,3.4,18233.14,14.0,174.34,0.53,1765.99,3.0,2150.93,1.7,15611.87,8.5,0.081348,0.94,0.003616,4.8,0.0,11.0,1133.2624602040687,1.0,4883.053172255114,5.2,2.0,0.0,0.0,383.0,20.605,0.162,0.0,2762.930750565143,6.2,3849.195771216602,12.0,3757.595265737216,9.9,6529.952166902867,22.0,1.0,3.0,0.0
chr19-12918264-12918265-A-T,mcdb045,0,6.216,60.12,0.145,73.14,0.0,2647.6,1.469,2.0,0.017,45.354,0.019,0.064,0.0,4984.894,8673.24,126.158,13786.27,2647.599501948848,1.4691250000000002,45.3540473499076,0.04525,6.63130434782606,0.0371041338324671,0.018722826087,0.9707449201505194,0.0213391780853271,0.8149285539984703,6079.22,45.64,1876.13,0.3,0.025,23675.01,18.0,231.8,0.34,12382.34,5.8,52.18,0.09,21696.19,8.6,71.1,0.07,0.020483,2.0,0.982916,0.01,0.0,9.0,3890.5686532731647,8.7,226.0393096133909,0.2,9.0,0.0,0.0,2.0,0.528,0.0,0.0,3376.680734577953,5.0,102.4448191247468,0.2,3578.6563820638507,5.2,149.87182645765108,0.3,1.0,3.0,0.0
chr2-200389250-200389251-G-A,mcdb041_new,0,1.156,12.6,1.13,19.37,6.226,85.71,0.62,2.0,1.447,123.98,0.39,0.11,0.0,3133.702,128.05,2305.762,256.65,245.87627428276173,0.8937499999999997,219.81887008208264,0.8039999999999997,1.4180434782607565,0.2854951811871604,1.230081521738995,0.3394708833867041,0.029918123036623,0.0703056044876575,85.71,0.8099999999999999,123.98,1.06,0.736,13762.51,5.2,12631.46,4.7,585.72,0.62,323.04,0.39,6483.35,1.7,4809.59,1.2,0.070463,0.75,0.082886,0.65,0.0,8.0,5681.683446584433,5.4,4288.484190125121,3.6,7.0,0.0,0.0,245.0,33.837,0.184,0.0,3133.702,9.711807635212958,2305.762,10.111562258395216,3133.702,10.61805415008104,2305.762,8.955282142643199,2.0,3.0,0.0
chr14-60511162-60511163-G-A,TWJF-5120-11,0,1.55,1.6,1.8,5.1,0.0,124.613,0.419,2.0,1.034,128.903,0.431,0.097,0.0,649.99,18.08,818.02,54.03,124.6132644438451,0.4194999999999998,128.9029363705165,0.4312499999999998,0.5279076086955996,0.6478759590189781,0.726657608695561,0.5445500916619367,0.2749446779489517,0.1624088101089,715.08,1.82,3483.87,5.050000000000001,1.259,688.35,1.4,720.72,1.5,611.63,1.7,893.21,2.1,1355.28,1.3,1245.98,1.2,0.249666,0.57,0.280374,0.51,2.0,9.0,696.4290085710637,3.2,912.7484470874748,4.2,1.0,0.0,0.0,2.0,0.0,0.0,0.0,555.7634732462003,2.1,742.8309666011504,2.6,531.0800653206957,2.0,718.0587851795361,2.5,1.0,3.0,0.0
chr9-977316-977317-G-A,TWJF-5120-11,0,2.49,12.41,1.17,24.36,0.0,112.32,0.379,2.0,0.691,77.608,0.252,0.133,0.0,1226.362,662.0,398.905,1782.87,112.3196232886076,0.3786249999999999,77.60815186352725,0.25175,0.938097826086846,0.4478311467872375,0.7039945652172861,0.5560355897044229,0.0149077177047729,0.0362295620143413,1373.38,2.78,413.51,1.24,0.325,1391.13,2.2,384.3,0.85,4936.17,4.6,922.68,2.2,4886.01,3.0,2477.83,1.9,0.326997,0.44,0.553796,0.21,1.0,9.0,471.7521981623594,2.2,487.3161926794595,2.2,1.0,0.0,0.0,0.0,0.038,0.0,1.0,895.1380123755067,3.1,244.28117483197065,1.1,1079.3442941229798,3.4,326.7081737425372,1.4,1.0,3.0,0.0
chr17-7674229-7674230-C-T,TWJF-5120-04,1,0.165,4.102,0.75,4.12,36.197,23.96,0.077,2.0,3.154,75.56,0.426,0.295,1.0,136.265,251.5,685.065,252.51,63.32091775090891,0.077,205.26702230982812,0.4261249999999999,0.2445652173912833,0.8209097175803521,0.9296739130433592,0.4522862530126933,0.347073707729578,0.1855318546295166,23.96,0.09,75.56,0.33,5.027,82.52,0.21,402.59,0.72,176.24,0.08,784.45,0.5,96.29,0.12,886.75,0.78,0.61866,0.09,0.180283,0.65,8.0,8.0,1844.098663183025,0.9,2693.0728595832916,1.8,1.0,0.0,0.0,1434.0,58.953,0.614,0.0,1273.5910545314305,8.8,1270.66187638984,8.8,784.6211307478301,6.0,585.6794688690205,4.6,1.0,3.0,0.0
chr10-7381807-7381808-G-T,TWJF-10146-MD017-0016,0,6.199,0.17,7.5,0.24,5.258,973.969,1.5,2.0,1.151,1121.067,2.3,0.113,0.0,2602.52,158.15,3589.67,182.21,1908.286988082132,3.057625,2753.555186308152,3.639375,5.054048913043445,0.0501565874487414,6.962798913043457,0.0352444320610784,0.0204919800162315,0.017033252865076,2602.52,11.2,3589.67,13.27,1.379,2602.52,-3.786852767970144,3589.67,-5.078206296199891,20194.97,29.0,19461.13,28.0,27758.61,16.0,28464.53,17.0,0.001017,6.2,0.00062,7.5,0.0,9.0,973.9685259346436,1.5,1121.0669072114465,2.3,1.0,0.0,0.0,1032.0,35.526,0.148,0.0,2602.52,6.096725568640255,3589.67,8.587534567597839,2602.52,1.738906965683352,3589.67,5.369036914559581,1.0,3.0,0.0
chr16-27740346-27740347-T-C,TWJF-5120-09,0,6.2,81.0,5.325,80.0,8.73,413.89,1.26,2.0,0.495,204.93,0.76,0.053,0.0,4895.555,2841.42,4362.53,2365.3,16173.99716190542,7.228999999999999,12147.774688106389,5.449125,37.35904891304347,0.0061447109205337,27.61739130434782,0.0080996831744828,0.0010247462323604,0.001065387336439,413.89,1.26,204.93,0.76,0.891,5408.81,5.7,4917.78,5.2,4382.3,3.2,3807.28,2.6,7524.48,6.2,8145.98,6.7,0.009498,6.2,0.015142,4.7,3.0,8.0,12653.21285183316,19.0,14252.448612888507,22.0,7.0,0.0,0.0,311.0,42.381,0.206,0.0,514.0791616863655,4.2,530.9211176958513,4.3,921.849448069514,6.9,1008.4630724600602,7.4,1.0,3.0,0.0
chr4-47806935-47806936-C-T,TWJF-10146-MO011-0024,1,1.28,2.78,1.4,2.52,1.775,11.045,0.14,2.0,1.228,13.566,0.17,0.774,0.0,87.95,135.32,108.529,123.06,15707.102110798098,8.429000000000002,15613.430521026425,8.312000000000001,37.35904891304347,0.0063757453434332,37.35904891304347,0.006455873002611,0.0034805759787559,0.0053911209106445,5224.23,1.26,5243.02,1.3,1.234,147.98,1.3,184.61,1.5,20.24,0.14,23.43,0.17,289.71,1.7,426.76,2.1,0.019118,3.6,0.016394,3.9,12.0,11.0,11.045142948264074,0.2,13.565998697921684,0.2,1.0,0.0,0.0,165.0,6.802,0.261,0.0,27.919651949127815,0.2,27.98401339392267,0.2,22.812873905869175,0.2,32.44740727332069,0.2,1.0,3.0,0.0
chr20-62882395-62882396-G-A,TWJF-5120-09,1,0.12,4.67,0.075,10.64,22.182,16.12,0.05,2.0,0.81,13.05,0.04,0.052,0.0,63.477,174.79,52.499,539.01,47.40557592428851,0.08925,36.62854187228991,0.02425,0.222663043478235,0.8354842582890144,0.0355978260869562,0.9587493838007892,0.2965664640069008,0.6556360498070717,79.77,0.2799999999999999,68.37,0.2299999999999999,0.827,34.65,0.14,30.19,0.12,19.18,0.1,15.2,0.05,16.12,0.05,13.05,0.04,0.86709,0.06,0.966658,0.02,8.0,10.0,108.30637289985418,0.1,116.82796231698195,0.1,4.0,0.0,0.0,837.0,110.358,0.201,0.0,131.7710480070133,0.6,145.1509892391943,0.7,79.5481346152184,0.4,81.9652938145423,0.4,1.0,3.0,0.0
chr17-74745353-74745354-G-T,TWJF-10146-MO011-0026,0,0.64,6.63,0.58,5.91,0.0,37.823,0.027,2.0,0.936,35.419,0.037,0.072,0.0,334.603,124.06,149.639,108.54,37.82264005004157,0.047625,35.41930108516132,0.0375,0.0267391304348052,0.9648001724362548,0.0465217391304406,0.9502881758292806,0.7110543921589851,0.5911809839308262,464.27,40.19,155.06,20.36,0.447,6426.02,0.88,6324.82,0.86,3869.58,2.5,3510.53,2.3,173.38,0.09,127.62,0.07,0.907233,0.04,0.940578,0.03,2.0,9.0,163.3860118481957,0.4,128.77677121554015,0.3,8.0,0.0,0.0,75.0,2.845,0.0,0.0,443.7721055044205,6.3,443.7721055044205,6.3,225.43430260949313,2.8,144.2181764920296,1.2,1.0,3.0,0.0
chr3-49098670-49098671-G-A,mcdb047,0,10.094,0.19,14.93,0.46,87.921,4.44,0.2,2.0,24.119,107.09,12.86,0.558,0.0,1109.255,32.46,2118.98,49.49,4900.230742414221,7.1026250000000015,15987.23629432896,17.092624999999998,12.187228260869546,0.0193259538886595,37.35904891304347,0.0065633201747144,0.000825185328722,0.0165823251008987,4.44,0.2,107.09,12.86,1.91,935.09,0.75,2912.2,1.7,1283.42,8.0,1325.76,8.1,9138.1,6.5,4484.08,3.5,0.000378,13.0,0.001828,6.2,1.0,9.0,7945.936747596634,24.0,15044.727774871748,48.0,2.0,2.0,1.0,114.0,250.486,0.351,0.0,28.392916157777258,40.0,30.493691338945418,44.0,13.945368667384049,16.0,15.04630981396057,17.0,1.0,3.0,1.0
chr11-56105390-56105391-T-C,mcdb041_new,0,6.65,2.87,5.7,0.69,0.0,680.284,2.6,2.0,0.646,439.228,1.5,0.113,0.0,7176.839,187.56,7592.33,73.67,22272.78929135352,7.8825,25733.38645239295,13.067624999999998,7.348016304347794,0.0333590443871565,37.35904891304347,0.0067585773587487,0.574858121573925,0.1556035615503788,4496.18,5.43,9185.71,9.64,1.058,9626.58,6.8,5998.95,4.7,22695.78,12.0,12721.85,6.7,13138.87,4.9,9904.23,3.7,0.001397,8.3,0.000608,12.0,3.0,10.0,4727.0973186607425,6.5,2077.173737759784,3.0,2.0,0.0,0.0,0.0,0.0,0.0,0.0,680.2835979758028,2.6,439.227981975988,1.5,837.3942992347144,3.2,704.5794950174711,2.7,6.0,3.0,0.0
chr5-90635240-90635241-G-T,mcdb048,0,1.85,0.09,1.59,0.17,0.0,188.339,0.205,2.0,0.979,184.305,0.345,0.054,0.0,1684.248,55.89,1618.686,80.54,188.33930498241511,0.3938749999999999,184.30488341564083,0.3832499999999999,0.2053804347825973,0.8464912738127257,0.3445108695651981,0.7581273046117712,0.6985653713345528,0.5329591706395149,234.47,0.83,570.29,1.58,0.961,2103.13,2.6,3077.79,3.4,3848.7,5.1,4727.1,6.0,1600.22,1.5,1793.43,1.6,0.182667,0.64,0.164994,0.71,0.0,9.0,1158.0530182780362,2.2,912.7484470874748,1.5,3.0,0.0,0.0,0.0,15.997,0.0,0.0,1768.2757862890337,5.1,1443.9428347838782,4.2,2178.36173699418,5.9,2133.6835059832956,5.8,1.0,3.0,0.0
chr12-25245349-25245350-C-T,TWJF-5120-05,1,5.199,5.078,7.6,3.26,6.941,235.79,0.9,2.0,4.259,1004.28,2.7,0.206,1.0,1567.832,41.99,2607.061,27.81,1091.2446220536517,4.6800000000000015,734.0413052949363,3.8661250000000007,3.1845108695651163,0.0886957359630195,2.708288043478205,0.111366146676332,0.0398823097348213,0.002476368099451,235.79,20.06,1004.28,38.91,1.663,1567.832,-4.378162508441679,2607.061,-5.216587835065045,28498.73,43.0,33929.88,52.0,14840.69,15.0,16778.02,17.0,0.004562,5.2,0.001791,7.6,0.0,9.0,1567.8322839124316,0.9,2607.0610014707204,2.7,3.0,0.0,0.0,553.0,18.267,0.38,0.0,1567.832,3.0481543794331123,2607.061,2.1464029808603584,1567.832,0.8053112632221917,2607.061,0.874145071532413,1.0,3.0,0.0
chr12-25245349-25245350-C-T,TWJF-5120-13,1,2.7,13.0,2.75,9.1,3.286,71.795,0.645,2.0,1.176,84.446,0.649,0.077,1.0,307.08,59.25,355.644,44.7,110.78064907606375,0.6454999999999995,111.3873337816215,0.6493749999999995,0.8697826086955587,0.4775725860128925,0.9431521739129208,0.4460718749297278,0.0449423716636374,0.0106078732060268,5548.8,6.88,5602.19,69.78999999999999,1.158,498.01,2.8,506.91,2.8,333.69,3.0,638.68,4.0,280.47,1.7,346.13,1.9,0.017062,3.8,0.012394,4.5,3.0,10.0,71.79482672984894,1.1,84.44573144366122,1.2,8.0,0.0,0.0,611.0,16.186,0.203,0.0,343.9378720915857,3.4,365.1573107520195,3.6,234.32574151012287,2.6,245.9348078402906,2.7,1.0,3.0,0.0
chr11-113316296-113316297-A-G,TWJF-10146-MO011-0020,0,1.36,8.82,1.905,6.46,48.358,86.76,0.16,2.0,1.015,88.05,0.16,0.461,0.0,319.095,421.24,321.036,306.15,110.79534596692672,0.6454999999999995,109.36810035229328,0.6418749999999995,0.7210054347824979,0.5480068831056816,0.4060597826086933,0.7195985103147835,0.1247923746705055,0.3331668823957443,4790.19,0.8200000000000001,5385.94,1.71,1.006,362.06,2.3,367.43,2.4,276.13,2.1,274.64,2.1,86.76,0.65,88.05,0.66,0.651012,0.16,0.653671,0.16,3.0,11.0,149.83839485450932,1.9,274.64103826735976,3.2,3.0,0.0,0.0,628.0,87.446,0.553,0.0,3714.582428412773,30.0,5174.995780244336,36.0,4377.034804804404,33.0,8150.420206751954,46.0,1.0,3.0,0.0
chr20-18596126-18596127-C-G,TWJF-5120-09,0,6.55,10.4,5.595,14.21,0.749,132.626,3.133,2.0,0.724,96.079,2.661,0.083,0.0,2693.589,520.92,2527.269,819.1,2007.1028704811504,4.730750000000001,1486.5660831622397,4.0900000000000025,3.132635869565135,0.0905780739078055,2.660624999999925,0.1150862747079146,0.2136987000703811,0.2066796831786632,259.02,30.22,1353.07,56.38,0.938,11944.93,3.6,11566.81,3.4,7568.32,12.0,5651.03,8.1,17187.21,8.1,15760.2,7.1,0.004319,3.3,0.004525,3.2,1.0,9.0,3380.0760613847024,7.3,3567.971061190687,7.9,2.0,0.0,0.0,765.0,2.784,0.269,0.0,166.4063903184161,8.5,162.61851842405676,8.2,132.62640570085952,5.8,96.07933754519736,3.6,1.0,3.0,0.0
chr21-26930045-26930046-C-T,mcdb041_new,0,30.596,12.0,54.612,12.0,0.0,9657.691,4.561,2.0,1.921,18555.353,10.311,0.103,0.0,18842.482,365.005,24977.121,571.97,9657.69133018852,4.561249999999999,18555.352806762443,10.31075,22.19230978260869,0.0107605172622889,46.22467391304348,0.0055692065161286,0.0191327854990959,0.0107758678495883,11252.26,86.52,11310.52,87.69,1.326,41036.62,70.0,43534.4,92.0,24614.3,40.0,31398.89,64.0,35964.34,39.0,40175.09,63.0,0.000363,17.0,7.5e-05,32.0,0.0,11.0,13070.666201741768,8.1,11112.535816257448,6.0,11.0,0.0,0.0,222.0,1.932,0.0,0.0,18842.482,15.931584810560215,24977.121,19.62792114873058,18842.482,13.294738557174083,24977.121,18.346156404789895,1.0,3.0,0.0
chr1-152812485-152812486-C-T,mcdb044,0,7.051,23.625,7.85,22.76,0.0,444.485,1.3,2.0,1.577,701.103,1.1,0.161,0.0,3817.321,1298.11,4164.38,1246.23,444.4851780569529,1.8715,701.1030211047811,2.8585,2.027690217391225,0.1724917558293077,2.437581521739034,0.1304293132618844,0.0085570625960826,0.0406599380075931,33231.99,40.18,33807.71,43.69,1.091,9106.51,13.0,8530.33,12.0,4830.5,4.7,5182.46,4.9,13625.17,12.0,13191.0,12.0,0.002812,7.4,0.001145,11.0,0.0,10.0,1437.8310001273976,1.3,1304.4189904398024,1.1,9.0,5.0,0.0,0.0,0.0,0.0,0.0,1955.554842420284,6.7,1816.644716113179,6.4,2804.1419854536875,8.5,3146.299056161984,9.3,6.0,3.0,1.0
chr16-26136141-26136142-C-A,mcdb044,0,2.4,1.8,2.7,5.85,0.0,273.067,1.9,2.0,1.064,290.583,1.1,0.068,0.0,4367.196,91.985,4761.594,356.28,514.3405936346877,2.1485,310.64991689935607,1.3648749999999996,1.933858695652077,0.1854583518936322,1.5159510869564343,0.2613070985789922,0.0735806412994861,0.0596847273409366,11887.4,7.57,14844.09,9.11,1.09,7763.23,12.0,9357.11,13.0,6469.41,5.5,7208.66,6.0,14103.96,13.0,14017.85,13.0,0.064051,1.9,0.157077,1.1,0.0,10.0,2264.981103527669,2.2,2314.5284480795485,2.3,5.0,0.0,0.0,0.0,0.043,0.0,0.0,273.067491026542,2.3,290.5828640799258,2.4,322.7007687515532,2.5,433.31128521183825,3.0,1.0,3.0,0.0
chr1-16251411-16251412-G-C,mcdb046,1,1.6,1.73,25.0,1.62,3.954,67.345,0.261,2.0,296.888,19993.855,7.9,0.223,0.0,735.715,67.54,19939.387,62.11,67.3447785503333,0.260875,19993.85496026308,7.900499999999996,0.2669565217391039,0.8071859912083045,46.22467391304348,0.0052211945273446,0.338354330509901,0.0129384323954582,4721.98,0.86,5678.81,93.67,27.102,841.82,2.4,19884.92,26.0,797.29,2.1,22573.33,24.0,674.14,1.3,29700.36,32.0,0.454286,0.4,0.000543,15.0,1.0,10.0,1485.2677558853384,1.9,22451.54457257587,33.0,10.0,0.0,0.0,28.0,12.318,0.321,0.0,485.5120352422807,2.9,3691.4755816541383,13.0,671.5370831927911,3.7,10117.42514744693,24.0,1.0,3.0,0.0
chrX-103609526-103609526-G-GA,TWJF-5120-07,1,0.4,4.371,13.0,12.446594053227564,0.0,56.799,0.09,2.0,420.982,23911.476,12.0,0.125,0.0,698.141,213.85,12516.543,1182.0596918663628,56.799255054133816,0.12225,23911.475797474817,7.5151249999999985,0.4985597826086803,0.6652625697666286,62.74467391304348,0.0042216832726618,0.0810386277735233,0.0017209584329975,1603.24,0.25,6205.59,99.91,17.928,4214.38,3.9,32348.93,27.0,223.61,0.54,13429.05,6.4,557.9,0.29,29822.39,19.0,0.78246,0.09,0.000405,12.0,5.0,11.0,704.0051280916676,0.4,11604.035633311569,14.0,7.0,0.0,0.0,1363.0,108.097,0.0,0.0,4932.987329869699,9.4,3963.78417996098,7.2,692.2771546466637,0.4,1200.2728982802448,1.1,1.0,0.0,0.0
chr16-74467835-74467836-G-A,TWJF-5120-04,0,5.027,1.78,2.95,1.34,42.922,411.244,1.957,2.0,0.92,378.53,1.284,0.198,0.0,2893.355,222.72,1276.73,188.09,1529.8475787718162,1.9571249999999984,548.0535009861286,1.283749999999999,4.454592391304317,0.0586274696927737,1.905543478260796,0.190097297169796,0.0064466595649719,0.0996072925627231,443.19,2.09,185.47,1.43,0.441,9625.64,12.0,4270.15,6.9,1989.19,3.7,1103.02,3.0,6501.34,5.6,1942.25,2.9,0.003258,6.4,0.0909,1.5,0.0,11.0,7775.837276083438,13.0,4778.52115918281,6.9,1.0,1.0,1.0,2596.0,139.811,0.307,0.0,411.24440272660854,4.1,378.5297343755959,3.8,3797.519389713331,26.0,1450.4407743049962,13.0,1.0,3.0,2.0
chr2-21142157-21142158-GA-G,mcdb047,0,3.045,5.3,10.665669349887072,7.718447740885802,0.0,31.638,0.3,2.0,23.645470348651106,842.8871074841493,3.993697566917288,0.286,0.0,293.935,261.75,3480.117602283055,325.3832912288525,450.4417030403332,2.2907500000000014,3438.259816123256,6.3332925130566835,0.9431521739129208,0.4460875827617478,7.655051298710596,0.4653197060782096,0.3942153565585613,0.4189245505692064,164.01,16.509999999999998,1426.5341528611348,19.571703175807073,6.019919811152548,199.6,0.3,3980.086910767144,5.103127339272501,388.27,3.8,4143.366911063898,12.540061141544298,2224.88,2.0,5337.693893368088,8.224373745423655,0.052141,0.88,0.1843650740971958,9.040358596112709,7.0,9.0,16053.811300076117,50.0,18954.209432832627,53.53683688565299,0.0,0.0,1.0,0.0,0.021,0.0,0.0,31.63807126733951,47.0,-547.5942821512072,51.32611832632455,54.62984898721087,77.0,1293.965307162721,79.20328217494274,2.0,0.0,0.0
chr10-126459179-126459180-C-T,TWJF-10146-MO011-0029,0,1.805,5.0,3.834,14.0,0.083,320.359,0.698,2.0,5.53,1771.616,1.611,0.795,0.0,509.888,51.715,1111.342,219.245,320.3592398050899,0.6979999999999992,1771.616424982637,1.6114999999999997,1.2861684782607767,0.3228474072277688,4.047907608695596,0.0655902518735292,0.1524919085204601,0.0805447734892368,4436.09,1.61,5083.67,3.62,2.18,349.19,1.4,722.58,2.1,479.47,3.9,1183.39,5.7,835.39,2.0,1305.99,2.7,0.160572,0.8,0.101964,1.2,2.0,9.0,973.9685259346436,5.0,1039.2947723310567,5.5,4.0,0.0,0.0,2.0,0.083,1.0,0.0,465.14675977890585,5.0,652.5142492504378,6.3,540.3062608539598,5.6,834.9106482949817,7.7,1.0,3.0,0.0
chr12-30680573-30680574-G-T,mcdb041_new,0,1.018,1.01,0.652,0.73,4.801,85.34,0.28,2.0,1.83,156.19,0.41,0.063,0.0,660.865,76.57,535.375,63.72,415.1869883036998,0.6929999999999996,320.566343155111,0.6036249999999995,1.036603260869441,0.4075427681718667,0.5077173913043254,0.6597661058897489,0.327285498380661,0.5491977706551552,85.34,0.2799999999999999,156.19,0.41,0.81,686.81,1.3,686.97,1.3,517.2,1.2,311.03,0.74,634.92,0.72,383.78,0.5,0.248069,0.35,0.322768,0.27,1.0,10.0,1249.169100192773,1.0,902.925945728536,0.7,7.0,0.0,0.0,479.0,57.155,0.084,0.0,1467.9457300130969,5.0,1467.9457300130969,5.0,1659.052006047806,5.5,1697.6962916180466,5.6,1.0,3.0,0.0
chr1-21560652-21560653-G-A,TWJF-10146-MO011-0021,0,2.71,14.27,40.5,13.0,0.118,126.926,0.38,2.0,97.051,12318.278,5.7,0.054,0.0,251.855,357.91,13820.549,188.99,448.8942046282229,1.426875,13730.678540529443,7.286249999999997,1.1225271739129,0.3756669996830374,12.187228260869546,0.0192341146824672,0.3108853539451957,0.2823233818635344,634.94,3.52,33128.24,81.54,54.875,152.29,1.3,24459.0,45.0,207.3,4.6,15457.23,36.0,296.41,1.9,13910.42,25.0,0.398336,0.38,0.014239,5.7,1.0,9.0,719.4055146968893,12.0,12653.21285183316,46.0,2.0,0.0,0.0,2140.0,59.032,0.002,0.0,126.92582647916528,4.0,12318.277969890116,49.0,137.07870722779322,4.2,12189.053970147625,49.0,1.0,3.0,0.0
chr11-64116553-64116555-CC-AT,mcdb046,0,10.85,7.09,12.0,1.5,-0.4749910553031222,105.257,1.76,2.0,1.34,141.01,0.9,0.085,0.0,2653.705,409.62,2185.32,117.74,12925.403433743064,5.841624999999999,15122.68401461075,6.733124999999999,17.305597826086952,0.0135587624577264,20.2322554347826,0.011184081069978,0.1652759052813053,0.1532802022993564,136.39,1.76,51.2,0.8999999999999999,0.823,2190.79,3.7,1026.94,2.3,3116.62,8.7,3343.7,9.0,16192.67,20.0,12152.99,15.0,0.000714,17.0,0.000496,19.0,0.0,10.0,11604.035633311569,19.0,9865.62273093003,17.0,6.0,0.0,0.0,395.2037445139253,0.056,0.1353111732249944,0.0,105.256760608252,6.1,141.0100283808476,7.3,268.311940371618,13.0,366.1339491765628,16.0,1.0,3.0,0.0
chr14-31112499-31112500-T-A,JLF-100-042,0,0.875,28.0,1.45,36.0,21.401,187.52,0.454,2.0,2.001,375.24,0.512,0.331,0.0,1115.868,326.19,1786.998,507.315,197.26669920964727,0.4542499999999995,234.84300415704345,0.5116249999999996,0.8127173913042185,0.5038597528633263,1.0239402173911571,0.4126756216442187,0.2330882316455245,0.1768469358794391,187.52,23.48,375.24,36.07,1.601,21519.67,7.9,22607.07,8.9,1700.36,0.87,3000.81,1.7,6114.88,1.3,9472.83,2.0,0.071582,0.88,0.044427,1.2,1.0,8.0,531.3768163911138,0.5,573.1857601663112,0.6,6.0,5.0,0.0,149.0,77.823,0.275,0.0,1115.868,11.512760124734369,1786.998,14.46623042537564,1115.868,10.903746336302827,1786.998,12.0283069336707,2.0,3.0,1.0
chrX-6151419-6151420-G-T,mcdb045,0,0.05,20.0,0.135,24.0,0.0,61.206,0.02,2.0,1.436,87.918,0.14,0.056,0.0,524.45,260.95,612.583,537.54,61.20556492366708,0.045,87.91801355499962,0.11925,0.0685597826087018,0.935182563552465,0.7151086956520629,0.5514950026812694,0.6618275307118893,0.0652799755334854,654.31,0.03,1377.16,0.13,1.168,394.59,0.05,356.31,0.05,173.4,0.05,165.16,0.05,340.02,0.04,369.79,0.05,0.87626,0.02,0.578163,0.14,3.0,8.0,922.6778027608818,0.5,855.3764372017306,0.5,7.0,0.0,0.0,3.0,2.328,0.0,0.0,8962.723527945274,9.3,2913.6675689125755,1.6,10623.55816396454,13.0,8655.058347726468,8.9,1.0,3.0,0.0
chr16-88534223-88534223-G-GC,TWJF-10146-MO011-0020,0,0.046,0.02,8.064893358906225,2.33,0.0,3.328,0.0,2.0,141.10914216852677,3064.8104170934193,5.801622549559296,0.598,0.0,5.195,3.84,3879.014524107099,96.52,41.63322449746218,0.051625,4296.157019173032,6.253055045297356,0.1774728260869409,0.8639912615239944,12.476429038221816,0.5720821592046526,0.3241845779120922,0.2687423039824362,9.69,0.0,3374.5956179773684,8.15608003714146,17.076890959543903,3.78,0.01,4908.949655646924,7.2784806666802835,6.61,0.03,4576.851812444927,11.741883984789787,3.42,0.02,5123.805637278228,9.732481852538411,0.942537,0.04,0.831021044627613,9.822631555309703,58.0,9.0,49.69677097510553,0.2,3124.638694021477,7.886603262228487,0.0,0.0,1.0,31.0,104.675,0.0,0.0,3.5390769044740593,0.1,6466.550035298564,7.955170885085144,3.327821321810362,0.1,7274.126190186025,10.60588628126613,1.0,0.0,0.0
chr2-74460415-74460415-G-GC,TWJF-5120-13,0,5.6,5.72,20.5,7.56,0.0,954.993,2.5,2.0,6.808,6501.297,19.0,0.069,0.0,2919.41,347.52,12206.235,537.91,9386.113934543462,4.585499999999999,14606.049317814945,6.520624999999999,22.19230978260869,0.0106812672762424,37.35904891304347,0.0068963593341521,0.009190124561428,0.0058607893151929,6924.26,13.37,9806.42,16.869999999999997,4.181,1197.84,2.5,14621.7,19.0,2812.19,7.5,18985.07,37.0,3026.63,4.1,16552.09,20.0,0.02397,3.5,0.021613,3.7,0.0,9.0,3416.846299147091,14.0,8119.75721135566,28.0,7.0,0.0,0.0,1289.0,78.191,0.0,0.0,954.992586021436,5.5,6501.296903430909,21.0,1020.821950471765,5.7,6352.57790885517,21.0,1.0,0.0,0.0
chr5-140672633-140672634-C-G,mcdb041_new,0,19.0,34.92,24.5,31.94,0.182,6326.66,4.3,2.0,1.202,7607.74,4.9,0.227,0.0,22944.021,807.19,27249.166,669.78,13277.036195847566,6.329624999999999,13498.71893024475,6.494249999999999,31.64317934782608,0.0075862116771331,31.64317934782608,0.0075219224200802,0.006812322884798,0.008934661746025,6326.66,7.56,7607.74,17.24,1.188,35816.03,33.0,35948.02,33.0,22695.78,34.0,25702.97,43.0,28217.99,15.0,29330.23,18.0,0.004416,4.3,0.003595,4.9,1.0,11.0,23192.263360933743,23.0,28795.3614360886,31.0,1.0,0.0,0.0,61.0,1.39,0.131,0.0,22944.021,13.470372130379513,27249.166,14.494197539062556,22944.021,14.84541680834636,27249.166,20.01571889395756,1.0,3.0,0.0
chr1-18365414-18365415-C-G,TWJF-10146-MO011-0020,1,0.245,28.0,0.248,46.0,13.137,11.91,0.03,2.0,0.855,10.18,0.03,0.298,0.0,229.766,278.915,214.054,611.8,41.13876502432732,0.048875,45.56093255715887,0.075875,0.0685597826087018,0.935591113078315,0.0282065217391647,0.9637532863422156,0.5546673871576786,0.7535675764083862,1357.77,2.76,730.69,1.85,0.932,129.43,0.4,138.2,0.42,11.91,0.07,10.18,0.04,31.99,0.09,20.91,0.06,0.949279,0.03,0.953832,0.03,1.0,11.0,330.1018226801629,0.6,289.90805501337366,0.5,6.0,0.0,0.0,927.0,37.109,0.354,0.0,1827.3006133668969,2.5,1831.5129763205991,2.5,11234.661715406542,19.0,14640.637914667765,25.0,1.0,3.0,0.0
chr14-23052057-23052058-AG-A,TWJF-10146-MO011-0029,1,0.87,0.03,6.741438311256609,3.7125629556690543,11.886,18.62,0.17,2.0,95.69103790547857,2741.5054690129955,4.456025041465729,0.777,0.0,38.683,11.64,3597.054185948821,202.26737025369408,1882.9365642764285,1.6611249999999993,5334.185538781667,5.51702990974939,5.054048913043445,0.0507162002447499,13.350041713774312,-0.0119168462214405,0.0201230160892009,0.0130427809785994,4130.2,1.21,6725.271617831774,9.68656050763261,13.883934081410803,18.62,0.17,4436.412147396379,5.690303004691646,21.6,0.53,4009.430453068208,8.340829692619021,43.82,0.26,4703.33107724101,6.116035151305945,0.073602,1.5,0.0742301229679883,7.771663406913539,22.0,9.0,367.8219329790623,1.3,3149.332208339636,7.554103832397199,1.0,0.0,0.0,48.0,14.638,0.812,0.0,21.408685386830957,0.3,5566.986064382212,7.655933441128805,33.545942636485435,0.5,6210.26943187406,8.71848883344341,1.0,0.0,0.0
chr2-240964518-240964519-C-A,TWJF-10146-MO011-0029,0,0.515,0.07,0.325,0.46,0.046,62.391,0.11,2.0,0.663,41.387,0.1,0.354,0.0,237.27,112.57,239.394,251.45,62.3913478891651,0.148125,41.38741956836381,0.062375,0.5001630434782243,0.6641597862145874,0.1914673913043429,0.8553486352193516,0.1054202318191528,0.3023050054907799,173.27,22.17,132.97,17.93,1.009,2242.31,0.15,3371.46,0.32,1011.56,0.53,601.78,0.33,248.5,0.11,198.14,0.1,0.614687,0.14,0.727019,0.1,1.0,9.0,226.0393096133909,0.6,280.6489180372726,0.7,5.0,0.0,0.0,26.0,0.099,0.462,0.0,674.7765787889349,12.0,663.9876474358151,12.0,183.2398805511683,1.8,182.3979697754797,1.8,5.0,3.0,0.0
chr8-28503199-28503200-G-C,mcdb041_new,0,4.555,2.18,4.4,4.86,0.372,2491.323,2.544,2.0,0.713,1775.947,2.973,0.088,0.0,4464.79,20.25,5398.6,40.12,6252.048056470948,2.5435000000000008,7909.136851882809,2.9725000000000006,15.160951086956516,0.0156057777068076,18.61798913043478,0.0123858263082872,0.0062104128301143,0.0045203492045402,8525.07,5.41,7638.02,4.92,1.209,4141.74,3.7,4875.51,4.1,2781.92,3.7,3307.72,4.2,4787.84,2.9,5921.69,3.5,0.007357,3.4,0.003825,4.6,0.0,9.0,6978.425774967606,17.0,7366.349385508023,18.0,7.0,0.0,0.0,178.0,3.874,0.096,0.0,2491.322785101274,5.5,1775.9469963826818,4.0,3413.2649413601935,7.1,2577.3298281839957,5.6,1.0,3.0,0.0
chr1-46281201-46281202-G-C,TWJF-10146-MO011-0020,0,2.6,12.0,3.25,15.0,5.757,64.63,1.369,2.0,0.619,40.0,0.733,0.263,0.0,767.05,35.36,712.378,62.515,243.719381176518,1.3955000000000009,134.3745966669667,0.7893749999999999,1.369456521739039,0.2992244853771117,0.7328804347824871,0.5418181753024276,0.0462579727172851,0.1707100868225097,64.63,11.82,40.0,6.81,0.929,17902.58,6.4,11384.17,3.3,11666.98,17.0,11112.54,16.0,10316.81,3.9,8835.53,3.2,0.017004,1.5,0.052313,0.68,1.0,9.0,1290.3815441454742,1.5,1290.3815441454742,1.5,6.0,0.0,0.0,655.0,24.292,0.237,0.0,75.1917166473498,2.4,97.53713618464135,3.7,80.84068782301786,2.8,94.76107961386472,3.5,1.0,3.0,0.0
chr12-25245349-25245350-C-T,TWJF-5120-11,1,1.95,14.0,2.1,7.1,5.487,41.779,0.093,2.0,0.9,37.589,0.093,0.234,1.0,356.535,78.76,444.865,111.965,41.77896377773016,0.2297499999999999,37.58882292486262,0.178125,0.0931521739130403,0.9186161897566494,0.0931521739130403,0.918252551874636,0.4876163750886917,0.4572294689714908,613.64,2.89,696.71,3.04,1.248,613.21,2.4,1224.24,3.4,482.07,3.5,601.78,3.9,231.0,1.5,287.95,1.7,0.297521,1.2,0.316559,1.1,2.0,10.0,1249.169100192773,1.2,1276.4951611980568,1.3,6.0,0.0,0.0,458.0,15.813,0.347,0.0,220.79538924163856,3.0,261.2101207853716,3.5,164.69863507176146,2.4,181.42202075936152,2.5,1.0,3.0,0.0
chr19-11245582-11245583-C-T,mcdb041_new,0,0.311,0.51,0.319,1.28,0.737,70.26,0.2,2.0,1.476,103.72,0.2,0.107,0.0,186.227,8.9,163.893,14.31,137.56239743450612,0.3517499999999997,115.20481786497471,0.3071249999999998,0.2699184782608341,0.8053496420423325,0.2395652173912736,0.8239509461957419,0.531121376901865,0.5172698870301247,198.11,0.48,143.75,0.38,0.88,964.98,1.5,967.92,1.5,70.26,0.26,103.72,0.33,133.46,0.24,142.11,0.25,0.338418,0.26,0.404832,0.22,5.0,11.0,174.34467692156656,0.2,184.0363206720129,0.2,6.0,0.0,0.0,225.0,9.701,0.076,0.0,53625.332745386986,95.0,53872.85603494882,96.0,14856.27739798516,52.0,15028.30498258749,52.0,1.0,3.0,0.0
chr3-73384685-73384686-G-A,TWJF-5120-11,0,0.345,1.5,3.102,2.3,0.0,64.25,0.06,2.0,35.143,2257.93,0.83,0.103,0.0,192.045,53.35,2461.01,76.705,108.7142587112059,0.165125,9036.781100987362,3.2045000000000003,0.3866032608695633,0.7320930858792717,17.305597826086952,0.0137754042579371,0.3492693454027176,0.0715631581842899,222.04,0.33,3029.29,2.02,12.815,162.05,0.13,909.39,0.51,79.14,0.18,2664.09,2.1,64.25,0.06,2257.93,0.83,0.240294,0.36,0.002494,6.2,1.0,10.0,659.7539553864469,0.5,4335.136567304628,4.2,10.0,0.0,0.0,101.0,6.126,0.0,0.0,1088.5289905517968,2.1,1584.3094037753333,3.0,721.2735394337592,1.5,1815.9337488353435,3.4,1.0,3.0,0.0
chr17-41865206-41865207-G-A,mcdb041_new,0,2.8,18.18,48.112,13.81,0.414,353.192,0.44,2.0,57.619,20350.378,30.0,0.091,0.0,1825.944,229.99,36138.738,147.02,353.19169571946463,0.6363749999999996,20350.37787516261,9.166125,1.4566304347825252,0.2755229509245738,46.22467391304348,0.0051665158038335,0.1153849177062511,0.014799740165472,11452.06,7.090000000000001,24292.27,18.6,19.792,4206.36,3.7,36910.09,44.0,2134.13,3.0,34798.02,54.0,3195.46,2.2,39805.58,56.0,0.1937,0.44,3.8e-05,30.0,0.0,9.0,1517.7585670175067,3.4,35367.3861513542,50.0,9.0,0.0,0.0,178.0,3.692,0.112,0.0,1102.6304964878982,2.7,96923.70341572796,52.0,1225.095656208975,2.9,156375.96400913387,62.0,1.0,3.0,0.0
chr1-70038681-70038682-G-A,TWJF-5120-05,0,14.0,5.441,14.454,6.22,0.0,733.33,1.983,2.0,0.608,446.21,2.379,0.226,0.0,14240.38,45.06,10680.0,51.99,6027.719691167834,10.557375,10389.550481962851,14.453625,1.9827717391303563,0.1783815588681192,2.378505434782525,0.1360972180467188,0.7358446642756462,0.794659934937954,733.33,34.13,446.21,27.33,0.75,14240.38,20.10551878000629,10680.0,14.797224169495369,14240.38,24.0,10680.0,20.0,14555.41,14.0,13158.07,13.0,0.000911,10.0,0.000406,14.0,0.0,11.0,30396.066370885423,37.0,27278.95215511154,33.0,1.0,0.0,0.0,8.0,0.362,0.0,0.0,14240.38,20.46235772108031,10680.0,10.399577631369862,14240.38,27.65140223981377,10680.0,19.28533373833499,1.0,3.0,0.0
chr2-55917711-55917712-A-G,mcdb045,0,4.45,73.9,0.117,65.0,1.591,3202.076,1.4,2.0,0.075,241.2,0.02,0.073,0.0,8998.903,2060.705,514.508,1071.485,4270.944748242826,1.98675,82.04888991107434,0.103375,9.849456521739114,0.0249945195996097,0.3331521739130068,0.7655489345093002,0.0374249927699565,0.3223432265222072,5649.3,3.02,942.0,0.08,0.057,16861.54,5.3,774.18,0.1,12517.05,4.5,416.56,0.13,16333.44,3.5,497.36,0.06,0.100001,1.4,0.898692,0.02,0.0,9.0,3202.0759094759173,8.1,241.20027143288027,0.2,9.0,0.0,0.0,457.0,176.795,0.009,0.0,11685.034527384576,8.3,531.6551192401053,0.3,6312.770487040956,4.4,664.079387056354,0.3,1.0,3.0,0.0
chr9-21971035-21971046-ATCGCGCACGTC-A,TWJF-5120-04,0,0.675,1.7,7.270669656928216,5.13923006408681,100.636,47.07,0.08,2.0,69.5912296465383,2707.8874829417764,3.7833427202177554,0.245,0.0,145.744,7.69,3823.421354259711,129.91893669317557,1048.9443386702253,1.273375,4955.929345274702,4.646884326729815,2.402282608695557,0.133287946912706,10.008226528947834,0.0848811264018437,0.1583256646990776,0.1742340243944112,204.49,0.75,3373.1539105500156,10.129471499553087,13.095590460500382,47.07,0.12,4586.621740643157,6.148987093963282,93.08,0.47,4474.824478828446,8.805005489478706,68.67,0.08,4883.263222477257,6.371744017199397,0.087889,1.3,0.1381236737660644,7.021142843822219,13.0,9.0,2192.641718942874,6.2,5270.339729444188,12.059145092266856,0.0,0.0,1.0,1419.0,108.913,0.924,0.0,140.7829301370551,0.6,5285.44291401537,8.977712531773781,150.70581155173485,0.6,6097.704304217714,9.100111906928998,1.0,0.0,0.0
chr2-25750342-25750343-G-A,TWJF-5120-04,1,0.6,11.812,0.61,27.57,38.709,56.17,0.09,2.0,1.306,73.35,0.24,0.174,0.0,157.983,694.91,225.031,2086.35,144.1087053996665,0.29475,253.92835129742755,0.5115,0.9548913043476972,0.440882151571817,1.2861684782607767,0.3231260573858943,0.0753732770681381,0.0890518091619014,1055.96,2.39,651.0,1.73,1.424,56.17,0.15,73.35,0.19,149.03,0.63,148.23,0.62,515.79,0.51,555.07,0.54,0.615434,0.09,0.394294,0.24,3.0,9.0,1183.3858794734783,2.3,984.5638656907048,1.6,8.0,0.0,0.0,1623.0,137.753,0.281,0.0,166.93599883192053,0.6,196.13269685901173,0.7,148.98069639225267,0.6,156.00194030083142,0.6,1.0,3.0,0.0
chr9-132897243-132897244-T-A,mcdb048,1,0.225,4.26,1.26,11.55,28.821,19.394,0.049,2.0,3.09,59.934,0.156,0.15,0.0,184.95,401.94,1003.295,951.32,41.744646304513296,0.0485,57.18200372333633,0.155875,0.1400543478261227,0.8888289876607479,0.4698369565216751,0.680801171535611,0.3899220824241638,0.1028423407115042,25546.33,14.48,28322.47,20.4,5.425,219.25,0.07,1377.51,0.33,150.65,0.28,810.33,1.6,753.16,0.17,3799.26,0.92,0.175269,0.1,0.032696,0.64,1.0,9.0,819.1461656236108,1.3,1196.2593708868835,2.6,6.0,0.0,0.0,6.0,43.21,0.667,0.0,31.345124560856892,1.7,100.5009113522784,5.0,19.394116496486795,0.9,59.93354962672968,3.1,1.0,3.0,0.0
chr14-73272640-73272641-C-T,mcdb041_new,0,0.36,22.82,0.518,16.0,0.502,76.46,0.146,2.0,1.329,101.64,0.123,0.068,0.0,170.056,1598.6,374.754,929.57,125.52168170021206,0.3294999999999997,128.49758149807957,0.3364999999999997,0.1464673913043555,0.8848296227335942,0.1226630434782833,0.8994598758615029,0.6808999106287956,0.730365414172411,76.46,0.25,101.64,0.31,2.204,214.59,0.49,506.01,0.96,118.1,0.39,288.34,0.72,103.3,0.19,197.64,0.33,0.472948,0.18,0.493973,0.16,3.0,10.0,688.9344191199156,0.5,855.3764372017306,0.7,5.0,0.0,0.0,325.0,16.189,0.031,0.0,266.5078464939721,1.5,477.2105100784457,2.3,285.0099355920156,1.5,461.1688873113759,2.3,2.0,3.0,0.0
chr3-41234238-41234239-G-T,mcdb048,1,0.978,0.4,21.596,1.7,32.376,214.272,0.2,2.0,68.071,14585.641,17.0,0.053,0.0,1035.481,101.5,15943.346,215.9,214.27182140365704,0.4428749999999999,14585.64124723769,6.48675,0.8561956521737955,0.4837527903347938,22.19230978260869,0.0104756103346582,0.23305119946599,0.1246547899208962,2044.84,3.71,17301.05,22.53,15.397,1224.79,1.7,22532.34,34.0,784.45,0.79,11986.87,15.0,685.4,0.64,13638.29,14.0,0.107059,1.1,0.000833,21.0,1.0,10.0,846.1713421466491,0.2,11355.62686901531,17.0,10.0,0.0,0.0,96.0,259.009,0.125,0.0,2413.3482732447533,6.0,25212.73737080399,50.0,2246.5702319922166,5.4,26032.74713844752,51.0,1.0,3.0,0.0
chr11-62560400-62560401-G-A,TWJF-10146-MO011-0026,1,0.137,3.2,0.205,4.42,168.835,10.28,0.023,2.0,1.865,19.17,0.031,0.216,0.0,34.619,59.62,45.56,79.71,37.84788460233016,0.023,39.1707551323541,0.031,0.1546739130434815,0.8797560960581816,0.3009239130434338,0.7852251581749136,0.3379450291395187,0.1513009089976549,31.39,0.12,51.95,0.21,1.316,10.28,0.03,19.17,0.05,15.03,0.18,28.01,0.32,20.7,0.05,24.95,0.05,0.887627,0.07,0.905181,0.06,4.0,9.0,68.01399759106835,0.3,64.43227289515298,0.2,6.0,0.0,0.0,10121.0,778.04,0.217,0.0,55.834161702592766,0.4,88.89963953045441,0.7,39.639667231714526,0.3,71.96643672629271,0.6,1.0,3.0,0.0
chr8-143324560-143324561-G-A,TWJF-5120-11,1,1.6,13.94,0.805,18.43,3.741,29.32,0.13,2.0,0.586,17.19,0.06,0.085,0.0,630.399,47.85,345.54,80.345,149.30552378514886,0.89725,86.66518108374316,0.408875,0.5077173913043254,0.6600126388532987,0.222663043478235,0.8350272898213029,0.3397347554564476,0.4612604081630707,29.32,4.22,17.19,1.24,0.548,5367.01,1.4,1958.99,0.37,1050.6,1.8,567.02,1.2,2002.91,0.61,1276.84,0.41,0.245759,0.13,0.400812,0.06,4.0,9.0,1602.1292262796685,2.2,1422.3578464915408,1.7,8.0,0.0,0.0,421.0,34.966,0.107,0.0,157.82289298924158,7.8,105.9668440052218,4.1,210.19868753587815,13.0,124.05949243437924,5.2,1.0,3.0,0.0
chr13-20439603-20439604-C-G,TWJF-10146-MO011-0029,0,1.6,12.42,1.461,13.03,4.848,83.44,0.4,2.0,1.239,103.4,0.45,0.7,0.0,801.611,646.17,942.862,677.87,396.0093463967204,1.995375,318.12915003466577,1.776,1.622608695652076,0.2382894239096493,1.4610869565216404,0.2747357011855788,0.0916004255414009,0.0855652503669262,15441.48,12.26,9356.01,6.279999999999999,1.176,801.611,0.8148683918555264,942.862,0.4291985883890015,83.44,0.4,103.4,0.45,2185.02,1.6,2209.69,1.6,0.128906,1.6,0.175388,1.3,2.0,11.0,801.6106208174193,0.5,942.861739365281,0.7,1.0,0.0,0.0,102.0,6.337,0.765,0.0,801.611,5.882227835532181,942.862,7.486370448695644,801.611,6.201967235919381,942.862,6.93509446745432,1.0,3.0,0.0
chr7-74240052-74240053-A-T,TWJF-10146-MO011-0021,0,4.7,29.0,4.4,19.0,2.473,155.944,1.6,2.0,3.999,623.692,1.7,0.056,0.0,559.055,88.435,586.301,45.8,2899.1686467644563,2.928,491.8575598600601,1.4816249999999995,5.671874999999957,0.0442084877712835,2.04293478260864,0.1702877279537152,0.0978666881565004,0.0319738133985083,406.45,2.73,257.66,2.09,1.049,361.53,2.1,1132.05,4.2,711.66,7.7,548.91,6.9,1267.01,4.6,1303.23,4.6,0.099972,1.6,0.096593,1.7,3.0,9.0,2216.49442399124,23.0,466.6754581007161,8.2,2.0,0.0,0.0,1260.0,27.781,0.089,0.0,174.00030117569165,5.2,735.4446617972707,15.0,155.9444776477388,4.8,623.6917508945,14.0,1.0,3.0,0.0
chr22-41794399-41794400-C-T,TWJF-5120-05,1,1.007,3.971,1.95,5.93,1.949,80.19,0.36,2.0,14.724,1180.75,1.9,0.104,0.0,216.252,31.46,731.132,52.66,482.1201565001499,1.2245,829.8965350610117,1.567125,0.7398913043477222,0.5385911635145488,0.579510869565155,0.6186728238501507,0.5177781879901886,0.7599389031529427,4963.04,2.1,5308.35,3.68,3.381,80.19,0.36,1180.75,1.9,87.23,0.79,563.96,2.1,205.11,0.36,522.14,0.65,0.217408,0.51,0.214127,0.52,9.0,9.0,3000.8051964776514,5.8,3807.2828566667704,8.3,5.0,0.0,0.0,162.0,18.563,0.105,0.0,211.71908090261795,1.3,424.3849753287597,2.0,220.78522147232488,1.3,632.3681674219788,2.7,1.0,3.0,0.0
chr1-157097892-157097893-C-G,mcdb041_new,0,5.19,4.22,8.8,4.86,0.0,1449.706,1.4,2.0,3.388,4912.245,9.4,0.079,0.0,6456.785,34.97,12219.958,40.19,2648.86836394594,1.4691250000000002,2847.701671935906,1.510625,6.479157608695644,0.0389757760877387,6.327092391304319,0.0390567053241074,0.0359296575188636,0.0564107447862625,5972.79,8.99,6110.6,78.29,1.893,21842.93,16.0,32964.43,28.0,6940.78,3.9,16493.98,7.8,26946.3,15.0,30867.34,21.0,0.006777,3.4,0.006852,3.4,0.0,11.0,3066.448979894378,2.3,7945.936747596634,8.2,3.0,0.0,0.0,0.0,0.017,0.0,0.0,17624.223839100545,42.0,31703.70366587739,65.0,1449.7062124465906,1.4,4912.244782062248,9.4,2.0,3.0,0.0
chr3-46579845-46579846-C-T,TWJF-5120-04,0,6.102,15.898,5.3,24.18,0.086,449.047,1.17,2.0,0.751,337.08,1.027,0.183,0.0,3565.629,1344.47,3382.834,2275.25,449.0467225140727,1.169749999999999,337.0800954841465,1.026874999999999,1.9682336956520745,0.1803519386252463,1.6371739130433838,0.2359878667608273,0.0266520678997039,0.0437716580927372,6323.18,6.49,3632.14,4.88,0.949,6022.43,8.4,6830.37,9.0,4288.48,5.9,4701.59,6.1,5769.96,5.2,5716.03,5.2,0.015182,3.6,0.021626,3.1,0.0,9.0,2842.778048235646,12.0,3133.5287466619466,13.0,8.0,3.0,0.0,6.0,0.512,0.167,0.0,1964.7169866047348,6.3,1630.421899282561,5.4,2285.756692400656,6.8,1811.4652198821625,5.9,1.0,3.0,2.0
chr3-52199259-52199260-C-A,TWJF-10146-MO011-0029,0,2.7,1.49,4.5,0.76,32.148,110.487,1.5,2.0,1.352,149.386,3.5,0.446,0.0,580.905,92.01,1671.655,59.03,2012.104954781218,1.7179999999999993,6554.352752786473,3.3473749999999987,3.2120380434781595,0.0874356620195858,9.494239130434764,0.0259186458800787,0.203427568078041,0.1655377112329006,5271.82,5.1,5349.5,6.05,2.878,667.86,2.0,1350.11,3.0,365.84,2.9,719.41,4.2,493.95,1.5,1993.2,3.5,0.035628,2.5,0.009385,5.2,3.0,10.0,1884.439040288195,3.7,2264.981103527669,4.8,6.0,7.0,0.0,893.0,71.441,0.45,0.0,110.48669940811092,2.4,149.38603486760022,3.0,176.25847164859786,3.4,271.11278605901185,4.9,1.0,3.0,1.0
chr12-120994313-120994313-G-GC,mcdb041_new,0,3.25,3.89,4.327698758014921,16.83,0.0,446.84,1.2,2.0,95.39327583788494,1392.9629353403373,3.1858666679463243,0.15,0.0,1753.845,32.49,2851.0045464722225,202.07,18630.04394784196,5.373500000000001,17614.029910115696,7.096812010404626,18.61798913043478,0.0122609486959835,23.836584165705425,0.045679465793973,0.2368334084749221,0.2525761460669415,446.84,1.2,1435.36007653647,1.1504719279540443,5.085667911748244,1973.42,2.2,3051.067768594084,1.230751788846712,6434.51,4.6,6225.1029412365,5.878356633938408,6158.1,2.4,6717.652229850705,0.8147239304496106,0.011906,3.3,0.1241730706188913,4.525810167321971,6.0,9.0,1534.2695396588344,5.1,2066.8071919200574,7.1544368519968105,0.0,0.0,1.0,0.0,0.559,0.0,0.0,869.3807105095915,3.2,2474.479380335125,5.9712206512087205,858.2622285802132,3.2,2051.9426143100404,7.251929237942422,1.0,0.0,0.0
chr19-6472935-6472936-G-C,mcdb041_new,0,2.5,4.51,2.95,7.15,0.0,922.678,1.1,2.0,1.151,1062.03,1.3,0.15,0.0,1465.854,37.25,2690.245,61.06,1516.0582083950808,1.342124999999998,2604.8206309406323,1.6804999999999983,1.2239673913042424,0.3418175834462496,1.8016032608694983,0.2058430758201714,0.6034105867147446,0.555583905428648,19546.01,21.790000000000003,24772.91,30.98,1.835,1415.65,1.7,2775.67,2.8,7406.31,4.8,8032.38,5.2,8813.66,3.3,8249.49,3.1,0.061663,1.4,0.058192,1.4,1.0,10.0,922.6778027608818,1.1,1062.0297506032605,1.3,8.0,0.0,0.0,379.0,32.779,0.0,0.0,1323.3965556847627,5.3,1314.2863578755253,5.3,1333.3065112244085,5.3,1315.0128600791527,5.3,1.0,3.0,0.0
chrX-112804948-112804949-C-G,TWJF-10146-MO011-0021,0,1.6,8.47,3.62,5.27,21.04,88.914,0.302,2.0,2.594,230.659,0.484,0.104,0.0,333.845,74.81,1496.21,43.6,124.92430792457338,0.30225,215.47656250493736,0.4842499999999999,0.8628804347825252,0.4811916730002201,1.2898641304346938,0.322248820683715,0.0820283233188092,0.0428381491219624,253.38,2.08,973.3,3.74,4.482,660.24,1.3,5200.88,5.2,414.31,3.4,2252.76,9.3,877.92,2.7,2019.12,5.0,0.217459,0.68,0.101999,1.6,4.0,9.0,2054.8203260098107,4.0,3975.676359145958,12.0,7.0,0.0,0.0,1709.0,31.45,0.669,1.0,88.91396961422426,1.5,230.65878497727996,3.2,102.190376682134,1.7,251.4258922443656,3.5,1.0,3.0,0.0
chr1-979348-979349-G-A,TWJF-10146-MO011-0029,0,3.5,1.64,4.82,2.06,0.138,416.702,0.75,2.0,2.503,1043.086,0.76,0.214,0.0,1523.591,154.79,2075.95,177.01,416.7022302889444,0.804124999999999,1043.0863611439845,1.2548749999999989,1.6615489130433758,0.2310854380019439,1.4484510869564249,0.2774679238321001,0.094246819615364,0.4154385477304458,5408.38,7.03,5333.95,5.84,1.363,1429.58,3.2,1701.71,3.5,588.9,3.8,1407.05,5.9,1457.5,2.9,2314.05,3.8,0.174183,0.75,0.172292,0.76,0.0,10.0,3454.0165428148343,7.7,4018.9258489021786,9.1,4.0,4.0,1.0,4.0,0.552,0.25,0.0,1589.681060245709,17.0,1837.8497349309785,19.0,1671.6678882472772,18.0,2438.6529538195036,22.0,2.0,3.0,1.0
chrX-115009627-115009628-C-T,mcdb045,0,6.0,12.0,6.85,12.0,0.0,2010.833,3.4,2.0,0.989,1989.193,3.8,0.13,0.0,8057.475,86.65,7863.505,89.575,10833.364682224154,4.044624999999998,10560.304010617792,3.9747499999999976,11.6303260869565,0.0200407252729567,9.15535326086956,0.0266027775128048,0.2291006594896316,0.3040472157299518,5659.82,99.66,5369.15,38.080000000000005,0.976,10455.13,7.5,11333.78,8.1,10815.98,8.3,10357.86,8.0,12134.72,4.7,10744.94,4.2,0.007522,3.4,0.00591,3.8,1.0,9.0,2010.8325794908649,4.9,1989.193095131647,4.9,8.0,0.0,0.0,10.0,4.588,0.0,0.0,3354.517022150372,5.6,3842.642661172593,6.4,3827.894854786434,6.4,4487.0406085861905,7.3,1.0,3.0,0.0
chr3-25596552-25596553-T-A,mcdb046,1,1.628,4.31,1.418,4.22,1.26,62.548,0.2,2.0,1.0,62.548,0.17,0.185,0.0,152.465,227.46,108.352,220.01,68.88177594650718,0.374125,64.73024374064552,0.33175,0.6555978260868756,0.5799500272277617,0.6369565217390374,0.5892210865478614,0.0310337468981742,0.0247580409049987,80.23,10.67,15.14,2.36,0.711,622.2,0.58,641.88,0.59,223.61,2.6,177.2,2.2,216.94,0.38,126.25,0.25,0.266184,0.2,0.29791,0.17,1.0,9.0,7945.936747596634,24.0,7446.484392361988,22.0,6.0,0.0,0.0,42.0,13.265,0.095,0.0,62.54750636722553,83.0,62.54750636722553,83.0,87.98932782169935,95.0,90.45446306190009,95.0,1.0,3.0,0.0
chr10-87961112-87961113-T-G,JLF-100-042,1,1.25,7.5,5.45,12.0,53.594,73.592,0.71,2.0,6.237,459.018,4.2,0.637,0.0,196.86,124.88,2983.695,138.78,850.8998237697617,1.5478749999999983,14485.929398939914,6.242874999999992,2.4501358695651163,0.129603784,31.64317934782608,0.007884324,0.091758713,0.041714981,125.34,1.17,428.59,2.06,15.156,198.68,1.2,2587.31,5.3,215.3,1.9,3380.08,5.6,195.04,0.71,3884.3,4.2,0.047675,2.1,0.000962,9.7,5.0,10.0,1209.2729068825724,1.3,6469.409970422214,9.8,2.0,0.0,0.0,131.0,108.053,0.496,0.0,86.26805370036197,1.0,529.4805362079824,3.5,73.59189733770219,0.9,459.0182997877085,3.3,1.0,3.0,0.0
chr20-16368651-16368652-C-G,mcdb041_new,0,0.835,2.42,0.883,4.32,0.758,209.658,0.3,2.0,0.527,110.576,0.18,0.09,0.0,1767.627,21.86,1862.808,35.79,209.657748742316,0.5436249999999995,110.57616685514948,0.3479999999999999,1.3273369565216626,0.3112172279145382,0.9455163043477056,0.4444992465286908,0.0209141261875629,0.006801787763834,2775.67,0.48,3850.51,0.8099999999999999,1.054,2102.73,2.4,2760.72,2.9,2065.97,1.9,2088.44,1.9,2695.43,0.97,2131.45,0.82,0.432092,0.3,0.617866,0.18,0.0,9.0,1469.2841137360406,2.5,1637.1764276304789,2.8,9.0,0.0,0.0,21.0,7.975,0.095,0.0,415.4224856755058,0.7,570.8079326821802,1.1,251.0267480423136,0.4,285.57487804445947,0.5,5.0,3.0,0.0
chr2-233682103-233682112-GTCGTAGTCA-G,mcdb048,0,2.149,0.29,1.569,3.27,0.0,639.334,0.34,2.0,0.758,484.785,0.39,0.075,0.0,3137.655,114.32,3210.551,851.33,639.333979673034,1.8078750000000008,484.7852710579639,1.537875,1.2724728260868403,0.3272866281870555,0.5904076086955996,0.6131893689982761,0.3479125071316957,0.6057967450469732,10402.47,2.49,2794.82,0.53,1.023,3104.61,0.75,5703.61,1.6,6940.78,8.5,6195.39,7.6,3170.7,0.76,1921.77,0.42,0.066854,0.34,0.059941,0.39,0.0,9.0,14564.22648204198,47.0,29745.37470418776,72.0,2.0,0.0,0.0,0.0,0.757,0.0,0.0,1279.8822025210895,37.0,3444.8474930121474,59.0,1209.6786062263086,36.0,2976.254054189664,56.0,1.0,1.0,0.0
chr19-15119982-15119983-T-G,TWJF-5120-11,1,0.407,23.0,1.2,23.0,2.164,33.3,0.058,2.0,7.813,260.18,0.135,0.053,0.0,79.525,522.245,291.462,538.235,42.59627995309261,0.0575,54.903321311329286,0.135,0.4736956521738733,0.6787829086085339,0.2896467391304043,0.792214202372867,0.0193777382373809,0.2558518722653389,378.23,1.16,2723.17,4.31,3.665,73.76,0.26,687.42,1.4,33.3,0.34,260.18,1.2,74.1,0.17,798.09,0.84,0.718227,0.11,0.654561,0.15,6.0,9.0,166.96014454687105,0.8,289.90805501337366,1.3,8.0,0.0,0.0,925.0,69.798,0.031,0.0,95.91576611123764,0.6,293.0150989834608,1.3,84.94933823209202,0.6,259.5135269189039,1.2,1.0,3.0,0.0
chr17-75570445-75570446-G-A,mcdb041_new,1,0.21,5.8,0.2,16.0,5.271,2.103,0.01,2.0,2.275,4.784,0.01,0.178,0.0,26.775,68.55,36.19,296.77,160.99084280788077,0.5907499999999999,429.9161943556225,1.4383750000000006,1.1819565217390249,0.3546930522085804,2.012282608695557,0.1741912694641147,0.0037861391901969,0.0027598366141319,20.61,0.22,9.61,0.08,1.352,16.37,0.01,18.77,0.01,32.94,0.03,53.61,0.05,267.78,0.07,515.89,0.12,0.155461,0.35,0.078015,0.7,4.0,9.0,384.09044412331593,0.4,388.2687811477462,0.4,5.0,0.0,0.0,150.0,12.174,0.433,0.0,2.10285825658103,0.2,4.784207416825339,0.2,5.4521776732834635,0.2,8.027309353859774,0.2,1.0,3.0,0.0
chr20-3785920-3785921-G-A,mcdb041_new,0,0.2,7.28,0.251,6.18,2.357,66.143,0.06,2.0,1.09,72.111,0.11,0.074,0.0,102.567,62.28,125.639,51.68,66.14293148792844,0.172875,72.1106671578893,0.201625,0.2995923913043157,0.7860871433392295,0.4295380434782458,0.7051447073390549,0.2965750135481357,0.1988761387765407,707.03,0.06,865.96,0.11,1.225,112.65,0.15,94.82,0.13,192.18,0.28,236.04,0.32,71.57,0.07,102.34,0.1,0.523155,0.23,0.602238,0.19,2.0,10.0,792.984124177032,0.4,652.6540428705426,0.3,6.0,0.0,0.0,422.0,12.147,0.194,0.0,92.48472296865305,0.2,124.18524544284956,0.3,78.00456153174822,0.2,127.09252263147847,0.3,6.0,3.0,0.0
chr2-33293191-33293192-G-A,TWJF-5120-04,0,10.461,9.133,12.246,10.73,3.353,518.299,4.2,2.0,1.596,827.142,6.3,0.185,0.0,5628.19,527.15,7297.18,625.99,22175.575166143022,11.222875000000004,22219.001840225385,11.491750000000003,62.74467391304348,0.0045352792051795,62.74467391304348,0.0045118822358556,0.0013704001903533,0.0004390079211589,5559.8,7.689999999999999,5655.94,8.66,1.297,5696.58,4.2,8938.42,6.3,15208.39,22.0,18279.56,25.0,20128.88,9.7,22413.19,13.0,0.000113,23.0,5.7e-05,30.0,0.0,9.0,5154.497145169031,18.0,4989.871863860996,18.0,6.0,5.0,0.0,1251.0,51.589,0.065,0.0,518.2985573368221,4.9,827.1418596967162,6.4,613.2534498447111,5.4,990.0109542601722,7.2,1.0,3.0,1.0
chrX-154469078-154469079-G-C,mcdb041_new,0,17.5,16.0,5.1,14.0,17.15,9168.325,5.57,2.0,0.171,1571.412,2.114,0.127,0.0,17127.07,645.315,5071.439,611.92,18913.039073214783,5.5695000000000014,4549.940881517059,2.11425,46.22467391304348,0.0052800416914628,11.6303260869565,0.0208702618169894,0.0008658228416607,0.0026365704834461,18654.76,20.49,5775.74,6.550000000000001,0.296,15599.38,12.0,8706.19,6.3,31229.48,19.0,1691.19,2.4,26060.58,15.0,15622.01,6.0,0.000246,18.0,0.007062,4.2,0.0,11.0,11479.159325780089,16.0,953.1186832043844,1.2,2.0,0.0,0.0,1190.0,117.464,0.146,0.0,9168.325003703922,17.0,1571.411763771055,1.7,12990.922742080986,22.0,5592.937935307822,12.0,1.0,3.0,0.0
chr11-65107850-65107851-C-T,mcdb046,1,0.352,0.15,0.289,0.82,15.087,30.38,0.011,2.0,0.823,25.0,0.014,0.19,0.0,61.587,66.44,60.363,144.43,55.81740332498183,0.22475,57.01660579890546,0.237625,0.0108695652174048,0.9770641595710606,0.0141576086956831,0.974143352580444,0.9425328895449638,0.9136439263820648,578.35,30.77,909.46,37.36,0.98,58.13,0.12,30.66,0.06,30.38,0.48,25.0,0.34,41.58,0.1,39.73,0.1,0.476798,0.07,0.427517,0.09,4.0,9.0,3099.8074179973237,5.0,2873.7032767929295,4.2,7.0,0.0,0.0,61.0,101.942,0.148,0.0,65.0444131935993,85.0,63.71035132991597,84.0,67.6752704480264,87.0,64.6293815348608,85.0,1.0,3.0,0.0
chr17-51154442-51154443-G-A,mcdb044,0,2.4,4.531,48.615,7.0,38.477,216.937,0.997,2.0,15.386,3337.745,8.545,0.232,0.0,783.438,420.68,31431.405,597.42,216.9366008234616,0.996625,3337.744545400228,10.03625,1.39152173913034,0.2927085539856817,8.545326086956507,0.0280654635549097,0.0054597556591033,0.0033845826983451,586.11,1.26,34035.66,45.23,40.12,2570.84,4.8,28827.15,41.0,3975.68,4.3,28178.94,56.0,2295.62,2.8,34462.68,59.0,0.047636,2.2,1.8e-05,53.0,2.0,9.0,543.0008913856493,1.1,8950.221299721221,22.0,2.0,7.0,0.0,20.0,64.129,0.6,0.0,732.0993141583216,2.6,109539.30976459604,53.0,834.7760874427016,2.8,106554.05946795548,52.0,1.0,3.0,1.0
chr16-55528558-55528559-C-G,mcdb041_new,0,3.255,2.92,2.03,4.3,1.118,23.868,0.25,2.0,0.403,9.612,0.26,0.082,0.0,685.912,25.41,654.937,35.64,10328.433787895745,15.496500000000005,3574.3644142273706,6.849500000000004,24.57923913043477,0.0097665742915017,8.839293478260856,0.0275918906902026,0.0098907276988029,0.0172407813370227,365.7,2.21,283.78,1.86,0.955,682.89,0.25,691.59,0.26,4502.45,4.3,2088.44,2.2,18839.99,7.2,16463.85,5.6,0.000824,9.8,0.009567,2.9,2.0,9.0,688.9344191199156,0.9,618.2842486218158,0.7,1.0,1.0,1.0,275.0,13.308,0.084,0.0,23.867668650452934,0.4,9.611916735173152,0.3,50.99997932049953,0.9,15.155490616607018,0.3,1.0,3.0,1.0
chr3-39411905-39411906-A-C,TWJF-10146-MD017-0016,0,8.727,1.4,32.5,3.13,6.331,36.543,2.0,2.0,8.017,292.961,16.0,0.05,0.0,6333.171,201.15,17834.741,382.99,3887.1319429570894,5.745375,7298.372512480863,8.2395,9.849456521739114,0.0243258558732777,17.305597826086952,0.0136946672080628,0.0037155635654926,0.0112229995429515,17401.88,55.95,23116.15,81.86,2.816,8779.21,2.6,23016.27,12.0,13648.77,22.0,34798.02,59.0,29311.19,24.0,44907.97,77.0,0.000485,16.0,2e-05,42.0,0.0,9.0,2635.4219765328785,7.6,12653.21285183316,46.0,2.0,0.0,0.0,7320.0,575.582,0.011,1.0,39.75758535501527,2.3,477.9913087860098,23.0,36.54348821028984,2.0,292.9611285785563,16.0,1.0,3.0,0.0
chr19-39480887-39480888-G-A,TWJF-10146-MO011-0021,0,0.205,2.81,0.18,1.9,11.896,46.818,0.01,2.0,1.024,47.937,0.01,0.059,0.0,282.69,24.57,163.75,18.45,46.81808564323271,0.019,47.936751587397005,0.023125,0.2053804347825973,0.8466256590959372,0.2683967391303952,0.8067571581962206,0.3167066918686032,0.2442487683147192,16953.49,53.010000000000005,18675.85,59.760000000000005,0.579,282.69,-0.1634891013792523,163.75,-1.074118155277502,95.53,0.24,67.7,0.18,282.69,0.06,163.75,0.04,0.967566,0.01,0.938453,0.01,4.0,9.0,456.6852893751565,1.2,414.3108362962455,1.0,4.0,0.0,0.0,667.0,80.928,0.147,0.0,282.69,8.225390092223392,163.75,8.034232623471036,282.69,9.326527680446013,163.75,8.203426089371286,1.0,3.0,0.0
chr22-39663731-39663732-G-T,mcdb044,0,0.44,4.398,1.01,9.3,0.0,2.95,0.11,2.0,1.953,5.76,0.38,0.075,0.0,27.725,102.835,82.516,142.45,160.77506901891886,0.2472499999999997,374.4823268372024,0.3911249999999989,0.6929076086955632,0.5605996183122645,1.4522282608694752,0.2769733341219913,0.241416361182928,0.1335049830377102,2.95,0.2299999999999999,5.76,0.48,2.976,17.15,0.11,159.41,0.38,14.01,0.54,49.7,1.2,20.25,0.18,55.65,0.36,0.5462,0.34,0.245423,0.82,13.0,9.0,537.157411716568,1.3,801.6106208174193,1.9,6.0,0.0,0.0,0.0,0.043,0.0,0.0,35.199784123108586,0.9,78.08003511961999,1.6,39.74477108926978,1.0,86.95208494176416,1.6,1.0,3.0,0.0
chr5-36955543-36955544-AT-A,TWJF-10146-MO011-0020,0,14.235,4.19,13.295,12.35,18.444,1775.906,0.12,2.0,0.995,1767.747,1.4,0.171,0.0,7729.478,256.24,9891.97,730.35,18044.712530763343,9.740625,15230.237707704968,7.589999999999999,46.22467391304348,0.0057062545405328,24.57923913043477,0.0091409658314441,0.0100245960056781,0.0976277478039264,7426.57,15.47,9562.46,47.77,1.28,4040.94,0.12,10221.48,1.4,14802.53,13.0,21734.48,32.0,36420.56,41.0,31953.41,25.0,0.000319,18.0,0.000275,19.0,0.0,9.0,8032.376809343154,20.0,2842.778048235646,2.8,6.0,0.0,0.0,1195.0,91.76,0.201,0.0,1775.9061041626708,1.3,1767.7465567911684,1.3,3813.203649498111,3.6,2513.564302999529,2.1,1.0,0.0,0.0
chr19-10634850-10634851-G-A,TWJF-5120-05,1,0.523,0.41,0.535,0.44,63.299,14.66,0.124,2.0,1.428,20.94,0.067,0.179,0.0,66.913,5.21,68.061,5.35,66.9128947817941,0.5228750000000002,68.06085309769794,0.5345000000000002,0.1241847826087223,0.898019544624589,0.0670652173913168,0.9368773936119024,0.5467506647109985,0.6989740431308746,14.66,2.27,20.94,3.46,1.017,66.913,-4.541938592078303,68.061,-4.81053661331765,113.51,0.56,119.68,0.62,43.16,0.16,61.51,0.21,0.352767,0.24,0.368371,0.23,5.0,9.0,9972.946142268209,31.0,10527.332102653643,33.0,7.0,0.0,0.0,1631.0,197.193,0.321,0.0,66.913,14.072671096451815,68.061,17.723476861164634,66.913,17.080642540175795,68.061,19.182848995606435,1.0,3.0,0.0
chr12-121827820-121827821-G-T,TWJF-5120-06,1,0.232,2.6,0.2,1.76,5.616,10.31,0.066,2.0,1.005,10.36,0.12,0.114,0.0,70.09,53.97,65.59,39.34,39.19860075362289,0.06625,43.71765331076082,0.12025,0.2318750000000022,0.8288827176088999,0.3317663043477949,0.766443456828152,0.2310152016580104,0.1509142592549324,10.31,1.36,10.36,1.38,0.936,70.09,0.6781159176047249,65.59,0.7239857684216924,70.09,0.32,65.59,0.28,228.15,0.18,246.2,0.19,0.471225,0.1,0.345735,0.15,7.0,10.0,1550.9601273084331,0.3,1422.3578464915408,0.2,6.0,0.0,0.0,209.0,23.498,0.239,0.0,70.09,6.260434998352603,65.59,6.129640779554899,70.09,5.867115770786752,65.59,5.897063134895866,1.0,3.0,0.0
chr20-44160259-44160260-G-A,TWJF-10146-MO011-0020,0,0.874,21.0,0.6,22.0,0.272,124.991,0.41,2.0,0.673,84.067,0.32,0.142,0.0,174.192,183.725,85.298,191.95,124.9907190353246,0.4194999999999998,84.06696801084358,0.283375,0.9274999999998812,0.4534232201630708,0.7039945652172861,0.5557110215684073,0.0506377890706062,0.0578049458563327,1349.51,2.75,303.91,0.99,0.49,151.51,0.44,61.47,0.22,149.84,0.82,75.79,0.62,508.01,0.63,382.42,0.54,0.35118,0.41,0.424628,0.32,1.0,9.0,236.03687283019391,1.1,228.49828361491845,1.0,1.0,0.0,0.0,29.0,2.638,0.103,0.0,174.94035359498196,1.0,82.96406059101324,0.6,173.4442872430279,1.0,86.52866434410524,0.6,5.0,3.0,0.0
chr14-67807848-67807849-C-A,mcdb045,0,4.8,2.38,5.53,2.03,1.842,3495.345,1.9,2.0,1.059,3702.457,1.9,0.061,0.0,5246.065,21.66,5619.847,19.25,8624.511315430142,2.508875,5510.41447569719,1.983125,18.61798913043478,0.0122558453659052,5.788070652173886,0.0435795982661168,0.0252736173570156,0.2699443288147449,5933.18,6.84,5892.39,5.66,1.071,4868.49,4.3,9623.04,7.1,7446.48,3.9,7169.76,3.8,5623.64,1.9,5729.28,1.9,0.003657,4.5,0.013936,2.4,0.0,9.0,4062.6458292605503,9.3,4335.136567304628,10.0,4.0,4.0,1.0,29.0,54.168,0.034,0.0,3495.3446117754183,5.1,3702.4568008014753,5.4,4080.5621794027297,5.8,4392.583238180584,6.1,1.0,3.0,1.0
chr4-95220142-95220143-A-C,TWJF-10146-MO011-0020,1,0.065,15.0,0.2,39.0,1.212,5.93,0.005,2.0,2.401,14.24,0.129,0.549,0.0,8.863,51.41,16.89,136.165,16.69820258144508,0.06075,24.884961845431405,0.14725,0.0052445652173958,0.9822444831526096,0.1285326086956786,0.8957218202674534,0.6850743219256401,0.2681753300130367,557.66,0.01,678.45,0.06,1.906,11.43,0.1,19.54,0.18,5.93,0.07,14.24,0.34,7.53,0.06,31.4,0.29,0.926488,0.03,0.471759,0.28,5.0,10.0,9.700267279585496,0.2,12.99139809440026,0.2,4.0,0.0,0.0,88.0,6.28,0.193,0.0,8.025646005558826,0.2,13.046078878429988,0.2,7.208086670710427,0.2,10.041994981519595,0.2,1.0,3.0,0.0
chr8-144443168-144443169-C-G,TWJF-10146-MD017-0016,1,0.08,0.01,0.04,0.01,10.787,6.79,0.019,2.0,4.077,27.68,0.011,0.137,0.0,31.291,59.4,28.961,63.03,31.29068977709279,0.0195,28.96148728285804,0.01075,0.2499184782608381,0.8186223932694936,0.0214130434782759,0.9684601446123744,0.1491772122681141,0.6698692291975021,200.0,2.26,256.23,2.75,0.926,31.291,0.1293172373890237,28.961,-0.0128357421880895,6.79,0.08,27.68,0.5,7.62,0.03,12.7,0.04,0.738823,0.04,0.812934,0.03,5.0,9.0,423.3740473427198,0.3,503.39367272195074,0.5,5.0,0.0,0.0,566.0,38.943,0.277,0.0,31.291,6.063420571260847,28.961,6.07291270225438,31.291,5.645718299613782,28.961,5.719685519201551,1.0,3.0,0.0
chr3-64686659-64686660-C-T,mcdb041_new,0,1.965,34.05,2.65,16.53,0.0,130.904,0.34,2.0,0.928,121.419,0.46,0.094,0.0,1329.405,765.23,1569.522,196.18,130.90358831378637,0.3417499999999997,121.4190119120496,0.3206249999999997,0.8208423913042395,0.5001401552041045,0.5982065217390868,0.6087812983236323,0.1162959188222885,0.2204675562679767,1903.83,1.83,3570.23,2.78,1.181,3202.49,3.2,3962.45,3.6,1085.26,2.1,1709.59,2.6,2161.62,1.7,4180.14,2.7,0.260835,0.34,0.186314,0.46,3.0,9.0,1318.6091434272448,2.9,674.1863303391938,1.4,4.0,0.0,0.0,237.0,5.454,0.0,0.0,1231.4874774093655,2.9,1248.619174737498,2.9,1340.2011924020917,3.1,1429.453393484239,3.3,1.0,3.0,0.0
chr20-36194213-36194214-G-A,TWJF-10146-MO011-0021,1,0.36,0.48,11.299,1.47,12.554,10.36,0.08,2.0,503.846,5219.84,4.6,0.085,0.0,23.772,19.57,4062.402,56.17,97.51313039711512,0.2292499999999999,20746.730199503545,11.598250000000004,0.8858967391303167,0.4705415582533019,62.74467391304348,0.0048286849472268,0.001950375677552,0.000886371366505,10.36,0.4,5219.84,8.97,170.889,23.28,0.12,6157.5,6.1,21.49,0.41,6646.79,20.0,20.1,0.08,1810.51,4.6,0.350352,0.32,0.00642,11.0,4.0,9.0,476.8841656614147,0.3,2904.964926184022,6.9,9.0,0.0,0.0,2032.0,89.036,0.141,0.0,24.26442476584879,0.4,1073.9152263432431,12.0,27.44163604231195,0.5,1060.2541963086055,12.0,1.0,3.0,0.0
chr14-104713520-104713521-G-A,mcdb046,0,31.42,3.59,30.0,2.9,107.577,9447.755,18.0,1.0,1.699,16053.811,16.0,0.231,0.0,19303.596,188.625,15542.387,137.31,27157.48537627761,20.860125,25428.728249353797,16.466125,99.28660326086955,0.0037164249001898,99.28660326086955,0.0039647899951057,0.0004967525601387,0.0007938295602798,19814.05,31.840000000000003,19648.79,31.52,0.805,18889.38,25.0,12685.15,16.0,19717.81,39.0,15881.05,29.0,14561.08,18.0,13426.0,16.0,0.000111,33.0,0.000205,27.0,0.0,9.0,9447.75502346994,31.0,16053.811300076117,43.0,9.0,0.0,0.0,439.0,219.544,0.49,0.0,21627.18523727016,37.0,14256.075936021847,31.0,10231.75188102748,26.0,15203.724803055882,31.0,1.0,3.0,0.0
chr10-53811610-53811611-G-A,mcdb047,0,0.091,0.27,0.113,7.19,0.0,11.75,0.02,2.0,2.143,25.18,0.01,0.264,0.0,109.109,45.16,80.306,415.44,45.32914261662132,0.08175,52.31230684456235,0.11675,0.1947010869565133,0.8530672545608661,0.2636413043478001,0.809516032775631,0.3221029937267303,0.273258563131094,501.02,0.02,491.38,0.01,0.736,53.92,0.1,32.78,0.07,17.12,0.06,23.05,0.11,11.75,0.03,25.18,0.04,0.759349,0.07,0.729154,0.08,9.0,9.0,236.03687283019391,0.5,141.94766797100098,0.3,3.0,0.0,0.0,0.0,0.0,0.0,0.0,164.29713866601648,0.3,108.30038487197449,0.3,181.11732697143736,0.4,122.7326185033404,0.3,5.0,3.0,0.0
chr12-130361524-130361525-G-A,mcdb048,0,55.0,25.0,54.5,25.0,0.0,4704.571,14.0,2.0,1.306,6144.973,17.0,0.081,0.0,27169.5,1144.805,28755.06,1149.765,32610.133692435804,75.113125,32466.54211858247,75.113125,99.28660326086955,0.0031572071455324,99.28660326086955,0.0031694475135878,0.004480039817281,0.0043656173220369,17245.77,22.45,26361.62,42.47,1.058,24106.93,38.0,25150.03,41.0,30232.07,63.0,32965.5,76.0,31273.1,55.0,31148.5,54.0,3e-06,96.0,3e-06,96.0,0.0,10.0,50000.0,55.0,50000.0,55.0,10.0,0.0,0.0,0.0,0.393,0.0,0.0,5992.664991901947,17.0,5992.664991901947,17.0,4704.570705758718,14.0,6144.97329701991,17.0,1.0,3.0,0.0
chr10-69343941-69343942-C-A,TWJF-10146-MO011-0026,1,0.125,13.14,0.573,14.93,15.564,10.02,0.03,2.0,3.032,30.38,0.05,0.077,0.0,31.813,75.375,115.571,89.75,40.95034392381877,0.130375,90.14438624195073,0.4207499999999997,0.3956249999999954,0.726631165118106,0.7247282608694405,0.5463956440828636,0.0733992442546878,0.066324762214208,623.87,0.03,691.44,0.05,3.633,12.77,0.12,71.42,0.76,10.02,0.08,30.38,0.37,10.6,0.05,35.88,0.25,0.834158,0.05,0.594574,0.24,2.0,10.0,973.9685259346436,0.4,1967.7864831100464,1.2,1.0,0.0,0.0,2851.0,111.174,0.14,0.0,32.99134337888644,0.3,161.5846120949001,1.8,30.634443822980103,0.3,140.9970414753536,1.6,1.0,3.0,0.0
chr17-76293230-76293231-C-A,TWJF-10146-MO011-0021,1,2.94,8.29,12.0,10.27,0.964,52.377,0.418,2.0,79.914,4185.623,3.42,0.132,0.0,220.147,72.7,4456.362,96.09,52.37658093583673,0.4176249999999999,4185.623418796495,3.4198750000000016,0.5194836956521129,0.6532136425970597,10.23198369565216,0.0230452745202034,0.0436229626648128,0.0083716780136455,719.31,3.78,13183.59,27.02,20.243,370.23,2.1,12839.95,25.0,194.27,4.4,4727.1,19.0,324.25,2.0,5058.2,12.0,0.174561,1.1,0.007292,8.1,3.0,9.0,192.1761205734247,4.5,1039.2947723310567,15.0,2.0,0.0,0.0,107.0,3.557,0.271,0.0,199.31959681217592,5.7,312.284191599001,8.0,240.9738964066676,6.6,497.70270370667504,12.0,1.0,3.0,0.0
chr11-120446485-120446486-C-G,TWJF-5120-09,1,1.25,7.1,0.6,12.0,16.278,29.01,0.06,2.0,0.982,28.49,0.03,0.06,0.0,706.576,424.26,294.223,663.1,62.30052327939099,0.198125,55.155629960109465,0.141,0.3717391304347615,0.7411247778879891,0.3495380434782333,0.7555423013691887,0.2095771059393882,0.1977768465876579,29.01,4.15,28.49,4.01,0.416,12513.25,3.8,7348.52,1.9,4625.9,6.8,2456.44,3.9,1390.98,0.43,533.29,0.18,0.403814,0.06,0.559054,0.03,6.0,9.0,1332.953664331198,1.6,837.065307307968,0.7,6.0,0.0,0.0,4228.0,133.427,0.122,0.0,80.19919332470803,2.7,51.30621774742319,1.1,45.6698936204814,0.9,33.46801847093272,0.5,1.0,3.0,0.0
chr12-42237607-42237608-G-A,TWJF-10146-MO011-0020,0,3.55,0.6,9.6,0.28,12.616,146.631,0.98,2.0,3.703,543.001,1.6,0.167,0.0,1026.619,89.44,4374.483,52.49,12190.158672597492,6.417250000000003,21690.22927638984,13.856625000000005,27.61739130434782,0.0084389494751014,46.22467391304348,0.005229730791177,0.0137156210839748,0.035760149359703,5003.79,0.98,5357.71,1.6,4.261,1276.67,4.9,5006.31,13.0,280.65,2.1,1121.07,4.3,266.12,1.6,2547.33,5.3,0.0452,2.2,0.00633,6.2,5.0,11.0,146.6307891829882,1.9,543.0008913856493,5.5,2.0,0.0,0.0,730.0,67.108,0.188,0.0,1836.1577920579432,19.0,5570.702938114213,38.0,776.5689108174131,8.4,3742.65676272596,30.0,1.0,3.0,0.0
chr11-59862688-59862689-A-T,JLF-100-042,1,1.379,0.7,3.4,0.94,0.434,71.41,0.7,2.0,6.225,444.5,3.4,0.287,0.0,741.39,74.34,2987.81,87.9,194.5006354090892,1.357750000000001,209.5455002697712,1.4332500000000008,0.9970652173911532,0.4242116413144877,1.1919565217390158,0.3523260971781828,0.1385004953481257,0.073225504,97.17,12.09,1547.95,46.2,4.03,17763.08,9.8,22770.07,15.0,71.41,0.7,444.5,3.4,1288.28,1.4,4427.67,3.4,0.041307,1.1,0.013964,2.2,2.0,8.0,10527.332102653643,7.3,14407.494213837925,14.0,4.0,0.0,0.0,4.0,0.434,1.0,0.0,741.39,12.441409011301907,2987.81,19.673282287644135,741.39,12.171706170587058,2987.81,18.6426104901298,1.0,3.0,0.0
chr5-13824316-13824317-C-A,mcdb047,0,0.225,2.4,0.766,14.0,0.0,2.56,0.01,2.0,1.086,2.78,0.02,0.4,0.0,30.985,19.92,75.915,136.585,70.27351464066483,0.39125,93.68935932243298,0.6413750000000001,0.1226630434782833,0.8996256982067792,0.2556793478260744,0.8141982262901958,0.5651958398520947,0.4419109337031841,2.56,0.01,2.78,0.02,2.45,30.98,0.06,174.0,0.27,15.12,0.16,58.14,0.92,44.74,0.1,292.37,0.47,0.207024,0.29,0.052069,0.89,6.0,9.0,4335.136567304628,9.2,5044.1543035179475,13.0,2.0,0.0,0.0,0.0,0.076,0.0,0.0,30.98917396400573,46.0,28.067905134105697,39.0,20.11083023790844,26.0,17.275475103062927,21.0,1.0,3.0,0.0
chr6-26055810-26055811-C-G,mcdb041_new,0,18.406,6.68,28.355,9.1,90.088,7856.86,0.64,2.0,1.182,9285.1,0.98,0.089,0.0,13774.287,842.34,20864.272,875.03,23954.823381631017,18.811875,24572.387529700107,20.137125,62.74467391304348,0.0044437312302854,62.74467391304348,0.0044313278569818,0.0167692452669143,0.0229637399315834,9207.59,40.57,8772.29,32.71,1.515,7856.86,0.64,9285.1,0.98,14564.23,13.0,16404.99,17.0,36803.61,43.0,39101.66,56.0,0.001828,7.2,0.001305,8.6,0.0,9.0,43911.91370280116,87.0,50000.0,90.0,3.0,0.0,0.0,2609.0,638.923,0.141,0.0,12984.343613501023,18.0,17156.156529297263,24.0,10526.645556063102,14.0,27057.645344007207,38.0,6.0,3.0,0.0
chr12-56356201-56356202-C-A,TWJF-10146-MO011-0020,0,0.315,1.83,8.8,12.67,39.234,8.77,0.08,2.0,448.506,3933.4,6.9,0.248,0.0,42.418,117.48,2592.435,1061.48,63.465696361497855,0.4364999999999997,8474.980641156482,4.833500000000002,0.2589673913043242,0.8122391868089529,18.61798913043478,0.0128431669214357,0.3313369415700435,0.0338699109852314,5486.59,2.71,5735.49,97.93,61.116,12.03,0.1,1712.12,5.8,11.6,0.25,3472.75,8.2,8.77,0.08,3933.4,6.9,0.429163,0.33,0.001188,13.0,3.0,10.0,21.370196287707714,0.3,688.9344191199156,6.4,10.0,9.0,0.0,2021.0,192.323,0.204,0.0,92.35916544727452,1.3,1310.6296842488227,9.4,74.95834685915418,1.1,1471.7024064056125,10.0,1.0,3.0,1.0
chr9-70610710-70610711-C-A,TWJF-10146-MO011-0021,0,0.902,11.0,0.95,8.6,0.0,10.181,0.3,2.0,4.355,44.341,0.8,0.095,0.0,916.106,413.01,1332.254,588.495,218.8936631099581,0.8039999999999997,166.05656200670242,0.6127499999999999,1.41483695652164,0.2872832559440277,1.2147010869563957,0.3451633529966803,0.0004779256441906,0.0004506968607529,1284.25,4.84,3764.23,9.69,1.454,1365.67,0.44,2434.35,0.77,1097.07,1.4,2065.97,2.2,5509.93,1.4,4325.16,1.1,0.09036,0.59,0.128311,0.43,1.0,9.0,735.1427907623246,1.0,598.5373721582038,0.7,3.0,0.0,0.0,46.0,1.512,0.0,0.0,10.181458607826093,0.3,44.34146115146404,0.8,27.012824685299165,0.5,92.37830726599157,1.4,1.0,3.0,0.0
chr2-203183355-203183356-G-A,mcdb041_new,0,1.5,2.82,0.8,27.38,1.711,423.087,0.39,2.0,0.525,222.039,0.25,0.111,0.0,857.765,153.46,303.01,2183.09,550.6569887225864,0.7944999999999997,238.49726176844476,0.5082499999999994,2.2920108695651606,0.1438295120794572,1.4610869565216404,0.2745218479862753,0.0063774175941944,0.0061673633754253,9205.93,5.800000000000001,1846.93,1.7999999999999998,0.353,922.55,1.5,409.54,0.8,792.98,1.8,299.47,0.93,1131.17,1.0,306.55,0.44,0.216725,0.39,0.359027,0.25,1.0,9.0,1290.3815441454742,2.8,883.5969186971492,1.9,7.0,0.0,0.0,181.0,19.443,0.088,0.0,423.0873106031548,1.2,222.03937694154823,0.7,537.2420529584251,1.5,273.6339628018705,0.8,5.0,3.0,0.0
chr9-97655737-97655738-C-G,TWJF-5120-09,1,1.88,1.44,1.264,3.97,6.104,169.13,0.32,2.0,1.163,196.75,0.27,0.053,0.0,649.089,43.91,584.42,142.65,305.95739271347475,1.6605000000000003,139.7108242979156,0.8332499999999999,1.60233695652164,0.2425937025860484,0.9274999999998812,0.4530365721750968,0.027433056384325,0.0807626396417617,169.13,24.09,196.75,26.22,0.9,2867.71,0.58,1542.89,0.29,1283.42,2.1,860.02,1.6,992.22,0.32,836.05,0.27,0.027778,1.1,0.05307,0.67,6.0,9.0,4429.969369593865,12.0,5441.03041320878,15.0,9.0,0.0,0.0,566.0,28.259,0.216,0.0,285.2134487023485,19.0,332.78979486102355,22.0,182.2342484280203,9.5,176.8601544728844,9.1,1.0,3.0,0.0
chr16-676879-676880-C-T,TWJF-10146-MO011-0021,0,0.605,1.31,0.355,0.52,0.296,28.93,0.271,2.0,1.289,37.29,0.098,0.066,0.0,55.903,14.55,33.1,9.01,35.04289283887495,0.2706249999999999,19.97373549699304,0.098375,0.4245652173912759,0.7086621011496281,0.2510054347825985,0.8168498620905382,0.0055592733551748,0.0225748387747444,28.93,0.54,37.29,0.64,0.592,64.74,0.61,28.91,0.31,32.59,0.74,12.58,0.17,61.79,0.54,19.5,0.18,0.012469,6.1,0.059774,2.4,14.0,10.0,53.606933103778,0.6,40.90220409919967,0.4,4.0,0.0,0.0,69.0,1.7,0.174,0.0,58.198259947206346,1.0,58.332420792104195,1.0,62.55902910493754,1.1,54.86431989497877,0.9,1.0,3.0,0.0
chr10-125719858-125719859-G-T,TWJF-10146-MO011-0020,1,0.53,3.54,0.325,2.24,10.12,63.833,0.185,2.0,0.85,54.26,0.132,0.227,0.0,175.671,170.5,86.631,92.12,63.83272560393703,0.18475,54.26037365442863,0.13175,0.3542391304347632,0.7519870930917447,0.1383423913043628,0.8891488257542648,0.2324750004336238,0.4628284201025963,1546.03,2.99,532.18,1.49,0.493,72.1,0.25,28.74,0.12,66.92,0.55,32.77,0.34,344.43,0.51,163.4,0.31,0.438047,0.3,0.516374,0.23,3.0,9.0,659.7539553864469,3.0,446.9089812017916,2.0,3.0,0.0,0.0,612.0,35.758,0.283,0.0,180.67164550314885,1.0,88.89759256417314,0.6,170.6711048779632,0.9,84.3645511010283,0.6,1.0,3.0,0.0
chr19-56824474-56824475-G-A,TWJF-5120-11,0,1.1,0.92,1.094,8.47,0.0,31.16,0.43,2.0,2.053,63.96,0.67,0.255,0.0,134.572,67.52,172.639,604.29,136.10484254815898,0.8051249999999991,193.7772068849337,0.988374999999999,0.8003804347824826,0.5098739202280556,0.7058152173912049,0.5554116896290742,0.1379990242421627,0.2867282517254352,31.16,0.59,63.96,0.96,1.283,49.11,0.43,85.79,0.67,87.7,1.5,119.38,1.6,133.04,1.0,151.5,1.2,0.295274,1.2,0.462012,0.71,6.0,9.0,573.1857601663112,1.3,696.4290085710637,1.7,8.0,0.0,0.0,2.0,2.107,0.0,0.0,185.9901736909381,2.7,199.75147734357688,2.8,162.49874080474385,2.4,214.70887678612416,3.0,1.0,3.0,0.0
chr6-116792682-116792683-C-T,TWJF-10146-MO011-0026,0,0.835,0.24,22.401,0.26,0.0,33.12,0.25,2.0,611.668,20258.44,18.0,0.075,0.0,461.16,42.61,22806.97,44.3,528.1291627788261,0.6931249999999991,31077.467156602823,20.802375,2.012282608695557,0.1745485706727478,99.28660326086955,0.0033566852162579,0.0599477842915803,0.0086362606380134,394.19,0.8699999999999999,14589.27,6.529999999999999,49.456,2085.73,2.2,25355.5,24.0,33.12,0.25,20258.44,18.0,1638.75,0.93,37130.0,35.0,0.140891,0.8,9e-06,45.0,5.0,11.0,323.0352995794819,0.5,5500.220791866743,9.7,2.0,0.0,0.0,0.0,0.0,0.0,0.0,461.16,1.958934324419292,22806.97,20.195296775116,461.16,2.9834419291138667,22806.97,17.619003559965023,1.0,3.0,0.0
chr2-241133027-241133028-G-T,mcdb045,0,1.16,7.3,1.24,7.5,0.0,153.727,0.449,2.0,1.108,170.355,0.39,0.051,0.0,1294.294,31.435,1299.644,35.1,153.72723065937257,0.4488749999999997,170.35538564379132,0.4828749999999997,0.6972554347825053,0.559353678623131,0.3898369565217194,0.7298555961013365,0.22768060490489,0.469366330653429,3616.82,0.72,4211.31,0.98,1.004,2321.68,2.6,2092.88,2.4,1517.76,1.6,1525.99,1.6,4678.45,1.6,3986.57,1.5,0.231826,0.5,0.278002,0.44,1.0,9.0,508.8698527539727,0.5,471.7521981623594,0.5,7.0,0.0,0.0,11.0,15.128,0.0,0.0,947.305371740848,1.7,1005.7499044877452,1.9,1070.8286938621864,2.0,1073.297208942186,2.0,1.0,3.0,0.0
chr2-99327534-99327535-C-G,TWJF-10146-MO011-0020,0,0.358,4.2,0.472,4.5,8.511,42.02,0.02,2.0,1.925,80.87,0.02,0.532,0.0,78.325,14.225,95.762,14.565,84.79097747643485,0.394625,93.88394187514668,0.47925,0.3216847826086848,0.7720604150495357,0.4646195652173617,0.6841607769381673,0.3417229764163494,0.2433459721505642,88.7,15.6,86.56,15.32,1.223,65.74,0.02,102.01,0.02,42.02,0.04,80.87,0.07,54.44,0.02,63.6,0.02,0.470186,0.05,0.424436,0.06,7.0,9.0,1501.42527646561,1.9,1904.938955172279,2.9,8.0,0.0,0.0,507.0,44.561,0.191,0.0,78.19338244488362,2.6,141.30905757967076,6.4,78.45669329121989,2.6,97.6405011921892,3.7,5.0,3.0,0.0
chr6-46856757-46856758-T-C,mcdb044,1,1.023,3.801,0.702,3.3,0.0,61.42,0.12,2.0,0.568,34.91,0.16,0.068,0.0,552.909,93.53,274.512,93.9,463.6680227291533,0.7933749999999998,344.2834177275114,0.6444999999999995,1.2529347826086052,0.3327242962268261,0.9620652173911992,0.4380573246539002,0.2666658386588096,0.3112271428108215,820.85,2.02,204.74,0.76,0.496,61.42,0.17,34.91,0.09,642.15,0.46,692.67,0.48,136.67,0.16,157.87,0.18,0.561866,0.12,0.488833,0.16,2.0,8.0,2289.620754290416,1.3,2664.091477136258,1.8,4.0,0.0,0.0,16.0,28.684,0.0,0.0,161.0756898480011,1.6,109.15157330802886,1.0,2191.088906374521,14.0,1793.3291175403117,13.0,1.0,3.0,0.0
chr16-30121827-30121828-C-T,mcdb045,1,0.436,2.2,0.906,17.35,3.924,42.553,0.04,2.0,1.654,70.393,0.11,0.053,0.0,121.112,22.865,205.615,94.225,42.55307394561998,0.099875,70.39265763478312,0.366375,0.2619565217391226,0.809874228200589,0.6116576086955803,0.60217339509358,0.2172289602458477,0.0629818998277187,545.92,2.14,1540.5,4.91,1.698,557.26,0.23,451.63,0.19,137.41,0.61,228.5,1.2,65.69,0.04,182.73,0.11,0.73311,0.04,0.427326,0.18,2.0,9.0,1864.1597343160688,4.1,2054.8203260098107,5.1,8.0,0.0,0.0,46.0,45.103,0.087,0.0,104.8141700960583,6.6,113.34960211899448,7.1,62.20280938357529,3.8,63.50530409723458,3.8,1.0,3.0,0.0
chr17-28724566-28724567-G-C,TWJF-10146-MO011-0024,0,3.1,2.32,7.05,8.95,6.14,136.047,0.394,2.0,5.795,788.458,1.115,0.473,0.0,1459.62,113.71,3346.236,534.45,136.04676967348655,0.39425,788.4577939105968,1.1147500000000004,0.496684782608682,0.6657754453803215,1.9543478260868736,0.1824763804700908,0.3214925937354564,0.1852474622428417,6166.72,18.49,6411.72,30.77,2.293,1045.15,1.3,3348.77,2.8,2565.09,6.7,8478.89,14.0,1874.09,1.3,7264.01,3.2,0.091726,1.1,0.007941,4.1,5.0,9.0,2579.005231766049,8.9,3343.7015248821103,13.0,8.0,0.0,0.0,1442.0,12.48,0.492,0.0,531.5939137058374,4.9,1572.4614238847942,10.0,994.5806371983516,7.3,1984.4492645996052,13.0,1.0,3.0,0.0
chr8-38976734-38976735-C-T,TWJF-10146-MD017-0016,0,4.949,0.06,4.35,0.3,5.064,136.66,0.94,2.0,6.065,828.82,3.0,0.477,0.0,512.972,13.22,845.815,29.04,12351.598941730166,6.478375000000002,5073.15325567167,3.5365000000000006,27.61739130434782,0.008098243941697,12.187228260869546,0.0191225717281223,0.0055829435586929,0.0072974972426891,5600.05,66.64,5603.24,71.3,1.649,206.66,1.6,862.81,3.9,1332.95,5.5,1073.58,5.1,136.66,0.94,828.82,3.0,0.024087,3.2,0.006291,6.2,4.0,10.0,560.9155146332499,5.6,423.3740473427198,4.4,4.0,0.0,0.0,152.0,6.994,0.724,0.0,465.02896029845544,4.4,446.1490781835362,4.3,382.6661086148905,3.7,357.94804930233204,3.5,1.0,3.0,0.0
chr19-47544848-47544849-C-T,TWJF-10146-MO011-0021,0,1.885,7.0,1.302,11.0,0.121,86.76,0.88,2.0,0.466,40.46,0.41,0.074,0.0,202.364,16.08,107.64,22.18,623.594273064679,1.6186249999999995,329.80484759858194,1.2549999999999994,1.4691847826085933,0.2729743085910031,0.8677173913042395,0.4785401162543064,0.267837974242866,0.3455459680408239,252.13,2.07,120.1,1.35,0.532,104.3,0.88,38.45,0.41,86.76,2.8,40.46,1.8,257.72,1.7,136.55,1.0,0.153853,1.2,0.260138,0.68,4.0,9.0,828.0572666536243,13.0,645.6305357438321,12.0,8.0,0.0,0.0,19.0,1.148,0.105,0.0,152.59840701032135,4.7,95.18094229146205,3.1,136.4488877780895,4.2,84.52204573829083,2.8,1.0,3.0,0.0
chr19-39830745-39830746-G-A,TWJF-10146-MO011-0021,0,0.367,1.4,7.2,1.7,2.476,17.37,0.04,2.0,3.428,59.54,1.0,0.052,0.0,112.498,25.95,5229.88,29.8,103.6556992891208,0.3345,12390.160520457166,18.699000000000005,0.6837228260868784,0.5656286838769258,24.57923913043477,0.0090896496354985,0.1266903858631849,0.0393626445438712,637.16,3.15,7245.95,15.37,46.489,66.67,0.04,3213.81,1.0,121.34,0.14,13070.67,14.0,623.63,0.14,21264.6,9.0,0.444825,0.07,0.002969,5.4,9.0,9.0,520.0015791455069,0.6,1109.0025961138124,1.9,9.0,0.0,0.0,696.0,19.808,0.125,0.0,17.370407225176326,0.4,59.5401603598416,1.1,24.297970474721367,0.5,79.53714539340784,1.3,1.0,3.0,0.0
chr9-133579048-133579049-C-G,mcdb041_new,0,0.696,1.1,1.281,1.3,0.117,234.383,0.32,2.0,1.734,406.532,0.55,0.144,0.0,630.41,18.25,1263.13,22.85,234.3834556433412,0.5746249999999994,406.5315434383546,0.7316249999999992,0.6313586956520965,0.592316985924511,1.2627173913042355,0.3298433111011449,0.381634458899498,0.2268864102661609,4812.3,1.41,5036.03,1.66,2.004,264.18,0.39,1754.96,2.1,659.75,0.76,1262.76,1.3,601.07,0.32,1263.5,0.55,0.118077,0.77,0.043036,1.4,4.0,10.0,973.9685259346436,0.5,1318.6091434272448,0.8,6.0,0.0,0.0,13.0,0.759,0.154,0.0,480.9168568421102,0.8,579.5220968253807,1.1,739.809663784008,1.4,751.8306037936071,1.4,1.0,3.0,0.0
chr3-33397056-33397057-G-A,TWJF-10146-MO011-0026,1,0.062,0.51,0.15,1.3,141.528,9.22,0.014,2.0,1.077,9.93,0.023,0.462,0.0,17.977,13.515,26.418,21.13,24.717596906840537,0.0141249999999999,26.38421613911591,0.022625,0.0538586956521953,0.9456552151505996,0.1013858695652203,0.9138549698508732,0.465852290391922,0.3438928043469786,713.33,0.05,1869.16,0.19,1.47,9.26,0.07,11.55,0.11,12.58,0.22,16.66,0.34,9.22,0.04,9.93,0.04,0.924221,0.02,0.931342,0.01,12.0,9.0,497.9764243550323,0.6,573.1857601663112,0.7,5.0,0.0,0.0,2687.0,220.448,0.642,0.0,17.802049324061247,0.4,26.452699596373936,0.6,18.151812632293183,0.4,27.09692442121267,0.6,1.0,3.0,0.0
chr20-56399047-56399048-C-T,mcdb041_new,0,0.306,9.69,1.391,8.6,2.268,66.22,0.04,2.0,7.68,508.6,0.19,0.062,0.0,92.019,88.9,1372.312,76.18,88.25853149856727,0.251625,146.77062297109737,0.5285,0.1211956521739239,0.9000643313544197,0.881277173912963,0.4730374999798275,0.6291320249438286,0.1170355975627899,95.78,0.88,1735.81,5.84,14.913,66.22,0.04,508.6,0.19,261.59,0.36,1700.36,1.9,376.03,0.09,2310.97,0.51,0.461375,0.06,0.175211,0.32,6.0,9.0,392.4925723107973,0.4,2192.641718942874,5.6,3.0,0.0,0.0,1202.0,22.016,0.103,0.0,82.18830047265784,1.3,1044.2632633165797,9.3,72.53873873021506,1.2,733.7869773741227,7.4,1.0,3.0,0.0
chr2-159412485-159412486-T-G,mcdb046,1,2.73,3.7,2.05,3.8,45.209,579.421,1.254,2.0,0.859,497.976,1.172,0.209,0.0,1318.83,137.075,736.155,115.885,855.42275745992,1.254499999999999,721.7942603477812,1.1718749999999991,2.760054347826,0.1084686698259975,2.5436413043477444,0.1222892530135944,0.0361182577908039,0.027797881513834,5644.5,65.75,5591.8,8.89,0.558,1431.3,3.4,704.79,2.1,1517.76,2.7,711.66,2.0,999.68,1.6,1022.66,1.6,0.086092,1.7,0.092603,1.6,1.0,9.0,579.4211750802284,1.7,497.9764243550323,1.3,6.0,0.0,0.0,240.0,171.897,0.263,0.0,1348.3418052460831,3.3,792.1364541528503,2.5,1289.317863927289,3.3,750.5160773215424,2.5,1.0,3.0,0.0
chr2-7014482-7014483-C-G,mcdb045,0,2.5,27.0,2.0,35.0,2.601,98.238,0.306,2.0,0.792,77.806,0.226,0.064,0.0,2592.972,98.045,2454.983,156.855,98.2383679217756,0.3061249999999999,77.80609715237024,0.225875,0.3717391304347615,0.7417107589113947,0.235190217391306,0.827466951703549,0.3354732915759086,0.4164210855960846,5746.12,3.77,5198.19,1.9,0.947,3778.93,3.6,3787.32,3.6,2664.09,2.2,2523.8,2.1,2775.1,0.98,2512.68,0.93,0.157106,0.65,0.326756,0.38,0.0,9.0,2264.981103527669,4.4,2390.8891056788234,4.7,5.0,0.0,0.0,46.0,17.114,0.152,0.0,1719.8477398246353,2.8,1676.8337247806874,2.7,2521.854348655438,3.9,2397.286832734798,3.8,1.0,3.0,0.0
chr2-232882260-232882261-C-G,mcdb041_new,0,3.25,11.97,0.2,21.85,0.915,698.699,0.5,2.0,0.134,93.603,0.1,0.082,0.0,3122.795,118.85,80.892,319.89,27026.10859574473,17.127999999999997,1986.069911966386,1.4989999999999983,62.74467391304348,0.0042518921417413,4.585733695652138,0.0560861793869428,0.0373606197535991,0.0648117661476135,32948.39,55.31,43.63,0.21,0.026,3700.47,3.4,68.18,0.11,2904.96,3.1,28.93,0.05,3340.63,1.5,35.0,0.06,0.005785,4.5,0.384449,0.29,0.0,11.0,864.6816701021309,1.0,202.85899618985857,0.2,2.0,0.0,0.0,57.0,1.93,0.474,0.0,698.6988042413926,0.5,93.60304995745705,0.1,872.248035516512,0.5,225.237137847352,0.2,1.0,3.0,0.0
chr10-120575231-120575232-A-T,mcdb045,0,1.935,7.4,6.6,14.0,0.0,497.03,0.59,2.0,9.093,4519.44,2.8,0.052,0.0,966.496,17.85,4540.797,28.5,960.611892979492,1.0235,10237.35229878571,3.6375,2.741494565217323,0.1096788410651344,24.57923913043477,0.0097614105194416,0.0714775621891021,0.0073080174624919,2312.09,2.07,8319.26,5.3,4.698,972.38,1.6,8884.71,6.5,780.22,1.8,4454.0,5.2,497.03,0.59,4519.44,2.8,0.037457,1.5,0.001637,6.7,2.0,9.0,1746.9855106325765,4.0,3343.7015248821103,7.9,9.0,6.0,0.0,15.0,6.32,0.0,0.0,817.3912794171929,2.1,3736.1990011579087,7.5,1049.953341398421,2.6,4562.154617407188,8.7,1.0,3.0,1.0
chr1-110198312-110198313-C-A,TWJF-10146-MO011-0020,0,0.14,11.0,0.195,16.0,0.149,4.52,0.02,2.0,1.865,8.43,0.02,0.251,0.0,5.386,42.06,9.177,74.375,34.95401126183272,0.044625,36.01793895207545,0.047625,0.3529076086956451,0.7532371762754031,0.4212500000000005,0.7098510705215803,0.0690364874899387,0.0147234052419662,3535.16,1.09,3749.67,1.3299999999999998,1.704,4.72,0.02,7.44,0.02,4.52,0.08,8.43,0.19,5.01,0.02,9.03,0.03,0.947304,0.02,0.943053,0.02,3.0,9.0,186.03836416012683,0.3,221.20046325357347,0.4,6.0,0.0,0.0,16.0,0.795,0.188,0.0,4.893053902171303,0.2,7.4572722740827535,0.2,5.762885621032562,0.2,9.324810182613051,0.3,2.0,3.0,0.0
chr13-52099854-52099855-C-T,TWJF-10146-MO011-0021,0,0.885,17.0,0.661,10.97,0.528,72.506,0.156,2.0,1.308,94.854,0.225,0.071,0.0,105.99,68.995,55.805,50.725,72.50559867579521,0.15625,94.85403543419,0.225,0.4630163043478035,0.6849750128842492,0.5213315217390857,0.6517673328208421,0.1734721497632563,0.2048630826175212,122.93,1.53,47.27,0.96,0.527,216.03,0.57,110.23,0.36,110.68,1.8,52.74,0.95,101.3,0.47,58.87,0.3,0.454372,0.18,0.429012,0.21,6.0,9.0,1318.6091434272448,1.8,1121.0669072114465,1.3,5.0,0.0,0.0,43.0,1.42,0.372,0.0,73.78532592711827,1.2,46.55539330858012,0.8,83.25493766863777,1.4,51.0987174833731,0.9,1.0,3.0,0.0
chr1-169730602-169730603-C-T,TWJF-10146-MO011-0026,0,2.4,14.16,0.64,13.29,1.819,279.759,1.212,2.0,0.229,64.114,0.277,0.178,0.0,3033.45,2657.84,1347.454,2502.57,279.7590522779352,1.2116250000000004,64.11361847430732,0.2767499999999999,1.2398097826085603,0.3371896936916713,0.5001630434782243,0.6639781701619392,0.1336235883645713,0.1126658702269196,22983.38,44.5,10230.3,24.25,0.444,3033.45,3.975113027281014,1347.454,0.9461834257375596,347.81,2.4,52.9,0.64,9726.78,4.2,2447.29,1.6,0.007466,2.7,0.072506,0.8,2.0,11.0,3033.4495271226524,2.1,1347.454232446704,0.4,2.0,0.0,0.0,387.0,12.996,0.14,0.0,3033.45,7.071300963018912,1347.454,8.155186105879498,3033.45,8.679465923171495,1347.454,7.887973555258535,1.0,3.0,0.0
chr4-75919946-75919947-T-C,mcdb047,0,4.32,0.54,5.665,1.27,5.529,8.876,0.28,2.0,1.754,15.567,0.92,0.444,0.0,111.902,21.34,499.057,47.7,77.58345101707928,0.47125,224.164878232517,1.5012500000000006,0.3253532608695622,0.7701726159822373,1.2724728260868403,0.3268554283543671,0.314311258494854,0.0596298985183239,15.02,2.34,27.81,4.63,4.46,13755.66,7.0,13207.71,6.7,1235.73,7.8,2469.77,13.0,146.22,0.28,773.95,0.92,0.086985,0.62,0.026395,1.5,2.0,9.0,3529.574501098987,6.3,3932.892296828435,7.8,9.0,0.0,0.0,26.0,13.071,0.423,0.0,8.875850937330776,7.9,15.567181896238369,18.0,11.65279214881359,13.0,14.042033345002682,16.0,2.0,3.0,0.0
chr22-46258683-46258684-C-G,TWJF-10146-MO011-0024,0,8.15,1.36,14.5,0.46,0.029,79.008,2.434,2.0,1.021,80.662,4.732,0.817,0.0,1783.138,455.65,5958.046,251.02,1577.0826221816053,2.433749999999998,5273.302297438128,4.731999999999998,4.271168478260833,0.0611426456013884,12.187228260869546,0.0190839012471811,0.0274235941469669,0.0173372775316238,1517.26,11.95,6642.79,27.62,3.341,27466.12,9.3,31634.53,14.0,21040.32,20.0,29745.37,36.0,24013.47,9.9,38857.47,40.0,0.012769,2.6,0.001311,8.0,0.0,9.0,1989.193095131647,6.5,3890.5686532731647,15.0,1.0,0.0,0.0,12.0,0.043,0.667,0.0,79.00780566104117,7.0,80.66218832046007,7.2,242.25346635631865,14.0,362.4682741747974,17.0,6.0,3.0,0.0
chr2-27277869-27277870-A-G,TWJF-5120-06,0,1.3,0.2,0.4,2.84,0.0,7.64,0.306,2.0,1.165,8.9,0.019,0.168,0.0,2102.07,8.63,587.2,95.04,136.00535496689676,1.3497500000000004,48.796667841699886,0.1875,0.305706521739097,0.7826725474639359,0.018722826087,0.9708767463710704,0.4887770600616932,0.8363293558359146,7.64,0.8,8.9,1.06,0.279,2102.07,1.8446441811178664,587.2,0.955233826523744,2624.58,8.9,1151.46,5.1,2102.07,1.3,587.2,0.4,0.052947,1.2,0.282845,0.2,0.0,9.0,2416.898449635213,5.4,1989.193095131647,3.9,8.0,0.0,0.0,0.0,0.0,0.0,0.0,2102.07,8.254375628468399,587.2,5.382645488873357,2102.07,9.159402532492871,587.2,6.002619910041023,1.0,3.0,0.0
chr2-106843145-106843146-G-A,TWJF-5120-09,0,0.69,0.03,0.459,0.02,0.0,42.71,0.082,2.0,0.685,29.25,0.275,0.066,0.0,390.447,3.41,369.045,2.95,69.85752554619367,0.220375,142.49372083536795,0.4678749999999998,0.0822282608695559,0.926541761947028,0.274510869565205,0.8023732937012293,0.6601336933672428,0.5354552455246449,304.01,0.99,108.92,0.4,0.945,541.49,1.2,449.42,0.93,42.71,0.34,29.25,0.22,282.94,0.44,288.67,0.45,0.291756,0.48,0.444011,0.3,6.0,11.0,476.8841656614147,0.9,585.7244221034721,1.1,10.0,10.0,1.0,70.0,3.372,0.0,0.0,4547.890504280102,7.1,3861.97981883772,5.9,2633.661772362765,3.9,2561.887177433401,3.8,1.0,3.0,1.0
chr21-44258607-44258608-A-T,mcdb045,0,2.765,3.9,2.373,1.46,0.0,211.83,0.5,2.0,0.692,146.63,0.8,0.057,0.0,2308.324,11.655,2042.205,8.175,1220.295196328485,3.329124999999999,877.482661171606,2.8468750000000003,3.80744565217384,0.0709952578649021,3.037282608695577,0.0948935444742016,0.0022172629833221,0.0010472759604454,11367.03,31.8,13121.34,38.1,0.885,7555.4,2.2,6587.16,1.9,211.83,0.81,146.63,0.48,2199.75,1.2,1362.04,0.7,0.001691,9.1,0.002138,8.2,0.0,10.0,2416.898449635213,0.5,2722.3695166880275,0.8,8.0,6.0,0.0,2.0,0.0,0.0,0.0,2308.324,9.015400391941665,2042.205,8.648986246949374,2308.324,10.206956494191854,2042.205,9.339264488136598,1.0,3.0,2.0
chr3-126157408-126157409-C-A,TWJF-10146-MD017-0016,0,2.35,33.0,4.2,69.0,0.214,9.791,0.09,1.0,1.014,9.927,0.3,0.154,0.0,1427.69,393.49,2294.181,1356.23,4057.479814957405,5.87425,8881.904398333023,9.425875,9.849456521739114,0.0243100203469345,20.2322554347826,0.0110261795345431,0.015302013605833,0.0031123347580432,8188.89,21.82,12374.88,35.4,1.607,200.37,0.09,843.05,0.3,1304.42,4.7,3150.53,7.6,1899.77,0.97,5783.65,2.7,0.040677,1.8,0.004842,5.7,1.0,9.0,1550.9601273084331,2.9,1437.8310001273976,2.3,5.0,0.0,0.0,5.0,0.535,0.4,0.0,17.759061041626726,0.7,18.42553046893436,0.7,9.79061560914062,0.3,9.926816639478927,0.3,2.0,3.0,0.0
chr1-152305278-152305279-C-G,mcdb041_new,0,41.5,3.37,42.859,8.73,2.643,4135.9,16.0,2.0,1.368,5656.789,18.0,0.067,0.0,19686.637,213.5,20429.182,503.54,25236.294517645907,60.79737499999999,23197.17402172553,50.71774999999999,99.28660326086955,0.0039864591383673,62.74467391304348,0.0043264137500749,0.0002549937148614,0.0003504536621221,14136.98,26.56,17661.19,32.77,1.038,27065.8,16.0,28946.23,18.0,38984.65,64.0,40053.56,69.0,40533.56,55.0,41413.96,60.0,2.2e-05,38.0,2.9e-05,35.0,0.0,9.0,13797.251278183585,45.0,17130.57631317949,53.0,1.0,0.0,0.0,90.0,5.952,0.444,1.0,4224.837409231864,22.0,4986.662776389761,24.0,4135.89971802763,22.0,5656.789264120136,26.0,1.0,3.0,0.0
chr10-69922719-69922720-G-A,mcdb045,0,2.4,36.0,2.44,41.49,3.08,341.46,0.686,2.0,0.581,198.392,0.528,0.06,0.0,3657.564,213.4,4091.771,250.4,341.4602473498689,0.6859999999999992,198.391802435764,0.5279999999999996,1.1026630434781026,0.3826370878839058,0.8208423913042395,0.5000841150833502,0.2441527023911476,0.23038100451231,5664.41,3.26,5554.62,2.78,1.119,6940.33,5.5,5427.86,4.6,4502.45,2.9,4778.52,3.0,5785.28,1.9,5658.43,1.9,0.064176,1.1,0.133306,0.7,0.0,10.0,2390.8891056788234,1.9,2635.4219765328785,2.1,5.0,0.0,0.0,5.0,7.7,0.4,1.0,2698.1742917116308,4.6,3236.458182683668,5.3,2812.6778946615996,4.8,3405.0226095560306,5.5,5.0,3.0,0.0
chr9-136791740-136791741-C-T,mcdb041_original,1,0.042,4.012,1.182,3.09,0.317,6.33,0.014,2.0,4.302,27.23,1.384,0.054,0.0,31.499,33.41,881.346,26.56,39.82882422862362,0.05325,1915.0820265590385,1.3836250000000008,0.0141576086956831,0.974666704507041,1.4398641304346853,0.2795363019317671,0.8210839033126831,0.5851511061191559,8.29,0.03,291.79,0.6,27.98,23.17,0.08,107.75,0.3,15.61,0.03,339.15,0.98,6.33,0.02,27.23,0.07,0.918055,0.02,0.630034,0.1,9.0,11.0,254.6083498698839,0.2,4676.226873485467,5.0,2.0,0.0,0.0,182.0,5.291,0.06,0.0,1343.9094259014048,1.9,1423.5410656869328,2.1,1418.7634770953655,2.1,1769.7421719387546,3.0,1.0,3.0,0.0
chr16-50793646-50793647-TA-T,TWJF-10146-MO011-0024,1,1.14,16.78,7.18493678126449,20.72813662538437,10.909,50.99,0.115,2.0,99.02405750662356,2920.5473233153616,3.936383466631873,0.703,0.0,100.748,1441.4,3839.078059863754,1799.4223650180825,76.87929152732845,0.5199999999999997,3973.590713355843,3.9650473899280136,0.1149184782608756,0.904894749081611,9.002133351590262,0.6964638690434435,0.6067516356706619,0.4980732144914982,50.99,0.83,3464.517703972471,8.95053747619701,15.60590828671612,212.7,1.4,4686.514870342769,7.20976144318836,86.76,1.5,4389.661319924612,8.877298665371836,107.01,0.88,4883.578349518555,6.719303382385544,0.611898,0.45,0.5001914259548258,6.048478716343927,5.0,9.0,1437.8310001273976,4.6,4387.70415844934,10.829969729882638,1.0,0.0,0.0,691.0,22.967,0.475,0.0,95.6070680425396,1.5,5701.770050260742,8.919074842309117,105.88879350750427,1.6,6360.3640332960595,9.42060415554809,1.0,0.0,0.0
chr19-57212881-57212882-G-C,TWJF-10146-MO011-0021,0,0.187,3.69,0.23,4.53,6.365,2.58,0.02,2.0,2.678,6.91,0.13,0.059,0.0,10.855,30.95,20.0,37.47,32.460553060806376,0.2458749999999999,46.48708847463031,0.3704999999999999,0.1746467391304236,0.8659133146038872,0.1353532608695786,0.890959270238585,0.2605100502260029,0.4256084412336349,2.58,0.02,6.91,0.13,1.843,7.02,0.05,20.41,0.23,5.93,0.05,13.94,0.23,11.07,0.11,19.59,0.18,0.17049,1.1,0.177982,0.99,5.0,10.0,11.65913124155442,0.2,24.59773516374352,0.2,8.0,0.0,0.0,1080.0,54.867,0.116,0.0,10.639225158861969,0.2,16.745958091246614,0.3,13.191372980316734,0.2,23.02979117647392,0.3,1.0,3.0,0.0
chr3-48580924-48580926-CC-AA,TWJF-10146-MO011-0020,0,6.74,49.0,21.0,97.0,-14.478267876724145,1720.442,1.875,2.0,3.673,6318.878,3.42,0.244,0.0,2864.668,504.045,7716.712,12793.785,2387.86579306119,1.874625,7387.426805075332,3.4203750000000013,6.479157608695644,0.0382250018477433,17.305597826086952,0.0130394854160011,0.0017329528927803,0.0005089193582534,4813.58,3.49,5234.65,5.34,2.694,3205.54,2.8,11635.34,8.2,6792.19,13.0,20040.43,28.0,13807.56,6.0,33964.77,30.0,0.002402,7.0,9.1e-05,25.0,0.0,9.0,2523.7962059597608,8.7,5681.683446584433,19.0,3.0,0.0,0.0,174.44407402950844,49.83,0.1135944440484759,0.0,2025.7227243743323,13.0,8045.999476896983,26.0,1720.4418567842863,12.0,6318.878430329295,23.0,1.0,3.0,0.0
chr13-113444558-113444559-T-C,TWJF-5120-07,1,15.398,0.1,19.95,0.53,1.781,2054.82,2.8,2.0,1.445,2968.512,4.4,0.129,0.0,15356.081,58.43,15672.609,176.79,17606.20041605296,7.6001249999999905,19218.033810898414,8.46549999999999,3.2120380434781595,0.0879417741545456,22.19230978260869,0.0102239958053828,0.8007090985774994,0.1934323571622371,16064.78,14.79,20239.26,21.9,1.021,33766.92,50.0,34987.17,55.0,6434.51,7.4,8433.14,8.5,27344.85,24.0,31601.01,32.0,0.000164,18.0,7.9e-05,23.0,4.0,8.0,2054.8203260098107,2.8,2968.5121663285818,4.4,5.0,0.0,0.0,149.0,10.602,0.168,0.0,14647.381730292374,21.0,12127.184922498762,18.0,9697.28143701359,16.0,6189.420656559182,11.0,1.0,3.0,0.0
chr13-98831360-98831361-C-T,TWJF-10146-MO011-0020,0,3.57,0.04,10.5,0.05,14.877,158.255,0.685,2.0,11.482,1817.083,2.204,0.093,0.0,612.37,14.27,3238.322,15.63,158.254900822853,0.7899999999999991,1817.0833238141763,2.204375,0.6854076086955558,0.5650023492468893,3.8986413043477626,0.0689307679316163,0.2421361356973648,0.1025539524853229,5515.9,3.64,5609.93,79.49000000000001,5.288,663.55,3.3,4659.56,12.0,1050.6,5.4,6195.39,12.0,1181.88,3.5,6953.48,9.9,0.12791,1.2,0.014841,4.1,1.0,9.0,207.29661580797057,5.2,801.6106208174193,14.0,3.0,0.0,0.0,881.0,137.75,0.108,0.0,561.1900987081035,5.1,1782.8302732911548,11.0,552.6243282478334,5.0,1759.6650164523232,10.0,5.0,3.0,0.0
chr3-123448172-123448173-C-T,TWJF-10146-MO011-0021,0,1.7,11.53,9.915,10.21,4.76,34.48,0.46,2.0,185.204,6385.85,3.9,0.066,0.0,165.794,112.74,2123.92,95.3,1303.8899983871704,1.4355000000000009,8646.811767409941,4.482,3.996902173913,0.0667833118511211,20.2322554347826,0.0113063853722442,0.0018435507663525,0.0029206365670688,34.48,0.83,6385.85,10.23,12.811,201.88,0.55,1401.22,1.9,202.86,2.4,2781.92,12.0,97.4,0.46,1465.92,3.9,0.096571,1.7,0.012415,7.4,6.0,9.0,3567.971061190687,9.2,8478.888488850993,27.0,1.0,0.0,0.0,115.0,27.357,0.174,0.0,129.7089668109198,1.9,1002.2360036762012,12.0,109.4989614244097,1.7,859.8248646324004,9.6,1.0,3.0,0.0
chr19-29985287-29985288-C-G,mcdb041_new,0,1.01,2.82,0.51,3.76,7.441,39.17,0.13,2.0,1.429,55.98,0.18,0.149,0.0,471.93,185.29,276.785,234.06,2464.1614385578514,1.5517500000000015,2011.485823559165,1.4167500000000008,5.788070652173886,0.0430700077986315,4.887418478260841,0.052991212885279,0.0455238781869411,0.0513342507183551,108.53,0.32,48.36,0.18,0.586,360.84,0.72,282.15,0.61,39.17,0.13,55.98,0.18,583.02,0.67,271.42,0.41,0.049963,1.3,0.277982,0.32,4.0,8.0,238.6046055607708,0.2,238.6046055607708,0.2,1.0,1.0,1.0,1402.0,49.937,0.149,0.0,7716.138244793727,15.0,9319.658525658408,17.0,4108.2796661396915,8.6,3842.908110692078,8.3,1.0,3.0,1.0
chr10-130166669-130166675-ATATAAT-A,mcdb047,1,2.75,8.4,52.5,29.9,0.748,199.113,0.961,2.0,24.378,4854.003,24.147,0.403,0.0,747.8,484.42,28852.502,2363.96,292.61342214705684,0.9611249999999996,29219.52411237392,24.14662499999999,1.5753260869564372,0.2491410731017226,99.28660326086955,0.0035437866147662,0.0251712016761302,0.0070958063006401,484.04,2.16,30099.49,64.82,38.583,2243.69,5.0,36426.48,62.0,1011.56,2.8,28485.48,47.0,2479.62,3.3,38445.56,58.0,0.024423,3.0,3e-06,68.0,1.0,11.0,2240.6066112583476,3.2,25289.188528449853,34.0,10.0,0.0,0.0,151.0,37.378,0.02,0.0,199.11317612385113,2.2,4854.002548344871,31.0,253.2211635280826,2.7,8679.605772923756,43.0,1.0,1.0,0.0
chr17-7670684-7670685-CG-C,TWJF-10146-MO011-0024,1,8.7,0.38,12.5,14.74,49.845,4912.74,3.15,2.0,1.019,5006.62,3.542,0.776,1.0,12528.355,100.2,16634.901,1231.03,10942.706414950497,3.1504999999999983,12881.448290937264,3.5417499999999977,24.57923913043477,0.0100080875674473,27.61739130434782,0.0084355475446044,0.0327245965600013,0.0287440232932567,4912.74,5.44,5006.62,99.58,1.328,17999.1,9.4,22157.38,14.0,13429.05,6.6,17505.31,9.9,11627.66,4.1,21079.74,9.5,0.00099,8.0,0.000605,10.0,0.0,9.0,5743.4917749851775,15.0,4576.122411906873,12.0,8.0,0.0,0.0,920.0,67.541,0.738,0.0,30521.087222420105,20.0,33542.85308326902,21.0,38965.47726292938,24.0,15764.49270906606,13.0,1.0,0.0,0.0
chr2-240788064-240788065-C-G,TWJF-10146-MO011-0026,0,4.1,4.5,68.0,1.35,0.208,191.214,1.8,2.0,5.984,1144.248,74.0,0.096,0.0,1523.105,81.01,30493.396,33.11,4144.796706154283,2.702374999999998,31561.52270036448,41.365125,10.655842391304333,0.0228192334898755,99.28660326086955,0.0032102810274043,0.0028293558298173,0.0002336874904358,5633.74,14.249999999999998,5745.96,77.81,20.021,1458.85,5.1,40681.63,93.0,249.16,2.6,29425.27,62.0,1587.36,3.8,40965.62,87.0,0.12167,1.8,7e-06,74.0,0.0,11.0,5154.497145169031,4.4,50000.0,44.0,11.0,0.0,0.0,321.0,10.968,0.019,0.0,191.2141379941712,3.1,1144.247573151761,13.0,955.4764779456914,12.0,8714.049046360782,41.0,5.0,3.0,0.0
chr5-93621066-93621067-C-T,mcdb041_new,0,8.0,3.19,14.939,4.2,4.463,516.9,2.3,2.0,0.342,176.74,4.9,0.06,0.0,4734.516,27.34,8064.538,34.85,5273.277301614964,8.991500000000004,9951.615185772953,14.877125000000005,7.147065217391287,0.0341234521578566,16.15755434782608,0.0143245001935225,0.1859535165131092,0.109242096543312,516.9,2.75,176.74,1.36,1.703,18748.48,7.8,26184.08,15.0,20149.14,22.0,25982.58,31.0,10971.92,3.2,17896.0,6.6,0.015063,2.3,0.003625,4.9,0.0,9.0,2936.5666561709572,8.2,2936.5666561709572,8.2,5.0,0.0,0.0,228.0,28.244,0.158,0.0,4195.753833077283,22.0,6177.460825569683,27.0,2363.57833226999,17.0,4154.99016373853,22.0,1.0,3.0,0.0
chr2-208277663-208277664-G-A,mcdb048,0,6.95,20.01,8.715,24.06,0.0,71.642,2.1,2.0,1.641,117.536,3.8,0.089,0.0,5681.965,1774.74,8602.146,2258.67,10376.015540360871,8.500125000000004,11502.009237607324,9.329500000000005,24.57923913043477,0.009409152179994,27.61739130434782,0.0085204110119213,0.0005131234893269,0.0005013695763409,35981.16,63.04,36744.26,70.98,1.514,7323.2,2.1,12141.95,3.8,4040.73,5.1,5500.22,6.7,10548.2,3.5,11008.9,3.7,4.5e-05,24.0,4e-05,25.0,0.0,9.0,2842.778048235646,8.2,6195.392041023354,22.0,3.0,1.0,0.0,2.0,39.29,0.0,0.0,71.64237918794835,3.6,117.53575462343154,5.8,117.13050076019027,5.7,167.75288582459515,8.1,1.0,3.0,3.0
chr1-157542894-157542895-C-T,JLF-100-042,0,2.1,3.07,1.95,0.76,0.0,201.312,0.789,2.0,1.086,218.711,0.827,0.235,0.0,518.865,139.47,435.445,28.83,201.31211505100248,0.789125,218.71103459242528,0.8271249999999999,0.9152445652172644,0.4582090888832945,1.1200271739129022,0.3769311890134533,0.1869408260099589,0.1150046307593584,592.22,2.34,510.09,2.22,0.839,445.51,2.0,360.8,1.8,663.33,2.8,540.07,2.6,863.6,1.9,867.4,1.9,0.151843,1.1,0.113794,1.3,2.0,9.0,2010.8325794908649,7.2,1824.253478364652,6.4,8.0,0.0,0.0,0.0,0.016,0.0,0.0,345.38223854982357,2.2,283.33485277843727,2.0,381.0921473974927,2.3,309.0508909932623,2.0,1.0,3.0,0.0
chr6-26043650-26043651-C-T,TWJF-10146-MO011-0021,0,4.214,21.56,5.925,12.51,0.096,9.21,0.03,2.0,194.396,1790.39,3.6,0.052,0.0,2171.538,312.06,3945.001,126.73,3418.313725704533,2.4286250000000016,9673.38810355225,4.937750000000001,8.839293478260856,0.0273641512281018,22.19230978260869,0.0101013618849543,0.0025766778053366,0.0015240449392877,4465.62,8.16,3182.18,6.75,1.817,9.21,0.06,1790.39,2.3,3236.91,8.6,17410.87,44.0,9.81,0.03,1312.73,3.6,0.748583,0.03,0.064444,2.4,0.0,10.0,12930.006815315508,16.0,48929.644943595515,54.0,1.0,0.0,0.0,632.0,32.01,0.003,0.0,334.9191651687828,0.8,986.1432354967852,5.1,1106.1652218361455,6.0,4707.82163077198,32.0,6.0,3.0,0.0
chr15-31484610-31484611-A-C,TWJF-5120-06,0,3.551,90.0,3.25,85.42,0.0,121.367,1.3,2.0,1.0,121.367,1.3,0.16,0.0,2243.46,8881.94,1928.115,7290.96,781.7760130985683,1.5012499999999984,364.7178383943244,1.0651249999999992,2.832907608695578,0.1047634243505758,1.858124999999916,0.1970895623450238,0.0004065533657922,0.0004618614912033,5614.33,6.069999999999999,4444.86,5.37,0.859,9066.6,12.0,3085.22,5.8,2043.73,3.7,1756.46,3.5,8232.46,6.5,5881.15,5.3,0.022484,3.0,0.027004,2.8,3.0,11.0,2443.1907368579537,3.4,2099.770321630722,3.0,5.0,0.0,0.0,1.0,0.856,0.0,0.0,121.3668275741676,1.3,121.3668275741676,1.3,681.5535747267043,6.4,617.3052918886834,5.9,1.0,3.0,0.0
chr17-42125874-42125875-G-A,TWJF-5120-06,0,4.102,13.78,20.8,15.61,50.429,1011.146,1.652,2.0,17.928,18127.33,7.889,0.09,0.0,1575.524,146.61,19095.53,178.67,1011.1460877560204,1.6518749999999986,18127.33027271898,7.8889999999999905,3.1845108695651163,0.0881638740102213,46.22467391304348,0.0055263155078969,0.0170881785452365,0.0021714903414249,2949.44,4.43,19633.35,20.6,12.12,1336.25,3.8,21170.94,23.0,1672.99,4.4,19191.6,18.0,1638.08,2.6,18999.46,14.0,0.053548,2.0,0.000407,13.0,0.0,10.0,3307.718431318005,4.9,13356.592119980844,21.0,1.0,0.0,0.0,2106.0,165.885,0.304,0.0,1224.1933048497697,5.5,15340.870363948516,21.0,1512.968896772127,6.1,20884.78457937829,24.0,1.0,3.0,0.0
chr6-73518398-73518399-G-T,TWJF-10146-MO011-0029,0,8.35,15.26,21.5,16.86,2370.452,461.647,0.58,2.0,5.585,2578.161,1.2,0.379,0.0,2973.085,796.87,6241.005,885.73,12470.147171631475,5.7341250000000015,11144.904290615628,5.132999999999999,27.61739130434782,0.0089806944825899,24.57923913043477,0.0098038292821862,0.0376898609101772,0.0318648070096969,5627.03,17.669999999999998,5741.91,42.41,2.099,893.93,2.3,6013.44,8.4,3416.85,9.6,10414.04,20.0,2529.32,4.0,6468.57,7.8,0.231991,0.58,0.105261,1.2,0.0,10.0,11730.270410722256,25.0,16583.45680469959,31.0,1.0,0.0,0.0,20825.0,5577.535,0.425,0.0,461.6469812326607,7.1,2578.160795086735,23.0,847.5200866625665,12.0,3623.681343248903,26.0,1.0,3.0,0.0
chr11-108353849-108353850-G-A,mcdb048,1,5.7,2.6,34.0,2.4,49.449,2369.544,0.821,2.0,10.868,25752.321,8.844,0.12,0.0,7287.077,129.175,25752.321,72.785,2369.543825114672,0.8206249999999994,25752.321010955508,8.844,3.80744565217384,0.0704842003283604,62.74467391304348,0.0040304344504618,0.1822050451301038,0.0089252846082672,5468.5,90.95,5453.36,82.12,3.534,7287.077,4.847405802462812,25752.321,31.48484634049564,9650.41,3.3,31658.38,34.0,22142.75,7.7,35218.07,38.0,0.002592,5.7,0.000137,32.0,0.0,11.0,7287.076747925954,6.0,16763.8603336608,20.0,3.0,0.0,0.0,8.0,98.898,0.5,0.0,7287.077,2.9540332948726866,25752.321,29.016691178999004,7287.077,5.456739946086036,25752.321,28.449528694233894,1.0,3.0,0.0
chr16-28866868-28866869-G-A,TWJF-5120-09,1,6.0,0.0,28.5,0.0,7.462,650.39,1.2,2.0,23.64,15375.0,20.0,0.057,0.0,2515.654,18.02,17977.885,16.26,16087.888170746246,7.228999999999999,27413.431892269917,22.60675,37.35904891304347,0.0064308979606457,99.28660326086955,0.0037108040285012,0.0125068761408329,0.0026426464319229,6943.66,9.22,21859.49,31.01,7.146,650.39,1.2,15375.0,20.0,2984.62,2.0,15126.34,18.0,2614.41,2.2,20580.77,26.0,0.011886,5.4,0.000288,33.0,1.0,8.0,2416.898449635213,1.4,3202.0759094759173,2.5,5.0,0.0,0.0,446.0,81.109,0.092,0.0,1276.526985126011,8.8,87102.3756067484,78.0,866.2834151820659,6.6,8330.287685992087,31.0,1.0,3.0,0.0
chr4-168221799-168221800-T-C,TWJF-10146-MD017-0016,1,0.5,0.65,0.281,0.95,1.204,47.563,0.02,2.0,1.025,48.735,0.02,0.156,0.0,185.11,20.91,101.95,29.17,47.56345671727077,0.024625,48.73501104486192,0.027,0.1013858695652203,0.9134876456284426,0.2619565217391226,0.8098336845242887,0.5043618641793728,0.2543945014476776,355.92,1.14,26.89,0.11,0.551,280.51,0.53,128.8,0.3,203.96,0.77,114.33,0.52,166.26,0.19,102.01,0.13,0.870621,0.02,0.859783,0.02,4.0,9.0,1050.6007652110409,1.9,1158.0530182780362,2.2,7.0,0.0,0.0,449.0,15.44,0.078,0.0,123.75136557590083,0.5,100.58888635707156,0.4,127.09544907865065,0.5,101.88963348276,0.4,1.0,3.0,0.0
chr10-53811610-53811612-GG-AT,mcdb047,0,0.091,0.27,0.113,7.19,0.003124432999447,11.75,0.02,2.0,2.143,25.18,0.01,0.26,0.0,109.109,45.16,80.306,415.44,45.32914261662132,0.08175,52.31230684456235,0.11675,0.1947010869565133,0.8530672545608661,0.2636413043478001,0.809516032775631,0.3221029937267303,0.273258563131094,501.02,0.02,491.38,0.01,0.736,53.92,0.1,32.78,0.07,17.12,0.06,23.05,0.11,11.75,0.03,25.18,0.04,0.759349,0.07,0.729154,0.08,10.0,9.0,236.03687283019391,0.5,141.94766797100098,0.3,3.0,0.0,0.0,433.4043652729711,0.0,0.1891572818916232,0.0,164.29713866601648,0.3,108.30038487197449,0.3,181.11732697143736,0.4,122.7326185033404,0.3,5.0,3.0,0.0
chr12-92145485-92145486-G-T,TWJF-10146-MO011-0021,1,0.48,3.32,0.34,1.99,7.53,13.96,0.15,2.0,0.981,13.7,0.14,0.069,0.0,24.776,28.27,17.424,18.99,25.0421816065075,0.167,18.8281719339839,0.0875,0.2912499999999625,0.7911807192279612,0.2196739130434792,0.8372991294196899,0.0385644611378666,0.0468099658028222,17.34,0.35,16.02,0.33,0.703,13.96,0.15,13.7,0.14,19.28,0.94,11.85,0.59,24.51,0.23,12.58,0.12,0.283507,0.61,0.420341,0.35,7.0,9.0,70.25790761356939,1.9,50.78390721248267,1.4,7.0,0.0,0.0,3807.0,101.76,0.074,0.0,43.008074565603586,1.5,28.943430214386503,0.9,40.176305708158495,1.4,29.17225492242991,0.9,1.0,3.0,0.0
chr19-7527617-7527618-A-C,mcdb046,0,0.046,4.9,0.05,5.22,0.0,26.62,0.01,2.0,0.912,24.27,0.01,0.063,0.0,62.947,81.05,75.807,87.76,30.18028789735892,0.011125,31.122104676970967,0.014,0.0411684782608858,0.954289249376563,0.0267391304348052,0.964341736384699,0.572139386087656,0.6537306755781174,688.93,0.04,684.55,0.04,1.204,27.6,0.05,30.73,0.06,40.46,0.22,48.9,0.24,26.62,0.04,24.27,0.04,0.972772,0.01,0.975189,0.01,5.0,9.0,145.05282854048255,0.3,161.62774063060942,0.3,8.0,0.0,0.0,74.0,29.663,0.0,0.0,85.43385434824057,0.3,102.71408459517372,0.3,88.09677291448357,0.3,114.27730766524896,0.3,1.0,3.0,0.0
chr19-30445503-30445504-G-A,TWJF-5120-04,0,0.203,27.0,0.566,17.0,0.0,12.68,0.02,2.0,3.771,47.82,0.1,0.225,0.0,21.126,84.405,87.355,73.225,29.232062101812804,0.05,38.12001900560012,0.1255,0.2959782608695178,0.7880991980764118,0.4212500000000005,0.710681027785195,0.0757935047149658,0.0314357988536357,41.87,0.5499999999999999,119.39,1.14,4.135,13.25,0.04,55.32,0.34,15.87,0.11,53.61,0.71,12.68,0.05,47.82,0.23,0.889118,0.02,0.747991,0.1,8.0,9.0,184.0363206720129,0.4,759.396537558375,2.4,3.0,0.0,0.0,2.0,0.214,0.0,0.0,19.966410694979185,0.3,124.82454739245384,1.2,22.28589089433809,0.3,130.32568011334692,1.2,1.0,3.0,0.0
chr12-20653995-20653996-G-A,TWJF-5120-11,0,0.59,13.0,0.31,19.0,0.0,52.74,0.12,2.0,0.628,33.12,0.05,0.227,0.0,383.696,38.795,227.691,47.18,54.76399579723626,0.135,47.14748665150568,0.086125,0.1761413043477944,0.8654938644693,0.1947010869565133,0.8533511638873762,0.4030760787427425,0.3335414454340935,1390.46,2.8000000000000003,1627.34,3.1,0.593,370.63,0.83,114.39,0.37,52.74,0.38,33.12,0.25,74.08,0.17,20.46,0.06,0.705667,0.12,0.879727,0.05,5.0,11.0,396.76231208639433,0.8,340.9925042250324,0.6,6.0,0.0,0.0,80.0,2.731,0.0,0.0,870.5826344165318,1.0,872.5895346553468,1.0,2241.609714217436,3.3,3262.571213678515,4.9,1.0,3.0,0.0
chr3-139006113-139006114-G-A,mcdb045,0,0.525,0.33,3.975,1.33,0.0,54.593,0.189,2.0,15.263,833.25,2.741,0.092,0.0,252.9,7.51,1960.725,14.61,54.59346499793689,0.217875,833.2500000041618,2.778125,0.1885869565217177,0.857303194553471,2.741494565217323,0.1097278291799876,0.3828251510858536,0.0325698405504226,123.96,0.5499999999999999,1210.87,4.05,7.753,1567.31,0.5,2710.58,0.78,497.98,2.5,2812.19,7.2,381.84,0.24,10618.62,5.2,0.240559,0.43,0.010525,3.9,1.0,9.0,1602.1292262796685,3.1,4288.484190125121,17.0,1.0,0.0,0.0,0.0,0.0,0.0,0.0,73.52245496337211,4.5,48.24141079118518,2.9,120.17385695851068,7.5,104.66705387545298,6.6,6.0,3.0,0.0
chr19-17652672-17652673-C-A,TWJF-10146-MO011-0021,0,0.134,31.0,3.6,53.0,0.0,46.003,0.01,2.0,17.014,782.674,2.5,0.07,0.0,182.056,201.555,11823.39,378.09,46.00309311958193,0.0145,782.6744131372068,1.5611249999999997,0.1335869565217535,0.8923858822916569,2.489130434782524,0.1263260049963474,0.42690952681005,0.0605110612232238,18991.39,61.02,11823.39,35.24,64.944,182.056,-5.292309070086954,11823.39,-5.814032183298723,252.3,0.59,21631.25,22.0,123.5,0.03,25973.6,8.9,0.963593,0.01,0.017722,2.5,2.0,9.0,182.0558220848466,0.3,1158.0530182780362,3.6,9.0,0.0,0.0,9.0,0.528,0.0,0.0,182.056,4.204629178889288,11823.39,9.384012310751473,182.056,3.372903018363038,11823.39,7.252292534797396,5.0,3.0,0.0
chr5-172194214-172194215-G-A,TWJF-5120-06,0,0.535,0.86,0.89,0.73,0.0,22.327,0.3,2.0,1.738,38.8,0.5,0.174,0.0,47.585,27.95,87.87,24.115,1422.436748585409,1.9006249999999985,3539.806202645556,2.768124999999997,3.996902173913,0.0662198693839167,9.15535326086956,0.0267644143826629,0.0231684483587741,0.0057272389531135,43.41,0.5700000000000001,84.16,0.94,1.847,51.76,0.31,91.58,0.57,34.03,0.36,76.61,0.8,98.02,0.46,255.83,0.84,0.037785,2.4,0.009447,4.3,4.0,10.0,1765.990134027678,2.4,2416.898449635213,3.4,9.0,0.0,0.0,0.0,0.011,0.0,0.0,33.56216746023166,0.5,61.213892991248485,0.7,22.32698085609855,0.3,38.79984583519952,0.5,3.0,3.0,0.0
chr5-155015366-155015367-A-C,mcdb041_original,0,0.16,3.09,3.0,10.06,0.0,63.634,0.1,2.0,13.183,838.861,3.9,0.08,0.0,78.62,26.58,4040.876,93.41,67.37665594854342,0.112625,5403.212349351126,2.272375,0.6429076086955803,0.5864100098963422,12.805461956521723,0.0187448777045073,0.0324796251952648,0.0188549011945724,80.21,0.36,9613.81,10.06,51.398,70.84,0.12,5583.93,4.5,77.03,0.11,2678.54,2.6,81.82,0.1,10305.42,3.9,0.656472,0.11,0.024474,2.3,3.0,10.0,228.49828361491845,0.2,1170.650925558883,1.5,10.0,0.0,0.0,0.0,0.01,0.0,0.0,63.63411375760787,0.2,838.8609926303156,3.2,97.93321229985068,0.3,729.339945070221,2.8,6.0,3.0,0.0
chr10-73243874-73243875-C-T,mcdb041_new,0,2.4,0.91,1.75,0.97,3.368,110.284,0.277,2.0,0.739,81.458,0.177,0.052,0.0,1383.763,86.01,1128.462,89.42,110.28351061978346,0.2768749999999998,81.45797771969255,0.177,0.8515489130433593,0.4863651081429825,0.7398913043477222,0.5385684387539698,0.0536610893905162,0.0295935161411762,5644.03,6.43,1268.94,2.29,0.816,2867.31,2.8,1778.28,2.0,1229.06,2.0,792.98,1.5,2951.54,1.4,2290.88,1.2,0.197088,0.58,0.17278,0.66,1.0,9.0,1222.4280109388617,3.9,1062.0297506032605,3.4,7.0,0.0,0.0,1251.0,22.161,0.152,0.0,1419.743862759449,5.4,1186.3422568370854,4.5,1347.783080126786,5.2,1070.5821548283643,4.1,1.0,3.0,0.0
chr4-188146947-188146948-C-T,mcdb045,0,0.065,3.62,0.03,1.85,0.0,27.7,0.004,2.0,1.064,29.469,0.007,0.055,0.0,939.121,30.42,556.165,18.09,27.70005697543487,0.004125,29.468691361178628,0.007375,0.012092391304364,0.9763745991786704,0.0153804347826422,0.9732716161060552,0.7416053861379623,0.7228197827935219,5991.18,5.98,6645.22,9.4,0.592,2722.13,0.04,1848.03,0.03,1430.07,0.09,487.32,0.03,312.58,0.02,246.94,0.02,0.958707,0.01,0.948667,0.01,2.0,9.0,592.0962391492582,0.2,625.0102685141759,0.2,6.0,0.0,0.0,0.0,0.0,0.0,0.0,284.06648669791997,0.2,284.06648669791997,0.2,1286.1451963073937,0.8,895.9628447439308,0.4,1.0,3.0,0.0
chr9-93112223-93112224-T-G,mcdb046,0,0.891,0.33,0.498,2.09,0.0,97.12,0.44,2.0,0.423,41.07,0.22,0.059,0.0,144.733,14.85,91.311,84.36,138.1280656338456,0.5089999999999999,75.73011180541661,0.2604999999999999,0.8227717391303173,0.4988839364925779,0.6057880434781993,0.6051381766935385,0.1296239756047725,0.0865494199097156,1232.99,5.45,275.27,2.58,0.631,97.12,0.44,41.07,0.22,104.28,0.96,46.83,0.39,381.01,0.97,83.31,0.29,0.329321,0.56,0.467254,0.33,3.0,9.0,984.5638656907048,2.9,801.6106208174193,2.2,7.0,0.0,0.0,27.0,19.217,0.0,0.0,114.5512941445536,0.8,99.3116048420934,0.7,151.33870032883564,1.0,118.56322393532253,0.8,1.0,3.0,0.0
chr19-49591722-49591723-G-C,TWJF-10146-MO011-0021,0,0.733,14.0,1.3,30.0,6.321,17.76,0.2,2.0,1.105,19.62,0.2,0.118,0.0,522.57,38.81,539.677,87.825,144.23124844773932,0.7611249999999998,539.676823066617,1.703875,0.7328804347824871,0.5425303093313701,1.6513043478259846,0.2324761441607402,0.190954583697021,0.1674496224150061,630.16,5.13,457.38,4.18,1.033,522.57,1.0271119338190362,539.677,1.0938301171359903,17.76,0.24,19.62,0.26,522.57,0.57,571.18,0.6,0.054695,0.94,0.031843,1.3,3.0,11.0,776.0086328378046,0.2,1028.1104483849197,0.2,4.0,0.0,0.0,395.0,18.483,0.342,0.0,522.57,5.470072646366228,539.677,5.043321671629524,522.57,5.404501140407833,539.677,5.14852000215537,5.0,3.0,0.0
chr3-52414007-52414008-G-C,mcdb041_new,0,2.4,30.66,2.51,32.81,0.942,232.24,0.24,2.0,1.746,405.44,0.39,0.128,0.0,1868.848,615.9,2697.116,707.85,5283.27333677881,8.991500000000004,5295.137497602016,8.991500000000004,12.805461956521723,0.0181515195189374,13.500896739130424,0.0179865617091617,0.0034299418330192,0.0014179944992065,787.55,3.5900000000000003,368.1,2.22,1.443,6392.94,2.3,8429.22,3.0,232.24,0.24,405.44,0.39,2804.98,0.63,4388.13,1.2,0.013116,2.5,0.010568,2.8,0.0,10.0,932.7151751659565,0.3,1006.101584045498,0.4,6.0,0.0,0.0,126.0,6.589,0.143,0.0,1868.848,5.216879692098259,2697.116,8.470267342855287,1868.848,5.745186014843986,2697.116,7.741509057726013,1.0,3.0,0.0
chr2-27384725-27384726-C-G,mcdb041_new,0,7.15,24.0,4.927,28.0,6.695,1804.622,1.1,2.0,0.771,1391.909,0.6,0.142,0.0,5573.156,685.75,5471.482,703.785,3566.8345491435275,2.1875,1755.8450464905495,1.4637499999999997,9.15535326086956,0.0263147616839355,5.054048913043445,0.0507975416495505,0.0028962530195713,0.0014147832989692,7579.42,16.950000000000003,6893.29,11.05,0.982,19545.97,6.0,19384.42,5.8,28951.56,54.0,30726.73,60.0,28246.7,15.0,24443.65,8.0,0.001418,8.3,0.003664,4.8,0.0,9.0,1804.6218566100913,1.1,1391.9092882313646,0.6,3.0,0.0,0.0,1677.0,37.823,0.177,0.0,3194.625838777906,3.0,4049.6734052445,3.9,3566.8923304206833,3.3,2932.851001840987,2.6,1.0,3.0,0.0
chr12-124795209-124795210-G-C,mcdb041_new,0,0.396,4.08,0.48,3.6,1.058,40.664,0.057,2.0,1.158,47.097,0.086,0.064,0.0,105.399,33.88,173.958,30.29,40.66385704327368,0.05725,47.09717360680697,0.085875,0.3914402173912776,0.7287851726550939,0.1840217391304435,0.8598604260347534,0.0745442733168602,0.3482282422482967,326.71,0.65,1086.32,1.31,1.65,83.69,0.25,194.04,0.46,57.82,0.34,108.89,0.5,41.62,0.11,34.45,0.09,0.113031,0.72,0.355432,0.25,1.0,9.0,192.1761205734247,0.4,228.49828361491845,0.5,5.0,5.0,1.0,453.0,44.091,0.024,0.0,163.4669652276767,0.6,224.09388200092616,0.7,127.10715554120252,0.5,153.8756852590907,0.6,1.0,3.0,1.0
chrX-48911611-48911612-A-T,TWJF-10146-MO011-0026,0,3.0,4.96,3.1,3.32,43.992,104.44,0.553,2.0,1.288,134.531,0.712,0.245,0.0,649.35,89.47,630.1,61.47,104.43984193020025,0.5531249999999998,134.53052665377294,0.7123749999999998,0.7985869565216035,0.5113789983876776,1.047391304347684,0.4043763642510167,0.066999600501731,0.0141864742618054,649.35,5.21,630.1,5.12,0.97,649.35,-0.1748057810692413,630.1,-0.9152710857800064,499.49,3.0,529.88,3.1,10780.23,4.6,10637.25,4.6,0.001428,5.4,0.001033,6.2,3.0,10.0,2812.1856201345004,1.8,2664.091477136258,1.6,8.0,0.0,0.0,303.0,60.846,0.723,0.0,649.35,8.684866077176412,630.1,9.46212375201332,649.35,7.244355269528641,630.1,8.181245259135897,1.0,3.0,0.0
chr22-29050111-29050112-G-T,TWJF-10146-MD017-0016,1,3.699,4.129,41.0,5.71,9.769,171.54,0.56,2.0,117.46,20149.14,31.0,0.142,0.0,4539.528,213.16,24371.733,346.26,5023.445235599005,6.5618750000000015,28594.325509512637,50.90137499999999,12.805461956521723,0.0189920547982709,99.28660326086955,0.0035436966577677,0.0026209503412246,0.001150656491518,4055.61,11.0,11442.69,32.07,5.369,10497.88,3.2,42625.05,57.0,171.54,0.56,20149.14,31.0,8838.88,4.2,39387.86,49.0,0.017245,3.0,4.8e-05,33.0,0.0,8.0,3848.700473704344,2.4,9972.946142268209,16.0,8.0,0.0,0.0,426.0,31.014,0.315,0.0,4539.528,5.5839673273732675,24371.733,39.7463207339339,4539.528,5.765775509529967,24371.733,32.5676207018706,1.0,3.0,0.0
chr3-52697930-52697931-G-A,TWJF-10146-MO011-0021,0,1.259,5.6,1.162,12.0,3.814,180.11,0.76,2.0,0.873,157.32,0.95,0.066,0.0,743.14,37.46,776.009,118.055,180.10975803000554,0.8998749999999999,157.31998163975734,0.8153749999999997,1.2591847826085996,0.3312485785090475,1.1617391304346398,0.3616829787570708,0.0051807224808726,0.006047627699445,11794.8,26.61,21658.33,42.19,1.044,743.14,0.9662999559845415,776.009,0.3587487790043906,330.11,2.8,405.85,3.1,851.57,0.76,1215.21,0.95,0.01396,2.0,0.018666,1.7,2.0,9.0,743.1400590825417,1.0,776.0086328378046,1.0,1.0,0.0,0.0,1999.0,57.788,0.066,0.0,743.14,7.0079852527830955,776.009,6.702468102856931,743.14,7.421035233189358,776.009,6.08376196571774,1.0,3.0,0.0
chr5-180911569-180911570-A-G,mcdb048,0,0.337,6.43,3.016,6.3,0.0,35.741,0.04,2.0,26.062,931.472,0.81,0.097,0.0,205.55,555.98,1563.355,546.31,55.80951330782264,0.148375,584.6247718700831,1.7181250000000006,0.3445108695651981,0.7584626053925408,1.731739130434704,0.2173297421326813,0.2054994599893689,0.1648477457929402,36257.49,65.85,35516.42,58.58,7.606,1319.22,0.33,15571.71,5.3,196.38,0.4,595.31,0.99,214.72,0.04,3342.11,0.81,0.206197,0.08,0.031011,0.66,3.0,9.0,216.46520256712395,0.2,1728.185404637339,4.3,2.0,0.0,0.0,0.0,0.517,0.0,0.0,35.74127162159544,1.9,931.4724191809576,30.0,106.33347330015248,5.3,1398.5242457761085,38.0,1.0,3.0,0.0
chr15-50252699-50252700-C-T,TWJF-10146-MO011-0021,0,0.215,38.0,7.6,38.0,0.0,36.208,0.03,2.0,75.509,2734.072,0.364,0.052,0.0,307.021,199.375,6605.531,232.035,64.64662804987303,0.124625,251.5594055698848,0.9087499999999996,0.0298641304348024,0.9625833072632016,0.3639130434782345,0.7458806685598073,0.8403024822473526,0.59980184212327,629.24,3.1300000000000003,22698.93,42.56,21.515,276.72,0.11,19316.38,8.2,605.05,0.79,23067.13,26.0,591.88,0.13,10476.99,3.0,0.573201,0.03,0.02776,1.5,6.0,9.0,337.3229287282724,0.3,2607.0610014707204,7.0,2.0,0.0,0.0,4.0,0.29,0.0,0.0,36.208455496567304,0.7,2734.0723321227756,18.0,42.9111348242737,0.8,2130.9340058454436,16.0,1.0,3.0,0.0
chr1-10649430-10649431-G-C,TWJF-10146-MO011-0021,1,0.555,1.31,1.945,3.8,17.925,10.93,0.08,2.0,6.325,69.13,0.34,0.105,0.0,36.853,14.53,148.016,31.76,26.261575859579697,0.179125,54.438306754040056,0.4339999999999998,0.2300271739130437,0.8302759484775635,0.5143749999999585,0.6559976178416315,0.1238383897580206,0.0577026446117088,30.53,0.5599999999999999,257.48,2.09,4.016,75.06,0.68,352.18,2.1,10.93,0.55,69.13,2.4,21.59,0.2,138.07,1.1,0.795116,0.08,0.432575,0.34,1.0,9.0,43.1759161375421,1.1,63.73888788848257,1.8,4.0,0.0,0.0,709.0,29.146,0.615,0.0,44.31492309931599,1.5,157.96104566448048,4.8,48.080613439143846,1.7,169.8126345997859,5.0,1.0,3.0,0.0
chr20-17481768-17481769-G-A,TWJF-5120-11,0,0.8,23.0,2.35,30.0,0.0,33.75,0.343,2.0,3.922,132.36,0.937,0.16,0.0,101.325,68.94,587.63,95.045,52.68805618224461,0.3428749999999998,175.93227625856056,0.9373749999999992,0.3445108695651981,0.7584169011507164,1.036603260869441,0.4080187157397955,0.1896277293562889,0.0921154506504535,33.75,0.62,132.36,1.4500000000000002,5.799,112.54,0.8,755.99,2.7,90.11,1.5,495.29,3.2,63.42,0.58,369.41,1.9,0.421594,0.8,0.151948,2.0,4.0,9.0,883.5969186971492,2.3,1765.990134027678,6.0,7.0,0.0,0.0,13.0,1.54,0.0,0.0,210.1309384053063,3.0,679.9703879262751,6.8,257.54314808494183,3.5,821.9587064349123,7.7,1.0,3.0,0.0
chrX-19398306-19398307-G-C,TWJF-10146-MO011-0020,0,3.9,13.0,0.815,12.0,0.0,138.359,0.734,2.0,0.173,23.898,0.14,0.259,0.0,684.721,65.395,98.746,70.37,138.35931479620655,0.7337499999999993,23.897752463267565,0.139875,1.0168206521737773,0.4155036293615838,0.265271739130398,0.8086568217116725,0.0348930954933166,0.0565998703241348,5185.29,1.1900000000000002,3987.78,0.52,0.144,1313.91,5.0,96.0,0.82,953.12,5.2,57.2,1.6,1265.62,3.7,110.1,0.81,0.052194,2.1,0.338211,0.47,1.0,9.0,184.0363206720129,4.8,51.89482497882897,1.7,6.0,0.0,0.0,0.0,0.045,0.0,0.0,386.4648501610073,4.1,103.5404385207304,1.7,416.3226123401132,4.3,101.49157682942692,1.6,5.0,3.0,0.0
chr3-49968064-49968065-G-A,TWJF-10146-MO011-0021,0,1.886,66.0,11.5,62.0,8.773,86.57,0.42,2.0,42.737,3699.71,8.0,0.058,0.0,214.155,821.035,5425.545,1134.725,1752.708806338978,1.6726250000000011,17667.22269267515,9.044000000000002,4.519266304347795,0.0575229565310229,24.57923913043477,0.0094247976961378,0.0380754402140155,0.1471005114726722,94.87,1.37,6752.23,10.63,25.335,289.59,0.65,5640.52,5.6,155.62,2.1,5210.57,17.0,86.57,0.42,3699.71,8.0,0.110051,1.5,0.00712,11.0,4.0,9.0,3167.6169136018457,7.7,11479.159325780089,36.0,3.0,0.0,0.0,1568.0,69.628,0.126,0.0,211.33430502282897,3.1,1315.133982817326,14.0,216.9751513600578,3.1,1003.2519210412264,12.0,1.0,3.0,0.0
chr6-54149095-54149096-T-A,mcdb046,0,0.02,0.04,0.02,0.11,0.0,3.02,0.002,2.0,1.626,4.91,0.002,0.196,0.0,22.595,4.93,25.493,7.63,28.22909361947673,0.002125,28.965945951248784,0.00275,0.0037228260869568,0.9845861923382369,0.0016847826086774,0.9884523696583,0.8698682337999344,0.9596704989671708,16.96,2.72,22.02,3.66,1.128,5.19,0.02,8.71,0.02,3.02,0.01,4.91,0.02,4.07,0.02,5.45,0.02,0.931181,0.01,0.887471,0.01,9.0,9.0,2693.0728595832916,3.7,3766.310953452029,7.1,4.0,0.0,0.0,0.0,4.229,0.0,0.0,38.56647980493051,60.0,38.56647980493051,60.0,28.27678306420817,40.0,35.68042346006503,55.0,1.0,3.0,0.0
chr10-82973809-82973810-C-A,TWJF-5120-11,0,2.35,20.0,3.35,10.76,0.0,138.41,0.53,2.0,3.833,530.53,1.2,0.062,0.0,208.774,79.16,551.745,82.805,2213.3090099290284,1.907875000000001,3261.486506698112,2.3541250000000016,5.913749999999965,0.042569529012657,6.962798913043457,0.0352875696616112,0.0125973522663116,0.0638683140277862,697.57,3.2300000000000004,1396.17,4.45,2.643,192.14,0.53,572.96,1.2,154.78,2.1,508.87,3.8,138.41,0.63,530.53,1.9,0.196513,0.79,0.187556,0.84,5.0,9.0,6399.789706012268,21.0,6539.787600533107,21.0,6.0,0.0,0.0,2.0,0.121,0.0,0.0,225.40835002024133,3.2,247.7250929290948,3.5,170.76937934639002,2.6,219.48760520076587,3.2,1.0,3.0,0.0
chr3-51975141-51975142-G-C,TWJF-10146-MO011-0029,0,1.165,3.28,4.3,3.7,1.158,169.092,0.59,2.0,11.429,1932.514,3.1,0.105,0.0,586.28,204.83,2632.94,224.58,169.0921988511318,1.1651249999999995,1932.5139453296088,3.984500000000001,1.1888315217390186,0.3524769261196471,5.346684782608634,0.0471982872568559,0.0145246461033821,0.0058945529162883,9968.21,6.78,8452.39,5.6000000000000005,4.491,586.28,1.637741203354223,2632.94,2.627026778080282,285.65,0.99,2632.94,4.3,586.28,0.59,5419.0,3.1,0.02385,4.1,0.002775,11.0,3.0,10.0,1050.6007652110409,0.8,2122.6127229763083,2.5,1.0,4.0,0.0,25.0,9.651,0.12,0.0,586.28,5.525626781944331,2632.94,6.662767749472275,586.28,6.551086276221699,2632.94,8.653551282271216,1.0,3.0,2.0
chr19-35806822-35806823-C-T,JLF-100-042,0,0.835,4.9,0.536,2.5,0.0,24.616,0.03,2.0,1.349,33.205,0.01,0.291,0.0,46.808,46.51,41.78,37.225,49.76513949,0.1525,51.42266074,0.171375,0.082228261,0.9259482103326276,0.2711956521738869,0.804792611,0.5645701438188553,0.2599725038744509,43.85,6.88,33.86,5.55,0.893,270.33,0.37,173.42,0.27,73.76,1.3,49.7,0.8,36.3,0.09,15.81,0.04,0.670061,0.03,0.785134,0.01,6.0,9.0,5805.9724867553105,16.0,3416.846299147091,5.9,3.0,0.0,0.0,0.0,0.0,0.0,0.0,24.61557585039234,33.0,33.205498155798736,50.0,35.92774833998235,56.0,28.146863047386724,40.0,1.0,3.0,0.0
chr7-43619695-43619696-G-C,mcdb041_new,0,1.1,5.58,1.1,8.52,3.327,96.559,0.225,2.0,0.97,93.7,0.218,0.1,0.0,813.114,46.28,696.331,75.35,96.55860962235928,0.2252499999999999,93.70030222535448,0.2184999999999999,0.5961956521738614,0.6096853886675951,0.6467391304347245,0.5836025853831299,0.1586448363959789,0.1197548508644104,3298.05,4.35,2432.76,3.53,0.856,1534.05,1.8,1648.77,2.0,522.82,1.2,545.95,1.2,863.06,0.56,834.68,0.54,0.270899,0.43,0.290401,0.4,2.0,9.0,1039.2947723310567,3.3,1121.0669072114465,3.6,5.0,0.0,0.0,1522.0,52.807,0.063,0.0,251.88946268661832,1.0,251.88946268661832,1.0,763.1677330687778,2.8,557.9817569000235,2.0,1.0,3.0,0.0
chr10-98257702-98257703-C-T,TWJF-10146-MO011-0021,0,34.322,5.3,75.5,5.3,0.0,11857.878,7.0,2.0,4.217,50000.0,23.0,0.068,0.0,15913.753,261.98,35361.775,303.96,15647.822711320185,7.7745000000000015,21636.082112255684,12.550625000000004,31.64317934782608,0.0073885963177856,12.805461956521723,0.018745263380526,0.0444015693501569,0.3997471509501338,16417.51,22.21,27131.95,42.81,2.222,30557.65,58.0,40202.91,95.0,19191.6,51.0,29266.51,86.0,13438.05,28.0,30520.64,73.0,0.013672,7.0,0.001409,23.0,2.0,9.0,11857.878436159015,37.0,50000.0,78.0,3.0,0.0,0.0,510.0,7.812,0.0,0.0,16179.68268494261,52.0,361384.89819300023,94.0,13848.731652379263,49.0,289341.01458551886,93.0,1.0,3.0,0.0
chr7-27108677-27108678-G-A,mcdb041_new,0,14.5,3.5,14.5,3.25,0.126,2646.061,3.0,2.0,0.617,1631.459,2.3,0.08,0.0,10935.967,29.61,7145.795,27.75,2646.061270620618,5.5812500000000025,1631.4591963194846,3.9697500000000017,5.671874999999957,0.0442898331086372,4.454592391304317,0.0586192030646922,0.0733307264745235,0.0240590013563632,11534.27,22.22,9008.31,18.12,0.653,27331.84,16.0,27963.3,17.0,19717.81,22.0,17695.75,19.0,10428.14,3.0,8634.8,2.3,0.0059,3.8,0.018642,2.0,0.0,9.0,3725.7799675308625,13.0,3529.574501098987,12.0,1.0,0.0,0.0,53.0,1.344,0.094,0.0,9349.96531931505,32.0,3514.0666957983403,20.0,11443.793171056395,35.0,5656.789264120136,26.0,1.0,3.0,0.0
chr17-41226781-41226782-G-C,TWJF-5120-05,0,2.0,1.73,5.451,5.28,0.0,2344.659,0.57,2.0,1.898,4450.423,1.7,0.129,0.0,5267.254,17.37,8212.35,43.67,2344.6591483044617,3.9621250000000017,4450.423143978515,5.451250000000004,6.479157608695644,0.0387598351758176,11.115788043478249,0.0211582781049641,0.0008042454719543,0.0005220707944317,30439.91,58.96,25606.52,49.220000000000006,1.559,5267.254,3.3714785243439014,8212.35,3.809042367624792,7714.19,2.0,12189.71,5.6,3368.61,0.57,8212.35,1.7,0.054659,1.1,0.007709,3.8,0.0,11.0,5267.253779493971,2.0,6829.0379086880075,3.7,10.0,4.0,0.0,0.0,0.0,0.0,1.0,5267.254,3.5042816212980608,8212.35,5.743309127949427,5267.254,5.360306636829662,8212.35,7.056586587075155,6.0,3.0,3.0
chr10-68646710-68646711-C-A,TWJF-10146-MO011-0021,0,1.12,19.0,21.68,21.0,0.188,64.726,0.07,2.0,187.317,12124.353,2.8,0.066,0.0,148.966,69.8,11864.197,71.62,64.72641165211814,0.13675,12124.35322752712,6.010750000000002,0.0978804347825956,0.9154301622731352,12.187228260869546,0.0197119654081946,0.5959673784673214,0.2552399323321879,105.36,1.43,20345.45,28.360000000000003,79.644,402.29,0.81,13319.21,15.0,570.09,4.1,11604.04,31.0,123.98,0.58,4508.69,9.4,0.613475,0.07,0.053491,2.8,5.0,9.0,2169.0457037070128,4.4,12930.006815315508,40.0,9.0,0.0,0.0,374.0,3.926,0.048,0.0,131.8165679752056,2.0,10888.548753053958,44.0,166.1154396653163,2.5,9647.393655852413,42.0,1.0,3.0,0.0
chr9-129875586-129875587-T-G,mcdb046,1,0.015,0.56,0.02,0.35,4.902,18.06,0.002,2.0,3.817,68.94,0.002,0.198,0.0,47.78,119.51,75.73,96.42,24.26424221368371,0.00225,24.96353086582336,0.003375,0.0153804347826422,0.9729766565008507,0.0020652173913049,0.9877848265739896,0.6662825718522072,0.902770608663559,24833.88,21.27,22362.98,17.45,1.585,47.78,-1.2018370787667396,75.73,-2.2335065469897217,47.78,0.03,75.73,0.05,18.06,0.01,68.94,0.02,0.960206,0.01,0.884783,0.01,5.0,9.0,1158.0530182780362,1.7,1967.7864831100464,4.3,2.0,0.0,0.0,60.0,19.606,0.25,0.0,47.78,7.653881548240632,75.73,9.744074032990792,47.78,7.929971921686404,75.73,8.96958941776809,1.0,3.0,0.0
chr21-26000047-26000048-C-T,mcdb041_new,0,1.4,98.45,2.0,98.01,6.856,347.811,1.1,2.0,0.932,324.112,2.3,0.071,0.0,2142.775,15305.42,2154.498,14572.69,347.81091830583813,1.2140000000000004,324.1124003369414,1.1385,1.1085597826085376,0.3812571642263634,1.2724728260868403,0.3269092274512552,0.2475596629083156,0.1609237417578697,455.38,2.54,823.54,3.68,1.005,19518.5,8.3,22205.61,12.0,1894.66,1.8,1785.2,1.8,5671.67,1.5,8306.0,2.2,0.045656,1.1,0.015239,2.3,2.0,10.0,2390.8891056788234,1.3,2523.7962059597608,1.4,8.0,0.0,0.0,1687.0,83.609,0.082,0.0,2142.775,3.104790139938563,2154.498,10.955976380306598,2142.775,2.474737421384354,2154.498,8.801241885835037,1.0,3.0,0.0
chr10-23030747-23030748-C-T,TWJF-10146-MO011-0021,0,0.905,0.25,0.415,0.58,0.301,14.705,0.038,2.0,0.949,13.95,0.03,0.073,0.0,70.248,31.56,31.96,50.16,14.705186897810648,0.0385,13.9497954365541,0.029625,0.0918750000000017,0.9199038677457568,0.0355978260869562,0.958617544348462,0.2058487404137849,0.3896658793091774,115.9,1.3299999999999998,30.98,0.5599999999999999,0.455,24.95,0.29,20.45,0.23,43.88,1.8,32.94,1.5,54.6,0.48,30.82,0.27,0.68086,0.12,0.869091,0.05,10.0,9.0,141.94766797100098,3.5,153.1161681504516,3.7,8.0,0.0,0.0,17.0,1.709,0.176,0.0,91.94963296374556,3.0,84.44034518530874,2.8,85.89541850029487,2.8,79.6104355577236,2.6,1.0,3.0,0.0
chr3-62438127-62438128-C-G,TWJF-10146-MO011-0021,0,1.98,36.0,1.311,47.0,0.0,25.24,0.28,2.0,11.218,283.15,1.86,0.051,0.0,432.494,158.93,312.071,251.745,459.5455484540578,1.5346250000000006,138.4244942090812,0.4956249999999999,2.059347826086878,0.1688717885629871,1.0214402173911594,0.4140067585564229,0.010476761337486,0.0332794603600632,25.24,0.2799999999999999,283.15,1.86,0.722,1684.82,0.52,1103.9,0.39,6504.5,6.0,2157.34,2.3,15349.57,5.1,6275.61,1.6,0.00972,2.9,0.096888,0.56,2.0,9.0,405.4416423251884,0.4,340.9925042250324,0.3,8.0,0.0,0.0,131.0,4.351,0.0,0.0,123.8254742499855,1.9,132.07177054453172,2.0,166.9436866957869,2.4,149.8200715009108,2.2,1.0,3.0,0.0
chr5-140795368-140795369-G-A,mcdb041_original,0,1.2,6.551,1.3,7.25,0.0,158.928,0.113,2.0,1.054,167.508,0.162,0.062,0.0,899.54,55.12,993.953,61.96,158.9280004883831,0.3922499999999997,167.50847235661735,0.4061249999999996,0.1131793478261045,0.9049135759832188,0.1624999999999943,0.8744189923031829,0.8061874732375145,0.7323155924677849,1219.13,1.4,1966.4,1.87,1.105,1087.42,1.7,1321.05,1.9,711.66,1.7,784.45,1.8,310.96,0.45,290.92,0.43,0.505884,0.16,0.419128,0.21,2.0,9.0,446.9089812017916,1.0,363.86363379152226,0.8,4.0,0.0,0.0,0.0,0.008,0.0,0.0,1095.0400415404747,2.7,1203.4554000654105,2.8,1219.466852964237,2.9,1285.7898703489766,3.0,1.0,3.0,0.0
chr4-121036663-121036664-G-T,mcdb046,0,0.185,1.16,0.16,0.7,0.0,16.68,0.045,2.0,0.782,13.038,0.027,0.097,0.0,28.945,43.45,24.296,26.67,32.82454402244786,0.045125,29.63233104958756,0.026875,0.2942391304347609,0.789169413143944,0.2977989130434366,0.7877255842107205,0.1094300188124179,0.0788952931761741,3229.04,0.43,2690.65,0.35,0.839,18.68,0.05,17.8,0.05,39.38,0.17,34.4,0.12,23.09,0.05,18.96,0.05,0.841216,0.05,0.853542,0.05,4.0,10.0,696.4290085710637,0.5,645.6305357438321,0.5,5.0,0.0,0.0,87.0,8.982,0.0,0.0,16.68015185085294,0.2,13.037670471382157,0.2,25.06513222673871,0.2,18.538304014928176,0.2,1.0,3.0,0.0
chr21-44573942-44573943-G-T,mcdb044,0,37.0,3.25,5.575,8.41,0.0,11225.499,5.106,2.0,0.102,1139.716,1.326,0.215,0.0,23340.244,238.87,4299.369,486.35,11225.498959496006,5.10625,1139.715689947569,1.3259999999999998,18.61798913043478,0.0122754376488312,3.4218749999999147,0.0808162357424492,0.0980934649705886,0.0230858027935028,27567.69,46.35,3441.78,5.35,0.184,22379.51,33.0,4899.35,5.2,22209.93,40.0,6610.93,8.1,24300.98,34.0,7177.06,5.8,0.002241,14.0,0.045575,2.2,0.0,9.0,17316.93169471617,48.0,18082.847674706973,50.0,5.0,0.0,0.0,0.0,0.0,0.0,0.0,58958.985219844246,41.0,3635.381560138093,8.7,55351.57716515194,40.0,3699.388992615906,8.8,5.0,3.0,0.0
chr17-78451527-78451528-C-T,TWJF-10146-MD017-0016,0,0.678,0.79,0.767,2.04,0.531,59.41,0.34,2.0,0.771,45.82,0.27,0.104,0.0,108.969,30.02,79.96,81.59,82.0033171000256,0.5266249999999995,91.1338621880151,0.5714999999999996,0.6352173913042805,0.5903748654426629,0.8339673913042418,0.4938802069543163,0.0910428538918495,0.0097993165254592,2755.88,0.3399999999999999,2113.73,0.27,0.734,80.61,0.72,78.67,0.7,59.41,1.3,45.82,1.2,80.22,0.61,75.01,0.58,0.365605,0.41,0.345694,0.46,3.0,10.0,135.9353413077903,1.9,74.16347343447947,1.1,3.0,0.0,0.0,12.0,1.595,0.333,1.0,153.2780617581564,1.9,88.60944165639978,1.3,154.1061603982527,1.9,81.24936959117399,1.1,5.0,3.0,0.0
chr2-229026055-229026056-C-A,mcdb046,0,0.97,1.32,10.65,21.87,0.0,36.765,0.1,2.0,1.279,47.036,1.4,0.204,0.0,75.476,186.7,1169.995,1988.71,56.01658812524613,0.22475,196.0701833308994,1.3672500000000007,0.1131793478261045,0.9058945597558736,1.09779891304332,0.3849211497102135,0.5231348983943462,0.0945797488093376,130.81,14.510000000000002,289.19,22.23,15.501,45.15,0.1,2050.8,1.4,92.58,1.5,4526.88,18.0,259.95,0.44,4309.46,3.3,0.308439,0.17,0.016044,2.0,4.0,9.0,3454.0165428148343,6.0,6262.788760577156,18.0,1.0,0.0,0.0,29.0,12.375,0.0,0.0,58.37272932134041,80.0,60.008117108463026,81.0,36.76461310473046,57.0,47.03595866077689,71.0,1.0,3.0,0.0
chr13-23324425-23324426-C-G,TWJF-5120-04,0,0.43,14.289,21.5,17.08,0.0,12.755,0.03,2.0,119.399,1522.895,3.9,0.124,0.0,263.015,865.94,16006.702,1076.11,52.33635650265742,0.123125,7037.443567526236,6.420500000000002,0.5143749999999585,0.6557454308378375,11.115788043478249,0.0214674880914177,0.0465763956308364,0.1305181235074997,35973.75,62.96000000000001,35689.6,60.22,60.859,282.21,0.09,18502.23,7.0,243.82,0.46,17130.58,23.0,620.68,0.14,26790.77,20.0,0.340864,0.03,0.001969,3.9,2.0,9.0,359.94793166265003,0.4,14882.82461361731,48.0,2.0,0.0,0.0,4.0,0.078,0.0,0.0,26.071739010421265,1.4,3091.5053328928125,56.0,12.754692712498596,0.6,1522.8951374820483,40.0,1.0,3.0,0.0
chr21-41257233-41257234-C-T,TWJF-10146-MO011-0021,0,0.25,0.26,0.2,1.5,4.909,11.02,0.06,2.0,0.783,8.63,0.04,0.055,0.0,64.63,7.395,38.895,18.235,46.18293994531301,0.1225,38.89535860515679,0.063625,0.3152445652173554,0.7759475042842786,0.2366847826086768,0.8264907574044167,0.1811999585479498,0.224142849445343,330.33,3.34,183.52,2.1,0.602,64.63,0.5735873523533644,38.895,0.4045184688089049,11.02,0.06,8.63,0.04,64.63,0.15,38.53,0.1,0.279998,0.25,0.350427,0.2,11.0,10.0,1290.3815441454742,0.4,1050.6007652110409,0.3,9.0,0.0,0.0,2027.0,70.132,0.07,0.0,64.63,5.409344338155148,38.895,6.15462557558975,64.63,4.981107585453288,38.895,5.422424942062816,1.0,3.0,0.0
chr17-47916699-47916700-T-A,mcdb045,0,1.9,7.95,46.0,0.69,3.121,764.029,0.22,2.0,6.934,5297.976,33.64,0.056,0.0,1804.267,69.17,36600.838,10.24,1693.263832393707,1.240875,32271.92662695645,40.32962499999999,3.639184782608624,0.0745282485096159,99.28660326086955,0.0033406564650458,0.1069496758282184,0.0176329873502254,1454.06,0.22,6064.8,33.64,20.286,16813.81,13.0,46141.79,82.0,1915.27,1.8,40929.75,48.0,10289.61,3.3,42185.96,78.0,0.019146,2.1,8e-06,55.0,0.0,11.0,2722.3695166880275,2.0,50000.0,44.0,2.0,0.0,0.0,107.0,22.291,0.14,0.0,764.0292757386889,0.5,5297.976163493567,12.0,865.5257640104221,0.6,15713.75581094596,38.0,1.0,3.0,0.0
chr1-186674416-186674417-G-A,mcdb045,1,2.35,3.11,2.9,1.68,1.188,202.954,1.12,2.0,2.454,498.021,1.61,0.061,0.0,964.937,26.72,991.644,16.98,202.95404283940908,1.2392500000000004,498.0205895078209,2.169625000000001,1.2898641304346938,0.321914042091115,2.1829619565216376,0.1546003832008734,0.0259674601256847,0.0027830153703689,254.69,1.12,386.12,1.61,1.028,14157.0,4.7,19416.34,7.8,4084.68,8.8,6903.33,14.0,2723.17,1.5,7043.13,3.3,0.079531,1.2,0.031153,2.2,1.0,9.0,1637.1764276304789,3.2,1485.2677558853384,2.5,5.0,0.0,0.0,17.0,5.055,0.235,0.0,292.6981651761499,16.0,278.88168899659695,16.0,248.20469940932077,15.0,238.67668650452964,14.0,1.0,3.0,0.0
chr2-200877026-200877027-C-G,TWJF-10146-MO011-0021,0,0.258,0.98,6.0,9.6,2.535,2.41,0.01,2.0,420.286,1012.89,4.61,0.05,0.0,6.04,4.44,659.908,24.905,40.14348860818992,0.3159999999999999,2458.2673915755463,2.7222499999999985,0.4753260869564855,0.6778469828986068,6.63130434782606,0.037414459900915,0.0018834772527043,0.0034144825185649,2.41,0.01,1012.89,4.61,109.256,4.56,0.02,211.83,1.5,7.52,0.35,645.63,7.4,19.2,0.17,1804.54,5.7,0.136853,1.3,0.002805,13.0,20.0,9.0,67.28206801518476,1.8,674.1863303391938,12.0,2.0,0.0,0.0,1429.0,33.802,0.075,0.0,4.183598513368352,0.2,220.5718064451923,6.2,4.082911816028956,0.2,201.8226944687943,5.8,5.0,3.0,0.0
chr15-77615845-77615846-C-T,TWJF-10146-MO011-0020,0,20.5,3.3,11.5,2.8,6.989,4576.122,4.6,2.0,0.362,1654.986,1.9,0.181,0.0,7889.26,978.76,2666.209,805.41,8014.0840396500835,4.622625,1569.0083111105334,2.084625,11.115788043478249,0.0215068313164409,1.3767934782607796,0.2967520711242278,0.1667248085141182,0.5541583076119423,5635.0,91.93,5579.25,30.92,0.338,11126.97,21.0,4269.59,11.0,14963.56,20.0,6195.39,12.0,9305.02,13.0,3179.09,6.1,0.011935,4.6,0.057544,1.9,7.0,9.0,4576.122411906873,31.0,1654.9864903064934,20.0,9.0,0.0,0.0,101.0,27.195,0.257,0.0,7764.4375278438465,21.0,2153.327069728258,12.0,7318.633512576574,21.0,2039.0599754832836,12.0,1.0,3.0,0.0
chrX-137030686-137030687-T-C,TWJF-5120-11,0,0.975,5.75,0.924,16.91,0.0,51.416,0.27,2.0,1.262,64.883,0.42,0.487,0.0,108.833,1223.85,98.788,3167.32,51.41647290336632,0.3256249999999998,64.8827970845712,0.4394999999999997,0.5347010869564741,0.6441316982552417,0.678043478260804,0.5694023293583045,0.0272799134254455,0.0024166628718376,70.42,1.02,88.56,1.17,0.908,143.33,0.93,80.59,0.65,171.54,1.9,117.46,1.6,54.64,0.51,48.37,0.46,0.734844,0.27,0.625108,0.42,2.0,9.0,1109.0025961138124,3.3,984.5638656907048,2.8,1.0,0.0,0.0,0.0,0.0,0.0,0.0,103.15493268650256,1.6,109.01593902485224,1.7,114.51173636099196,1.8,129.67313184992148,2.0,6.0,3.0,0.0
chr10-17590435-17590436-T-A,TWJF-10146-MD017-0016,1,0.055,0.03,0.113,0.03,5.724,5.95,0.02,2.0,1.765,10.5,0.32,0.108,0.0,36.343,10.69,66.651,10.69,63.36833819693079,0.077,61.5213516700469,0.071,0.0601358695652436,0.9415784493864152,0.1255163043478404,0.8977711484091214,0.7026505544781685,0.5229216143488884,9.13,0.02,71.78,0.32,1.834,5.95,0.02,10.5,0.04,15.78,0.05,27.11,0.1,18.47,0.03,34.07,0.04,0.851608,0.03,0.763716,0.05,8.0,9.0,198.51637314367952,0.2,293.06182667959655,0.2,3.0,0.0,0.0,395.0,45.068,0.127,0.0,58.01629624073326,0.2,95.62027755957948,0.4,54.21631550984304,0.2,103.3070594767074,0.4,1.0,3.0,0.0
chr8-47837381-47837391-AACCTAGTTTC-A,TWJF-10146-MD017-0016,1,0.55,0.85,15.5,13.61,28.207,401.08,0.27,2.0,56.281,22573.33,16.0,0.066,0.0,856.632,63.44,15967.68,695.78,10258.52947704846,1.5631249999999983,31977.67284019311,29.65775000000001,15.160951086956516,0.015645374027824,99.28660326086955,0.0032297925216082,0.1428896449506282,0.0055480599403381,8475.78,7.61,9175.41,11.1,18.64,597.14,0.29,23226.41,15.0,401.08,0.31,22573.33,18.0,926.06,0.27,29551.62,16.0,0.06597,0.99,2.5e-05,47.0,2.0,10.0,912.7484470874748,0.3,5869.132896433324,7.7,10.0,0.0,0.0,2981.0,348.232,0.081,0.0,712.3443762112449,0.5,7739.091831554105,9.0,800.5159693412733,0.6,9362.02938646301,12.0,1.0,0.0,0.0
chr19-57399433-57399434-C-T,TWJF-10146-MO011-0020,0,0.045,7.5,0.91,8.0,13.293,28.26,0.019,2.0,2.2,62.18,0.198,0.156,0.0,59.76,29.07,1421.465,33.595,37.93445769682302,0.021,152.35533186372948,0.92025,0.018722826087,0.97091393432173,0.197744565217377,0.8513527645607368,0.7675718925893307,0.6510692164301872,28.26,3.96,62.18,11.37,23.786,2158.65,0.42,10144.79,2.8,65.13,0.05,1235.73,1.9,54.39,0.02,1607.2,0.5,0.479184,0.04,0.036357,0.9,3.0,10.0,2365.159660107549,0.5,2664.091477136258,0.7,10.0,0.0,0.0,743.0,56.326,0.236,0.0,59.76,5.853396682962599,1421.465,12.69177738449349,59.76,5.28461553477734,1421.465,10.515240155403909,1.0,3.0,0.0
chr8-144881803-144881804-G-C,TWJF-10146-MD017-0016,0,0.509,1.64,0.199,0.83,23.591,35.73,0.07,2.0,0.313,11.17,0.02,0.29,0.0,74.82,50.52,39.085,25.91,61.5818431525255,0.25675,39.084579263470246,0.063625,0.5094293478260568,0.6589940072833489,0.1993750000000034,0.8499574539181163,0.0953136757016182,0.2744585834443569,2283.28,10.46,2175.62,10.2,0.522,74.82,1.293712705196655,39.085,0.9406490786560284,74.82,1.3,17.68,0.3,35.73,0.1,11.17,0.04,0.600338,0.07,0.891077,0.02,3.0,9.0,598.5373721582038,0.7,437.34195544615335,0.4,8.0,8.0,1.0,437.0,43.526,0.542,0.0,74.82,6.563125640304575,39.085,5.722265496428189,74.82,6.572560651879714,39.085,6.439908902156822,1.0,3.0,1.0
chr15-52608949-52608950-T-G,mcdb045,0,6.35,76.0,5.7,74.0,11.919,1975.874,1.103,2.0,0.6,1185.753,0.809,0.146,0.0,5619.41,1384.46,4959.34,1336.785,1975.8744716209387,1.5942499999999984,1185.7533551816157,1.2829999999999986,1.1026630434781026,0.382654246331589,0.8087499999998755,0.505796190086154,0.7261354438960552,0.7276838421821594,5337.85,17.77,5317.73,11.07,0.883,27621.09,24.0,27127.38,24.0,5900.97,5.0,4600.95,4.2,18601.99,7.9,16897.53,6.9,0.053255,1.3,0.07482,1.1,1.0,11.0,5099.027255984747,5.8,4018.9258489021786,4.5,1.0,0.0,0.0,71.0,120.397,0.099,0.0,6887.791624696643,24.0,14324.517423342208,49.0,3141.304236356526,6.9,3229.311952348248,7.2,1.0,3.0,0.0
chrX-154362265-154362266-C-T,TWJF-10146-MO011-0021,1,0.182,0.36,0.192,0.67,78.541,2.37,0.018,2.0,1.013,2.4,0.066,0.079,0.0,24.14,15.86,33.116,25.77,29.58639338637733,0.018125,44.31416435174419,0.066375,0.2636413043478001,0.8089408953543633,0.2137500000000045,0.8417934084332418,0.115741339046508,0.2912314338609576,2.37,0.0699999999999999,2.4,0.0699999999999999,1.372,7.59,0.04,9.73,0.06,17.21,0.36,26.11,0.52,23.31,0.1,36.17,0.17,0.688296,0.05,0.554906,0.1,4.0,9.0,611.6306104899984,0.4,681.5204823560478,0.5,5.0,0.0,0.0,6717.0,206.145,0.381,0.0,30.476844557726032,0.5,34.43261447343676,0.6,24.96950885764318,0.4,31.798746461681414,0.5,1.0,3.0,0.0
chr7-27101291-27101292-C-A,mcdb045,1,0.185,41.0,0.36,41.0,0.527,52.675,0.1,2.0,0.971,51.159,0.056,0.054,0.0,228.018,366.9,444.675,565.465,52.6753223906389,0.10025,51.159277661413945,0.08975,0.1434510869565173,0.8865065348306065,0.0557608695652334,0.9444980119630358,0.4471900202333927,0.6592582538723946,2172.87,0.36,2612.48,0.44,1.95,76.36,0.11,162.13,0.22,108.89,0.18,331.89,0.59,307.88,0.19,535.58,0.28,0.714203,0.13,0.707351,0.14,2.0,9.0,1158.0530182780362,1.9,1290.3815441454742,2.1,7.0,0.0,0.0,26.0,2.283,0.231,0.0,332.2691343434361,0.6,825.0684873560876,1.5,148.15625784659872,0.3,353.7691841203025,0.7,1.0,3.0,0.0
chr1-3775422-3775423-G-A,TWJF-10146-MO011-0020,0,5.957,1.52,6.7,1.72,1.946,205.61,1.0,2.0,1.53,314.5,1.0,0.49,0.0,2651.44,57.99,2971.569,66.72,969.630126619685,3.3143750000000014,1058.932680060698,3.477500000000002,2.832907608695578,0.1050913586838148,3.0595108695651447,0.0934463591012563,0.0605143494904041,0.0478543266654014,205.61,26.86,314.5,33.12,1.121,39759.52,39.0,39687.74,38.0,2065.97,3.1,2635.42,3.9,23576.58,16.0,24163.07,17.0,0.000644,8.6,0.000528,9.5,0.0,11.0,3236.909768355534,1.0,3307.718431318005,1.0,7.0,0.0,0.0,68.0,3.309,0.588,0.0,2651.44,15.910710716784708,2971.569,19.174734333399392,2651.44,13.90425327816808,2971.569,14.402334886613902,1.0,3.0,0.0
chr9-74762190-74762191-C-G,TWJF-10146-MO011-0021,0,1.2,28.07,1.9,30.02,0.0,277.122,0.567,2.0,2.447,678.046,1.444,0.059,0.0,2551.251,517.02,2496.636,590.13,277.12184434004894,0.8859999999999999,678.0457023319381,1.4443749999999995,0.5670652173912458,0.626222897176041,1.898478260869496,0.1911371907080616,0.467893386259675,0.1599456071853637,19794.96,64.25999999999999,16996.4,53.17,0.979,2551.251,-0.1122602863379938,2496.636,-1.8980159213024896,749.59,1.2,772.04,1.2,9529.99,1.9,9740.36,2.0,0.099316,0.95,0.031649,1.9,0.0,10.0,2551.251382965138,3.3,2496.6364866068243,3.3,5.0,0.0,0.0,4.0,0.176,0.0,0.0,2551.251,8.801122675877012,2496.636,9.61132727262862,2551.251,10.630393416448683,2496.636,9.897042910898412,1.0,3.0,0.0
chr2-95049657-95049658-G-A,mcdb041_new,0,0.72,0.71,0.695,1.12,0.0,124.079,0.3,2.0,0.821,101.859,0.3,0.146,0.0,650.524,10.41,933.942,13.2,124.0789464521354,0.3831249999999998,101.85938399737604,0.3181249999999999,0.8832608695651203,0.4720013715829919,0.7594293478259573,0.5286060762612486,0.0697510875761509,0.0796402543783187,2892.14,0.51,3531.44,0.69,1.436,2224.16,2.5,2799.89,2.9,850.76,1.2,1249.17,1.4,1160.12,0.53,1324.67,0.57,0.123796,0.74,0.203076,0.55,1.0,9.0,323.0352995794819,0.3,359.94793166265003,0.3,9.0,0.0,0.0,817.0,15.93,0.0,0.0,450.2876129132688,0.8,618.7140809710187,1.1,358.69060370234985,0.7,408.0562179402721,0.7,1.0,3.0,0.0
chr10-119808048-119808049-G-T,mcdb048,0,0.549,2.69,0.61,0.56,0.0,85.481,0.17,2.0,0.968,82.784,0.19,0.053,0.0,2157.331,698.85,2644.365,185.12,85.48148801111672,0.3299999999999998,82.78433311792567,0.3151249999999999,0.7171739130433537,0.5500608703407458,0.7303532608694354,0.5431323330534013,0.0559258579742163,0.0392221203655935,27517.78,18.4,23795.41,11.78,1.226,13543.74,4.4,18281.14,6.8,261.59,0.33,358.01,0.47,746.69,0.17,858.76,0.19,0.061087,0.38,0.042254,0.49,0.0,10.0,3567.971061190687,2.5,4429.969369593865,3.5,8.0,0.0,0.0,9.0,29.983,0.0,0.0,2157.331,7.8978422875357905,2644.365,14.30110471582959,2157.331,9.377324716340002,2644.365,12.383683917595038,6.0,3.0,0.0
chr19-17836037-17836038-C-G,TWJF-10146-MO011-0020,0,1.238,1.35,4.35,1.19,0.0,56.75,0.17,2.0,9.076,515.09,0.75,0.244,0.0,166.945,11.115,1682.075,10.765,207.53884676844345,0.53775,4193.959868022941,2.474000000000001,1.2760054347825047,0.3256266826937448,10.655842391304333,0.0227547856823666,0.0368930846452713,0.0052486024796962,5061.26,4.46,5413.78,6.49,10.076,56.75,0.17,515.09,0.75,101.5,1.5,1453.47,5.1,219.94,0.28,1910.68,1.3,0.250922,0.51,0.031674,2.1,5.0,9.0,1517.7585670175067,4.9,3932.892296828435,15.0,9.0,0.0,0.0,110.0,8.819,0.0,0.0,126.35138302206222,1.8,680.1113145991765,5.7,80.28603307537183,1.2,333.91813030521166,3.6,1.0,3.0,0.0
chr5-90652472-90652473-G-A,TWJF-5120-11,0,0.835,3.6,16.425,4.34,0.0,53.8,0.477,2.0,300.295,16155.85,11.014,0.067,0.0,90.74,72.64,11828.99,87.24,102.3403455377972,0.6629999999999996,20786.29618828841,11.013750000000009,0.4769021739130039,0.6773254875918655,46.22467391304348,0.005149903377595,0.2581340596079826,0.0197034664452075,53.8,0.8699999999999999,16155.85,15.85,130.361,58.17,0.5,16229.5,17.0,79.14,1.4,14252.45,20.0,55.39,0.51,9405.53,11.0,0.347576,0.98,0.001375,14.0,6.0,9.0,396.76231208639433,0.8,4989.871863860996,19.0,9.0,0.0,0.0,3.0,1.144,0.0,0.0,165.3826703565764,2.4,784.3140591754343,7.5,155.1850927063492,2.3,8391.700973766916,28.0,1.0,3.0,0.0
chr1-46184995-46184996-G-A,TWJF-10146-MD017-0016,0,2.301,1.8,1.949,1.8,2.04,322.21,0.81,2.0,1.139,366.91,0.48,0.103,0.0,1041.857,282.645,704.836,444.015,1041.8574649170955,2.327249999999999,704.8357256356777,1.94875,2.2920108695651606,0.1440723572313218,1.905543478260796,0.1896427139734863,0.1819935068488121,0.1678437031805515,6114.41,17.77,3943.57,13.94,0.677,1041.857,2.3333235978289575,704.836,1.372143647476412,322.21,2.3,366.91,2.5,926.41,0.81,390.49,0.48,0.039865,1.2,0.092703,0.69,1.0,10.0,7446.484392361988,9.3,7208.657199267612,8.8,5.0,0.0,0.0,146.0,9.949,0.205,0.0,1041.857,9.773759014529803,704.836,9.589302292117424,1041.857,10.868793701931004,704.836,10.34322830857918,1.0,3.0,0.0
chr19-3626635-3626636-C-T,TWJF-10146-MO011-0021,0,1.546,10.68,20.571,24.97,2.823,28.081,0.28,2.0,38.637,1084.951,12.0,0.098,0.0,93.335,949.23,9530.425,4010.96,1779.9884779590354,1.6911250000000009,24822.75958955168,17.141125000000006,5.149211956521697,0.0499872550173171,62.74467391304348,0.0040546572304339,0.0003781480877478,0.0005326190375853,47.43,0.97,18262.81,24.97,102.11,78.36,0.28,10396.48,12.0,108.31,1.8,8664.37,24.0,329.26,1.4,7643.95,16.0,0.084871,1.8,0.001266,24.0,2.0,9.0,2122.6127229763083,4.2,12930.006815315508,40.0,9.0,0.0,0.0,981.0,17.428,0.162,1.0,37.408474652069565,0.6,1655.6555908828057,16.0,28.08083385881677,0.5,1084.9506891188587,13.0,1.0,3.0,0.0
chr6-136179050-136179051-G-T,TWJF-10146-MO011-0029,0,0.73,0.12,0.885,0.17,0.037,22.19,0.137,2.0,0.897,19.91,0.304,0.125,0.0,885.412,29.26,1324.655,34.58,87.28188262819313,0.2279999999999999,206.558942188789,0.4719999999999995,0.1369293478260971,0.8905390134883586,0.3040760869564849,0.7835973606647312,0.5973385162651539,0.6050434932112694,22.19,1.26,19.91,0.97,1.496,15339.77,4.1,14174.78,3.5,1347.45,0.56,1967.79,0.8,4909.38,0.92,7234.44,1.5,0.069271,0.9,0.028322,1.6,5.0,11.0,423.3740473427198,0.4,681.5204823560478,0.6,6.0,0.0,0.0,36.0,0.661,0.056,0.0,885.412,10.2281065192481,1324.655,11.836443731551324,885.412,9.26714334057854,1324.655,10.020264873350362,1.0,3.0,0.0
chrX-66032554-66032555-T-C,mcdb044,0,0.965,0.1,0.71,0.28,0.0,140.152,0.22,2.0,0.656,91.96,0.22,0.199,0.0,618.81,42.88,464.28,64.72,140.15188657700904,0.2877499999999999,91.95997473788849,0.160625,0.2238858695651941,0.8339834834760111,0.3235054347826036,0.7711386395903427,0.5910879783332348,0.3625274077057838,233.04,0.83,163.56,0.63,0.75,639.08,1.1,464.4,0.79,598.54,1.5,464.16,1.4,414.2,0.42,350.25,0.37,0.416247,0.22,0.413832,0.22,1.0,9.0,3099.8074179973237,9.9,1967.7864831100464,5.4,9.0,0.0,0.0,356.0,80.825,0.0,1.0,825.1824826544035,2.7,650.9535503235239,2.2,871.2243397912885,2.8,663.9417823781885,2.2,1.0,3.0,0.0
chr1-234609427-234609428-G-A,mcdb041_new,0,1.12,5.74,0.6,14.13,5.836,52.24,0.16,2.0,0.308,16.1,0.05,0.079,0.0,341.296,47.66,110.37,152.5,3142.925666250406,1.7396250000000018,643.5377601442539,0.8584999999999997,8.269211956521715,0.0295577075800079,2.312336956521662,0.1417509111899742,0.0019496306777,0.0443696267902851,97.76,0.3,90.81,0.29,0.323,52.24,0.16,16.1,0.05,137.41,0.43,64.08,0.27,220.36,0.36,21.44,0.06,0.0078,3.3,0.098234,0.82,3.0,10.0,727.2315846854273,0.5,427.97973197836103,0.4,1.0,1.0,1.0,1081.0,75.794,0.077,0.0,526.8779213701754,2.5,129.93016800191148,0.8,462.2319913907482,2.3,130.2746754820067,0.8,1.0,3.0,1.0
chr7-142752527-142752527-T-TC,TWJF-5120-13,0,10.95,7.47,44.5,16.43,0.0,5.41,1.41,2.0,761.854,4121.63,29.64,0.081,0.0,3571.315,528.01,23808.002,1968.44,22787.295015458447,37.13037500000002,28936.56985436156,63.32100000000002,22.19230978260869,0.010813969575586,99.28660326086955,0.0038399937792774,0.2562258455436677,0.0271968399174511,5.41,1.41,4121.63,29.64,6.666,12349.83,5.3,38623.99,29.0,3416.85,9.9,35367.39,57.0,13577.49,5.8,39000.7,34.0,0.0009,6.5,7e-06,33.0,2.0,9.0,3725.7799675308625,15.0,18679.434915124715,60.0,9.0,0.0,0.0,8086.0,4678.683,0.0,0.0,17.97256239425472,12.0,35.942642231865385,26.0,44.95417169876537,31.0,107.5895274428083,55.0,1.0,0.0,0.0
chr17-75570445-75570446-G-A,mcdb041_original,1,0.21,5.801,0.2,16.0,3.542,2.103,0.01,2.0,2.275,4.784,0.01,0.067,0.0,26.775,68.55,36.19,296.77,160.99080646932725,0.5907499999999999,429.9161943556225,1.4383750000000006,1.1819565217390249,0.3546931023922876,2.012282608695557,0.1741912694641147,0.0037861391901969,0.0027598366141319,20.61,0.22,9.61,0.08,1.352,16.37,0.01,18.77,0.01,32.94,0.03,53.61,0.05,267.78,0.07,515.89,0.12,0.155461,0.35,0.078015,0.7,4.0,9.0,384.09044412331593,0.4,388.2687811477462,0.4,5.0,0.0,0.0,63.0,10.149,0.349,0.0,2.10285825658103,0.2,4.784207416825339,0.2,5.4521776732834635,0.2,8.027309353859774,0.2,1.0,3.0,0.0
chr11-6682763-6682764-GC-G,TWJF-5120-05,1,11.0,1.7,3.8,5.817960597313447,39.117,15.17,1.9,2.0,9.406,142.69,1.5,0.225,0.0,3002.07,39.77,1455.36,349.15733216136726,13294.492002589988,17.262500000000006,866.5729116342715,4.189875,31.64317934782608,0.0076826355389769,1.3140217391303537,0.3144433658618523,0.0107702650129795,0.4147453159093857,15.17,2.37,142.69,15.25,0.485,3002.07,4.3319973165344585,1455.36,3.0831823445203828,10322.28,20.0,5993.63,14.0,3002.07,3.5,1455.36,2.1,0.000749,11.0,0.009235,3.8,0.0,9.0,2216.49442399124,1.9,1925.6618788676217,1.5,6.0,0.0,0.0,1583.0,98.781,0.396,0.0,3002.07,10.446329248446562,1455.36,8.397682816808073,3002.07,8.119384871820323,1455.36,8.215590550090871,1.0,0.0,0.0
chr1-182884613-182884625-GATTAAACTGCAA-G,TWJF-5120-06,1,1.65,4.06,2.7,14.18,43.932,779.797,0.731,2.0,0.94,733.159,0.708,0.1,0.0,3642.255,146.66,4756.104,815.76,779.797041005752,0.7313749999999989,733.1594840090944,0.707999999999999,1.230081521738995,0.3396084594732992,2.202255434782515,0.1521925993152406,0.4181080013513565,0.1037128046154975,5492.87,96.11,5532.97,98.36,1.306,3618.71,1.9,13848.25,5.9,3665.8,1.4,7527.49,2.6,4612.26,1.3,6159.23,1.6,0.056675,1.4,0.021806,2.5,0.0,10.0,4106.841418464271,3.2,3766.310953452029,2.8,6.0,0.0,0.0,1373.0,185.369,0.237,0.0,2279.292177433746,2.1,3979.23877634225,3.5,2491.953878118641,2.3,3225.076346146305,2.8,1.0,1.0,0.0
chr19-7682466-7682467-C-T,TWJF-5120-13,0,7.75,8.3,11.92,11.99,27.62,352.242,1.554,2.0,1.354,476.884,2.895,0.113,0.0,2216.19,145.83,4597.311,603.66,733.8382727924298,1.553874999999999,3374.552303108625,2.895125,2.708288043478205,0.111579991473015,8.839293478260856,0.0279625768088919,0.0030106387785053,0.0053276003600331,5592.1,53.35,5518.16,3.75,2.074,3113.79,8.3,10559.04,20.0,4429.97,9.4,10992.95,17.0,4031.38,7.0,15092.0,19.0,0.009484,5.1,0.004938,7.0,0.0,9.0,352.24248988870096,7.2,476.8841656614147,8.7,5.0,5.0,1.0,1948.0,150.11,0.184,0.0,1318.5906746596595,8.5,3532.7263689499173,15.0,1301.4575285035744,8.4,3676.46131047304,16.0,1.0,3.0,1.0
chr2-174572309-174572310-C-A,mcdb041_new,0,14.5,31.94,15.0,31.53,1.724,720.165,2.185,2.0,2.094,1508.042,3.765,0.193,0.0,15046.927,670.15,15723.998,651.95,720.1653674980452,2.184750000000001,1508.042131338591,3.7651250000000016,2.6922554347825383,0.1130125592356777,4.454592391304317,0.0582997405436188,0.0019089207053184,0.0008226595818996,33014.51,67.97999999999999,37737.64,82.64,1.045,26777.14,16.0,28031.15,17.0,25564.3,30.0,29425.27,37.0,20263.48,8.2,28247.01,18.0,0.015912,2.2,0.001868,6.7,0.0,9.0,5869.132896433324,20.0,3416.846299147091,11.0,9.0,0.0,0.0,2612.0,95.799,0.018,0.0,1392.5474424534705,13.0,1392.5474424534705,13.0,9830.373071248536,33.0,3010.024288370052,19.0,1.0,3.0,0.0
chr7-151236425-151236426-AT-A,TWJF-5120-06,1,0.765,16.0,1.092,18.706352480969887,9.79,29.09,0.16,2.0,1.654,48.11,0.32,0.134,0.0,80.734,159.36,135.618,287.5066445876704,181.0724365770437,0.745875,295.28947710485306,0.9671249999999996,1.0239402173911571,0.4124225387397314,1.2177173913042338,0.3436068946027019,0.1051662303507328,0.1565343700349331,60.81,0.75,189.55,1.44,1.68,59.84,0.37,75.31,0.47,29.09,0.31,48.11,0.43,32.15,0.16,65.66,0.32,0.23577,0.78,0.269333,0.67,6.0,10.0,953.1186832043844,0.9,1437.8310001273976,1.7,6.0,0.0,0.0,516.0,53.793,0.182,0.0,100.65839470271354,1.1,122.70153618708152,1.3,102.76139707244435,1.1,148.53541022592464,1.5,1.0,0.0,0.0
chr1-36296651-36296652-G-A,TWJF-10146-MO011-0021,1,1.826,4.65,2.777,7.23,12.197,27.351,0.36,2.0,1.13,30.901,0.52,0.053,0.0,318.635,254.19,513.91,500.39,2003.9157138153791,1.792875000000001,3261.984357925134,2.3541250000000016,5.554945652173885,0.0453267065144172,8.269211956521715,0.0295311144980422,0.00386480727866,0.0118952706252457,195.17,1.86,123.59,1.53,1.613,106.91,0.36,181.65,0.52,442.1,3.6,846.17,5.1,1241.11,3.5,3360.17,7.4,0.101518,1.6,0.043964,3.2,3.0,9.0,7775.837276083438,25.0,8664.36747969986,28.0,5.0,0.0,0.0,4028.0,129.755,0.094,0.0,27.35079787162679,0.5,30.900819698405396,0.5,44.710548732882,0.7,56.93902156527083,1.0,1.0,3.0,0.0
chr9-133043735-133043736-G-A,mcdb041_new,1,0.285,7.97,0.47,10.1,8.292,15.47,0.04,2.0,1.578,24.41,0.12,0.081,0.0,44.746,69.38,128.796,93.85,87.75792776024988,0.2356249999999999,426.87153151696975,0.7047499999999997,0.5886413043477603,0.6145360631088287,1.7204076086955808,0.2195919191723943,0.1381819769740104,0.0822537057101726,94.79,0.29,1801.83,1.77,2.878,15.47,0.05,24.41,0.08,65.13,0.28,159.03,0.44,16.26,0.05,37.45,0.09,0.847933,0.04,0.57493,0.12,3.0,10.0,337.3229287282724,0.3,379.9570720848363,0.3,9.0,0.0,0.0,555.0,52.814,0.157,0.0,24.361835143586088,0.3,98.56211176602432,0.7,22.587075315682593,0.3,61.92414230486518,0.5,1.0,3.0,0.0
chr17-81691455-81691456-C-T,TWJF-10146-MO011-0029,0,0.75,6.14,33.0,8.06,43.643,50.6,0.38,2.0,599.086,30313.77,33.0,0.273,0.0,611.631,338.16,30313.77,429.15,103.46058526831214,0.7203750000000001,22330.605017425856,27.75625,0.7881249999998801,0.515545290880267,62.74467391304348,0.0045583510809245,0.0691269151866436,0.0047237549260898,26654.99,34.46,32997.26,63.32,49.562,611.631,-2.2316503302818123,30313.77,33.368362180846155,50.6,0.38,30313.77,33.0,1063.06,0.9,32893.89,33.0,0.325132,0.75,0.000234,29.0,2.0,8.0,611.6306104899984,0.4,7208.657199267612,15.0,8.0,7.0,0.0,696.0,156.427,0.279,0.0,611.631,-2.7545232719523822,30313.77,37.409982766682674,611.631,0.683051116369928,30313.77,34.46468367318746,1.0,3.0,1.0
chr5-168371434-168371435-C-T,TWJF-5120-04,1,0.55,2.24,10.9,16.07,66.436,53.935,0.02,2.0,48.881,2636.36,2.0,0.147,0.0,239.245,109.99,8208.14,1336.17,53.934750912807,0.044375,2636.3602452522664,2.0544999999999987,0.031548913043494,0.9616080219819114,2.9306793478260005,0.0998480405957004,0.7830076366662979,0.3190022520720958,4085.13,6.05,22990.6,33.54,34.309,190.64,0.4,7170.77,7.4,271.69,0.88,9245.51,13.0,298.43,0.32,14985.59,16.0,0.898915,0.02,0.054188,2.0,4.0,9.0,902.925945728536,1.4,9972.946142268209,33.0,9.0,0.0,0.0,1344.0,152.376,0.436,0.0,206.79974552202103,0.8,4748.429561103693,12.0,186.2644609925386,0.7,4396.732057880003,9.8,1.0,3.0,0.0
chr7-158133827-158133828-C-A,mcdb045,0,0.97,12.16,0.935,7.56,2.109,722.518,0.22,2.0,0.741,535.551,0.29,0.072,0.0,1671.755,121.65,1568.38,65.15,722.5183231338244,0.9183749999999996,535.5514533076613,0.8203749999999992,1.612744565217298,0.2411687299596479,1.127717391304202,0.3742077193633869,0.2611469514667988,0.3575842157006264,1440.09,0.22,1833.47,0.29,0.938,1903.42,2.2,1303.29,1.7,907.82,0.94,784.45,0.9,2841.67,1.0,2684.46,0.97,0.363346,0.35,0.276634,0.44,0.0,8.0,1222.4280109388617,0.7,1249.169100192773,0.8,7.0,0.0,0.0,2.0,2.109,1.0,0.0,36086.1042972517,55.0,15824.864497454711,26.0,24189.67313718985,39.0,9541.793203778743,17.0,1.0,3.0,0.0
chr16-77735952-77735953-A-T,TWJF-10146-MO011-0021,0,0.722,40.81,0.404,30.0,0.424,120.567,0.17,2.0,0.511,61.629,0.13,0.077,0.0,583.205,391.93,359.0,450.615,120.56745077757604,0.41275,61.62892304446149,0.1105,0.4438315217391135,0.6965974496129745,0.1581249999999983,0.8771361287785576,0.3284676698967814,0.4648629408329725,978.31,4.1000000000000005,2181.16,6.74,0.616,469.98,0.17,333.22,0.13,968.71,1.3,471.75,0.65,969.77,0.24,384.78,0.09,0.202887,0.27,0.441329,0.07,5.0,9.0,696.4290085710637,1.0,618.2842486218158,0.7,7.0,0.0,0.0,434.0,26.525,0.016,0.0,311.75253958798726,3.9,196.7025545133927,2.7,274.5174777718046,3.5,227.28459452324057,3.1,1.0,3.0,0.0
chr22-43946250-43946251-G-C,mcdb041_new,0,10.95,15.97,1.05,13.01,0.09,2169.046,2.293,2.0,0.235,508.87,0.013,0.068,0.0,10272.432,185.31,370.902,134.39,5512.6635484237095,2.293,43.67371264430178,0.01275,12.805461956521723,0.0187055725703922,0.4152717391304463,0.7141321903557895,0.0237559825181961,0.073535818606615,33957.66,59.89,232.24,0.8,0.036,29574.97,23.0,2240.02,2.4,22209.93,9.9,1177.0,2.0,15032.2,5.7,311.04,0.27,0.018429,2.7,0.759413,0.07,0.0,9.0,2169.0457037070128,6.8,508.8698527539727,1.5,2.0,0.0,0.0,23.0,0.52,0.174,0.0,5226.488510329193,16.0,385.6647980493054,1.4,3066.337822834526,12.0,356.1393813897374,1.3,1.0,3.0,0.0
chr4-125490417-125490418-G-C,TWJF-5120-11,0,0.525,95.0,0.158,92.0,0.0,7.56,0.14,2.0,0.556,4.2,0.06,0.201,1.0,50.326,11192.855,9.426,9559.08,87.74172585529091,0.2025,64.81288081436107,0.13675,0.8293749999998852,0.4961707535713706,0.6800271739129755,0.56836825756309,0.0019753692249651,0.0009289867202824,7.56,0.32,4.2,0.18,0.187,31.84,0.16,5.92,0.03,34.4,0.73,9.39,0.13,51.06,0.26,16.52,0.06,0.493499,0.14,0.668634,0.06,1.0,9.0,2010.8325794908649,3.8,883.5969186971492,0.8,3.0,0.0,0.0,54.0,2.207,0.0,0.0,52.11587094933761,0.9,9.461717998758594,0.2,49.59181463107507,0.8,7.488761508337367,0.2,1.0,3.0,0.0
chr11-6632530-6632531-C-T,TWJF-10146-MO011-0021,0,1.0,8.78,4.4,8.02,0.0,48.256,0.089,2.0,5.598,270.116,0.957,0.08,0.0,82.78,78.4,615.919,69.88,83.56086655672262,0.6019999999999996,546.6187710781982,1.5481249999999995,0.088804347826084,0.921301471620832,0.9574456521738028,0.4398707145213396,0.6882296539843082,0.4402237497270107,82.0,1.0699999999999998,438.09,2.85,7.44,101.64,0.87,1383.83,4.8,59.73,2.2,685.22,7.5,125.51,0.93,1025.3,4.0,0.675618,0.12,0.299256,0.57,2.0,9.0,271.68550108708894,5.7,973.9685259346436,15.0,7.0,0.0,0.0,752.0,17.128,0.0,0.0,48.25585334660213,1.7,270.11580727393766,7.1,60.949479337720526,2.0,329.5869443315474,8.2,1.0,3.0,0.0
chr11-112193632-112193633-CG-C,TWJF-10146-MO011-0020,1,0.124,0.35,6.507496219413255,9.24,1.697,10.07,0.03,2.0,101.10559214445657,2888.644137938267,4.306079092683705,0.389,0.0,28.986,15.59,3769.731379606188,745.42,50.18740674323119,0.1045,4172.5944116071605,4.289005569834229,0.1434510869565173,0.8867500682428837,10.291484661230651,0.6213436438959479,0.4345917925238609,0.3219842431685723,29.32,0.05,3320.0464758440944,8.55253092527001,16.376766329335577,11.63,0.04,4854.051781689609,6.229895852518922,15.2,0.17,4556.426444057624,8.617838598021798,10.07,0.03,5221.688486442086,6.677680649490421,0.896197,0.04,0.6850092013007041,6.940296925431647,18.0,9.0,78.28614569791782,0.3,3121.197785743822,6.847236381820185,3.0,0.0,0.0,58.0,6.147,0.276,0.0,31.907295908416533,0.3,6271.508167264474,7.049688090928873,28.652333664654183,0.3,6970.607285186386,8.01131442948006,1.0,0.0,0.0
chr14-88687285-88687286-C-A,mcdb045,0,4.55,8.77,2.87,6.02,1.226,2101.019,2.208,2.0,0.773,1623.417,2.41,0.066,0.0,3572.583,78.21,2155.498,50.24,4965.059506354259,2.207750000000002,5774.1268028140485,2.4098750000000013,11.115788043478249,0.0213108559092077,10.23198369565216,0.0235114335283627,0.0326386652886867,0.1024943478405475,12552.48,7.77,4271.21,3.14,0.603,3691.15,3.5,2141.95,2.5,2984.62,3.9,1376.93,2.4,6794.4,3.9,2831.82,2.0,0.004383,4.4,0.013066,2.6,0.0,9.0,3454.0165428148343,8.2,2169.0457037070128,4.9,5.0,5.0,1.0,23.0,14.093,0.087,0.0,2101.0190974860034,4.7,1623.416665542729,3.6,2394.2527780282408,5.3,1600.1842813169303,3.6,5.0,3.0,1.0
chr17-7675189-7675190-C-T,TWJF-5120-13,1,1.53,36.0,2.05,49.0,18.602,20.119,0.03,2.0,0.773,15.546,0.15,0.115,1.0,83.65,416.995,202.855,480.195,34.952097485020744,0.07425,38.26739134568901,0.10225,0.1746467391304236,0.8659927857543054,0.4212500000000005,0.7104823892212099,0.2810064749792218,0.0322221294045448,81.68,7.12,492.41,13.65,2.425,243.34,0.36,1500.48,1.3,277.63,3.3,191.14,2.8,85.62,0.19,214.57,0.32,0.770221,0.03,0.433398,0.15,10.0,9.0,1249.169100192773,2.7,1422.3578464915408,3.3,5.0,0.0,0.0,1154.0,48.568,0.383,0.0,20.11916720710582,14.0,15.54568988922479,8.9,59.53467676094746,39.0,45.057801767125795,31.0,1.0,3.0,0.0
chr8-97931162-97931163-C-T,TWJF-5120-06,0,1.976,1.88,2.097,7.64,7.218,99.86,0.2,2.0,2.364,236.04,0.3,0.093,0.0,706.439,58.58,729.005,336.06,1720.6153408680148,2.0458749999999988,474.51752697944346,1.198124999999999,1.905543478260796,0.1892372135479994,1.7432065217390402,0.2157653697426288,0.4121155068278312,0.1049531437456607,526.5,2.24,666.42,2.45,1.032,1700.97,4.3,4732.11,7.3,99.86,0.42,236.04,0.94,742.84,1.7,1487.66,2.5,0.136207,1.2,0.209003,0.86,3.0,11.0,280.6489180372726,0.2,503.39367272195074,0.3,7.0,0.0,0.0,234.0,21.356,0.338,0.0,670.0388738077565,6.3,942.1064995881912,8.1,791.5894546242602,7.1,791.5894546242602,7.1,1.0,3.0,0.0
chrX-111410351-111410352-C-A,mcdb045,0,7.97,17.0,30.18,29.68,0.0,533.851,2.3,2.0,79.983,42699.226,8.2,0.061,0.0,3930.317,95.675,19655.932,125.57,4957.947173597495,6.5248750000000015,15184.169105869709,15.065124999999997,12.187228260869546,0.0193377324057852,37.35904891304347,0.0066061023818664,0.0042154900729656,0.0042818635702133,3234.73,9.04,14814.51,44.72,5.001,7770.37,2.3,20016.16,8.2,2621.2,6.9,14329.76,23.0,8236.29,3.9,22580.91,16.0,0.017086,3.0,0.001743,8.9,0.0,9.0,4625.9038683178505,18.0,19295.704693482938,60.0,2.0,0.0,0.0,1.0,0.15,0.0,0.0,533.8509255416241,24.0,42699.22573153979,87.0,922.167898580369,31.0,104908.33635354822,93.0,1.0,3.0,0.0
chr3-3146582-3146583-G-C,TWJF-5120-13,1,0.726,13.0,7.1,9.7,2.92,14.732,0.21,2.0,12.589,185.46,3.1,0.069,0.0,58.855,37.765,1883.01,24.7,147.65468064778284,0.5341249999999998,4179.266229375971,2.926,0.91285326086944,0.4594156421704042,8.545326086956507,0.0285411975800726,0.1032126599457115,0.0700010953005403,125.75,1.68,4308.98,10.17,31.994,40.71,0.21,1628.43,3.1,51.61,0.54,1593.49,6.0,66.1,0.24,2137.59,3.2,0.377756,0.46,0.013487,4.6,7.0,10.0,1785.2014996700302,1.9,5154.497145169031,8.2,10.0,0.0,0.0,726.0,29.499,0.099,0.0,14.73160277623704,1.2,185.45989091462317,9.0,51.36177216102751,3.4,600.6756126402304,21.0,1.0,3.0,0.0
chr12-45016580-45016581-C-T,mcdb047,0,1.084,16.0,1.271,13.0,0.0,43.07,0.2,2.0,1.919,82.636,0.15,0.213,0.0,688.939,257.945,634.667,234.085,195.3770127875403,0.8156249999999998,302.8826242805929,1.133625,0.8677173913042395,0.4793600944794682,1.3415760869564366,0.3067497014752669,0.2027344331145286,0.1159944385290145,38302.16,87.7,39032.21,94.07,0.921,779.34,0.2,518.11,0.15,4478.16,5.7,3869.58,4.9,4483.64,1.3,4289.74,1.2,0.025534,0.78,0.020636,0.91,2.0,9.0,598.5373721582038,0.8,751.2243258762381,1.1,6.0,0.0,0.0,0.0,0.265,0.0,0.0,43.069516858613135,2.2,82.63613567239305,4.2,73.56479007442732,3.7,89.88143551303551,4.5,2.0,3.0,0.0
chr17-12752926-12752927-A-G,TWJF-5120-06,0,1.885,4.92,1.8,2.86,0.0,117.97,0.54,2.0,1.022,120.52,0.85,0.172,0.0,562.905,99.51,805.779,58.57,496.1939397333466,1.228624999999999,1043.900977368956,1.6743749999999986,1.87081521739124,0.1943609600034085,3.132635869565135,0.0907200350117958,0.0800774656236171,0.0347119346261024,117.97,1.13,120.52,1.15,1.431,725.86,2.7,984.8,3.1,531.38,1.9,495.29,1.8,337.27,1.0,411.5,1.3,0.334929,0.54,0.213988,0.85,1.0,11.0,1709.5876151371574,2.2,1422.3578464915408,1.8,7.0,0.0,0.0,2.0,0.505,0.0,0.0,594.4290151976951,5.6,626.7581644592098,6.0,934.3293682573149,8.1,1001.1519555381705,8.5,1.0,3.0,0.0
chr10-21766296-21766297-C-G,TWJF-10146-MO011-0029,1,0.768,27.0,0.807,16.0,47.559,60.8,0.3,2.0,0.546,33.19,0.4,0.369,0.0,1097.049,952.225,890.464,373.35,180.3964517807829,0.4298749999999996,210.79968211833813,0.4779999999999995,0.7967119565216052,0.5119243746511746,0.8149184782607364,0.5031924486646069,0.2176644206047058,0.2505498826503753,60.8,7.93,33.19,3.06,0.812,17047.0,4.9,16440.71,4.6,1834.15,0.72,1362.11,0.56,5775.27,1.2,4424.7,0.85,0.091607,0.74,0.085126,0.8,1.0,11.0,359.94793166265003,0.3,418.8179265751275,0.4,8.0,0.0,0.0,1487.0,97.859,0.486,0.0,1097.049,7.728562404731848,890.464,12.304046422624925,1097.049,7.512375704356101,890.464,9.536468240481412,1.0,3.0,0.0
chr5-149335654-149335655-C-T,JLF-100-042,0,10.424,5.96,10.895,31.0,0.617,867.142,1.4,2.0,1.091,946.433,2.1,0.08,0.0,6510.085,121.855,10629.462,1042.84,14594.89715266702,8.847374999999998,16018.804994180418,9.747874999999995,37.35904891304347,0.006901959,37.35904891304347,0.006296556,0.005882082,0.005320397,3871.85,14.14,3497.79,11.99,1.633,6620.38,1.4,9272.05,2.1,11986.87,15.0,14802.53,20.0,15795.71,4.7,22555.51,9.8,0.001504,13.0,0.001035,15.0,2.0,9.0,6399.789706012268,12.0,11986.87464853314,28.0,1.0,0.0,0.0,93.0,28.033,0.022,0.0,2328.359304505977,8.3,2642.7129933855567,9.5,867.1415572,2.8,946.4332729278494,3.1,1.0,3.0,0.0
chr19-47755513-47755514-G-A,TWJF-10146-MO011-0026,0,1.55,1.7,1.55,1.5,27.242,186.22,0.38,2.0,1.393,259.49,0.42,0.235,0.0,733.364,109.495,797.687,85.31,350.73479381577323,0.7074999999999989,277.4099539973837,0.6193749999999993,1.1026630434781026,0.3824915694206748,1.0168206521737773,0.4158830903797917,0.2513359705917537,0.2263153514359146,186.22,0.69,259.49,0.86,1.088,539.03,1.6,591.1,1.7,797.29,2.1,747.17,2.0,1123.37,1.5,995.2,1.4,0.322332,0.38,0.306631,0.42,3.0,10.0,5441.03041320878,4.7,4778.52115918281,4.1,9.0,0.0,0.0,1719.0,100.523,0.271,0.0,673.75189547058,2.9,848.2033824524018,3.5,792.9759209832837,3.3,918.8825412116856,3.8,1.0,3.0,0.0
chr2-11635286-11635287-T-C,TWJF-10146-MO011-0029,0,5.45,4.3,8.35,4.1,0.0,773.82,0.45,2.0,2.5,1934.817,0.77,0.13,0.0,1925.983,32.335,3293.933,31.24,1276.997857719522,1.3806249999999989,1688.5453844484437,1.5756249999999994,2.9511413043477432,0.0987149078620911,3.599483695652097,0.0757360235262511,0.1164112500846386,0.1110962256789207,2904.69,0.4499999999999999,3587.06,0.77,1.71,2123.78,4.0,4817.92,7.1,3606.79,9.8,7989.04,17.0,5482.93,6.9,8522.85,9.6,0.036186,2.5,0.021435,3.4,3.0,9.0,1728.185404637339,9.8,3000.8051964776514,17.0,3.0,0.0,0.0,22.0,2.46,0.0,0.0,930.229268665055,8.2,2407.6314072123164,17.0,773.820088696776,7.2,1934.8174695605076,15.0,1.0,3.0,0.0
chr9-134818664-134818665-G-A,TWJF-5120-04,1,0.615,36.375,3.82,41.46,10.724,30.25,0.01,2.0,34.398,1040.53,0.51,0.17,0.0,93.49,3261.66,1557.917,4113.25,32.67330341987327,0.075625,94.86036391197338,0.4809999999999999,0.3385597826086837,0.7625904908333997,0.8492119565216427,0.4874553206316059,0.0649213679134845,0.0135356411337852,38.84,0.52,1482.67,3.34,16.664,115.19,0.71,2454.9,5.2,71.79,0.98,2122.61,4.3,30.25,0.15,1040.53,2.1,0.938074,0.01,0.347891,0.51,1.0,9.0,837.065307307968,2.6,3307.718431318005,14.0,2.0,0.0,0.0,5892.0,345.932,0.031,0.0,159.33089658403918,1.3,1420.038110542155,4.9,199.0810854579414,1.5,1633.164759022783,5.4,1.0,3.0,0.0
chr11-129062296-129062297-C-A,TWJF-10146-MO011-0020,0,2.7,2.61,2.7,3.2,106.245,120.33,0.42,2.0,1.932,232.43,0.64,0.371,0.0,1306.926,162.22,1314.291,198.28,170.04091118485923,1.0286250000000003,232.60065141170216,1.3502500000000006,1.2049728260868449,0.3477384084517821,1.4180434782607565,0.2862341172718282,0.0101745314896106,0.0157027803361415,120.33,19.46,232.43,28.63,1.006,2172.03,0.42,3117.53,0.64,2579.01,4.0,2797.01,4.2,2569.31,0.77,2179.66,0.66,0.013748,1.7,0.015875,1.5,1.0,9.0,2169.0457037070128,3.7,2216.49442399124,3.9,3.0,3.0,1.0,1403.0,221.344,0.48,0.0,444.8053477636551,30.0,448.9210809728122,30.0,279.0165728571895,18.0,296.9135379748545,20.0,1.0,3.0,1.0
chr10-77821745-77821746-C-T,TWJF-10146-MO011-0021,0,4.681,37.0,18.64,47.0,8.213,431.489,1.7,2.0,6.412,2766.751,5.4,0.067,0.0,988.14,134.455,5860.05,214.41,8087.83046954518,4.262875,21217.656159546976,12.048500000000004,11.115788043478249,0.0215175902612295,46.22467391304348,0.0053004740331724,0.1693840511143207,0.0335302666353527,4113.19,7.779999999999999,13489.23,18.28,5.93,1096.4,1.7,5465.04,5.4,837.07,5.1,5965.16,19.0,879.88,2.7,5754.94,13.0,0.090706,1.8,0.010142,8.3,4.0,9.0,1534.2695396588344,2.4,6539.787600533107,21.0,2.0,0.0,0.0,243.0,47.473,0.173,0.0,431.4892695754746,5.7,2766.7505184553097,22.0,446.07717324337784,5.9,2246.001282944284,20.0,1.0,3.0,0.0
chr10-97863983-97863984-G-C,mcdb041_new,0,2.15,7.17,2.15,14.05,0.197,786.49,1.049,2.0,0.635,499.58,1.216,0.094,0.0,1032.167,61.22,1264.467,151.02,1013.7329352410592,1.04875,1431.8658055843453,1.2155000000000007,2.0198097826086183,0.1734159059526183,3.1065489130433974,0.0917779086331753,0.2367341853678226,0.125075627118349,786.49,1.09,499.58,0.83,1.225,2884.64,3.0,1742.25,2.2,2327.08,3.3,1437.83,2.4,3525.07,2.4,3750.74,2.5,0.040403,1.4,0.038696,1.5,1.0,9.0,1050.6007652110409,2.4,1097.0681145574165,2.4,5.0,0.0,0.0,204.0,0.757,0.26,0.0,871.8263681538167,2.2,715.2041075024405,1.9,818.7852302669977,2.1,787.3539307839413,2.1,1.0,3.0,0.0
chr15-40854428-40854429-C-T,mcdb041_new,0,5.4,10.99,6.85,12.73,6.993,616.183,2.3,2.0,2.023,1246.551,3.3,0.102,0.0,4753.741,105.41,8221.625,130.08,5636.241616959266,2.3796250000000008,14635.436000302754,5.245750000000001,14.277038043478257,0.0168769496919798,37.35904891304347,0.0067551762826866,0.0002407353240414,0.0005262270569801,3871.24,2.93,6361.81,4.23,1.73,10874.64,7.8,10219.7,7.3,6575.26,5.9,10081.44,8.4,11000.57,5.8,11970.29,6.4,0.000157,18.0,0.000192,16.0,0.0,10.0,2579.005231766049,2.3,3567.971061190687,3.3,3.0,3.0,1.0,307.0,21.063,0.332,0.0,616.1834081842344,2.7,1246.5508523400483,4.6,1465.0754802899155,5.0,2843.5443093021527,8.1,1.0,3.0,4.0
chr8-143872679-143872680-C-G,TWJF-10146-MO011-0021,0,4.0,19.93,5.45,20.71,10.382,190.74,1.064,2.0,9.877,1883.85,1.351,0.063,0.0,364.277,270.27,471.263,289.97,229.23703249384835,1.0638749999999997,391.1908076932904,1.3513749999999998,1.41483695652164,0.2864770315579742,1.8910597826086215,0.1916977632070843,0.012039677647408,0.0099677222315222,190.74,1.77,1883.85,6.660000000000001,1.294,856.7,3.5,922.66,3.7,317.83,5.6,469.21,6.5,1223.74,4.5,1813.76,5.7,0.164228,1.1,0.111143,1.5,1.0,9.0,246.47662139274465,5.3,238.6046055607708,5.2,6.0,0.0,0.0,1749.0,38.74,0.268,0.0,410.7239234920843,9.7,469.4074737389552,12.0,463.4149070629157,12.0,473.1185759592555,12.0,5.0,3.0,0.0
chr15-48878200-48878201-G-C,TWJF-10146-MO011-0021,0,4.4,10.37,14.0,10.7,31.349,94.095,0.751,2.0,2.087,196.38,1.709,0.093,0.0,937.863,504.5,4722.745,522.56,116.81778085234691,0.7513749999999996,717.014498644741,1.708749999999999,0.9172826086955156,0.4572864989537123,2.437581521739034,0.1301843278886922,0.0364750537555664,0.0462099317228421,1797.59,6.47,18508.5,38.26,5.036,1083.28,4.1,5901.03,14.0,1109.0,9.2,6504.5,22.0,1328.81,4.7,5990.58,14.0,0.214543,0.8,0.049635,2.7,4.0,9.0,94.0951852953971,2.5,196.3800481231358,4.6,1.0,0.0,0.0,4983.0,235.704,0.133,0.0,660.0092162587357,14.0,3544.459350283525,32.0,792.4465883187274,16.0,3334.033812780942,31.0,3.0,3.0,0.0
chr17-64500747-64500748-G-C,mcdb041_new,1,0.46,11.0,0.476,11.0,43.559,105.53,0.14,2.0,1.127,118.91,0.16,0.147,0.0,334.642,239.745,418.744,248.465,113.27003355340662,0.3543749999999999,115.25119572353614,0.3606249999999999,0.4808152173912816,0.6752858375266096,0.3821739130434594,0.7350883382522801,0.2833583503961563,0.3696316741406917,4577.52,1.2,3181.08,0.58,1.251,105.53,0.14,118.91,0.16,352.24,0.44,474.31,0.57,245.7,0.17,356.98,0.22,0.336813,0.37,0.379671,0.33,2.0,10.0,1728.185404637339,1.2,1534.2695396588344,1.0,8.0,0.0,0.0,5688.0,414.848,0.105,0.0,545.845833954929,1.0,545.845833954929,1.0,317.04433679036424,0.6,363.17839080537897,0.6,1.0,3.0,0.0
chr19-49657850-49657851-G-C,TWJF-10146-MO011-0021,0,8.45,32.0,8.75,33.0,7.93,569.39,2.5,2.0,1.117,635.931,2.9,0.117,0.0,4050.275,153.645,4348.251,158.41,11056.467866187277,5.510750000000002,8258.474308827743,4.3332500000000005,24.57923913043477,0.0092474332024435,18.61798913043478,0.0125896937868723,0.01300530746812,0.0210588204645318,8769.5,12.76,11480.56,15.85,1.074,2018.51,2.5,2410.06,2.9,4335.14,15.0,4909.54,16.0,3765.41,8.2,4589.66,9.6,0.009338,8.7,0.011395,7.8,0.0,9.0,4526.876676399949,14.0,4106.841418464271,12.0,4.0,0.0,0.0,1400.0,41.517,0.191,0.0,579.388672292917,7.2,657.612409530483,7.9,569.3902156527085,7.1,635.9310055083582,7.7,2.0,3.0,0.0
chr11-30331018-30331019-G-A,TWJF-10146-MO011-0029,1,0.17,0.63,0.255,0.53,19.735,24.672,0.003,2.0,1.239,30.569,0.015,0.846,0.0,59.798,51.81,72.442,46.34,24.671568289810818,0.002875,30.568584494573415,0.014625,0.0108695652174048,0.9774549178272148,0.0176630434782936,0.971207024495277,0.7233599163591862,0.711250327527523,39.03,0.15,108.92,0.32,1.211,66.1,0.19,70.21,0.21,64.78,0.38,76.61,0.44,57.59,0.13,69.08,0.15,0.887312,0.03,0.836279,0.04,7.0,9.0,98.2569506316853,0.2,134.47247924652447,0.3,5.0,0.0,0.0,80.0,22.868,0.863,0.0,62.005469459029754,0.3,69.09235567098584,0.3,56.515815672677896,0.3,74.67410051080252,0.4,1.0,3.0,0.0
chr8-143917032-143917033-G-C,TWJF-10146-MO011-0021,0,3.98,3.44,2.862,4.27,12.886,1222.43,0.9,2.0,0.635,776.01,0.8,0.062,0.0,2717.828,29.1,2308.39,35.38,1521.4167602992522,1.5506250000000008,484.1624345002611,0.8157499999999995,2.059347826086878,0.1688271303158885,1.0239402173911571,0.4126255024161014,0.3390532783232629,0.3754180837422609,19489.59,26.89,20924.06,29.38,0.849,21744.12,31.0,21983.29,31.0,1222.43,5.9,776.01,4.7,2939.02,6.7,2251.62,5.4,0.118239,1.4,0.2631,0.53,0.0,11.0,2496.6364866068243,0.9,2365.159660107549,0.8,10.0,10.0,1.0,5322.0,125.105,0.103,0.0,2717.828,7.119302249897364,2308.39,7.945938011272179,2717.828,7.761934813554976,2308.39,6.2406241891772805,1.0,3.0,1.0
chr12-55320942-55320943-C-T,TWJF-10146-MO011-0020,0,0.644,8.1,0.57,3.1,0.0,18.43,0.06,2.0,0.836,15.4,0.05,0.49,0.0,55.223,25.035,45.764,14.815,258.8801477327195,0.6271250000000002,262.17635415848974,0.6315000000000002,1.3880163043477154,0.2939525601192561,1.060135869565073,0.3985905167004062,0.0556834153831005,0.1905604340136051,3729.89,1.3,3741.36,1.31,0.829,18.43,0.06,15.4,0.05,32.59,0.66,23.68,0.54,72.37,0.13,59.27,0.11,0.375526,0.34,0.420942,0.3,10.0,9.0,922.6778027608818,2.7,942.861739365281,2.7,3.0,0.0,0.0,0.0,0.0,0.0,1.0,31.302570331132852,0.6,24.92183406122718,0.5,38.075007714334056,0.7,32.2581903291985,0.6,6.0,3.0,0.0
chr5-90783938-90783939-C-G,TWJF-10146-MO011-0021,0,2.742,0.17,1.939,0.19,19.152,109.57,0.88,2.0,1.499,164.22,1.2,0.064,0.0,832.391,26.32,747.014,27.26,1394.692392242153,2.18325,1209.328438094447,2.07825,3.946249999999935,0.0674944123593438,3.2661956521738205,0.0858246057525904,0.0235349835202214,0.0579006605548784,109.57,1.28,164.22,1.62,0.897,3402.09,8.6,4984.31,13.0,121.34,0.88,151.47,1.2,270.09,1.7,284.7,1.8,0.036753,3.3,0.21604,0.8,3.0,11.0,123.3223102423627,1.3,151.46841539389263,1.6,7.0,7.0,1.0,1696.0,80.135,0.239,0.0,2693.5187308762343,16.0,2261.10119751111,13.0,2281.7601968261256,13.0,2266.0526701161357,13.0,1.0,3.0,1.0
chr7-155711304-155711305-C-T,mcdb047,1,0.631,18.0,2.7,15.0,89.675,89.185,0.08,2.0,1.325,118.16,0.18,0.551,0.0,999.287,485.93,4767.138,549.52,89.18526435307739,0.3522499999999998,118.16007143006844,0.4993749999999998,0.7725815217389993,0.5226269853570698,0.9404619565216166,0.4467563863930636,0.036382783204317,0.0275958217680454,31088.63,29.71,35002.49,53.98,4.771,1465.03,0.36,11880.73,3.6,268.76,0.49,973.97,1.8,1723.0,0.37,5344.7,1.5,0.207836,0.08,0.107195,0.18,1.0,9.0,5044.1543035179475,17.0,5932.980398129033,21.0,1.0,0.0,0.0,556.0,153.29,0.585,0.0,533.5437046796205,21.0,4189.57529536311,63.0,427.23812457652383,18.0,1305.1787671394218,37.0,2.0,3.0,0.0
chr1-66874871-66874872-C-G,TWJF-10146-MO011-0021,0,8.5,5.1,15.0,5.0,2.378,1063.923,3.7,2.0,2.642,2811.318,7.4,0.055,0.0,1517.904,12.165,3937.615,14.735,6121.410945798089,4.164624999999999,9488.843150366329,5.417750000000002,13.500896739130424,0.0178191835865325,11.115788043478249,0.021173257288802,0.0385364937828853,0.2085844334214925,1450.92,5.69,9916.13,20.95,2.594,3007.99,7.9,4495.15,12.0,1347.45,8.2,3380.08,15.0,3644.76,8.8,7014.84,15.0,0.029992,3.7,0.008744,7.4,0.0,10.0,1584.8879846730229,12.0,3307.718431318005,18.0,1.0,0.0,0.0,196.0,12.925,0.184,0.0,1063.922515886195,16.0,2811.318173089683,28.0,1304.037258246601,18.0,2680.9579360421344,27.0,1.0,3.0,0.0
chr19-41897955-41897956-C-T,TWJF-5120-11,0,2.4,17.0,2.75,19.0,1.928,13.97,0.4,2.0,5.784,80.8,0.77,0.064,0.0,164.12,54.69,235.96,90.8,9490.925365516889,4.846000000000001,9822.72501325763,4.977500000000001,22.19230978260869,0.0103087339589327,22.19230978260869,0.0100695444711134,0.0020988546311855,0.0048292279243469,13.97,0.5,80.8,1.26,1.438,121.98,0.4,378.21,0.77,162.5,2.2,286.79,2.9,165.74,0.75,185.13,0.8,0.01491,6.7,0.046255,3.1,5.0,9.0,2264.981103527669,4.7,2469.769045352091,5.2,7.0,7.0,1.0,781.0,241.047,0.008,0.0,128.81605656402257,1.9,154.15939597333224,2.3,169.98476531915435,2.6,173.14501805449075,2.6,3.0,3.0,1.0
chr6-17764141-17764142-C-G,TWJF-10146-MO011-0021,1,0.76,8.0,0.288,8.5,8.49,28.17,0.33,2.0,0.274,7.72,0.05,0.101,0.0,31.623,17.585,8.735,28.22,45.80199457571117,0.3672499999999999,23.34314144355813,0.140625,0.4933152173912845,0.6677655831105778,0.2252989130434741,0.8337794861134488,0.0251418906118487,0.098582237958908,28.17,0.52,7.72,0.15,0.276,30.64,0.33,6.32,0.05,32.06,1.4,7.69,0.35,49.15,0.44,9.78,0.08,0.134781,1.3,0.409948,0.36,4.0,9.0,45.57602152184616,1.2,30.872620284070205,0.8,4.0,0.0,0.0,92.0,39.123,0.217,0.0,30.799949186102097,1.0,8.640721349389421,0.4,31.186741462750888,1.0,8.830189015269747,0.4,1.0,3.0,0.0
chr7-47834978-47834979-C-T,TWJF-5120-13,0,9.7,2.23,19.0,5.03,0.0,224.335,0.43,2.0,3.69,827.853,0.53,0.086,0.0,3270.143,91.37,5454.645,286.34,224.33452548989047,1.4822499999999996,827.852715716884,3.86625,0.8247010869563951,0.4981640398757515,1.4984510869564218,0.2660452473160283,0.2619495547842234,0.3356765932403505,13216.71,51.21,27274.73,80.62,1.668,328.47,0.43,453.39,0.53,6610.93,15.0,16316.49,26.0,10249.16,4.4,22260.7,12.0,0.02641,1.5,0.006239,2.9,0.0,9.0,5997.52246638931,25.0,10081.437073887206,39.0,1.0,0.0,0.0,21.0,0.719,0.0,0.0,542.7627072256212,85.0,160.54988543526545,65.0,535.512977636446,85.0,192.65043767198355,69.0,1.0,3.0,0.0
chr19-11013107-11013108-C-T,mcdb045,1,0.48,2.8,0.605,3.0,25.781,673.954,0.1,2.0,0.953,642.14,0.15,0.073,1.0,1267.763,12.475,1317.591,10.235,3790.0974909671113,1.849125,6779.996269605461,2.742999999999999,2.910570652173845,0.100925920997829,5.346684782608634,0.0471927187728911,0.422031108289957,0.350448053330183,5375.94,1.26,5581.0,2.15,1.039,814.52,0.1,1288.64,0.15,1290.38,0.36,1262.76,0.36,2165.04,0.27,3906.34,0.51,0.442028,0.25,0.309341,0.45,1.0,9.0,674.1863303391938,0.9,1073.583066484683,1.8,3.0,0.0,0.0,162.0,77.419,0.333,0.0,673.9536038975938,0.3,642.1404085235425,0.3,1245.1452036514393,0.6,1346.542297524451,0.7,1.0,3.0,0.0
chr8-143872246-143872247-C-T,mcdb047,1,4.95,6.5,5.8,5.1,2.478,147.529,0.243,2.0,2.247,331.431,0.647,0.219,0.0,3364.77,281.98,4823.608,234.77,147.52934312407632,1.0796250000000005,331.43104050758063,1.9372500000000004,0.2427989130434582,0.8227129869518405,0.6467391304347245,0.5843977598562016,0.5827620774507523,0.467509638518095,809.95,35.58,1614.84,46.95,1.434,35197.12,33.0,36911.28,38.0,1109.0,6.4,1085.26,6.3,10085.8,7.2,11791.48,8.5,0.005823,3.5,0.002565,5.3,0.0,10.0,5620.540265729719,2.1,8032.376809343154,4.5,9.0,0.0,0.0,24.0,19.821,0.125,0.0,3364.77,15.21151881662686,4823.608,17.36221018903482,3364.77,15.239427635179691,4823.608,16.316687207830867,5.0,3.0,0.0
chr19-7631789-7631790-C-G,TWJF-5120-05,1,1.2,3.6,1.2,1.5,1.065,58.907,0.29,2.0,1.24,73.039,0.48,0.216,0.0,561.0,65.89,563.97,35.2,58.90656295671081,0.3901250000000001,73.03913299482969,0.6172500000000003,0.6078532608695042,0.6040361180161125,0.7247282608694405,0.5465036192656199,0.0162759721279144,0.0086802132427692,119.1,13.73,102.63,12.52,1.005,561.0,-0.113904552295637,563.97,-0.1323164338830087,8917.65,18.0,7182.42,16.0,561.0,1.2,563.97,1.2,0.305978,0.29,0.202734,0.48,1.0,9.0,2693.0728595832916,2.9,2339.707100807512,2.2,6.0,0.0,0.0,76.0,6.229,0.171,0.0,561.0,6.449204827267391,563.97,5.246540207707345,561.0,6.4358251807900775,563.97,5.858833149407715,1.0,3.0,0.0
chr17-47916212-47916213-C-T,TWJF-5120-05,0,10.0,0.23,41.56,3.65,2.078,73.04,0.4,2.0,16.189,1182.43,3.7,0.253,0.0,3236.91,6.59,15404.95,30.66,5514.990184749995,10.097374999999998,22366.672418972837,31.063500000000005,10.23198369565216,0.023885441771336,62.74467391304348,0.0046492997840805,0.0944572202861309,0.0107762925326824,73.04,10.0,1182.43,41.56,4.759,3236.91,14.368998482826228,15404.95,40.417507420300915,863.73,2.7,15404.95,26.0,9558.8,8.7,38830.99,59.0,0.000381,14.0,1e-06,73.0,1.0,11.0,3236.909768355534,0.4,8032.376809343154,3.7,1.0,0.0,0.0,54.0,6.596,0.315,0.0,3236.91,7.755210772952751,15404.95,11.207919986409427,3236.91,9.021317955105715,15404.95,18.704005684416902,1.0,3.0,0.0
chr2-47130243-47130244-G-A,mcdb048,0,0.665,6.5,1.1,4.9,0.0,400.586,0.29,2.0,0.707,283.214,0.2,0.113,0.0,1276.58,171.95,2322.07,250.55,400.5862473420932,0.4807499999999994,283.2141951337343,0.3679999999999995,1.6274184782607648,0.238092913449414,1.511603260869478,0.2626519635464009,0.0944491419941186,0.0362659655511379,5439.82,63.85999999999999,5444.0,71.17,1.819,2841.24,1.7,4776.45,2.3,1183.39,0.73,2635.42,1.2,1369.77,0.41,2008.72,0.56,0.382097,0.29,0.485906,0.2,1.0,10.0,4883.053172255114,4.0,6829.0379086880075,6.8,7.0,0.0,0.0,0.0,0.0,0.0,0.0,704.3686205287465,0.6,848.7895030072428,0.8,634.6583524839167,0.6,958.384982760478,1.0,1.0,3.0,0.0
chr4-182653851-182653852-C-A,TWJF-5120-07,0,1.6,15.961,0.96,19.41,0.0,58.367,0.38,2.0,0.814,47.521,0.203,0.12,0.0,918.24,990.34,502.22,1269.71,58.36737052521467,0.3802500000000001,47.52052315930447,0.202875,0.392527173913038,0.7284964860442467,0.2395652173912736,0.8242580756915538,0.1733546368777752,0.27475106716156,4425.06,67.61,5234.9,71.38,0.547,918.24,-4.517355775599463,502.22,-5.365448988888021,677.53,3.0,229.41,1.4,918.24,1.6,502.22,0.96,0.056335,1.4,0.101691,0.89,1.0,9.0,15044.727774871748,48.0,13356.592119980844,42.0,1.0,0.0,0.0,171.0,20.214,0.0,0.0,918.24,21.21580507178935,502.22,21.817592163247063,918.24,27.86143192586328,502.22,25.63645769268514,5.0,3.0,0.0
chr18-10705437-10705438-C-T,TWJF-10146-MD017-0016,1,0.773,6.051,1.0,22.97,2.665,78.539,0.37,2.0,1.515,118.976,0.81,0.136,0.0,269.32,378.06,932.55,3483.05,78.53899298296759,0.3827499999999998,118.97630894477756,0.6362499999999998,0.7725815217389993,0.5231837727281053,0.999320652173779,0.4225494665396796,0.0021140612661838,0.0016373768448829,3433.53,12.97,6355.1,18.17,3.463,269.32,0.7020237653931405,932.55,0.8030760051542343,269.32,2.5,754.47,4.2,263.49,0.37,932.55,0.81,0.140911,0.48,0.048668,1.0,1.0,9.0,1196.2593708868835,2.5,1804.6218566100913,5.1,6.0,0.0,0.0,108.0,16.975,0.157,0.0,269.32,6.889125779729595,932.55,8.047291186046321,269.32,7.835970020677265,932.55,8.516461893417887,1.0,3.0,0.0
chr2-219168197-219168198-A-G,TWJF-5120-06,0,3.0,2.6,1.5,2.0,3.384,500.3,1.2,2.0,0.393,196.43,0.86,0.159,0.0,975.525,69.125,351.695,62.345,500.3000192609596,1.228624999999999,196.42981946018887,0.7795,1.7432065217390402,0.2158516627714492,1.089130434782433,0.3877047522421282,0.1196229346096515,0.0984014049172401,7010.94,6.9,932.12,2.79,0.361,903.85,3.0,216.95,1.3,755.3,3.0,163.39,1.7,745.85,1.7,155.63,0.63,0.145729,1.2,0.208917,0.86,2.0,9.0,1073.583066484683,3.4,735.1427907623246,2.3,8.0,0.0,0.0,81.0,9.453,0.358,1.0,1052.688794382503,4.1,553.732481981212,2.8,1047.2008836268085,4.1,486.4408066714135,2.7,1.0,3.0,0.0
chr19-52290110-52290111-C-T,TWJF-10146-MO011-0026,1,4.65,0.01,2.866,0.11,9.124,470.54,1.0,2.0,0.682,321.03,0.74,0.15,0.0,1841.188,9.75,1729.025,20.69,853.1404048860849,1.0424999999999995,767.9032326339213,0.9877499999999996,2.6465760869564434,0.1154766705575514,2.231603260869477,0.1496224913149575,0.0553102379199117,0.1107548871077597,470.54,40.43,321.03,33.08,0.939,19503.71,6.4,14182.92,3.5,4382.3,2.9,2797.01,1.8,8202.58,1.7,3885.77,0.77,0.057463,1.0,0.094097,0.74,1.0,9.0,1967.7864831100464,9.3,1391.9092882313646,6.4,2.0,0.0,0.0,774.0,44.077,0.207,0.0,1714.5888690466247,29.0,2066.141210162618,34.0,1472.380306490359,25.0,1358.3760006733803,23.0,1.0,3.0,0.0
chr11-108259024-108259025-T-A,TWJF-10146-MO011-0024,1,0.997,0.02,2.8,0.07,36.475,96.512,0.132,2.0,8.974,866.124,0.497,0.21,0.0,242.997,9.58,1842.006,14.84,238.39300203440249,0.5931250000000001,1091.0116341379842,1.3015,0.1317119565217552,0.893481918823756,0.496684782608682,0.6658759041798682,0.8818240612745285,0.8931717425584793,4391.99,2.37,4919.04,3.87,7.58,247.6,0.44,3159.51,2.7,133.03,1.7,2593.0,6.8,248.12,0.29,2803.38,1.6,0.231608,0.55,0.04937,1.6,6.0,9.0,696.4290085710637,1.9,1028.1104483849197,2.9,9.0,0.0,0.0,2361.0,188.015,0.194,0.0,96.51170765678192,1.4,866.1238545763442,6.6,132.93520205232184,1.8,960.8154987917148,7.0,1.0,3.0,0.0
chr5-176532431-176532432-G-C,TWJF-10146-MO011-0021,0,1.984,10.27,2.608,31.25,1.913,187.69,0.81,2.0,1.227,230.31,0.96,0.052,0.0,596.159,96.0,1319.007,640.16,1150.582832307845,1.3402500000000008,1094.9749303538597,1.3066250000000008,2.3670380434781606,0.1366227253233339,2.516684782608607,0.1248384671153512,0.1917901036795228,0.148864186136052,436.41,2.62,1543.04,4.65,2.213,639.72,1.2,1818.64,2.3,1637.18,7.6,2302.04,9.4,187.69,0.81,230.31,0.96,0.149784,1.1,0.243751,0.58,6.0,9.0,1276.4951611980568,1.6,1654.9864903064934,2.7,7.0,7.0,1.0,383.0,18.393,0.104,0.0,389.018271635923,5.3,582.0630088938974,7.3,552.5988795430131,7.0,725.1201939344664,8.6,1.0,3.0,1.0
chr6-112172741-112172742-C-T,TWJF-5120-06,1,0.845,0.67,0.665,2.2,2.215,67.25,0.02,2.0,0.839,56.402,0.02,0.158,0.0,419.732,20.57,433.29,47.06,67.2496358204902,0.1387500000000001,56.40199170669515,0.0845,0.1596195652173833,0.8759947306296404,0.0717391304347785,0.933463581706324,0.485843189060688,0.6314705722033978,718.34,3.39,613.87,3.08,1.032,3196.3,1.0,2731.49,0.85,522.82,0.69,344.7,0.48,177.91,0.05,131.13,0.04,0.70421,0.02,0.779379,0.02,3.0,9.0,2968.5121663285818,8.4,3236.909768355534,9.4,8.0,0.0,0.0,250.0,34.611,0.064,0.0,200.82140444888424,2.8,300.4761458433821,3.8,316.64307906471686,3.9,521.8792144513044,5.8,1.0,3.0,0.0
chr5-141394928-141394929-G-A,mcdb048,0,3.19,1.8,2.55,2.3,0.0,516.452,0.4,2.0,12.589,6501.746,0.4,0.073,0.0,1412.67,223.84,2119.38,261.02,10368.116287262816,4.764375,6179.454144734674,3.309625,20.2322554347826,0.011982591471517,9.494239130434764,0.0254242737436582,0.0693725391756743,0.1437810733914375,1319.78,2.78,690.48,1.7999999999999998,1.5,1505.56,2.0,2012.94,2.5,3066.45,2.1,2483.17,1.6,2911.79,2.4,2225.82,1.9,0.022422,3.6,0.036426,2.6,1.0,8.0,1290.3815441454742,0.4,1133.2624602040687,0.4,3.0,0.0,0.0,0.0,0.0,0.0,1.0,516.4520432832032,4.2,6501.746012622458,27.0,1006.1436717560904,7.4,1287.2414029411482,8.8,1.0,3.0,0.0
chr19-51125104-51125105-C-G,mcdb041_new,0,1.295,13.97,1.585,17.2,0.0,152.917,0.361,2.0,0.882,134.81,0.196,0.136,0.0,1131.771,149.74,1663.625,209.48,152.9165066449882,0.3841249999999997,134.8100144374875,0.3482499999999997,0.3609510869565042,0.7480438402336105,0.196277173913046,0.8521934486551106,0.466374758630991,0.6193616390228271,7905.51,5.07,5037.53,3.53,1.47,1964.02,2.4,2104.82,2.5,776.01,1.7,1222.43,2.3,928.7,0.89,876.37,0.87,0.206317,0.42,0.446235,0.2,1.0,9.0,299.47266837663403,0.6,299.47266837663403,0.6,1.0,1.0,1.0,131.0,5.686,0.0,0.0,1334.842421044092,3.1,2561.120426977945,5.6,1549.4230055365088,3.5,2143.729577265721,4.8,1.0,3.0,1.0
chr5-178994927-178994928-C-G,TWJF-5120-11,0,0.01,0.37,0.025,0.2,0.0,0.953,0.001,2.0,0.787,0.75,0.009,0.075,0.0,3.43,38.69,3.255,28.44,30.267614548277656,0.001375,32.93056332927282,0.0087499999999999,0.0904347826086962,0.9209093230811772,0.2855706521738739,0.795608651920311,0.4079113118350506,0.1213790103793144,18.53,0.01,25.8,0.04,0.949,2.76,0.01,2.58,0.01,4.1,0.01,3.93,0.01,2.13,0.01,2.06,0.01,0.995897,0.01,0.993636,0.01,11.0,9.0,23.302379521964045,0.1,19.59822553506607,0.1,4.0,0.0,0.0,4.0,0.02,0.0,0.0,0.9525548662165856,0.1,0.7497042969093424,0.1,1.089331343914018,0.1,0.728047977921779,0.1,2.0,3.0,0.0
chrX-63706329-63706330-C-A,mcdb045,0,2.1,1.14,8.72,2.16,0.0,503.394,0.6,2.0,4.698,2365.16,5.7,0.06,0.0,5046.245,98.93,16854.428,151.86,3556.457107272648,1.7793749999999997,11915.627101729811,4.574875,2.741494565217323,0.109883589176624,8.839293478260856,0.0273641370174193,0.4314269572496414,0.3453938513994217,5684.71,4.4,5891.67,97.39,3.34,12487.56,3.2,23253.82,12.0,7247.76,2.2,17316.93,8.6,10065.74,1.7,20952.87,5.5,0.122066,1.2,0.028638,3.2,0.0,9.0,503.39367272195074,0.6,2365.159660107549,5.7,9.0,0.0,0.0,156.0,74.735,0.0,0.0,3285.7158290793004,2.0,16391.926573294757,13.0,4407.780913554012,2.8,20287.10140369668,15.0,1.0,3.0,0.0
chr16-75478879-75478880-C-T,TWJF-10146-MO011-0021,0,1.625,3.76,20.084,2.38,0.123,76.13,0.38,2.0,41.203,3136.82,7.0,0.139,0.0,583.92,31.47,7677.605,21.65,7676.599114636174,4.0975,26927.7607687141,21.41850000000001,18.61798913043478,0.0130022464632771,46.22467391304348,0.0059259336006941,0.0102314353862311,0.1306629045866429,79.07,1.25,13851.05,18.75,13.148,620.9,1.2,4770.77,4.9,226.04,1.2,10584.44,26.0,76.13,0.38,3136.82,7.0,0.169598,0.92,0.006851,11.0,5.0,10.0,6903.327759871985,6.4,26123.52654135555,35.0,1.0,0.0,0.0,11.0,0.449,0.273,0.0,546.9403950660251,2.0,1610.423131630845,9.7,797.6640146780553,3.6,3394.8453886087145,24.0,1.0,3.0,0.0
chr15-26883405-26883406-C-A,mcdb045,0,4.697,5.1,3.951,5.3,0.0,1762.301,2.6,2.0,0.962,1694.65,2.5,0.071,0.0,4767.885,16.5,4297.161,16.78,12604.71776656896,4.594999999999998,11595.892725101266,4.301249999999998,16.15755434782608,0.0143210747572781,16.15755434782608,0.0144839171482295,0.1740569658577442,0.154397252947092,5339.09,18.33,5322.2,12.25,0.901,13571.31,9.6,14252.61,11.0,3975.68,3.7,2607.06,2.9,6857.1,2.8,5727.98,2.5,0.006812,3.5,0.025035,1.9,0.0,11.0,4196.680175380899,4.8,3272.1225681968112,3.6,7.0,0.0,0.0,0.0,0.103,0.0,0.0,1762.3006442895755,2.6,1694.6499377522991,2.5,2679.8470021996864,5.4,2774.0226322261256,5.7,1.0,3.0,0.0
chr17-78502666-78502667-G-A,TWJF-5120-11,0,0.305,30.0,0.406,27.0,0.0,3.63,0.02,2.0,1.526,5.54,0.03,0.082,0.0,20.655,80.35,49.583,106.09,55.51905999840898,0.3637499999999998,50.28594873510184,0.3166249999999998,0.3821739130434594,0.7354252884510876,0.3317663043477949,0.7658973576651351,0.1696012839674949,0.1884809136390686,16.65,0.31,48.88,0.8200000000000001,2.401,7.18,0.03,11.42,0.08,15.03,0.2,30.71,0.48,3.63,0.02,5.54,0.03,0.735628,0.27,0.830677,0.18,3.0,10.0,352.24248988870096,0.3,605.0485751856643,0.5,1.0,0.0,0.0,5.0,0.289,0.0,0.0,24.65982555233896,0.4,52.118271029152154,0.9,26.46610310117271,0.4,60.49089357805104,1.1,5.0,3.0,0.0
chrX-139651747-139651748-G-C,mcdb041_new,0,0.475,0.43,1.28,0.75,0.083,54.692,0.03,2.0,1.747,95.541,0.11,0.139,0.0,394.013,56.68,1192.827,77.54,54.691751494614,0.075,95.54069886364604,0.289375,0.1687500000000028,0.8706836605556444,0.2793206521738796,0.7992662377404464,0.4155245646834373,0.4202040694653988,3161.06,8.6,12329.6,23.53,3.027,870.77,0.32,2403.47,0.76,449.33,0.63,1461.36,1.8,254.5,0.07,879.93,0.21,0.577127,0.03,0.381902,0.11,2.0,9.0,973.9685259346436,1.6,1746.9855106325765,4.1,9.0,0.0,0.0,13.0,0.537,0.154,0.0,338.6959472360823,4.2,924.293715134393,8.7,188.1784989680526,2.7,501.8454604495976,5.7,5.0,3.0,0.0
chr1-54678743-54678744-G-A,mcdb041_new,0,18.54,16.0,18.524,16.0,0.227,1434.069,6.1,2.0,1.374,1970.471,7.9,0.056,0.0,10708.326,383.825,7544.887,366.4,14206.882484563348,21.76925000000001,12022.094877450996,18.048375000000004,37.35904891304347,0.0069444091844095,27.61739130434782,0.0081582379217413,0.0002296150996698,0.0002628192305564,7209.77,15.310000000000002,2895.18,8.110000000000001,0.705,23191.76,12.0,24003.35,13.0,23699.6,27.0,25702.97,31.0,38980.86,48.0,36011.46,36.0,0.00011,23.0,0.00015,20.0,0.0,9.0,2365.159660107549,6.1,2842.778048235646,7.9,3.0,0.0,0.0,30.0,1.71,0.133,0.0,1573.2944114719835,13.0,3067.6796120381596,19.0,1434.0688420164145,13.0,1970.470783988144,15.0,2.0,3.0,0.0
chr3-107789801-107789802-A-C,TWJF-5120-04,1,0.255,20.0,0.443,19.0,49.478,21.41,0.07,2.0,2.179,46.65,0.1,0.212,0.0,51.907,77.98,102.415,77.555,60.65484530579343,0.3008749999999999,71.39435402045227,0.3661249999999999,0.1914673913043429,0.85569073866957,0.5165217391303969,0.6555361639081787,0.408022116869688,0.1315662264823913,21.41,0.26,46.65,0.61,1.973,43.16,0.25,126.89,0.76,30.87,0.07,42.25,0.1,31.08,0.15,77.94,0.37,0.746489,0.1,0.82302,0.06,6.0,11.0,371.82329261838333,0.3,503.39367272195074,0.3,10.0,0.0,0.0,962.0,110.195,0.449,0.0,67.00388738077555,0.7,263.08737032146684,2.8,393.0972449074666,4.0,574.7778188455201,5.4,1.0,3.0,0.0
chr16-3233514-3233515-G-C,mcdb041_new,0,3.15,25.0,22.0,16.0,0.632,112.988,0.283,2.0,156.214,17650.32,4.972,0.066,0.0,1976.152,210.99,21832.246,115.85,112.9880512525395,0.2834999999999998,17650.32031938065,4.971500000000002,0.392527173913038,0.7285833911352375,27.61739130434782,0.0081566320516319,0.3548184856772423,0.1056316830217838,9639.6,10.09,31275.93,48.71,11.048,11334.76,7.8,41236.01,48.0,3116.62,3.2,27725.29,15.0,954.49,0.6,17346.74,6.8,0.360288,0.3,0.007713,4.0,0.0,9.0,2032.7074694949488,6.5,8664.36747969986,25.0,2.0,0.0,0.0,117.0,6.136,0.103,0.0,1919.5967236005113,7.3,26014.17155807141,39.0,852.3539929565262,3.1,7338.7146258516705,19.0,1.0,3.0,0.0
chr6-105129485-105129486-C-T,TWJF-5120-13,0,1.4,0.93,1.45,0.87,0.0,38.748,0.47,2.0,1.056,40.902,0.46,0.074,0.0,166.323,68.27,178.752,65.06,169.25690497143364,0.8181249999999991,175.44334727815945,0.8392499999999989,1.1249184782607244,0.3747166250246894,1.111657608695495,0.3803309526172354,0.041962898831116,0.0585708931903354,3771.4,0.47,3693.4,0.4599999999999999,1.075,178.31,1.4,188.72,1.5,163.39,2.7,182.06,2.9,305.62,1.7,301.88,1.7,0.098836,1.4,0.097599,1.4,12.0,9.0,38.74822933329483,1.3,40.90220409919967,1.4,5.0,0.0,0.0,74.0,2.681,0.0,0.0,126.50567259795012,2.0,130.65017626905012,2.0,126.59891977154852,2.0,132.26045121684868,2.0,1.0,3.0,0.0
chr6-132553472-132553473-G-T,mcdb045,0,1.413,3.58,0.916,2.82,0.0,85.83,0.16,2.0,1.163,99.86,0.21,0.051,0.0,494.52,30.18,731.995,24.66,223.07862616051665,1.3351250000000003,114.40239853528465,0.7322500000000003,1.2431249999998784,0.3361643803034086,0.6095380434781958,0.6034602038682801,0.0701692178845405,0.1978259682655334,351.6,1.49,563.92,2.2,1.48,19930.15,8.2,22069.8,9.7,85.83,0.16,99.86,0.21,637.44,0.37,900.07,0.48,0.04827,1.6,0.082751,1.1,7.0,10.0,3766.310953452029,2.1,3567.971061190687,1.8,8.0,0.0,0.0,0.0,0.095,0.0,0.0,494.52,10.984622020153408,731.995,15.809247917706346,494.52,10.569518113184955,731.995,13.073871784811397,6.0,3.0,0.0
chr1-201490235-201490236-C-A,TWJF-10146-MO011-0021,1,1.1,0.19,0.434,3.83,30.043,24.74,0.2,2.0,0.739,18.29,0.2,0.111,0.0,406.06,10.52,238.03,191.55,286.74604391586763,1.2256250000000004,85.30019985378156,0.4339999999999998,1.1369021739128868,0.3708414232199309,0.5550271739130039,0.63270140731338,0.1820095991715788,0.1522605523350648,1700.83,8.959999999999999,401.56,3.84,0.586,406.06,1.1669932350064267,238.03,-0.128320975181901,24.74,0.27,18.29,0.2,406.06,0.49,238.03,0.34,0.042012,1.1,0.140826,0.48,4.0,10.0,1017.0464840378708,0.2,743.1400590825417,0.2,4.0,0.0,0.0,6285.0,222.543,0.135,0.0,406.06,3.1706901314338616,238.03,5.0451220651230875,406.06,2.6318213816054383,238.03,3.030771709880605,1.0,3.0,0.0
chr11-64116553-64116554-C-A,mcdb046,0,10.85,7.09,12.0,1.5,0.011,105.257,1.76,2.0,1.34,141.01,0.9,0.07,0.0,2653.705,409.62,2185.32,117.74,12925.403433743064,5.841624999999999,15122.68401461075,6.733124999999999,17.305597826086952,0.0135587624577264,20.2322554347826,0.011184081069978,0.1652759052813053,0.1532802022993564,136.39,1.76,51.2,0.8999999999999999,0.823,2190.79,3.7,1026.94,2.3,3116.62,8.7,3343.7,9.0,16192.67,20.0,12152.99,15.0,0.000714,17.0,0.000496,19.0,0.0,10.0,11604.035633311569,19.0,9865.62273093003,17.0,6.0,0.0,0.0,21.0,0.056,0.19,0.0,105.256760608252,6.1,141.0100283808476,7.3,268.311940371618,13.0,366.1339491765628,16.0,1.0,3.0,0.0
chr15-33831025-33831026-C-T,TWJF-5120-06,0,1.6,0.05,2.55,4.32,0.0,16.28,0.24,2.0,0.99,16.12,1.2,0.162,0.0,220.896,6.025,1524.46,56.52,220.8956525764444,2.059375,528.8068197764779,3.619125000000001,0.3123641304347586,0.7781054492366393,0.8910054347824996,0.4692636053115132,0.6143951863050461,0.4646452888846397,16.28,2.58,16.12,2.55,6.901,220.896,-0.0530621689430691,1524.46,-0.4994566774678928,220.21,1.6,1524.46,6.2,321.17,0.24,1833.0,1.2,0.144439,0.46,0.051645,1.2,3.0,9.0,2551.251382965138,6.0,4196.680175380899,14.0,1.0,0.0,0.0,3.0,0.127,0.0,0.0,220.896,8.062891236785125,1524.46,12.0456560640587,220.896,8.143371041331406,1524.46,12.87067009287183,1.0,3.0,0.0
chr14-95096127-95096128-C-T,mcdb045,0,3.0,20.0,2.045,22.0,15.638,246.48,0.9,2.0,1.823,449.33,1.8,0.063,0.0,4384.821,63.895,6350.665,75.785,2589.221614416149,4.704874999999999,389.7431713023638,1.8890000000000005,6.327092391304319,0.039340128298365,1.7785054347825593,0.2094787198948843,0.0324140042066574,0.0403070300817489,10616.97,29.28,5176.69,13.74,1.448,4962.36,1.5,7524.64,2.2,246.48,0.9,449.33,1.8,7930.65,3.7,9258.72,4.4,0.067887,1.3,0.068655,1.3,0.0,8.0,3807.2828566667704,2.3,7860.426906686623,9.9,3.0,0.0,0.0,101.0,121.221,0.129,0.0,4384.821,5.842559985729094,6350.665,8.611759153994178,4384.821,7.851542722355618,6350.665,10.949018006734908,1.0,3.0,0.0
chr12-95943480-95943481-CG-C,TWJF-5120-06,1,0.655,10.41,6.867080436580212,13.967839181290152,1.391,23.07,0.11,2.0,100.43952879584634,2884.906630325877,3.953767434406434,0.169,0.0,134.31,97.76,3855.0850458222976,299.48947858929023,41.428937064368014,0.151,4130.105490287211,4.051940268765775,0.3183695652173668,0.7747105519859981,9.704157061385189,0.5800030933844758,0.1493695899844169,0.1868174268644337,485.23,2.16,3665.604208700709,9.88845590058046,15.6767732103444,90.78,0.57,4775.869420179119,6.4025632807890425,56.59,0.74,4419.070192188715,8.565547597487953,23.07,0.11,4960.3324253075025,6.278010678925659,0.391184,0.43,0.3987888625536393,6.166837400054329,11.0,9.0,537.157411716568,1.5,3537.169818064482,8.005304679299057,0.0,0.0,1.0,9.0,2.502,0.556,0.0,196.9246127014554,1.5,6312.789402218079,8.208283952532252,177.84022534715604,1.4,7092.727695791899,8.929146777893358,1.0,0.0,0.0
chr11-70485390-70485391-C-T,TWJF-5120-09,0,5.45,5.31,5.0,6.67,5.53,840.659,1.3,2.0,1.247,1048.624,1.8,0.053,0.0,4958.021,206.33,4609.64,279.24,3153.387560447234,2.256374999999999,3351.503891194355,2.339249999999999,4.887418478260841,0.0529124474778077,7.348016304347794,0.0331764506354163,0.1743238940834999,0.0532892048358917,4926.17,6.99,4593.38,6.619999999999999,0.93,8593.32,9.0,5746.79,6.0,5681.68,6.0,4625.9,4.9,7981.95,6.6,5903.46,4.7,0.011873,5.4,0.0097,6.1,1.0,10.0,4989.871863860996,5.5,4778.52115918281,5.1,5.0,0.0,0.0,175.0,26.845,0.206,0.0,840.6592577488724,1.3,1048.6244992116526,1.8,1612.5752874641946,3.5,1525.8786624987472,3.2,1.0,3.0,0.0
chr1-206635770-206635771-A-G,mcdb047,1,5.0,2.71,9.1,2.94,1.043,294.219,0.27,2.0,2.57,756.258,0.82,0.185,0.0,2855.215,291.68,4457.458,308.27,787.623483600822,2.017750000000001,1209.027977318961,2.528375000000001,2.760054347826,0.1083240964118985,3.526929347825998,0.0778332268588691,0.0130252614617347,0.0277484767138957,29299.87,23.19,29446.66,23.66,1.561,1084.53,0.27,3354.86,0.82,4625.9,5.8,8208.09,12.0,12150.35,4.2,15454.05,6.2,0.016877,1.1,0.010109,1.5,0.0,9.0,4936.17358223685,17.0,5560.0550744656075,19.0,5.0,0.0,0.0,9.0,9.4,0.111,0.0,349.2770095291467,16.0,726.3902395992524,26.0,294.21851557544505,14.0,756.2580316476395,26.0,1.0,3.0,0.0
chr21-43690353-43690354-T-C,TWJF-10146-MD017-0016,0,0.446,0.54,0.509,0.85,8.434,87.185,0.17,2.0,1.117,97.429,0.2,0.162,0.0,575.98,47.98,183.49,63.66,87.18493389251542,0.4462499999999997,97.42884781877532,0.5089999999999998,0.1840217391304435,0.8604371258294031,0.3821739130434594,0.7349679790222673,0.5186492204666138,0.3233367949724197,575.98,4.8500000000000005,183.49,2.1,0.319,575.98,-2.160763468657929,183.49,-1.60792978961872,801.48,4.3,648.9,3.9,138.27,0.24,107.22,0.21,0.39113,0.17,0.351684,0.2,3.0,9.0,4576.122411906873,19.0,3033.4495271226524,12.0,4.0,0.0,0.0,1169.0,33.736,0.25,0.0,575.98,10.660102691027754,183.49,9.919906260679602,575.98,13.093066802693675,183.49,10.4759621980616,1.0,3.0,0.0
chr17-61408173-61408174-G-A,TWJF-10146-MO011-0029,0,2.5,0.84,3.9,0.71,0.912,272.11,0.684,2.0,4.167,1133.8,1.212,0.183,0.0,505.426,188.58,1079.242,171.21,307.1918699235188,0.6837499999999992,963.6933289285296,1.212249999999999,1.3880163043477154,0.2939482609942148,2.795434782608623,0.1066271475082283,0.1026531346142292,0.0634142085909843,5404.2,6.950000000000001,5648.87,20.51,2.135,272.11,1.2,1133.8,2.7,611.63,4.3,2122.61,7.6,1269.51,2.6,2448.96,4.0,0.05409,1.9,0.023105,3.2,2.0,9.0,548.9079394871815,2.4,751.2243258762381,3.8,6.0,0.0,0.0,157.0,8.945,0.102,1.0,461.9447120074287,5.0,1024.6841063205218,8.8,426.22606048729534,4.8,1013.0712717756148,8.7,1.0,3.0,0.0
chr10-71807899-71807900-A-G,TWJF-5120-06,0,5.0,0.78,7.7,1.83,0.0,128.15,0.746,2.0,10.653,1365.241,3.014,0.158,0.0,1560.09,22.47,8911.2,40.53,128.14998505343686,1.2807500000000005,1365.2408510497962,5.962250000000003,0.7455978260868363,0.5358416575361168,3.0137228260868767,0.0957733742051847,0.1508909240365028,0.1252846270799636,1560.09,46.34,8911.2,83.82,5.712,1560.09,0.6014605645672346,8911.2,3.9021363858656097,1251.28,5.0,12510.39,26.0,8865.51,5.1,14378.68,9.3,0.004579,5.0,0.003213,6.0,0.0,10.0,5681.683446584433,4.0,8208.088183148084,7.7,2.0,0.0,0.0,15.0,7.621,0.0,0.0,1560.09,9.16307292284829,8911.2,14.503553099882495,1560.09,9.03176593178704,8911.2,15.097076635367644,1.0,3.0,0.0
chr8-132842624-132842625-G-A,TWJF-10146-MO011-0021,0,7.439,30.0,4.65,30.0,2.934,337.65,2.09,2.0,1.48,499.81,2.7,0.07,0.0,4402.46,732.975,3105.495,706.225,2935.7864441647075,6.0035000000000025,2756.97397634763,5.742125000000002,7.778097826086963,0.0316262687011569,7.348016304347794,0.0334735236908959,0.0029534735658671,0.0022849464003229,337.65,2.09,499.81,2.7,0.705,9634.29,3.5,6187.09,2.2,7650.66,7.1,5238.84,5.0,20331.78,8.3,12610.43,3.8,0.004717,4.3,0.012716,2.5,0.0,9.0,5869.132896433324,20.0,3454.0165428148343,12.0,3.0,0.0,0.0,1249.0,31.208,0.094,0.0,848.8090473328234,8.1,353.84250424567654,4.3,2106.541405988221,16.0,658.5215625252066,6.9,5.0,3.0,0.0
chr20-38647088-38647089-C-G,mcdb041_new,0,1.99,20.0,1.85,20.0,0.0,809.872,0.7,2.0,0.65,526.38,0.3,0.051,0.0,2549.102,948.41,2931.257,808.555,809.8717065751356,0.9581249999999996,526.3803830457821,0.8139999999999992,2.851521739130362,0.1031866359305324,2.222146739130366,0.1503390733568793,0.005316212773323,0.0086668729782104,5124.15,1.78,5135.92,1.7999999999999998,1.15,21606.46,16.0,16409.61,13.0,2952.5,2.2,3646.02,2.4,18490.81,6.7,14008.44,4.6,0.014234,2.4,0.022601,1.9,0.0,11.0,2145.7036159277955,1.6,2216.49442399124,1.7,1.0,0.0,0.0,0.0,0.056,0.0,0.0,1588.949153603989,1.7,1321.630340092051,1.3,957.8113960993712,0.7,480.0428439477195,0.3,5.0,3.0,0.0
chr12-124430678-124430679-C-T,mcdb041_new,1,0.19,36.0,0.515,50.0,14.306,37.92,0.09,2.0,5.151,195.32,0.204,0.113,0.0,83.947,1099.78,324.553,2492.575,60.53050308822732,0.141375,144.49125771480166,0.3687499999999997,0.0904347826086962,0.9208315677544984,0.2038586956521584,0.8469313215832935,0.5978839695453644,0.6267637088894844,50.38,0.19,688.84,1.01,3.866,120.19,0.31,792.99,1.4,37.92,0.19,195.32,0.53,43.93,0.11,386.13,0.5,0.491536,0.17,0.203422,0.42,3.0,10.0,127.39094578433766,0.2,340.9925042250324,0.3,1.0,0.0,0.0,2842.0,157.207,0.091,0.0,193.0678676423787,1.1,308.11298397193394,1.6,107.36432548567149,0.7,225.35126484021347,1.3,1.0,3.0,0.0
chr8-10611723-10611724-G-C,mcdb044,0,14.0,8.367,14.0,4.63,0.0,2048.71,4.263,2.0,1.37,2807.22,5.547,0.221,0.0,9146.011,484.83,9972.946,306.45,2724.7237677250514,4.262625000000002,4606.471450949289,5.546750000000004,7.147065217391287,0.0347144522512869,11.6303260869565,0.0209400332515629,0.0097059495747089,0.0069899931550025,2048.71,9.88,2807.22,11.65,1.09,9146.011,-2.697798249200378,9972.946,-5.245024723745221,38775.59,78.0,38842.34,78.0,32061.47,18.0,33299.96,20.0,0.000416,14.0,0.000441,14.0,0.0,9.0,9146.010879538102,29.0,9972.946142268209,32.0,5.0,0.0,0.0,0.0,0.296,0.0,0.0,9146.011,16.438337919478833,9972.946,15.076214585259985,9146.011,15.804006865629674,9972.946,17.030504375741906,1.0,3.0,0.0
chr11-47245483-47245484-G-A,TWJF-5120-06,1,0.091,0.36,0.25,2.71,26.799,2.41,0.0,2.0,2.564,6.18,0.03,0.182,0.0,52.235,14.64,185.569,55.8,58.66990613965978,0.09275,80.71825159023862,0.212,0.1947010869565133,0.8537625553430391,0.288179347826059,0.793192272818868,0.3944984897971153,0.3633388206362724,2.41,0.0,6.18,0.03,3.553,45.8,0.03,388.13,0.14,85.36,0.09,492.62,0.67,60.07,0.02,290.42,0.07,0.539438,0.04,0.350367,0.13,5.0,9.0,379.9570720848363,0.4,618.2842486218158,0.7,1.0,0.0,0.0,703.0,102.285,0.262,0.0,5.480371510533135,0.2,11.582705121744798,0.3,10.87852464601721,0.3,23.581422529553716,0.4,1.0,3.0,0.0
chr16-68302425-68302426-C-T,mcdb041_new,0,0.103,76.32,0.115,71.23,0.678,32.05,0.01,2.0,0.831,26.64,0.01,0.069,0.0,64.393,5129.38,75.825,4237.89,45.46652999134041,0.04525,45.54144133443636,0.04525,0.1168206521739136,0.9033840746755606,0.058288043478285,0.9425222623350872,0.4576210416853428,0.6168454959988594,674.35,0.06,1011.26,0.1399999999999999,1.178,120.38,0.16,100.87,0.14,54.19,0.09,50.78,0.09,32.05,0.03,26.64,0.03,0.985973,0.01,0.980806,0.01,1.0,9.0,316.1200502534412,0.3,312.71813855136116,0.3,8.0,0.0,0.0,432.0,8.587,0.079,0.0,46.61116952599109,0.2,49.373054955276174,0.2,74.59676602150031,0.2,125.5220432241214,0.3,1.0,3.0,0.0
chr16-67934678-67934681-GGGA-G,TWJF-5120-11,0,10.305,2.88,5.057,2.8,31.102,2746.22,2.281,2.0,0.354,972.84,1.903,0.145,0.0,14540.137,187.99,6508.357,184.19,4248.791430775482,2.2807500000000007,2875.967991323885,1.903,9.849456521739114,0.0247019418464266,4.213478260869522,0.0627210732062859,0.0325845070183277,0.2000492215156555,9992.22,10.76,8378.7,9.34,0.448,2746.22,3.4,972.84,1.8,23192.26,28.0,7692.16,5.9,7857.11,4.2,874.97,0.88,0.007419,4.4,0.335936,0.43,4.0,11.0,19088.054835322997,31.0,5324.553724912208,9.6,2.0,0.0,0.0,48.0,213.028,0.146,1.0,64984.532655358475,69.0,20692.35878317229,32.0,32851.862769371604,46.0,14708.216028823814,25.0,3.0,1.0,0.0
chr8-56441280-56441281-C-G,mcdb041_new,0,0.29,25.09,0.165,30.0,0.063,24.07,0.08,2.0,0.797,19.18,0.04,0.065,0.0,149.817,614.895,106.475,629.28,153.07425719738455,0.3841249999999997,161.30946788620315,0.3989999999999996,0.3898369565217194,0.7301907504691011,0.4330434782608563,0.7029508323838766,0.4404813125729561,0.4169375449419021,41.08,0.16,7.35,0.02,0.711,146.56,0.38,38.4,0.12,24.07,0.08,19.18,0.04,81.35,0.17,51.64,0.13,0.60817,0.11,0.583986,0.12,4.0,8.0,246.47662139274465,0.2,214.1357220260579,0.2,6.0,0.0,0.0,19.0,1.187,0.053,0.0,35842.64080437139,51.0,35269.55661130865,51.0,26464.27495068146,41.0,28161.773421136342,43.0,1.0,3.0,0.0
chr15-22851842-22851843-C-A,TWJF-10146-MO011-0029,1,6.992,1.0,7.9,0.52,17.209,3423.54,0.79,2.0,1.128,3862.38,0.89,0.703,0.0,5346.006,72.46,6406.38,45.18,4391.123161857407,7.883875000000002,6111.452556920696,9.973625000000004,10.23198369565216,0.0237832258431128,14.277038043478257,0.0166464299697869,0.0306523218750953,0.0185104757547378,4886.04,11.57,6201.83,13.66,1.198,20891.96,9.2,19121.95,8.1,6978.43,6.1,8853.9,7.7,3423.54,0.79,3862.38,0.89,0.010746,2.7,0.005938,3.8,1.0,10.0,5805.9724867553105,5.5,6610.930835365694,6.8,1.0,0.0,0.0,379.0,19.293,0.892,0.0,5346.006,10.73900728238574,6406.38,13.242865093801228,5346.006,10.359908658394096,6406.38,12.632560197134008,1.0,3.0,0.0
chr11-6921729-6921730-G-T,mcdb045,0,3.555,7.5,3.88,9.4,0.0,1116.38,1.34,2.0,3.345,3734.0,2.86,0.058,0.0,3437.647,27.035,3982.746,40.895,6165.305124456906,2.5108750000000013,4231.491059304865,2.0200000000000022,9.494239130434764,0.0254733397759194,7.778097826086963,0.0316396888664277,0.1437109038233757,0.1034428738057613,1116.38,1.34,3734.0,2.86,1.159,5681.99,4.6,9663.0,7.0,4196.68,5.2,4883.05,6.0,2211.44,1.7,2733.67,2.0,0.026257,1.8,0.023306,1.9,0.0,11.0,1550.9601273084331,1.5,1437.8310001273976,1.3,10.0,0.0,0.0,95.0,0.091,0.0,0.0,4993.096964381284,16.0,4746.461909531477,15.0,2678.6131711698317,5.8,2398.33585400253,4.9,6.0,3.0,0.0
chr17-7674249-7674250-C-G,TWJF-5120-11,1,5.165,14.0,8.757,30.0,32.196,404.436,1.8,2.0,1.346,544.315,2.1,0.358,1.0,777.153,1929.54,3206.795,3521.1,16918.173064124865,8.508875000000005,17368.09239827374,8.814500000000004,37.35904891304347,0.0065441272851334,46.22467391304348,0.0058811422615499,0.0312874093651771,0.0081142410635948,2827.13,5.53,3858.06,6.41,4.126,834.9,2.8,2555.53,4.9,711.66,3.8,4406.07,8.7,974.66,3.0,9341.63,10.0,0.015176,5.9,0.003138,11.0,3.0,9.0,719.4055146968893,1.8,837.065307307968,2.1,9.0,0.0,0.0,1105.0,61.797,0.521,0.0,643.4132496841555,6.6,1433.8047011024034,12.0,404.43618026356046,4.8,544.3146207625508,5.9,1.0,3.0,0.0
chr1-31619291-31619292-T-A,TWJF-10146-MO011-0021,0,0.284,0.68,0.116,0.32,0.0,60.293,0.1,2.0,1.008,60.804,0.03,0.058,0.0,525.83,55.45,106.88,35.42,60.293103809253616,0.111,60.804385331003175,0.1155,0.2841032608695428,0.796219716824002,0.1025000000000062,0.9124975964699102,0.2884877657052129,0.5682651698589325,9160.68,27.46,11671.59,34.78,0.203,525.83,0.3489319411010676,106.88,-0.2556705012188998,662.79,1.3,102.59,0.3,525.83,0.1,106.88,0.03,0.505204,0.22,0.780605,0.06,4.0,9.0,432.6355196637657,1.1,257.3781128547943,0.4,3.0,0.0,0.0,2.0,0.01,0.0,1.0,525.83,7.994962680634529,106.88,7.188132120618648,525.83,8.246368353494912,106.88,6.975429088865798,1.0,3.0,0.0
chr12-80717204-80717205-G-T,mcdb045,0,2.8,6.65,4.015,28.3,0.0,624.1,0.87,2.0,7.244,4520.85,4.0,0.061,0.0,2312.1,56.11,5148.085,525.23,15026.980052640827,3.8305,11105.447998802418,2.97175,37.35904891304347,0.0067351371235839,27.61739130434782,0.0089738625214874,0.006929088383913,0.0056533068418502,5922.83,6.47,5775.32,4.03,2.227,624.1,0.87,4520.85,4.0,2827.44,2.3,7208.66,3.8,8249.49,2.6,12820.65,4.2,0.000579,11.0,0.001688,6.4,0.0,9.0,1602.1292262796685,2.7,1584.8879846730229,2.7,5.0,5.0,1.0,0.0,0.0,0.0,0.0,1796.7597077759908,2.9,3030.330521046187,4.5,1032.0957744737227,1.9,2026.375845492043,3.2,1.0,3.0,1.0
chr22-50283949-50283958-GGCTGCAGTC-G,TWJF-5120-13,0,1.09,19.0,45.451,72.0,34.287,5.53,0.51,2.0,945.284,5227.42,7.8,0.061,0.0,264.456,48.72,12103.961,913.715,112.47220086038764,0.70275,24467.57156510221,42.901875000000025,0.7013858695651152,0.5575409264315445,62.74467391304348,0.0041210691521644,0.1398167121224105,0.0011865530759678,5.53,1.44,5227.42,32.75,45.769,416.44,0.51,18464.43,7.8,973.97,5.8,39196.13,70.0,1062.24,0.88,42791.86,48.0,0.09863,0.65,1e-06,59.0,1.0,9.0,855.3764372017306,1.3,5743.4917749851775,24.0,8.0,3.0,0.0,3302.0,183.353,0.187,1.0,25.799423407241935,19.0,51.595283130653634,35.0,49.06479628367568,34.0,119.06112997512952,58.0,5.0,1.0,1.0
chr6-112350486-112350487-C-G,mcdb041_new,0,0.284,26.14,0.264,29.75,0.024,88.02,0.13,2.0,0.899,79.172,0.18,0.086,0.0,287.192,449.01,280.553,580.19,88.02021638127931,0.2681249999999999,79.17216589712189,0.2289999999999999,0.2025271739130403,0.8484637995037501,0.0918750000000017,0.91925593716459,0.4940428212285042,0.6655375175178051,2830.52,0.49,3169.4,0.58,0.977,366.24,0.55,354.01,0.52,96.15,0.13,113.1,0.18,278.13,0.18,282.82,0.18,0.598789,0.19,0.625105,0.17,1.0,9.0,363.86363379152226,0.3,340.9925042250324,0.3,8.0,0.0,0.0,3.0,0.036,0.667,0.0,282.15646134166406,0.5,278.2851295595791,0.5,292.226771474326,0.5,269.60006961189765,0.5,2.0,3.0,0.0
chr17-50169207-50169208-A-G,mcdb041_new,0,3.658,32.29,6.4,61.26,0.0,1821.83,0.81,2.0,3.968,7229.28,1.1,0.133,0.0,5227.186,685.17,9398.165,2880.55,11169.876269422966,3.916875000000001,18931.60376362251,7.846750000000003,12.187228260869546,0.0194188987602765,4.807092391304323,0.0540534417770282,0.2284108847379684,0.6727653220295906,3042.9,2.5,2624.91,2.27,1.798,1821.83,2.3,7229.28,5.5,2678.54,3.4,6330.92,6.6,3323.29,2.3,11567.05,6.2,0.099294,0.81,0.069263,1.1,2.0,8.0,7131.081559054952,8.0,12249.092204073026,15.0,2.0,0.0,0.0,21.0,1.929,0.0,0.0,9647.171518961675,17.0,5866.782664019766,13.0,22733.170019471876,36.0,17565.47911172564,28.0,1.0,3.0,0.0
chr11-1598140-1598141-C-T,TWJF-5120-06,0,46.0,18.46,47.0,10.43,0.033,5471.041,5.197,2.0,0.991,5420.883,4.769,0.144,0.0,8943.293,236.02,8466.26,98.01,6936.942733011876,5.196875,6108.215611027968,4.768749999999999,17.305597826086952,0.0138390659956266,15.160951086956516,0.0156286788599006,0.0002850501250577,0.000241719898895,6052.97,83.24000000000001,6051.46,82.27,0.947,28015.99,46.0,29235.5,51.0,33686.63,51.0,32965.5,47.0,36996.46,60.0,36289.96,57.0,0.000109,46.0,0.000104,47.0,0.0,11.0,5743.4917749851775,9.4,5805.9724867553105,9.5,6.0,7.0,0.0,101.0,0.058,0.574,0.0,10949.644014667432,62.0,10824.304476091322,62.0,5471.041385560253,45.0,5420.8825766434875,45.0,6.0,3.0,2.0
chr2-209817035-209817036-C-T,TWJF-5120-04,0,0.061,0.24,0.164,0.15,0.0,5.44,0.01,2.0,2.167,11.79,0.02,0.209,0.0,15.242,28.3,32.265,22.05,29.19446708962351,0.02125,33.86484822167645,0.03975,0.0165760869565616,0.9721204343708422,0.1272282608696002,0.8960011153109906,0.7080004289746284,0.3536106236279011,2570.56,0.42,2815.42,0.54,2.117,7.71,0.02,16.07,0.05,5.44,0.1,11.79,0.26,5.98,0.02,18.21,0.05,0.973402,0.01,0.947306,0.02,3.0,9.0,54.779605661940025,0.2,82.63799313081125,0.2,3.0,0.0,0.0,51.0,1.418,0.0,0.0,16.23977470636828,0.4,36.18928477190189,0.6,14.244263534472482,0.3,30.664790361612777,0.6,5.0,3.0,0.0
chr22-22432442-22432443-T-C,mcdb045,0,21.5,33.84,8.775,27.16,0.0,145.017,6.3,0.0,0.522,75.757,4.6,0.054,0.0,11837.729,755.44,5764.509,484.42,13357.257999542717,13.316624999999998,8747.094785045207,9.350625,31.64317934782608,0.0074782533541549,20.2322554347826,0.0116983513868519,0.0043843537569046,0.0158306881785392,10318.2,28.31,798.93,2.9000000000000004,0.487,16973.94,6.3,13818.91,4.6,26123.53,41.0,20478.82,32.0,30196.44,26.0,25386.51,19.0,0.000382,17.0,0.000478,16.0,1.0,9.0,7609.37914115875,31.0,2781.922411072352,8.2,3.0,0.0,0.0,26.0,28.488,0.0,0.0,145.0173617847354,8.9,75.75651713505238,4.8,190.46272780533909,12.0,48.17369958357116,2.9,6.0,3.0,0.0
chr20-35653746-35653747-A-G,TWJF-5120-07,1,0.2,2.199,0.1,1.7,17.102,34.37,0.01,2.0,0.526,18.09,0.01,0.146,0.0,76.85,97.78,42.401,93.405,40.165570143068095,0.097,42.40122425472028,0.1295,0.401766304347845,0.7224240355287427,0.1609239130434758,0.8757258607248121,0.0621291138231754,0.3585176207125187,76.85,10.36,71.9,9.9,0.552,76.85,0.6665500459216758,42.401,-0.1179025631999726,145.18,0.43,21.7,0.05,34.37,0.12,18.09,0.06,0.845767,0.01,0.866602,0.01,4.0,8.0,1785.2014996700302,0.2,1362.1125453370685,0.1,3.0,0.0,0.0,1266.0,79.542,0.215,0.0,76.85,6.0599732370585295,42.401,6.04226113340114,76.85,5.599443039085355,42.401,5.479412222596941,1.0,3.0,0.0
chr21-32657083-32657084-T-A,TWJF-5120-09,1,5.2,1.17,1.85,7.06,2.11,152.627,1.029,2.0,0.555,84.651,0.316,0.053,0.0,1377.309,81.08,687.31,478.71,170.0233005529505,1.0286250000000003,75.6016082437328,0.31625,1.1000271739128775,0.3843115575724822,0.7171739130433537,0.5501953731870751,0.0547198504209518,0.0223600007593631,161.64,23.44,772.84,47.1,0.499,17964.48,6.5,9014.56,2.5,2510.18,3.9,601.78,1.2,5194.3,1.8,2721.4,0.84,0.010965,2.0,0.057806,0.62,3.0,9.0,3307.718431318005,7.1,1864.1597343160688,2.8,4.0,0.0,0.0,335.0,26.045,0.081,0.0,244.43871950658348,16.0,186.71104085103855,9.9,152.62651926485148,7.3,84.6505920635526,2.9,1.0,3.0,0.0
chr2-240964517-240964518-G-T,TWJF-10146-MO011-0029,0,0.515,0.07,0.325,0.46,0.046,62.391,0.11,2.0,0.663,41.387,0.1,0.354,0.0,237.27,112.57,239.394,251.45,62.3913478891651,0.148125,41.38741956836381,0.062375,0.5001630434782243,0.6641597862145874,0.1914673913043429,0.8553486352193516,0.1054202318191528,0.3023050054907799,173.27,22.17,132.97,17.93,1.009,2242.31,0.15,3371.46,0.32,1011.56,0.53,601.78,0.33,248.5,0.11,198.14,0.1,0.614687,0.14,0.727019,0.1,1.0,9.0,226.0393096133909,0.6,280.6489180372726,0.7,5.0,0.0,0.0,26.0,0.099,0.462,0.0,674.7765787889349,12.0,663.9876474358151,12.0,183.2398805511683,1.8,182.3979697754797,1.8,5.0,3.0,0.0
chr3-36737597-36737598-GC-G,TWJF-5120-06,0,0.16,0.86,0.18,18.79,0.0,32.11,0.09,2.0,6.509,208.99,0.18,0.173,0.0,120.25,26.63,228.71,1250.08,43.78714444316116,0.12025,38.43135341490468,0.057625,0.1335869565217535,0.8926932252311276,0.130217391304356,0.8948453717576024,0.4142616800963878,0.3848502673208713,32.11,5.29,208.99,18.83,1.902,120.25,-0.769671973123639,228.71,-2.026851208433404,175.98,1.4,2713.61,9.2,120.25,0.09,228.71,0.18,0.338372,0.16,0.68234,0.03,9.0,9.0,973.9685259346436,0.9,2416.898449635213,5.4,7.0,0.0,0.0,4.0,0.211,0.0,0.0,120.25,6.868982641907318,228.71,6.5361779527020785,120.25,6.8687485552462695,228.71,7.878896361725808,5.0,0.0,0.0
chr11-95827987-95827988-T-G,TWJF-10146-MO011-0024,1,2.5,0.55,2.15,0.44,37.481,76.545,0.22,2.0,0.672,51.403,0.12,0.572,0.0,476.625,277.03,380.851,246.46,76.54533313517221,0.5007499999999996,51.40320440460437,0.3619999999999997,0.6616032608694837,0.5775614522851734,0.2089402173912731,0.8441012292126517,0.0572261549532413,0.3368989862501621,4963.08,0.93,4527.22,0.69,0.799,486.57,2.8,488.05,2.8,466.68,4.0,283.7,3.4,463.76,2.2,234.05,1.5,0.569767,0.22,0.7201,0.12,3.0,9.0,172.46847452270157,4.6,159.8883909696461,4.4,5.0,0.0,0.0,1869.0,69.026,0.543,0.0,618.1729538524038,5.5,507.11913735574456,4.9,585.3693783201161,5.3,478.00231506934534,4.7,1.0,3.0,0.0
chr2-102396637-102396638-C-A,TWJF-10146-MO011-0020,0,2.65,11.0,0.645,17.0,0.0,92.203,0.437,2.0,0.543,50.067,0.097,0.205,0.0,1041.65,59.155,225.699,63.455,92.20250191731466,0.465,50.06688037657973,0.097375,0.4366847826086797,0.7010898314049939,0.1241847826087223,0.8988236136606363,0.2608633935451507,0.4696159139275551,117.37,19.13,38.17,6.39,0.217,8830.28,2.4,1515.45,0.29,1775.57,2.9,373.84,0.72,5947.18,2.1,1818.26,0.57,0.019948,1.4,0.163047,0.22,1.0,9.0,2010.8325794908649,3.2,1145.5906828097525,1.3,9.0,0.0,0.0,33.0,1.134,0.0,0.0,307.7301156132646,20.0,60.69738766228552,1.6,306.6408428685013,20.0,77.55860694958574,2.5,2.0,3.0,0.0
chr6-43299100-43299101-G-C,TWJF-5120-06,0,1.251,0.46,26.344,0.83,0.0,103.84,0.85,2.0,136.871,14212.72,45.0,0.133,0.0,226.369,16.47,20657.135,23.32,240.90827269241828,0.8679999999999997,28777.09148331689,21.68887499999999,1.2019836956520606,0.3483843297560874,99.28660326086955,0.0036192584462273,0.1066220626235008,0.0088845118880271,103.84,1.06,14212.72,12.62,91.254,340.56,1.7,27101.55,32.0,211.83,1.9,27131.77,34.0,435.1,1.3,31169.74,31.0,0.212141,0.85,1.2e-05,45.0,6.0,10.0,1145.5906828097525,1.2,11604.035633311569,19.0,10.0,0.0,0.0,0.0,0.063,0.0,0.0,135.47214273329757,1.4,3325.4467659438064,8.9,130.86695578133444,1.3,2386.8767822522977,7.6,5.0,3.0,0.0
chr20-46022943-46022943-G-GGGA,mcdb045,0,62.84,71.44,39.89785924094181,92.03,0.0,1258.375,9.426,2.0,-455.5301238544254,-9579.830022430566,-5.57841779507512,0.114,0.0,16339.349,4271.87,3287.9579202881173,9778.45,8923.890619719421,9.425875,-5709.492067599491,-2.0719182133817684,22.19230978260869,0.0108624042297442,-15.420207099828492,0.275205017254242,0.0001307058519159,0.0737694951884018,21685.75,75.68,11390.178323182972,44.09465469255277,-41.75843291099888,46798.43,87.0,30765.87652292659,61.474182054843745,43675.0,99.0,28245.195082141163,67.14517637750335,47163.88,93.0,32276.182620086896,62.7214887124845,0.0,100.0,0.2114897861844879,82.4145458970865,0.0,9.0,10992.948761900088,41.0,1382.2289693977489,24.148703857564637,0.0,0.0,1.0,0.0,1.001,0.0,1.0,3158.057259194916,50.0,-19244.15321550666,27.833435583140755,1258.3747635064165,36.0,-27967.532175422544,13.35073120798781,3.0,2.0,0.0
chr12-1831282-1831283-C-T,TWJF-10146-MO011-0021,0,3.35,0.4,10.95,3.41,0.0,67.282,0.514,2.0,1.681,113.097,2.12,0.059,0.0,568.534,40.39,1970.61,172.49,272.43736195272106,1.151874999999999,1389.9699071302362,2.18325,0.5143749999999585,0.655815902405498,2.1200543478259988,0.161524318834924,0.499575812369585,0.2992755575105548,2918.29,8.7,16515.46,33.84,3.466,831.61,3.5,5400.74,13.0,792.98,8.1,2551.25,15.0,716.37,3.2,3654.83,8.9,0.182428,0.97,0.059335,2.4,5.0,9.0,67.28206801518476,1.8,113.09668929084349,3.0,6.0,0.0,0.0,0.0,0.036,0.0,0.0,399.530556315708,9.5,866.0640269264571,16.0,420.6975666223301,9.8,941.8245353416728,17.0,1.0,3.0,0.0
chr5-178994544-178994545-C-T,TWJF-5120-11,0,5.15,12.0,7.015,12.0,0.0,179.279,0.546,2.0,1.076,192.896,0.568,0.102,0.0,4020.58,215.665,5140.983,224.255,179.2793737158149,0.5456249999999997,192.8961000593632,0.5676249999999997,1.1791847826086013,0.3556953922252909,1.2431249999998784,0.3356384757220516,0.0345628410577774,0.0295924954116344,2225.76,3.8,4114.06,5.63,1.279,14349.16,12.0,13745.4,12.0,8163.8,6.7,10933.64,8.8,5343.08,3.1,5095.28,3.1,0.048469,1.7,0.056424,1.6,5.0,9.0,1437.8310001273976,6.5,1884.439040288195,8.4,1.0,0.0,0.0,3.0,0.02,0.0,0.0,3880.520660229734,7.9,5186.686516328906,9.4,4160.638658544479,8.2,5625.485375583425,9.9,2.0,3.0,0.0
chr20-44350784-44350785-G-T,mcdb045,0,2.45,2.51,4.45,8.21,0.0,503.04,0.83,2.0,6.879,3460.4,2.73,0.087,0.0,1867.845,2189.31,4713.203,3821.35,5039.205284091334,2.234875000000002,11843.415815623246,4.159750000000002,7.778097826086963,0.0312667169766159,22.19230978260869,0.0110027845773899,0.1479427516460418,0.0815054923295974,503.04,0.83,3460.4,2.73,2.523,1979.23,2.4,3049.15,3.1,1756.46,2.4,4856.71,4.8,3860.63,2.5,7754.75,4.3,0.014645,2.4,0.008426,3.2,0.0,10.0,3491.5911438616804,3.3,4676.226873485467,4.6,9.0,0.0,0.0,4.0,0.433,0.0,0.0,1398.653060551377,4.9,4750.1792694917,12.0,1278.968946820557,4.6,2599.321505840479,7.5,1.0,3.0,0.0
chr17-75570397-75570398-G-A,TWJF-10146-MD017-0016,1,0.715,1.81,0.22,3.4,225.148,69.884,0.063,2.0,0.707,49.44,0.029,0.3,0.0,218.041,70.91,88.294,161.34,69.88427338433718,0.096,49.44033456966908,0.02925,0.0631249999999994,0.9394031244294958,0.0298641304348024,0.9625285877808611,0.7185349352657795,0.7662505283951759,210.07,0.77,83.45,0.36,0.405,93.57,0.23,28.41,0.08,198.52,0.75,59.09,0.24,720.61,0.68,170.01,0.2,0.626509,0.08,0.861555,0.02,5.0,9.0,1485.2677558853384,3.5,1824.253478364652,4.8,5.0,0.0,0.0,2214.0,356.811,0.631,0.0,248.05615064513296,0.9,106.5491525851629,0.4,226.01122020621457,0.8,93.13866313514146,0.3,1.0,3.0,0.0
chr14-45176192-45176196-TGTGA-T,TWJF-10146-MO011-0026,1,1.75,0.63,3.7,2.42,2.536,693.266,0.813,2.0,1.556,1078.698,1.228,0.22,0.0,1575.553,296.06,3029.374,656.48,1547.380083786872,0.9784999999999988,3167.2024617826205,1.2283749999999984,0.8127173913042185,0.5039649369127823,7.558260869565203,0.0321012298641505,0.7986913807690144,0.0281353309983387,1326.17,1.58,1442.04,1.65,1.923,1337.68,1.6,8004.7,5.7,3745.99,2.7,8119.76,4.3,4827.53,1.9,8189.64,2.8,0.114189,0.89,0.026132,1.9,0.0,9.0,1672.9903001725866,6.8,1534.2695396588344,6.2,7.0,0.0,0.0,212.0,9.257,0.274,0.0,693.2661572051193,2.4,1078.6983141660844,3.1,1603.7253716860785,3.9,2891.545296616607,5.4,1.0,0.0,0.0
chr5-55146745-55146746-T-G,TWJF-10146-MO011-0020,0,1.35,11.0,2.283,14.0,22.107,34.804,0.6,2.0,1.279,44.528,0.9,0.438,0.0,502.034,70.765,676.234,90.96,202.45666791207967,1.2005000000000003,361.67860713083775,1.866875000000001,1.060135869565073,0.399098142781188,1.6513043478259846,0.2331544444674486,0.1201929114758968,0.058648619800806,108.77,18.13,439.72,38.21,1.347,5760.17,1.5,9770.55,2.7,4478.16,6.6,10757.62,16.0,5542.1,1.9,11904.67,4.6,0.055904,0.64,0.026551,1.1,3.0,9.0,801.6106208174193,0.7,912.7484470874748,0.8,5.0,0.0,0.0,990.0,42.108,0.525,0.0,113.28437161960848,4.6,122.2278014388424,5.1,34.804067318262305,0.6,44.52767303562473,0.9,1.0,3.0,0.0
chr9-72225682-72225683-A-G,TWJF-10146-MO011-0020,0,5.005,26.0,14.0,27.0,0.0,79.999,1.135,2.0,2.983,238.605,1.929,0.382,0.0,1935.316,101.35,4228.876,101.46,338.0986281370736,1.1351249999999993,1290.3612458016814,1.9293749999999992,1.714619565217319,0.220612057186479,3.720108695652101,0.0727318017253732,0.0199259407818317,0.0249034687876701,5510.45,3.41,5603.91,72.23,2.185,3044.66,8.2,8928.94,18.0,3000.81,7.9,9146.01,15.0,7704.32,12.0,16013.39,20.0,0.033882,2.7,0.008173,5.5,0.0,9.0,79.99868565177972,2.5,238.6046055607708,5.7,9.0,0.0,0.0,0.0,0.076,0.0,0.0,831.9744705396084,6.6,2780.4174148268967,14.0,869.8212231492471,6.8,2853.8424916516396,14.0,2.0,3.0,0.0
chr10-101132024-101132025-G-T,TWJF-5120-05,0,0.684,1.46,0.619,0.85,0.0,104.605,0.08,2.0,1.083,113.282,0.09,0.242,0.0,1128.5,15.5,1003.8,11.43,104.60525662118624,0.4965,113.2817877262164,0.5451250000000001,0.6837228260868784,0.5656466985199381,0.61907608695644,0.5979172517873408,0.129214622080326,0.1885920278728008,367.22,3.6,749.38,5.67,0.889,1128.5,-0.3421509957965827,1003.8,-0.1488940142581665,6286.18,1.5,4561.24,0.62,1128.5,0.19,1003.8,0.17,0.530742,0.08,0.489324,0.09,1.0,8.0,3380.0760613847024,0.8,3272.1225681968112,0.7,7.0,0.0,0.0,0.0,0.041,0.0,0.0,1128.5,5.9084556416081035,1003.8,5.5896193600504525,1128.5,4.719150461667893,1003.8,4.434062400645838,1.0,3.0,0.0
chr18-48859452-48859453-G-A,TWJF-5120-05,1,0.24,3.0,0.285,1.4,16.347,52.101,0.04,2.0,1.087,56.653,0.04,0.339,0.0,205.676,42.585,210.988,20.295,52.10110415293565,0.097,56.65342301039491,0.12225,0.1181521739130602,0.9025765267224888,0.0685597826087018,0.9350479240131748,0.492410559207201,0.6399824395775795,2289.51,0.38,2301.95,0.38,1.026,128.88,0.17,143.7,0.2,173.4,0.31,203.96,0.37,96.45,0.1,99.6,0.1,0.894259,0.04,0.904573,0.04,5.0,9.0,508.8698527539727,0.5,659.7539553864469,0.9,7.0,0.0,0.0,119.0,27.02,0.605,1.0,237.95235097719743,0.4,218.01681963801008,0.4,339.4063786558948,0.6,243.62396102028737,0.4,1.0,3.0,0.0
chr2-73252788-73252789-C-G,TWJF-10146-MO011-0026,1,1.037,14.36,3.9,23.4,15.397,137.198,0.53,2.0,8.586,1177.996,2.1,0.077,0.0,410.52,433.74,2129.47,1413.61,137.19785361358493,0.7264999999999998,1177.996341231467,2.4582499999999987,1.036603260869441,0.407960964854874,3.4218749999999147,0.0803253476102595,0.0237769610830582,0.0302826024708338,410.52,3.9,2096.82,10.01,5.187,410.52,-0.5477461965961684,2129.47,-0.3041989995999015,290.78,2.6,2129.47,7.5,461.7,0.53,4026.67,2.1,0.054695,0.94,0.00328,3.9,3.0,9.0,2496.6364866068243,8.1,3725.7799675308625,15.0,9.0,0.0,0.0,2188.0,120.292,0.128,0.0,410.52,5.942515017800935,2129.47,11.121927924915756,410.52,7.1670956774440935,2129.47,11.936983304045272,1.0,3.0,0.0
chr15-60442465-60442466-C-T,TWJF-5120-06,1,0.238,0.41,1.46,0.69,8.255,19.267,0.04,2.0,4.853,93.5,0.16,0.124,0.0,64.561,38.73,396.058,55.11,73.86252730371262,0.1767500000000001,256.24342047303725,0.9267499999999996,0.5347010869564741,0.6444608915523741,1.5202989130434048,0.2604418501743749,0.1271366961300373,0.0055571123957633,27.4,0.3,323.35,2.03,6.135,55.26,0.04,433.55,0.16,116.83,0.13,1354.76,1.6,137.18,0.04,1018.76,0.24,0.488637,0.05,0.069577,0.76,4.0,9.0,659.7539553864469,0.8,1145.5906828097525,2.0,1.0,0.0,0.0,257.0,36.526,0.226,0.0,19.266818225017627,0.4,93.4996531931502,1.4,50.99997932049948,0.9,358.5667377489111,4.4,1.0,3.0,0.0
chr17-3216460-3216461-C-T,TWJF-10146-MO011-0021,0,0.581,0.94,0.76,0.64,0.0,36.96,0.11,2.0,0.554,20.46,0.11,0.065,0.0,109.172,11.99,61.2,9.9,109.17231542345918,0.5807499999999998,227.8724717293879,1.0655,0.5230706521738853,0.6512535133886591,1.369456521739039,0.2990629412387629,0.242820369079709,0.0275825945427641,321.13,3.26,61.2,0.61,0.561,109.172,-0.6432334113834693,61.2,-0.115636159053913,36.96,0.64,20.46,0.35,42.77,0.11,43.41,0.11,0.288595,0.24,0.080784,0.76,13.0,9.0,1967.7864831100464,5.8,1407.051206502568,3.3,8.0,0.0,0.0,0.0,0.001,0.0,1.0,109.172,7.578358727479228,61.2,7.419979621666702,109.172,8.085996134436975,61.2,7.710133908538314,6.0,3.0,0.0
chr20-57228315-57228316-C-T,mcdb046,1,0.259,1.79,0.265,2.58,2.587,16.19,0.04,2.0,1.172,18.98,0.05,0.237,0.0,103.834,222.87,74.807,281.82,69.01527475764281,0.2686249999999999,65.43669135919554,0.25375,0.1086413043478415,0.9081615787562098,0.109809782608707,0.907429470042021,0.588024128228426,0.5709343068301678,1839.17,0.25,2004.4,0.27,0.72,16.19,0.04,18.98,0.05,73.37,0.38,63.39,0.3,25.56,0.06,19.39,0.05,0.604039,0.25,0.579309,0.26,6.0,10.0,573.1857601663112,0.4,573.1857601663112,0.4,7.0,0.0,0.0,15.0,6.468,0.4,0.0,136.20717952990947,1.2,84.17827076608148,0.8,134.29814067216498,1.2,88.11908927532282,0.9,1.0,3.0,0.0
chr3-129567750-129567751-G-A,TWJF-10146-MO011-0026,1,0.641,0.1,0.55,0.07,24.97,154.181,0.29,2.0,0.962,148.262,0.29,0.22,0.0,331.87,20.0,340.595,17.38,745.7911535603814,0.7742499999999991,405.2534829775307,0.6337499999999993,0.6818206521738404,0.566624573494161,0.3806249999999807,0.736613032409284,0.6696028523147106,0.7170532271265984,991.41,1.37,1404.75,1.63,1.026,275.47,0.42,307.35,0.47,388.27,1.1,373.84,1.0,219.29,0.29,216.75,0.29,0.425384,0.34,0.602601,0.2,3.0,10.0,942.861739365281,1.6,874.08813019978,1.5,8.0,0.0,0.0,2901.0,268.499,0.093,0.0,154.18069535223393,0.5,148.26204974043924,0.5,201.14998290584012,0.6,179.6883827826458,0.6,1.0,3.0,0.0
chr22-16966323-16966324-G-A,TWJF-5120-06,0,1.6,9.15,2.8,14.98,0.0,919.221,0.97,2.0,1.306,1200.66,1.7,0.129,0.0,2678.477,82.57,4233.717,167.1,1508.2935564717145,1.073249999999999,2901.904700564022,1.5328749999999989,4.391929347826036,0.0593706675332863,7.558260869565203,0.0321121488999584,0.0063347406685352,0.0042176209390163,6011.92,99.98,5565.53,99.02,1.581,5595.12,2.6,7966.68,3.4,4265.35,1.5,7366.35,2.6,3848.66,0.97,6595.85,1.7,0.010898,3.6,0.015255,3.0,2.0,9.0,1304.4189904398024,1.7,2635.4219765328785,5.1,7.0,0.0,0.0,0.0,0.046,0.0,0.0,1401.3609132904628,1.4,1597.9014836759752,1.5,919.2211324173156,1.0,1200.6598829190823,1.2,1.0,3.0,0.0
chr1-23362761-23362762-G-C,mcdb044,0,0.86,3.561,0.78,6.85,6.429,3.38,0.28,2.0,1.228,4.15,0.36,0.647,0.0,91.819,253.75,85.152,412.19,279.2573240833887,0.3389999999999992,280.5169624391441,0.3389999999999992,1.5839673913042844,0.2466447551822176,1.5659510869564457,0.2505530927551083,0.0085608176887035,0.0157100185751914,3.38,0.2799999999999999,4.15,0.36,0.927,93.03,0.29,52.75,0.22,76.61,1.4,70.64,1.3,40.65,0.29,33.67,0.25,0.340428,0.62,0.559435,0.32,3.0,9.0,492.6174734627515,1.1,514.4056055406149,1.2,6.0,6.0,1.0,16.0,10.286,0.625,0.0,92.79829565802883,1.7,99.6643870200355,1.7,90.84060124206532,1.6,100.9903785261395,1.7,1.0,3.0,1.0
chr10-8013756-8013757-C-G,TWJF-10146-MD017-0016,0,1.3,4.449,4.0,6.82,2.462,115.92,0.7,2.0,5.018,581.71,1.7,0.1,0.0,1765.99,415.15,9246.21,584.85,2328.841525367681,3.352999999999999,10728.62182874392,8.26275,1.9827717391303563,0.1791233347624285,5.913749999999965,0.0424190857485076,0.4761871621012687,0.4448913671076298,6579.51,18.52,20105.11,39.62,5.236,1765.99,3.0364099386446672,9246.21,9.18521153009578,115.92,1.2,581.71,3.2,1698.23,1.3,9246.21,4.0,0.053326,0.96,0.004982,3.3,0.0,11.0,1765.990134027678,0.7,2635.4219765328785,1.7,11.0,0.0,0.0,169.0,15.387,0.16,0.0,1765.99,2.466783363299405,9246.21,8.27994410613329,1765.99,4.085757423443917,9246.21,10.603375144698898,1.0,3.0,0.0
chr16-19542980-19542981-G-C,TWJF-10146-MO011-0021,0,0.89,26.99,0.435,29.13,0.669,17.78,0.16,2.0,0.733,13.04,0.2,0.069,0.0,251.877,478.72,88.2,556.25,73.98413843832373,0.161,58.04709395757266,0.1125,0.2727173913043259,0.8036585445754895,0.3136956521738767,0.7772472126067779,0.3578061275184154,0.2460889527574181,17.78,0.58,13.04,0.47,0.35,115.94,0.38,42.72,0.2,268.76,2.8,93.08,1.6,259.99,1.2,83.32,0.4,0.46438,0.16,0.433684,0.2,2.0,9.0,1672.9903001725866,2.8,1602.1292262796685,2.6,6.0,0.0,0.0,465.0,7.437,0.09,0.0,243.76424261793835,3.4,153.09817015599384,2.3,260.8615076759267,3.7,152.19836954698735,2.3,1.0,3.0,0.0
chr12-71994526-71994527-C-G,TWJF-10146-MO011-0020,0,1.8,0.32,4.9,0.46,0.127,163.863,0.725,2.0,3.289,538.865,1.603,0.533,0.0,237.805,14.45,1179.086,18.8,178.15819413895278,0.8436249999999991,805.1708671516924,1.602749999999999,0.7247282608694405,0.5456655475517914,2.1644836956520948,0.1564884819796454,0.2525242790579796,0.1387377604842186,5263.56,1.34,5547.94,6.7,4.958,391.18,2.4,1500.69,5.4,293.06,2.8,1249.17,5.4,182.55,1.3,1379.53,3.8,0.079557,1.6,0.022485,3.3,2.0,10.0,423.3740473427198,4.4,1109.0025961138124,8.4,10.0,0.0,0.0,13.0,0.236,0.538,0.0,163.86265980034898,2.0,538.865029150212,4.9,168.9740447680283,2.1,539.2870604066532,4.9,1.0,3.0,0.0
chrX-43731721-43731722-C-T,TWJF-10146-MO011-0024,1,0.445,0.67,0.545,0.14,0.779,22.89,0.23,2.0,1.832,41.93,0.07,0.645,0.0,34.954,25.81,40.122,8.65,42.34579678674072,0.2361249999999999,39.40033304169078,0.201625,0.2855706521738739,0.7951675158239716,0.1704347826086802,0.8692683705654947,0.1896505765616893,0.3219564743340015,22.89,0.44,41.93,0.74,1.148,51.8,0.45,71.05,0.59,33.85,0.54,32.06,0.5,30.58,0.33,35.97,0.37,0.772435,0.23,0.90442,0.07,7.0,10.0,953.1186832043844,0.9,864.6816701021309,0.7,5.0,0.0,0.0,61.0,1.25,0.623,0.0,36.057034048714655,0.6,39.53575165200805,0.6,32.635479650790685,0.5,40.70895929580735,0.6,1.0,3.0,0.0
chr16-20483075-20483076-G-T,TWJF-10146-MO011-0026,0,0.157,0.04,0.1,0.1,0.0,10.84,0.03,2.0,0.69,7.48,0.02,0.176,0.0,35.899,13.54,21.36,19.77,87.53247386684342,0.2824999999999999,51.569257143216745,0.124625,0.1131793478261045,0.905036448046077,0.0570108695652464,0.9430271976559548,0.642845094203949,0.6536167338490486,24.04,0.08,23.86,0.08,0.595,10.84,0.03,7.48,0.02,13.13,0.06,9.75,0.02,36.11,0.07,16.44,0.04,0.491596,0.28,0.776562,0.12,4.0,10.0,249.15792317616328,0.4,133.02535970953303,0.2,9.0,0.0,0.0,0.0,0.01,0.0,0.0,62.23432736347107,0.3,38.907202020904734,0.2,35.68781837527785,0.2,18.859058166630607,0.2,1.0,3.0,0.0
chr2-240568619-240568620-G-A,TWJF-10146-MO011-0029,1,2.485,5.9,2.276,8.49,9.028,113.71,0.765,2.0,0.942,107.14,0.633,0.124,0.0,302.615,1248.4,239.753,1672.36,380.288168167473,0.765249999999999,268.97739308399565,0.6327499999999994,1.87081521739124,0.1945011918549237,1.5528260869564434,0.2532693872552916,0.0072929263114929,0.0082513689994812,5022.77,3.28,5136.15,3.96,0.792,284.05,1.2,210.12,0.9,113.71,1.5,107.14,1.5,321.18,1.2,387.43,1.3,0.018706,3.7,0.021783,3.3,1.0,10.0,1709.5876151371574,3.1,1672.9903001725866,3.0,4.0,0.0,0.0,202.0,72.807,0.124,0.0,173.1051545303744,3.4,210.52806557956796,4.0,170.6671750757884,3.3,192.8190771693729,3.7,1.0,3.0,0.0
chr2-130763897-130763898-C-A,mcdb045,0,0.6,1.08,0.87,0.98,0.0,237.36,0.2,2.0,0.61,144.834,0.21,0.053,0.0,1110.514,12.99,1251.855,12.31,237.36003373167088,0.5804999999999993,144.8341420328478,0.4321249999999998,1.2660597826085933,0.3293116118853255,0.9620652173911992,0.4376310984586359,0.0784816034138202,0.0730213038623333,1346.94,0.2,1401.46,0.21,1.127,7171.0,5.6,10953.77,7.9,511.63,0.76,751.22,0.92,1376.19,0.59,2149.23,0.82,0.278851,0.44,0.331904,0.37,3.0,11.0,874.08813019978,0.6,1039.2947723310567,0.7,7.0,0.0,0.0,0.0,0.0,0.0,0.0,4169.749833382598,7.5,5446.405843156947,12.0,843.8786510875832,0.6,1102.249727166569,1.0,1.0,3.0,0.0
chr11-36229280-36229281-G-C,mcdb045,0,0.531,0.96,0.675,0.67,0.0,27.53,0.11,2.0,1.009,27.785,0.16,0.073,0.0,165.595,12.15,197.51,10.09,58.66393202055524,0.254625,81.78541550588585,0.4765,0.5619021739129977,0.6293654400489879,0.776711956521595,0.5207662936337303,0.0454369559884071,0.0104955397546291,340.31,1.4500000000000002,480.76,1.93,1.193,466.21,0.19,245.18,0.12,147.43,0.65,149.84,0.65,183.76,0.11,257.28,0.16,0.522983,0.13,0.304276,0.32,5.0,9.0,784.45046119223,0.5,902.925945728536,0.7,5.0,0.0,0.0,6.0,4.976,0.0,1.0,36.009741189030144,1.9,34.54776843748085,1.9,27.530240161459368,1.4,27.784974337337115,1.4,1.0,3.0,0.0
chr22-29310718-29310719-C-G,TWJF-5120-04,0,4.949,6.719,6.05,9.36,1.403,442.222,1.9,2.0,1.422,628.985,3.0,0.116,0.0,2403.895,388.49,4111.615,541.72,3020.202297828657,2.089875,7561.609535712821,3.4705000000000013,8.01565217391304,0.0308913156424535,18.61798913043478,0.0129523684573158,0.0038761980831623,0.004987359046936,5829.78,10.84,6030.54,14.66,1.71,1816.57,1.9,3521.64,3.0,2416.9,6.6,4701.59,9.3,7585.87,3.3,8992.64,3.9,0.008989,3.9,0.005722,4.7,0.0,9.0,2390.8891056788234,8.2,2781.922411072352,9.6,4.0,3.0,0.0,252.0,12.638,0.111,0.0,643.5465997390819,5.6,878.1728376130932,6.7,442.221649317736,4.3,628.9845821135484,5.4,1.0,3.0,2.0
chr7-102808312-102808313-C-T,TWJF-5120-11,0,0.46,28.0,0.375,28.0,1.157,4.72,0.126,2.0,1.097,5.18,0.163,0.16,0.0,38.54,94.41,39.095,94.5,61.85176608267199,0.126,74.93168590771892,0.162625,0.5886413043477603,0.6146115264129467,0.6874999999999147,0.5637434752038906,0.0422269962728023,0.035435564815998,4.72,0.2,5.18,0.22,1.014,32.24,0.16,38.59,0.19,44.84,0.88,39.6,0.81,78.74,0.39,48.38,0.25,0.301187,0.42,0.516931,0.12,5.0,9.0,1925.6618788676217,3.5,2289.620754290416,4.8,4.0,4.0,1.0,234.0,12.31,0.094,0.0,27.98787979532307,0.5,31.986741454775117,0.5,31.434749220906536,0.5,30.861000386974048,0.5,2.0,3.0,1.0
chr15-87929312-87929313-C-A,TWJF-5120-11,0,0.94,4.12,0.645,4.8,0.0,27.104,0.046,2.0,0.969,26.252,0.037,0.061,0.0,86.706,24.67,62.8,28.345,27.103885913619337,0.045625,26.252245600840748,0.036625,0.1054619565217649,0.9104363064210148,0.0778260869565201,0.929276631309362,0.3392221257090568,0.4029974900186062,45.37,0.7799999999999999,29.55,0.5599999999999999,0.724,160.36,1.2,95.77,0.73,62.37,1.2,52.74,0.99,61.01,0.56,46.52,0.45,0.659833,0.36,0.732853,0.27,5.0,9.0,466.6754581007161,1.1,388.2687811477462,0.8,2.0,0.0,0.0,2.0,0.973,0.0,0.0,111.04269665134696,1.7,72.8601397652908,1.2,115.57130041198356,1.8,79.95580497438664,1.3,1.0,3.0,0.0
chr9-98388998-98388999-C-T,mcdb046,0,1.25,12.39,1.395,14.93,0.686,500.68,0.72,2.0,1.132,567.02,0.82,0.212,0.0,1162.403,428.51,992.579,522.65,516.2665248475536,1.0183749999999991,453.3666867212484,0.9657499999999992,1.095461956521575,0.3855312007334887,0.7985869565216035,0.5110728257057249,0.3611025139689445,0.4697007238864898,5077.87,1.17,5224.36,1.39,0.854,1506.5,3.5,1590.11,3.7,500.68,0.72,567.02,0.82,720.64,1.3,741.39,1.3,0.157317,1.2,0.110476,1.4,2.0,11.0,1637.1764276304789,1.9,1709.5876151371574,2.1,8.0,0.0,0.0,4.0,0.915,0.75,0.0,1363.9234616467577,3.7,1041.8135460669475,2.4,960.8818718674718,2.1,943.3438011910828,2.0,1.0,3.0,0.0
chr19-47755513-47755515-GG-AA,TWJF-10146-MO011-0026,0,1.55,1.7,1.55,1.5,25.76252014386184,186.22,0.38,2.0,1.393,259.49,0.42,0.23,0.0,733.364,109.495,797.687,85.31,350.73479381577323,0.7074999999999989,277.4099539973837,0.6193749999999993,1.1026630434781026,0.3824915694206748,1.0168206521737773,0.4158830903797917,0.2513359705917537,0.2263153514359146,186.22,0.69,259.49,0.86,1.088,539.03,1.6,591.1,1.7,797.29,2.1,747.17,2.0,1123.37,1.5,995.2,1.4,0.322332,0.38,0.306631,0.42,3.0,10.0,5441.03041320878,4.7,4778.52115918281,4.1,9.0,0.0,0.0,762.2468634261957,100.523,0.21884544690403,0.0,673.75189547058,2.9,848.2033824524018,3.5,792.9759209832837,3.3,918.8825412116856,3.8,1.0,3.0,0.0
chr17-44380993-44380994-C-G,mcdb041_new,0,2.3,14.77,2.6,18.11,0.293,195.55,0.451,2.0,1.784,348.922,0.634,0.055,0.0,1966.997,163.43,2461.046,228.52,195.5499996753452,0.4513749999999994,348.9217152506438,0.6336249999999995,0.4563315217391022,0.6890639559639438,1.1678804347824752,0.3600789827600127,0.4512310139834881,0.2227701544761657,7097.5,4.63,8000.43,5.12,1.251,4250.42,3.8,6952.73,5.3,2904.96,3.8,4242.33,5.0,2929.65,2.1,3587.25,2.4,0.112138,0.73,0.08642,0.89,0.0,9.0,751.2243258762381,1.5,953.1186832043844,2.1,5.0,0.0,0.0,34.0,2.484,0.118,0.0,1029.03465303725,2.5,1334.8424210440878,3.1,988.9401290975692,2.5,1178.06702520504,2.8,1.0,3.0,0.0
chr1-154348412-154348413-G-T,TWJF-10146-MO011-0021,0,0.518,1.9,0.431,1.9,0.043,49.887,0.1,2.0,0.888,44.284,0.11,0.051,0.0,94.3,7.17,85.2,6.055,49.88675075202237,0.1525,44.28406416059922,0.10425,0.5181249999999551,0.6546306391630292,0.4310869565217246,0.7042238246739796,0.0320214860839769,0.0637666964903473,691.89,5.41,639.07,5.17,0.903,94.3,0.5351202736029341,85.2,0.349139390915985,78.12,1.3,54.96,0.88,94.3,0.2,85.2,0.18,0.516145,0.1,0.496713,0.11,5.0,9.0,704.0051280916676,0.9,784.45046119223,1.1,5.0,0.0,0.0,823.0,21.409,0.002,0.0,94.3,6.158773527556994,85.2,6.371229394703566,94.3,5.876797603676859,85.2,6.0253978433563375,1.0,3.0,0.0
chr5-141389429-141389430-C-T,mcdb048,0,5.07,1.68,1.9,9.24,0.0,18.564,0.19,2.0,2.259,41.944,0.19,0.069,0.0,3717.93,215.01,1099.851,764.2,5195.254037894991,5.339875000000003,337.76273653594234,1.2246250000000003,11.6303260869565,0.0201275566954295,0.9735054347824814,0.4324665512022005,0.0285932717379182,0.2995491102337837,36690.76,70.43,37369.06,77.81,0.296,725.01,0.19,746.23,0.19,8387.64,12.0,5470.55,6.7,11907.63,4.1,6736.94,2.0,0.001321,4.8,0.017109,1.1,0.0,9.0,2240.6066112583476,6.1,1453.47247883281,3.4,1.0,1.0,1.0,0.0,0.998,0.0,0.0,31.27303277489278,1.7,34.52788686625593,1.8,18.563933328438704,0.9,41.94401499827172,2.2,1.0,3.0,1.0
chr14-46957486-46957487-G-C,mcdb041_new,0,5.1,6.74,4.25,7.56,0.108,85.62,0.39,2.0,6.055,518.4,1.31,0.081,0.0,3582.64,331.88,3711.605,373.51,15258.191048129407,4.228999999999999,7330.39599491204,2.6122499999999995,37.35904891304347,0.0067451871583875,11.6303260869565,0.0201470759709295,0.0115453675389289,0.1233921274542808,85.62,0.3899999999999999,518.4,1.31,1.036,4533.74,3.9,4950.29,4.2,6399.79,4.6,6539.79,4.7,16490.24,6.4,11665.09,4.3,0.000364,15.0,0.007289,4.1,0.0,9.0,846.1713421466491,2.7,652.6540428705426,2.1,1.0,1.0,1.0,5.0,0.271,0.4,0.0,2631.540146773733,9.6,2472.9196186099643,9.2,1481.2214753476917,5.6,1257.8243560697429,4.7,1.0,3.0,1.0
chr3-52323851-52323852-G-T,mcdb045,0,6.185,46.0,3.31,48.0,1.418,162.858,1.6,2.0,0.344,55.951,1.5,0.058,0.0,2174.341,332.05,1671.535,370.655,1412.1154263717067,3.549749999999998,620.7145887159222,2.421125,2.970652173912967,0.0976126152996723,1.486277173912967,0.2689378846998586,0.1405042819678783,0.2607919238507747,1289.16,4.2700000000000005,873.3,3.12,0.769,19818.12,8.1,16366.16,5.9,11793.9,20.0,10933.64,19.0,3126.42,1.6,2813.83,1.5,0.021395,2.6,0.036181,2.0,0.0,9.0,2936.5666561709572,8.9,2469.769045352091,6.8,8.0,0.0,0.0,43.0,30.169,0.047,0.0,216.98014745506757,14.0,110.26051077747536,7.0,162.85833859156176,9.8,55.951276604899896,3.5,1.0,3.0,0.0
chrX-19545970-19545971-C-G,mcdb041_new,1,0.5,4.53,3.15,11.37,3.141,97.933,0.234,2.0,22.613,2214.513,1.565,0.241,0.0,239.985,37.46,2180.232,110.51,97.93277711638264,0.2337499999999999,2214.512763753672,1.5654999999999983,0.6369565217390374,0.5894716276532911,2.0511684782608057,0.1700086041038607,0.138724111020565,0.4444855228066444,251.92,0.84,1728.9,2.8000000000000003,9.085,228.05,0.34,4799.51,4.1,188.06,0.5,2264.98,2.8,587.97,0.43,14812.78,5.6,0.409085,0.26,0.031085,2.0,3.0,9.0,652.6540428705426,2.1,1746.9855106325765,5.6,9.0,0.0,0.0,1377.0,60.398,0.052,0.0,119.73193465875543,0.5,927.278093701934,3.5,383.37165526970057,1.4,2145.951982349779,8.0,1.0,3.0,0.0
chr19-41988573-41988574-C-T,TWJF-5120-13,0,25.5,7.2,22.815,7.76,0.0,12.96,5.1,2.0,0.809,10.486,3.1,0.111,0.0,11660.238,397.97,7253.134,440.05,4425.976996755992,9.312625000000004,4792.862338954475,9.697000000000006,9.15535326086956,0.0269325297367947,11.6303260869565,0.0205326973712577,0.0688829954306129,0.0122100420412607,19492.24,64.51,13918.25,52.72,0.622,11716.44,5.1,6027.38,3.1,28640.0,42.0,26123.53,38.0,40963.43,41.0,40062.24,38.0,5e-06,36.0,5e-06,36.0,0.0,9.0,11604.035633311569,44.0,8478.888488850993,34.0,4.0,0.0,0.0,2.0,2.927,0.0,0.0,12.960149162578396,6.7,10.486003540182324,5.1,20.88189943906272,15.0,12.994811975802437,6.8,2.0,3.0,0.0
chr9-135784888-135784889-G-T,TWJF-5120-05,0,0.688,5.512,0.465,2.55,0.0,35.8,0.31,2.0,0.841,30.1,0.19,0.084,0.0,130.74,45.73,92.5,22.74,78.19133986967414,0.6883750000000004,60.27509174332045,0.4102500000000001,0.5263586956521351,0.6493612750083606,0.4646195652173617,0.6845418554905228,0.1488362029194831,0.1221854127943515,35.8,5.83,30.1,5.0,0.708,130.74,-1.502982840979436,92.5,-2.2428905123718126,2186.15,6.5,2691.65,7.5,130.74,0.39,92.5,0.29,0.295887,0.31,0.431471,0.19,4.0,9.0,5210.570464861065,12.0,5620.540265729719,14.0,5.0,0.0,0.0,6.0,0.21,0.0,0.0,130.74,9.29536270613398,92.5,10.104497471407695,130.74,10.40175584517992,92.5,11.082839000196692,1.0,3.0,0.0
chr2-15356394-15356395-C-G,mcdb045,1,0.965,0.88,1.615,0.87,7.35,74.31,0.15,2.0,1.566,116.355,0.33,0.087,0.0,2142.812,84.04,1982.342,83.55,74.30995131764207,0.209625,116.354799068913,0.3626249999999999,0.2619565217391226,0.8102972530837345,0.8677173913042395,0.4791452727828995,0.3710594177246094,0.0602013543248176,4305.97,1.03,5321.16,2.13,0.925,13987.54,9.6,15618.96,12.0,5182.46,3.2,4856.71,3.0,1206.87,0.54,1813.29,0.73,0.674222,0.15,0.384881,0.33,0.0,9.0,674.1863303391938,0.9,810.3309610065206,1.1,4.0,0.0,0.0,141.0,65.042,0.113,0.0,1669.129373644438,2.7,1443.7433604886055,2.4,2616.4955472842507,4.0,2151.3942323737147,3.3,1.0,3.0,0.0
chr21-30430734-30430735-C-T,mcdb041_new,0,0.445,15.0,0.395,7.5,0.0,62.188,0.167,2.0,1.875,116.603,0.121,0.168,0.0,82.18,181.095,124.345,83.095,67.34375792353798,0.166625,55.14555379636469,0.1212500000000001,0.3806249999999807,0.7360406204605757,0.3426902173912793,0.7593436733698704,0.2235047407448291,0.2035747207701206,3936.85,2.97,2754.11,2.34,1.513,94.1,0.27,54.45,0.17,70.26,0.28,57.2,0.26,382.13,0.49,250.08,0.39,0.058685,1.2,0.163504,0.52,5.0,10.0,482.0719613908703,0.4,476.8841656614147,0.4,9.0,1.0,0.0,0.0,0.0,0.0,0.0,62.1884883062507,0.5,116.60307403923495,0.7,62.785592934881095,0.5,132.08697674435717,0.8,6.0,3.0,3.0
chr2-171791482-171791483-C-T,TWJF-10146-MO011-0021,0,4.45,0.37,5.45,0.53,2.609,238.941,1.089,2.0,0.995,237.843,2.095,0.126,0.0,740.295,7.8,1316.567,9.1,508.54755072134,1.5006249999999994,1234.4339560087635,2.094875,1.089130434782433,0.3875732002154688,2.2514130434781947,0.1473407529703539,0.3594006132334471,0.2359787654131651,2518.56,7.939999999999999,2483.19,7.88,1.778,882.05,3.6,1398.7,4.8,598.54,5.7,968.71,6.9,1259.09,4.6,1661.86,5.4,0.042185,3.0,0.014992,5.5,3.0,10.0,1864.1597343160688,13.0,2240.6066112583476,14.0,4.0,0.0,0.0,326.0,12.133,0.215,0.0,408.23477798790714,7.1,363.0028209353383,6.3,238.94062755946655,4.3,237.84279509806623,4.3,1.0,3.0,0.0
chr22-46259556-46259557-C-T,TWJF-5120-06,0,1.899,0.06,16.0,1.99,0.0,82.41,0.9,2.0,171.328,14119.11,16.0,0.051,0.0,494.835,7.1,13755.625,43.3,429.7996652381443,1.146499999999999,29102.74479674025,24.14662499999999,1.898478260869496,0.1902526706793737,99.28660326086955,0.0039864151678962,0.0331647992134094,0.03938714787364,82.41,0.93,14119.11,12.52,27.798,556.77,2.3,14502.9,16.0,257.38,2.0,21852.38,22.0,506.8,1.4,10192.43,7.5,0.061501,1.9,0.000695,11.0,2.0,10.0,973.9685259346436,0.9,9865.62273093003,16.0,10.0,0.0,0.0,17.0,0.354,0.0,0.0,545.5693955526895,3.6,13392.140593880787,19.0,482.8697507638275,3.4,8807.040631982989,16.0,6.0,3.0,0.0
chr6-138433077-138433078-C-T,TWJF-5120-04,1,1.783,12.0,33.0,14.0,0.361,12.64,0.02,2.0,860.336,10874.65,12.0,0.064,0.0,692.772,51.85,30022.3,61.35,1547.918704715806,1.9659999999999984,31320.375668655084,36.63774999999999,4.519266304347795,0.0576331768722415,99.28660326086955,0.0032495252411847,0.0045377761125564,0.0015732757747173,195.18,1.47,10994.04,9.65,43.336,496.84,2.1,28884.3,35.0,12.64,0.02,10874.65,12.0,592.56,1.6,31160.3,31.0,0.202876,0.88,0.000137,19.0,2.0,8.0,792.984124177032,0.7,13070.666201741768,22.0,8.0,0.0,0.0,180.0,16.408,0.022,0.0,5724.795796480707,9.5,78299.68231496614,72.0,11133.968800581648,17.0,145094.18253242405,89.0,5.0,3.0,0.0
chr1-165667374-165667375-G-T,mcdb048,0,3.296,1.03,5.003,1.5,0.0,53.109,1.5,2.0,1.262,67.015,2.4,0.132,0.0,3171.177,162.56,4544.396,200.57,2053.869926959684,3.2911250000000014,4310.270711226471,4.805875000000002,5.44942934782604,0.0460612900616635,10.23198369565216,0.0236731285037315,0.0153860230348072,0.0242069190717302,15049.76,4.45,19025.37,6.92,1.433,7879.67,2.3,10605.53,3.1,1362.11,2.3,4084.68,5.2,5234.47,1.5,7787.71,2.4,0.002609,3.3,0.001671,4.2,0.0,9.0,4288.484190125121,15.0,4778.52115918281,16.0,5.0,0.0,0.0,8.0,49.844,0.0,0.0,53.10922940318981,2.8,67.01468800183734,3.4,85.04915439933721,4.3,113.41487017888372,5.6,1.0,3.0,0.0
chr2-32491427-32491428-G-T,TWJF-10146-MO011-0021,0,1.235,1.25,22.731,1.48,18.732,43.65,0.57,2.0,239.875,10470.53,32.0,0.118,0.0,94.631,14.1,8651.47,15.61,281.0207634707657,1.1692499999999997,26328.49344967781,22.461875,1.4903532608694832,0.2679054742825297,99.28660326086955,0.0038819368459222,0.0417498131282627,0.0043477477897795,88.59,1.12,6832.41,15.57,91.423,57.68,0.57,17066.93,32.0,43.65,0.99,10470.53,27.0,108.22,0.83,12251.87,23.0,0.014116,5.7,2.4e-05,63.0,6.0,10.0,118.09887808150204,1.3,3807.2828566667704,19.0,10.0,0.0,0.0,2147.0,118.559,0.158,1.0,100.67230213453048,1.8,203.6619979798487,3.7,82.08995167423858,1.5,289.92789340376146,5.2,1.0,3.0,0.0
chr10-28058595-28058596-C-T,TWJF-10146-MO011-0021,0,0.996,56.0,1.205,74.0,2.286,78.518,0.22,2.0,1.455,114.28,0.23,0.09,0.0,123.114,338.05,194.257,719.95,96.00820334696505,0.227875,93.18358782415224,0.218375,0.6929076086955632,0.5615549520269341,0.4646195652173617,0.6843985111460736,0.1009681487921625,0.2416013111360371,231.16,2.0,858.17,3.54,1.578,150.22,0.46,255.65,0.61,218.82,2.5,311.03,3.0,80.26,0.39,131.25,0.6,0.42146,0.22,0.416161,0.23,1.0,9.0,2904.964926184022,6.9,2314.5284480795485,4.8,4.0,0.0,0.0,477.0,14.938,0.153,0.0,78.51813943274838,1.3,114.27993902779464,1.8,83.639225000557,1.4,132.86481892987285,2.0,1.0,3.0,0.0
chr17-7823566-7823567-G-C,TWJF-10146-MO011-0020,0,0.79,23.81,2.45,26.0,1.956,12.17,0.09,2.0,4.131,50.27,0.14,0.138,0.0,304.855,82.96,509.233,88.625,182.7194591439703,1.0912500000000005,129.22774155435744,0.7505,0.1718478260869602,0.8679774009413287,0.1581249999999983,0.8770756640960269,0.7399501502513885,0.6679851599037647,12.17,0.38,50.27,9.06,1.67,426.99,0.09,752.62,0.14,1461.36,2.3,2134.13,3.4,3109.45,0.98,4414.56,1.5,0.173082,0.2,0.092376,0.4,4.0,9.0,6755.547524396056,18.0,22942.68086193684,58.0,2.0,0.0,0.0,107.0,8.048,0.243,0.0,67.94695517665416,2.0,228.64936520782035,15.0,36.86633795819057,0.6,265.845920317356,17.0,2.0,3.0,0.0
chr7-27199437-27199438-C-T,mcdb044,0,1.835,0.08,2.65,0.04,0.0,118.179,1.1,2.0,1.866,220.567,1.5,0.119,0.0,569.124,40.88,1073.25,31.46,5444.193545613444,1.4066249999999991,6601.8822862767865,1.5932499999999994,9.15535326086956,0.0261006549618821,12.805461956521723,0.0190107265570169,0.1166195385158062,0.0779186710715293,238.25,1.77,652.48,2.3,1.886,1030.98,1.3,2906.41,2.5,645.63,2.6,1567.83,3.9,882.35,1.7,1494.02,2.3,0.019648,3.5,0.011739,4.3,1.0,9.0,492.6174734627515,1.1,645.6305357438321,1.5,6.0,0.0,0.0,0.0,0.0,0.0,0.0,118.17891543359504,1.9,220.56672765012968,2.8,173.8921591601017,2.4,251.93006574328123,3.0,1.0,3.0,0.0
chr1-166921235-166921236-C-T,mcdb041_new,1,0.25,24.72,0.478,25.36,0.935,44.973,0.03,2.0,1.051,47.267,0.04,0.107,0.0,306.033,402.7,485.534,422.9,44.973128642035824,0.04175,47.26667896732646,0.061625,0.1447826086956638,0.8849752499656484,0.4753260869564855,0.6781084982270529,0.3995139077305794,0.0470666326582431,1801.78,0.29,2430.99,0.41,1.587,254.4,0.37,624.35,0.87,134.47,0.21,249.16,0.48,306.77,0.19,412.74,0.24,0.935888,0.03,0.882292,0.04,1.0,9.0,548.9079394871815,0.6,659.7539553864469,0.9,4.0,0.0,0.0,31.0,4.137,0.226,0.0,371.0991845200461,0.7,459.7164030476366,0.8,305.2952167568445,0.5,511.352048391824,0.9,1.0,3.0,0.0
chr3-98469940-98469941-G-A,TWJF-5120-13,0,0.02,1.32,0.05,0.73,0.0,2.85,0.006,2.0,0.849,2.42,0.011,0.069,0.0,3.795,108.51,4.165,76.26,23.65663458175691,0.006125,25.628706310172653,0.01225,0.018722826087,0.9704622237265382,0.0108695652174048,0.9769773695932532,0.6334431283175945,0.7277469336986542,2.85,0.58,2.42,0.42,1.098,3.63,0.02,3.24,0.02,3.38,0.02,3.89,0.07,2.94,0.02,4.44,0.02,0.924757,0.01,0.825299,0.03,13.0,9.0,363.86363379152226,0.3,367.8219329790623,0.3,5.0,0.0,0.0,0.0,0.0,0.0,1.0,3.959223330718313,1.2,2.5386919154959817,0.5,7.494971745730836,3.1,5.672441164421878,2.1,6.0,3.0,0.0
chr13-102644935-102644936-G-A,mcdb041_new,0,0.165,12.0,0.12,13.51,3.164,14.481,0.01,2.0,0.899,13.026,0.01,0.06,0.0,70.02,138.75,87.12,244.335,47.257916001002016,0.043875,36.66333244500776,0.011875,0.0200815217391578,0.9697083134819507,0.0298641304348024,0.9622980369962294,0.816074438393116,0.6823650225996971,84.81,0.8,179.25,1.38,1.244,130.75,0.07,125.56,0.06,192.18,0.26,144.27,0.18,55.23,0.02,48.68,0.02,0.846955,0.01,0.919933,0.01,3.0,9.0,371.82329261838333,0.4,283.7019639618546,0.3,4.0,0.0,0.0,829.0,44.563,0.071,0.0,14.481381672810464,0.3,13.025967791906393,0.3,20.30345746557095,0.4,15.051160953045317,0.3,1.0,3.0,0.0
chr16-23392378-23392379-C-A,TWJF-10146-MO011-0021,0,6.8,7.01,12.662,6.64,6.515,87.078,1.6,2.0,1.349,117.465,2.1,0.064,0.0,724.765,59.65,2182.71,55.96,15711.57562225635,8.454249999999996,21254.19333859852,13.323374999999992,27.61739130434782,0.0089930507627725,46.22467391304348,0.0053474018719662,0.1015169345773756,0.0365072585409507,322.49,2.39,548.42,3.25,3.012,432.48,2.3,1961.56,5.9,1017.05,7.1,2403.86,12.0,2232.57,6.5,8263.88,17.0,0.004081,11.0,0.000436,27.0,1.0,10.0,2523.7962059597608,15.0,4018.9258489021786,20.0,8.0,0.0,0.0,155.0,19.802,0.329,0.0,87.07831165566282,1.6,117.46541030223732,2.1,87.15453698319698,1.6,115.6884493574972,2.1,3.0,3.0,0.0
chr13-71559864-71559865-C-T,TWJF-5120-11,1,0.283,1.08,0.38,1.15,1.458,9.44,0.053,2.0,1.156,10.91,0.061,0.05,0.0,29.602,95.19,53.26,99.77,27.65323391770923,0.0535,28.260874103819063,0.061125,0.3253532608695622,0.7706176854329215,0.3495380434782333,0.7553736457247652,0.0318051986396312,0.0139401815831661,9.44,0.15,10.91,0.18,1.799,26.03,0.23,47.43,0.41,31.55,0.68,59.09,1.2,22.51,0.24,27.04,0.3,0.84942,0.15,0.858759,0.14,9.0,9.0,645.6305357438321,1.6,819.1461656236108,2.1,3.0,0.0,0.0,215.0,7.479,0.195,0.0,72.8601397652908,1.2,113.62921332728088,1.7,88.88940517036487,1.4,128.78046828916084,1.9,1.0,3.0,0.0
chr1-155661242-155661243-G-C,mcdb041_new,0,8.6,20.13,9.1,31.75,1.689,4028.747,3.668,2.0,1.324,5335.437,3.606,0.075,0.0,10230.38,275.35,8913.005,661.98,10379.319116764906,3.668,10167.49428381625,3.606,11.6303260869565,0.02048691155568,16.15755434782608,0.014833102765713,0.2236984483897686,0.1251409649848938,21790.16,15.5,24776.3,19.25,0.871,12500.4,8.8,11424.89,8.1,10081.44,9.8,8075.95,8.4,12355.84,6.6,9750.06,5.2,0.004475,4.3,0.00881,3.1,0.0,9.0,5500.220791866743,14.0,5210.570464861065,14.0,7.0,0.0,0.0,74.0,62.549,0.027,0.0,4309.530909753499,8.4,6045.469020435575,12.0,4028.747045234023,8.0,5335.437046796194,9.8,1.0,3.0,0.0
chr17-9239843-9239844-C-G,TWJF-10146-MO011-0021,0,15.0,1.5,21.5,1.5,0.706,751.224,5.594,2.0,1.022,767.658,9.562,0.055,0.0,3632.456,40.47,7558.495,25.35,9933.398102513427,5.594375,17337.72731457818,9.562124999999996,24.57923913043477,0.0098427626384501,46.22467391304348,0.0057488423743868,0.0014022705327079,0.0011655696762318,1889.02,6.67,8757.86,18.9,2.081,4427.19,12.0,6359.13,15.0,9346.08,26.0,10874.65,29.0,8100.19,17.0,11774.14,22.0,0.003002,13.0,0.000878,21.0,0.0,9.0,751.2243258762381,13.0,767.6576508395113,13.0,9.0,9.0,1.0,582.0,3.459,0.204,0.0,2492.011258137773,27.0,4597.799196033031,35.0,2837.7229987107644,29.0,4709.447935594835,35.0,1.0,3.0,1.0
chr3-41224581-41224582-C-T,TWJF-10146-MO011-0026,1,1.67,3.52,3.7,10.32,88.827,143.69,0.5,2.0,12.497,1795.64,2.7,0.33,0.0,1271.85,64.5,3491.591,234.61,5361.448467859368,5.152999999999998,10950.85407668361,8.415375000000001,5.913749999999965,0.042416432571949,6.479157608695644,0.0390092685079338,0.2544306865893304,0.4258308298885822,143.69,1.67,1795.64,9.23,2.745,1271.85,2.951876575787177,3491.591,4.271342847504379,277.39,2.2,755.13,3.7,1271.85,0.98,3601.95,2.0,0.027754,1.4,0.010439,2.3,1.0,10.0,1469.2841137360406,0.5,3491.5911438616804,2.7,3.0,0.0,0.0,8205.0,373.224,0.238,0.0,1271.85,-0.5964052294216414,3491.591,3.6987728779907534,1271.85,-0.1702537024373098,3491.591,4.07839689604886,1.0,3.0,0.0
chr2-86080844-86080845-C-G,TWJF-10146-MO011-0021,0,6.63,46.0,6.416,48.0,5.514,530.774,1.5,2.0,0.906,480.74,1.9,0.114,0.0,996.204,224.48,880.099,230.315,2486.7983161372663,2.7354999999999987,2519.9374554150763,2.7616249999999987,6.047907608695624,0.041864291919585,6.63130434782606,0.0376340236323674,0.0396534641040489,0.0119350566819775,1839.05,6.5600000000000005,1162.53,4.99,0.883,807.08,3.4,807.08,3.4,1039.29,7.1,755.3,6.2,2360.48,6.7,2653.85,7.2,0.116098,1.5,0.081358,1.9,1.0,10.0,953.1186832043844,7.1,953.1186832043844,7.1,8.0,0.0,0.0,886.0,22.691,0.243,0.0,530.774439035051,8.9,480.7397131575007,8.1,536.1545550379973,8.9,548.6431989497883,9.1,1.0,3.0,0.0
chr13-48367565-48367566-G-C,TWJF-10146-MO011-0024,1,3.25,2.7,2.25,3.6,8.711,394.333,0.83,2.0,0.382,150.7,0.46,0.825,1.0,680.4,206.685,438.43,245.51,394.3330764091489,1.2119999999999989,150.70024179325955,0.7709999999999991,1.767119565217314,0.2117201893422246,0.9620652173911992,0.4382766487146009,0.0473320372402668,0.0846626758575439,5299.09,1.4200000000000002,4694.35,0.77,0.644,732.4,3.5,359.04,2.3,628.4,3.9,276.13,2.7,835.13,3.0,462.55,2.2,0.190793,0.83,0.345607,0.46,3.0,10.0,776.0086328378046,6.8,414.3108362962455,4.4,3.0,0.0,0.0,105.0,35.125,0.248,0.0,559.0877800339472,5.0,509.89411554239234,4.7,550.5794530218013,4.9,519.7805208847857,4.8,1.0,3.0,0.0
chr1-45206315-45206316-G-C,TWJF-10146-MO011-0021,0,1.1,5.81,3.0,19.0,0.283,77.518,0.47,2.0,2.211,171.366,0.923,0.085,0.0,128.409,32.265,299.18,95.435,77.51765384927104,0.5692499999999997,171.3655335127229,0.9227499999999996,0.4698369565216751,0.6807934682907618,1.1738043478259783,0.3574807179904596,0.1863652253523469,0.0243677198886871,726.01,3.8,3871.02,10.43,2.33,156.66,1.3,603.96,2.9,80.87,1.9,209.55,3.4,104.31,0.81,443.15,2.4,0.3049,0.56,0.083583,1.9,2.0,10.0,78.28614569791782,0.9,309.352836369049,3.1,3.0,0.0,0.0,93.0,1.76,0.161,0.0,217.72585265259275,4.0,289.00809011553366,5.2,152.50707793866255,2.8,263.80923831439065,4.7,1.0,3.0,0.0
chr3-197115953-197115954-C-G,TWJF-10146-MO011-0020,1,0.54,0.31,0.325,0.77,64.365,77.59,0.27,2.0,0.438,33.98,0.14,0.537,0.0,123.699,14.28,75.298,29.35,102.8906578260511,0.3517499999999999,58.63840793378062,0.156625,0.8832608695651203,0.4722784273172078,0.4951086956521635,0.6674653075211301,0.0186576023697853,0.0925875753164291,914.91,2.15,218.45,0.75,0.609,77.59,0.27,33.98,0.14,94.61,0.65,35.92,0.35,267.29,0.43,74.81,0.17,0.455393,0.29,0.821264,0.07,1.0,9.0,98.2569506316853,0.4,75.78582832551992,0.3,8.0,0.0,0.0,832.0,113.92,0.565,0.0,144.50737098190544,0.9,89.30792520770382,0.6,148.6483182062823,0.9,96.64068508547146,0.6,1.0,3.0,0.0
chr10-124974204-124974205-G-C,TWJF-10146-MO011-0021,0,1.2,14.0,1.017,14.0,2.245,279.001,0.2,2.0,0.665,185.399,0.2,0.082,0.0,3732.12,74.4,3304.64,71.55,279.00071581425817,1.2424999999999995,185.398888774898,0.9273749999999996,1.330624999999927,0.3101576816448984,1.0168206521737773,0.4159678976438608,0.097961904015392,0.1157785906689241,36313.53,86.75,36719.01,90.13,0.885,3732.12,0.106385955004339,3304.64,-2.7310440634950255,3732.12,1.0,3304.64,0.79,5822.83,1.2,8225.07,1.8,0.191673,0.96,0.129881,1.5,0.0,10.0,548.9079394871815,0.2,520.0015791455069,0.2,4.0,0.0,0.0,2602.0,25.515,0.088,0.0,3732.12,6.786368754116855,3304.64,6.896275570742892,3732.12,8.797671195800202,3304.64,6.156399535616562,1.0,3.0,0.0
chr19-15170799-15170800-T-G,TWJF-5120-09,0,4.829,2.69,6.278,2.86,0.0,259.47,0.488,2.0,4.448,1154.12,1.327,0.129,0.0,2654.213,290.27,3736.013,302.8,878.4567698006647,3.157875000000001,1697.375340961936,4.356625000000001,0.4883152173912748,0.6709082613472839,1.3273369565216626,0.3109177393682603,0.840098112821579,0.5946788191795349,259.47,30.25,1154.12,53.7,1.408,8570.39,2.3,12064.95,3.6,4429.97,6.5,5774.65,8.2,4862.02,1.7,8965.92,3.3,0.034232,0.93,0.006895,2.6,6.0,9.0,7775.837276083438,21.0,8571.126278780523,23.0,7.0,0.0,0.0,1408.0,71.871,0.0,0.0,263.7363551976847,17.0,220.8869202394774,14.0,517.1660412476242,35.0,470.57624508589186,32.0,1.0,3.0,0.0
chr16-58586721-58586722-G-A,TWJF-10146-MO011-0021,0,0.91,1.04,0.632,2.26,0.0,43.73,0.41,2.0,0.572,25.03,0.36,0.051,0.0,76.055,72.05,96.124,124.31,73.81960670336817,0.5506249999999997,98.1470147720662,0.6733749999999996,0.4167391304347774,0.7128203765519063,0.4579891304347541,0.6884129546768689,0.2158214347437024,0.2611196357756853,43.73,0.72,25.03,0.48,1.264,46.42,0.48,46.33,0.47,78.29,1.9,94.1,2.1,45.58,0.41,38.51,0.36,0.166106,1.1,0.290391,0.59,4.0,10.0,230.9840076235599,2.4,228.49828361491845,2.4,3.0,0.0,0.0,2987.0,290.085,0.0,0.0,425.5102243813014,7.4,427.4742903383581,7.5,674.9785939865287,12.0,658.0971348179166,12.0,1.0,3.0,0.0
chr12-31096860-31096861-C-G,mcdb045,0,3.022,0.93,3.058,2.21,5.552,707.49,1.3,2.0,1.153,816.056,1.5,0.069,0.0,4262.19,11.93,4974.76,20.48,11550.56175617562,3.04325,11900.198562931757,3.116125,27.61739130434782,0.0088474523149741,27.61739130434782,0.0085982563366304,0.0123965069651603,0.0124375559389591,5609.73,3.0,5519.55,2.66,1.167,4395.26,4.0,5598.27,4.7,4129.12,2.8,4429.97,2.9,8271.39,2.6,7641.14,2.5,0.001007,8.0,0.001274,7.2,0.0,9.0,1844.098663183025,3.4,1904.938955172279,3.5,4.0,0.0,0.0,59.0,81.648,0.068,0.0,1792.627275121897,2.9,1851.3562646611128,3.0,707.4895019732788,1.3,816.0560709253011,1.5,1.0,3.0,0.0
chr3-38265941-38265942-C-T,mcdb041_new,0,0.18,16.0,1.04,27.7,0.0,10.77,0.03,2.0,11.359,122.34,0.22,0.067,0.0,43.694,365.7,381.061,929.45,51.70194531041725,0.106375,1545.1167131597297,1.2595000000000007,0.2252989130434741,0.8332630773008664,3.132635869565135,0.0904696705672803,0.3158413926139474,0.1415092013776302,39.17,0.15,245.12,0.54,8.721,18.16,0.06,294.7,0.64,43.65,0.21,476.88,0.98,10.77,0.03,122.34,0.22,0.64712,0.1,0.087843,0.88,11.0,10.0,326.54944676299664,0.3,1407.051206502568,1.1,2.0,0.0,0.0,4.0,0.081,0.0,0.0,72.06261206280116,0.6,467.4229155536156,2.3,43.73810874260401,0.4,268.4478932397636,1.5,1.0,3.0,0.0
chr3-9829089-9829090-C-T,TWJF-5120-09,1,4.2,0.98,14.421,1.69,9.99,37.859,0.4,2.0,25.823,977.62,2.4,0.056,0.0,3797.39,54.74,13817.859,85.7,6843.480551389536,6.335000000000003,15713.517516343954,12.842125,14.277038043478257,0.0166665147515931,18.61798913043478,0.0129030752543138,0.0499161556363105,0.2047033496201038,21801.48,9.39,22921.54,10.66,3.639,1642.0,0.4,8086.53,2.4,3116.62,4.0,11922.2,16.0,4561.1,1.3,16534.37,7.0,0.001574,4.4,0.000314,11.0,1.0,9.0,4478.160896660665,15.0,50000.0,85.0,2.0,0.0,0.0,742.0,78.662,0.127,0.0,37.859075107748296,2.0,977.619825049836,31.0,74.24547669624116,3.8,862.3230599276476,29.0,1.0,3.0,0.0
chr7-73435051-73435052-G-A,TWJF-10146-MO011-0021,0,0.36,1.7,2.2,3.29,0.0,24.02,0.221,2.0,12.446,298.96,0.514,0.056,0.0,279.49,65.92,3685.685,153.85,72.98005130964181,0.3452499999999998,300.34973290925444,1.2550000000000003,0.2212499999999835,0.8364489038290914,0.5143749999999585,0.6564992497811253,0.4170034006237983,0.527210047468543,1383.49,8.01,3818.81,13.71,13.187,279.49,0.4238478979395084,3685.685,3.261396892278758,24.02,0.26,298.96,2.2,279.49,0.39,4638.78,2.3,0.192524,0.36,0.024111,1.5,3.0,10.0,2192.641718942874,1.1,3685.6851539916497,2.9,1.0,0.0,0.0,14.0,0.215,0.0,0.0,279.49,5.0187970190902655,3685.685,8.197426158897603,279.49,4.883497922959087,3685.685,9.359743490920724,6.0,3.0,0.0
chr7-150945441-150945442-G-A,TWJF-5120-11,0,0.34,0.98,0.325,1.48,0.0,43.372,0.062,2.0,1.226,53.192,0.118,0.124,0.0,167.205,75.59,136.585,97.58,43.37183162857449,0.0625,53.19224157784259,0.12375,0.0733967391304446,0.9321563820788464,0.1181521739130602,0.9027832397999156,0.5534558519721031,0.4987658150494098,173.34,0.61,86.44,0.31,0.817,116.27,0.38,101.15,0.34,118.1,0.53,90.6,0.47,161.07,0.3,172.02,0.31,0.668922,0.14,0.757431,0.1,5.0,10.0,198.51637314367952,0.3,241.20027143288027,0.4,9.0,9.0,1.0,18.0,3.336,0.0,1.0,469.6993941486407,2.0,648.3656527762915,2.5,541.5393258728569,2.2,1136.658489625134,4.4,1.0,3.0,1.0
chr1-37629635-37629636-G-A,mcdb041_new,0,5.95,4.1,13.0,5.76,0.0,2293.34,1.887,2.0,5.145,11799.35,2.633,0.075,0.0,4525.157,71.885,11016.83,79.5,3697.987259693137,1.8866250000000024,6636.667409395803,2.6332500000000016,9.15535326086956,0.0260288174872831,15.160951086956516,0.0157474007169592,0.0096388906240463,0.0251946225762367,2293.34,2.06,11799.35,7.3,2.435,6948.29,5.3,14906.35,12.0,8119.76,8.4,14329.76,15.0,4113.69,2.7,10234.31,5.4,0.016448,2.3,0.005533,3.9,2.0,9.0,5997.52246638931,15.0,8208.088183148084,19.0,1.0,0.0,0.0,10.0,0.21,0.0,0.0,4936.623428682198,9.4,13348.42421044092,19.0,3134.512456085681,6.6,8244.607783439546,14.0,1.0,3.0,0.0
chr6-41684984-41684985-C-G,mcdb041_new,0,1.743,3.29,2.599,9.07,0.57,571.847,0.3,2.0,0.944,539.859,0.3,0.148,0.0,3935.737,209.6,4617.905,524.12,3796.603844763581,1.6857499999999992,9738.441356053918,2.6986250000000003,1.9543478260868736,0.1824746413755912,6.63130434782606,0.0379560762863294,0.6167594268918037,0.3855722472071647,4074.87,0.91,5366.23,2.23,1.173,5511.72,4.7,9953.0,7.3,2010.83,1.8,3869.58,2.5,14597.83,4.9,18859.36,6.9,0.030884,1.6,0.008997,3.0,0.0,11.0,4288.484190125121,3.6,3167.6169136018457,2.4,11.0,0.0,0.0,127.0,12.133,0.047,0.0,588.9928191337392,0.3,599.9430131953429,0.3,571.8472013634527,0.3,539.8585700208341,0.3,1.0,3.0,0.0
chr15-89669985-89669986-C-G,mcdb041_new,0,1.5,20.17,1.95,24.22,0.0,481.5,0.48,2.0,0.98,471.68,0.66,0.091,0.0,1630.823,276.24,2216.577,387.25,632.5589812983061,0.9319999999999992,1404.5532392510058,1.3013749999999982,2.4772826086955604,0.1281251267263706,4.102010869565163,0.0647141428269516,0.0066293776035308,0.0127387270331382,481.5,1.25,471.68,1.24,1.359,11938.21,8.2,18314.6,14.0,792.98,1.5,1925.66,2.5,3070.87,1.5,5223.78,2.1,0.240479,0.48,0.172893,0.66,0.0,8.0,1453.47247883281,2.1,1844.098663183025,2.8,3.0,0.0,0.0,8.0,0.26,0.0,0.0,2537.7567990957164,1.6,2750.742895780148,1.8,1808.173083336333,0.9,2507.494562925917,1.6,1.0,3.0,0.0
chr13-48456232-48456239-AAAAAAGG-A,TWJF-10146-MD017-0016,1,0.168,19.062,6.267501108259034,50.0,9.694,4.596,0.04,2.0,69.27736176904409,2351.7760859901564,2.545000920732435,0.193,1.0,73.25,165.915,3729.497905298827,568.56,45.20064067281957,0.12,3922.2342859124583,3.3974187965830165,0.1353532608695786,0.8909365324081072,7.694682095560193,0.7081759687898832,0.4178378246724605,0.3062106784020093,61.14,0.24,2862.9648454600497,5.4259787790717695,13.15770734723839,106.36,0.06,4684.617312946936,4.614151066465062,85.36,0.34,4439.986695355011,8.156245812682515,141.22,0.09,4837.764764805496,4.835448058483541,0.717054,0.04,0.5520246941216895,5.397361201392576,2.0,9.0,4625.9038683178505,18.0,7687.3193396114,22.49370053660481,5.0,0.0,0.0,252.0,30.579,0.317,0.0,4.596423114893043,0.2,4523.805102480215,7.603302342011159,11.825240986932432,0.3,5545.489789969707,7.394494075828558,1.0,0.0,0.0
chr5-160670617-160670618-C-T,TWJF-5120-13,0,5.747,13.53,6.55,2.34,3.554,13.232,2.103,2.0,0.953,12.607,3.212,0.053,0.0,1442.539,1122.23,2116.096,264.13,2133.857527401482,6.3940000000000055,2870.081383022773,7.453250000000002,2.1033695652173208,0.1639207891643118,3.2120380434781595,0.0871905546251501,0.4219278544187546,0.3000631043687463,284.01,11.28,133.57,8.6,1.467,4183.4,2.4,8536.88,4.0,751.22,5.1,1362.11,6.6,5732.75,2.7,9452.66,4.1,0.008609,2.5,0.004203,3.5,1.0,9.0,5044.1543035179475,21.0,5560.0550744656075,23.0,5.0,0.0,0.0,1371.0,43.875,0.081,0.0,13.231527994817313,7.0,12.6069491176335,6.5,25.04782382559115,18.0,21.765567744173342,16.0,1.0,3.0,0.0
chr1-243426533-243426534-G-C,TWJF-10146-MO011-0021,0,6.28,31.0,6.7,31.0,4.464,257.365,1.0,2.0,0.946,243.529,1.2,0.086,0.0,1078.471,188.5,1478.674,155.07,880.4474102980598,1.851125,1814.780188330758,2.4149999999999987,2.676956521739058,0.1136587838585309,4.887418478260841,0.0524353053133618,0.0588948221411556,0.0199351418414153,1519.47,5.86,1372.46,5.510000000000001,1.371,2352.09,6.7,4219.13,10.0,788.71,8.0,747.17,7.8,1557.38,5.2,2358.82,6.7,0.175424,1.0,0.14352,1.2,1.0,9.0,1276.4951611980568,17.0,1584.8879846730229,19.0,5.0,0.0,0.0,797.0,57.23,0.078,0.0,257.3653050127599,6.9,243.5286156493154,6.7,321.34385545019626,8.1,319.8674145477512,8.1,1.0,3.0,0.0
chrX-27980195-27980196-G-T,mcdb045,0,4.2,5.2,4.35,2.4,0.0,281.478,0.181,2.0,0.954,268.408,0.34,0.05,0.0,3670.247,71.05,3670.647,31.57,281.47769629749706,0.5606249999999995,268.40826446864145,0.5476249999999995,0.1807065217391255,0.8618772706923915,0.3397826086956428,0.7611161619624779,0.8438187725841999,0.6407895423471928,18464.13,12.18,16222.53,10.36,1.0,8892.6,6.5,6131.24,4.9,3807.28,4.6,2873.7,3.8,2842.04,2.0,2740.84,2.0,0.266739,0.33,0.247946,0.35,0.0,9.0,1637.1764276304789,3.8,3725.7799675308625,8.9,3.0,0.0,0.0,0.0,0.017,0.0,0.0,4575.4098204958755,8.7,4409.9127799680655,8.6,3533.2144668502388,7.3,3615.513604152829,7.4,6.0,3.0,0.0
chr2-171837132-171837133-C-G,TWJF-10146-MO011-0021,0,0.85,1.1,0.661,0.75,2.451,8.75,0.08,2.0,0.89,7.79,0.07,0.099,0.0,41.385,13.12,37.872,10.75,64.88380133640199,0.4993749999999999,67.00569861258646,0.5123749999999999,0.1272282608696002,0.8967103601416875,0.1383423913043628,0.8897946668708231,0.5342789962887764,0.5226082615554333,135.26,1.4500000000000002,52.68,0.8099999999999999,0.915,8.75,0.08,7.79,0.07,29.56,1.3,27.41,1.3,34.8,0.32,28.05,0.26,0.655859,0.13,0.663895,0.13,4.0,9.0,216.46520256712395,5.0,196.3800481231358,4.6,4.0,0.0,0.0,420.0,12.133,0.202,0.0,46.29669617507024,1.6,41.54798823776073,1.4,36.472875148581366,1.2,34.19558202266101,1.1,1.0,3.0,0.0
chr4-103158621-103158622-C-G,TWJF-10146-MO011-0020,0,2.9,3.46,12.1,4.7,2.852,33.19,0.314,2.0,11.447,379.91,3.014,0.246,0.0,1207.382,218.0,4058.179,281.91,269.060391998696,1.5067500000000007,4430.676612685362,6.983375000000005,0.3136956521738767,0.7769111237472448,3.0137228260868767,0.0958172667196054,0.666595347225666,0.4486206211149692,33.19,5.2,379.91,35.95,3.361,9687.6,2.7,28241.82,16.0,9550.53,14.0,17791.74,26.0,3644.45,1.3,9596.32,3.6,0.039117,0.86,0.004153,3.4,1.0,9.0,2145.7036159277955,3.7,3685.6851539916497,8.2,9.0,0.0,0.0,154.0,11.274,0.253,0.0,231.2970000737986,15.0,1033.1657484670593,59.0,87.62539727935521,3.1,309.478155654022,20.0,1.0,3.0,0.0
chr11-89047531-89047532-C-T,TWJF-10146-MD017-0016,0,2.699,0.03,2.273,0.05,0.0,777.6,2.043,2.0,0.655,509.12,1.715,0.182,0.0,1158.47,76.12,987.823,100.52,1026.7569820755766,2.315249999999999,987.8234262547264,2.272749999999999,2.04293478260864,0.1706331016963573,1.714619565217319,0.2204242876886408,0.2347167246043682,0.3139682747423649,777.6,5.800000000000001,509.12,4.48,0.853,1158.47,2.187408366589199,987.823,2.030358588724288,1158.47,4.7,489.43,2.9,5708.12,2.7,2889.32,1.7,0.008297,2.6,0.015254,1.9,1.0,10.0,4727.0973186607425,4.4,4429.969369593865,4.1,7.0,0.0,0.0,6.0,0.128,0.0,0.0,1158.47,8.17936780070777,987.823,8.50372465727504,1158.47,8.204927401533471,987.823,8.772629194432687,1.0,3.0,0.0
chr2-21003292-21003293-C-A,mcdb041_new,0,4.27,2.3,21.28,1.8,0.0,362.357,0.648,2.0,23.125,8379.577,3.111,0.106,0.0,3390.065,47.99,22677.98,49.57,362.3567628208979,0.6482499999999995,8379.577323495754,3.1110000000000007,0.7105706521738,0.5530132604572647,6.63130434782606,0.0377878490235731,0.4558237418532371,0.343008704483509,3889.49,2.94,23505.9,17.560000000000002,6.69,11732.18,8.3,29679.16,27.0,6719.1,7.1,23318.07,26.0,2890.64,2.1,19735.52,13.0,0.084743,0.91,0.002012,6.2,0.0,9.0,5441.03041320878,14.0,18279.56236288107,33.0,9.0,0.0,0.0,0.0,0.054,0.0,0.0,2712.876352904039,5.9,23357.695902997213,26.0,2589.226242149144,5.6,22037.889442049367,25.0,1.0,3.0,0.0
chr1-119384999-119385000-C-G,TWJF-10146-MO011-0020,0,0.289,53.0,0.175,45.0,0.059,17.53,0.019,2.0,0.63,11.04,0.026,0.192,0.0,152.732,370.64,102.222,283.9,37.55100844947682,0.019125,39.2830772561376,0.026375,0.1086413043478415,0.9088401298048396,0.099510869565222,0.9145100718560648,0.4232394397258758,0.4555269218981266,17.53,1.31,11.04,0.25,0.669,309.5,0.07,325.97,0.07,251.87,0.47,165.16,0.3,244.14,0.08,246.22,0.08,0.6548,0.02,0.615533,0.02,1.0,9.0,801.6106208174193,0.7,681.5204823560478,0.5,6.0,0.0,0.0,4.0,0.238,0.25,0.0,50.02303065420949,1.0,27.48969997872101,0.4,61.323932932476104,1.7,37.29323003230735,0.6,1.0,3.0,0.0
chr17-49621945-49621946-C-A,TWJF-10146-MO011-0020,0,13.25,27.12,36.0,37.0,28.568,149.338,3.853,2.0,3.936,587.719,11.964,0.247,0.0,5779.384,509.19,13884.444,603.355,1367.6596232373902,3.9247500000000017,10451.955946367998,11.963500000000009,3.8525271739129607,0.0694808901673529,14.277038043478257,0.0161979338368926,0.026962574571371,0.1579864434897899,259.08,30.23,1189.0,54.2,2.402,21158.57,8.5,34649.61,25.0,15126.34,22.0,27131.77,41.0,25175.89,18.0,32513.16,33.0,0.001102,6.7,0.000489,9.8,0.0,9.0,10191.108226684144,28.0,17316.93169471617,46.0,9.0,0.0,0.0,856.0,77.631,0.368,0.0,149.3378862606773,7.2,587.7193640629582,39.0,406.0972045978564,27.0,878.2739468175456,53.0,1.0,3.0,0.0
chr17-50536769-50536770-C-T,TWJF-10146-MD017-0016,0,1.85,0.92,0.78,2.96,11.014,324.0,0.5,2.0,0.632,204.83,0.2,0.16,0.0,1037.05,34.52,478.81,132.95,14360.72836423368,6.341,13509.53673219801,6.0127500000000005,31.64317934782608,0.0078607237550786,22.19230978260869,0.0104166234973252,0.0384778305888175,0.1020008511841297,324.0,1.06,204.83,0.76,0.462,2133.99,2.6,468.88,0.8,902.93,0.91,365.84,0.39,603.54,0.58,488.74,0.48,0.035477,2.7,0.033531,2.8,1.0,10.0,2551.251382965138,1.6,2314.5284480795485,1.4,2.0,0.0,0.0,457.0,39.335,0.28,0.0,1171.1701638917884,2.1,493.87836303304584,0.5,508.7682487489192,0.5,234.16393091616447,0.2,2.0,3.0,0.0
chr14-74357299-74357300-G-A,mcdb048,0,0.235,0.21,1.22,0.07,0.0,24.68,0.04,2.0,32.876,811.39,0.58,0.074,0.0,44.384,91.68,610.565,50.28,167.69606484438123,0.3483749999999999,679.9153421737411,1.0021249999999997,1.0756793478259397,0.3924320012425573,2.5035597826086047,0.1255632988102015,0.0605984358116984,0.0199119200697168,133.9,0.54,400.58,1.24,13.756,24.68,0.07,811.39,1.3,28.31,0.11,631.81,1.6,37.82,0.04,589.32,0.58,0.370451,0.27,0.123191,0.94,8.0,9.0,681.5204823560478,0.9,1602.1292262796685,3.9,3.0,0.0,0.0,0.0,0.0,0.0,0.0,34.637776052618946,0.2,279.60826199588365,1.0,50.94833549752682,0.2,359.02938900519996,1.2,1.0,3.0,0.0
chr1-228376861-228376862-C-T,TWJF-10146-MO011-0029,1,0.07,0.16,0.063,1.29,107.286,11.75,0.013,2.0,0.833,9.79,0.008,0.702,0.0,40.298,25.24,40.53,83.21,40.29780268318452,0.062625,40.52969408264626,0.062625,0.0130978260869767,0.975277529068732,0.0084239130434866,0.9791704187989428,0.8313730135560036,0.8825004920363426,11623.15,8.219999999999999,16944.46,14.15,1.006,40.298,-0.4926697129092601,40.53,-0.2113979641983825,11.75,0.06,9.79,0.04,40.11,0.07,36.31,0.06,0.844982,0.1,0.850118,0.09,2.0,9.0,69.50183030090719,0.1,72.57584845865718,0.1,7.0,0.0,0.0,318.0,161.576,0.664,0.0,40.298,6.748274430572308,40.53,7.281253610018202,40.298,6.626489455484036,40.53,5.943522889382582,1.0,3.0,0.0
chrX-19588600-19588601-A-T,mcdb045,0,4.3,1.35,2.15,1.12,0.0,2482.904,1.1,2.0,0.574,1425.476,1.1,0.06,0.0,3286.13,14.8,1934.433,13.24,2645.620441121405,1.8142499999999984,1974.206788082945,1.5942499999999984,2.5035597826086047,0.1258673257085852,1.8454076086955808,0.1987710788615703,0.3937073387205601,0.4670958332717418,5337.95,17.82,5323.75,12.68,0.589,6498.24,5.1,2076.88,2.2,6030.06,4.9,1894.66,2.1,3926.64,1.8,1676.54,0.92,0.065994,1.1,0.074636,1.1,0.0,9.0,2496.6364866068243,6.1,2077.173737759784,5.1,8.0,0.0,0.0,31.0,86.586,0.0,0.0,2580.061154195437,4.3,1440.887255216458,2.5,2482.904410816611,4.3,1425.4762963370017,2.4,5.0,3.0,0.0
chr13-35118245-35118246-G-C,TWJF-10146-MO011-0021,0,5.8,16.0,21.0,17.0,2.513,362.485,1.99,2.0,5.42,1964.672,5.505,0.068,0.0,1992.564,38.07,8362.288,46.12,3252.566274344387,3.064875,9732.05894177806,5.5045,1.989701086956444,0.177224422926722,8.269211956521715,0.0295916528325161,0.5642379000782967,0.3125870851799845,2701.92,8.3,13548.25,27.73,4.197,1670.6,5.3,8778.64,19.0,2327.08,12.0,9865.62,26.0,617.3,2.9,7097.9,15.0,0.041713,3.0,0.003446,12.0,0.0,10.0,2314.5284480795485,14.0,7945.936747596634,28.0,1.0,0.0,0.0,501.0,30.649,0.082,0.0,706.1711973640267,12.0,3005.453409988848,29.0,362.48496684005335,6.3,1964.67174784512,23.0,5.0,3.0,0.0
chr6-104776783-104776784-C-G,TWJF-10146-MO011-0021,0,1.7,8.3,0.925,8.1,0.656,293.062,0.08,2.0,0.841,246.477,0.02,0.066,0.0,1915.118,32.15,617.12,24.46,1915.117997836268,3.4356250000000004,290.3339761629675,1.2802499999999997,3.8986413043477626,0.0687491370643691,0.9252717391303236,0.4538208495644311,0.1161791721824556,0.2824703091755509,28386.94,40.6,20031.88,21.93,0.322,1915.118,0.315208831799878,617.12,-1.3651640015144282,993.51,0.08,617.12,0.02,2337.25,0.27,1848.37,0.21,0.114115,1.7,0.142399,1.3,0.0,11.0,293.06182667959655,0.1,246.47662139274465,0.1,10.0,0.0,0.0,288.0,6.074,0.108,0.0,1915.118,6.577713466676007,617.12,6.563828100951537,1915.118,8.060565460010054,617.12,6.172231200089674,1.0,3.0,0.0
chrX-10138838-10138839-G-A,TWJF-10146-MO011-0021,0,2.2,45.08,2.65,42.37,0.026,85.921,0.197,2.0,1.304,112.022,0.271,0.079,0.0,696.857,1408.78,742.903,1228.1,85.92051914896902,0.197125,112.02183257982236,0.271,0.4295380434782458,0.7050811516693349,0.6911141304346842,0.5622470022051423,0.2468945980072021,0.1441130889579653,1887.73,5.140000000000001,1063.57,3.9,1.066,357.51,0.74,534.47,0.98,696.43,4.5,805.96,5.0,838.59,2.6,972.75,2.9,0.257909,0.54,0.186455,0.84,1.0,9.0,1318.6091434272448,1.8,1517.7585670175067,2.4,8.0,0.0,0.0,1522.0,25.555,0.001,0.0,609.4947933772053,7.5,562.3024813694061,7.1,697.2844817913258,8.3,679.8451442876805,8.1,1.0,3.0,0.0
chr22-41877282-41877283-C-T,TWJF-5120-04,1,1.25,41.0,2.25,40.0,81.653,87.14,0.21,2.0,4.11,358.11,0.66,0.221,0.0,701.513,337.795,1080.29,319.5,14261.10006570494,6.341,13648.537497906627,6.073875,27.61739130434782,0.0080228386831894,31.64317934782608,0.0076008963149995,0.04238236322999,0.014939360320568,371.93,1.18,338.84,1.1,1.54,87.14,0.21,358.11,0.66,1017.05,1.2,1567.83,1.7,202.43,0.23,550.47,0.53,0.028591,3.1,0.028887,3.1,3.0,10.0,4018.9258489021786,3.9,5932.980398129033,6.9,8.0,0.0,0.0,3397.0,194.877,0.419,0.0,842.597177480372,1.3,1408.0562349321442,2.8,560.4282254434786,0.6,752.5233843581747,1.0,1.0,3.0,0.0
chr11-56137665-56137666-G-T,mcdb041_new,0,0.09,18.13,3.75,30.95,0.0,46.625,0.045,2.0,149.212,6956.97,2.223,0.059,0.0,118.353,228.87,4825.455,627.31,46.62468980472869,0.053125,6956.970132083873,2.223125,0.0451630434782828,0.951006263614234,12.187228260869546,0.0197458655652412,0.6709702685475349,0.1032368205487728,702.29,0.06,4030.37,0.88,40.772,54.99,0.06,6349.85,5.1,80.0,0.1,5620.54,3.3,84.48,0.08,6058.17,2.0,0.663525,0.15,0.001761,6.3,3.0,9.0,309.352836369049,0.3,3272.1225681968112,7.0,9.0,0.0,0.0,0.0,0.0,0.0,0.0,152.22640810510677,0.3,1868.4866532653816,3.0,157.29684072692262,0.3,2765.1583071495675,4.2,6.0,3.0,0.0
chr3-122285075-122285076-G-A,JLF-100-042,0,6.454,10.21,10.65,40.5,0.0,17.1,0.62,2.0,1.857,31.76,2.81,0.363,0.0,1795.514,593.42,5593.621,3940.78,1686.0884422271204,1.4909999999999994,3002.520672968656,2.01775,4.807092391304323,0.053605523,7.348016304347794,0.03318525,0.006329572,0.023179283,17.1,0.62,31.76,2.81,3.115,8529.68,1.5,21946.92,8.3,20149.14,22.0,27725.29,36.0,24184.26,8.1,27921.87,13.0,0.010767,2.6,0.003238,4.9,0.0,9.0,1904.938955172279,9.0,6978.425774967606,32.0,6.0,0.0,0.0,0.0,0.013,0.0,0.0,1096.8822280599222,19.0,4208.816584,61.0,586.1651577955687,9.0,1207.8694582701787,21.0,1.0,3.0,0.0
chr2-241346241-241346242-G-T,TWJF-10146-MO011-0020,0,1.992,30.0,6.868,26.0,112.367,25.388,0.3,2.0,0.94,23.858,0.3,0.526,0.0,442.501,187.95,3129.564,145.05,408.1183449152291,2.0370000000000013,5777.053509592452,8.065375000000005,1.947608695652093,0.1834785500147606,14.277038043478257,0.0169614559563399,0.006352499127388,0.0084513127803802,36.18,5.93,35.15,5.67,7.072,3146.98,0.65,9919.89,2.7,8252.61,13.0,14252.45,21.0,6847.17,2.4,18466.62,9.2,0.018344,1.4,0.000354,12.0,1.0,9.0,476.8841656614147,0.3,482.0719613908703,0.3,9.0,9.0,1.0,2919.0,263.772,0.426,0.0,76.7661923730395,2.5,76.7661923730395,2.5,25.38808829271205,0.3,23.85777837933469,0.2,1.0,3.0,1.0
chr18-45925850-45925851-C-T,mcdb044,1,0.378,0.1,0.569,0.07,6.136,2.1,0.07,2.0,1.419,2.98,0.13,0.055,0.0,34.109,43.71,58.333,38.91,243.10182339443065,0.3151249999999993,411.4196018886889,0.4079999999999989,1.2398097826085603,0.3363755583084211,1.5295108695651152,0.2587493673595358,0.094034906476736,0.1330584771931171,2.1,0.12,2.98,0.2299999999999999,1.71,9.03,0.07,22.06,0.13,11.35,0.44,20.24,0.73,26.67,0.23,40.76,0.29,0.673915,0.23,0.561077,0.32,2.0,9.0,409.8522488666769,1.0,537.157411716568,1.3,6.0,0.0,0.0,133.0,51.135,0.12,0.0,41.54703157099128,1.0,77.54253593856495,1.5,52.39381231081167,1.2,75.90668057581098,1.5,1.0,3.0,0.0
chr11-92844677-92844678-C-T,TWJF-5120-06,0,0.762,1.48,0.795,1.31,0.0,28.32,0.2,2.0,0.638,18.06,0.15,0.151,0.0,91.887,15.63,136.492,14.5,288.6811281110691,0.9547499999999994,413.9063938403923,1.128874999999999,1.2627173913042355,0.3297224670690834,0.984076086956378,0.4293119448772715,0.1327466517686844,0.351725872606039,28.32,0.37,18.06,0.21,1.485,90.77,0.57,98.64,0.63,67.28,0.2,52.46,0.15,44.01,0.21,43.4,0.21,0.118201,1.3,0.176989,0.96,8.0,11.0,159.8883909696461,0.2,174.34467692156656,0.2,4.0,4.0,1.0,2.0,1.635,0.0,0.0,388.2397512057633,3.9,394.54813968330075,4.0,93.00365147539596,1.1,185.99445632225735,2.0,2.0,3.0,2.0
chr2-178547655-178547656-C-G,mcdb041_new,0,3.2,6.24,2.85,16.56,0.0,833.622,1.048,2.0,0.767,639.4,0.938,0.109,0.0,2930.353,363.04,2387.239,1036.29,833.6216745450924,1.0477499999999988,639.4000561276446,0.9383749999999992,2.870706521739038,0.1023740566609188,2.4772826086955604,0.1272294453657816,0.0107609368860721,0.0073095969855785,4119.53,5.09,1379.53,2.41,0.815,9098.43,6.5,7799.35,5.8,3236.91,3.0,2781.92,2.7,3737.61,1.7,2945.0,1.4,0.011276,3.4,0.011193,3.4,0.0,10.0,2010.8325794908649,2.9,2077.173737759784,3.0,9.0,0.0,0.0,397.0,22.296,0.0,0.0,2107.123545310743,7.9,1899.721771822104,7.2,2623.7956034153735,9.6,2697.3046432635892,10.0,5.0,3.0,0.0
chr1-207072347-207072348-G-C,TWJF-10146-MO011-0020,0,0.444,2.0,0.337,2.5,2.324,36.91,0.08,2.0,0.805,29.73,0.08,0.18,0.0,221.682,10.95,221.742,13.75,72.55471747389,0.23075,68.56809669040398,0.21275,0.5685869565216848,0.6249190884188017,0.4548369565217172,0.6902470759719945,0.0984064489603042,0.1650799661874771,384.78,1.17,750.67,1.88,1.0,57.92,0.21,57.92,0.21,36.91,0.32,29.73,0.22,79.5,0.18,79.62,0.18,0.803854,0.08,0.796413,0.08,3.0,11.0,363.86363379152226,0.7,363.86363379152226,0.7,10.0,0.0,0.0,355.0,17.874,0.13,0.0,15769.2122965706,26.0,14955.81209377911,25.0,1886.079523007228,2.6,1813.6772273317565,2.5,1.0,3.0,0.0
chr12-88087904-88087905-G-C,mcdb041_new,1,0.525,26.09,0.525,27.11,1.79,48.646,0.03,2.0,1.081,52.595,0.03,0.097,0.0,331.078,447.35,391.288,482.51,48.64600194285103,0.068875,52.59457462524308,0.097,0.4195652173912947,0.7116490398927067,0.3609510869565042,0.748232759549058,0.0997085161507129,0.1736487820744514,3471.29,0.67,3648.37,0.73,1.182,305.72,0.46,157.4,0.22,333.69,0.59,401.08,0.69,239.47,0.17,262.11,0.17,0.937823,0.03,0.916611,0.03,2.0,9.0,1222.4280109388617,2.0,1262.7582159361314,2.0,1.0,0.0,0.0,395.0,12.432,0.144,0.0,328.4656810141864,0.6,381.4960099080505,0.7,531.7653069606546,1.0,614.7803813502518,1.1,1.0,3.0,0.0
chr6-163563586-163563587-C-G,TWJF-10146-MO011-0021,1,0.387,0.81,4.0,3.17,5.257,42.714,0.093,2.0,21.51,918.789,1.633,0.099,0.0,197.2,11.17,5743.492,27.2,42.71421541190517,0.09275,918.7893512853784,2.194749999999998,0.3866032608695633,0.7321019845073056,1.6326630434781606,0.2368452002664944,0.0928105933126062,0.3204037956893444,22094.66,42.94,42661.81,90.4,29.125,197.2,-1.7405224248679585,5743.492,-1.341510835142512,160.37,2.0,3434.75,9.3,197.2,0.3,9149.88,4.0,0.206563,0.34,0.007548,2.7,3.0,9.0,1376.930319032567,3.2,5743.4917749851775,24.0,2.0,0.0,0.0,4027.0,159.302,0.033,0.0,197.2,4.992415337765877,5743.492,17.39790959632594,197.2,5.168328193168416,5743.492,17.96730985632903,1.0,3.0,0.0
chr3-190408435-190408436-G-A,mcdb041_new,0,19.0,3.46,20.0,4.82,0.0,3534.191,0.56,2.0,0.641,2266.157,1.5,0.121,0.0,13753.737,29.29,10439.834,39.86,30006.50744123319,47.388375,28561.679156888185,37.45137500000001,99.28660326086955,0.0033773582974597,99.28660326086955,0.0035399384315015,0.0007497444748878,0.0005360640952858,7202.56,13.47,7388.19,15.11,0.759,7453.25,0.56,10518.23,1.5,18679.43,23.0,24349.41,39.0,27030.11,13.0,31777.58,24.0,1.9e-05,52.0,6e-06,71.0,1.0,9.0,16404.99468020095,47.0,7054.340745605158,16.0,3.0,0.0,0.0,8.0,0.596,0.0,0.0,11102.480012561562,15.0,10361.437221235725,14.0,3534.1908649738252,3.3,2266.1570281010054,1.8,1.0,3.0,0.0
chr3-14704550-14704551-G-A,TWJF-5120-09,0,8.05,16.13,9.25,23.35,0.0,50.76,1.671,2.0,3.039,154.26,5.222,0.067,0.0,3786.467,988.98,6379.483,1749.62,373.4739700877489,1.9071250000000008,2472.806900011619,5.221625000000002,1.671005434782515,0.2289669460663066,5.346684782608634,0.0475880377643066,0.0607976987957954,0.076017141342163,50.76,9.15,154.26,22.78,1.685,7199.46,1.9,10286.16,2.9,13722.81,20.0,21040.32,31.0,22731.17,15.0,28065.45,23.0,0.00418,3.4,0.002128,4.8,2.0,9.0,8664.36747969986,23.0,15044.727774871748,40.0,1.0,0.0,0.0,2.0,0.136,0.0,0.0,147.62842961251835,7.0,169.89085421734237,8.7,177.67650385453535,9.1,185.6222360572955,9.8,1.0,3.0,0.0
chr18-56757024-56757025-G-C,TWJF-10146-MO011-0020,1,0.059,2.32,0.095,4.14,57.467,4.21,0.01,2.0,1.309,5.51,0.02,0.752,0.0,12.78,95.78,15.828,214.15,16.493576520601277,0.0585,19.34893271855285,0.08925,0.0240489130435008,0.9663661974664778,0.1013858695652203,0.9134105321691052,0.4965256601572037,0.2571585886180401,668.92,0.05,777.89,0.08,1.239,7.98,0.06,8.91,0.07,6.54,0.22,8.43,0.29,4.21,0.03,5.51,0.04,0.983794,0.01,0.965017,0.02,13.0,9.0,9.912464407587306,0.3,12.30725052129405,0.4,1.0,0.0,0.0,630.0,85.771,0.67,0.0,16.485798981541198,0.4,22.2387309159664,0.5,15.646960996849282,0.4,20.961868876541843,0.5,1.0,3.0,0.0
chr2-85579010-85579011-G-C,TWJF-5120-13,0,58.82,41.0,66.372,52.2,17.639,126.943,29.295,2.0,1.0,126.943,35.116,0.063,0.0,18157.719,4808.945,23377.005,6935.91,19596.75703488496,29.294875000000022,22168.80063641595,35.116125000000025,46.22467391304348,0.0050903391670245,62.74467391304348,0.0045362640075645,0.000219993346036,0.0013481622627296,16718.68,58.64,24585.21,75.11,1.287,44050.4,48.0,43070.11,43.0,44150.12,99.0,43439.36,95.0,48513.21,96.0,47768.36,88.0,0.0,100.0,0.0,100.0,0.0,9.0,14252.448612888507,50.0,13356.592119980844,48.0,2.0,0.0,0.0,2794.0,169.601,0.104,0.0,126.94336314148484,59.0,126.94336314148484,59.0,211.2370043847712,71.0,202.66091540628352,70.0,1.0,3.0,0.0
chr12-25245349-25245350-C-T,TWJF-5120-09,1,3.605,3.53,3.8,3.46,3.074,740.679,0.836,2.0,0.593,439.167,1.03,0.08,1.0,1975.692,123.5,2337.385,120.39,830.7121105171627,1.1499999999999992,629.0976255535588,1.0297499999999995,0.8360597826086007,0.4926671007182456,2.0946467391303543,0.1649394200463777,0.6151453256607056,0.0887017659842968,1874.21,3.41,2231.58,3.81,1.183,6646.79,5.8,4901.37,4.8,6030.06,4.9,4018.93,3.8,8751.14,4.6,8945.96,4.7,0.034154,2.1,0.01025,3.8,1.0,10.0,2077.173737759784,3.8,2443.1907368579537,4.3,3.0,0.0,0.0,605.0,13.974,0.22,0.0,1332.9688483018963,5.1,907.4443480172192,3.6,740.6789461900491,3.0,439.1673045793068,1.8,1.0,3.0,0.0
chr13-29492649-29492650-G-C,TWJF-5120-09,0,4.7,0.53,5.1,1.41,0.0,16.02,0.16,2.0,0.948,15.18,0.25,0.061,0.0,3358.34,46.24,2739.586,94.92,153.474299638921,0.92025,201.2323061273535,1.1881250000000003,0.1807065217391255,0.8619241475322383,0.2510054347825985,0.81695199779073,0.6774168834090233,0.6569635681807995,16.02,1.01,15.18,0.8500000000000001,0.816,18727.4,7.0,24735.5,13.0,11666.98,17.0,16140.9,23.0,8918.9,3.3,9882.18,3.7,0.199521,0.16,0.140851,0.25,2.0,9.0,6469.409970422214,17.0,5267.253779493971,14.0,9.0,0.0,0.0,9.0,0.708,0.0,0.0,247.2691864784578,16.0,211.91905077136408,13.0,137.60366460244967,6.1,141.7849061282674,6.5,1.0,3.0,0.0
chr19-15170799-15170800-T-G,mcdb048,0,5.523,2.69,8.566,2.86,0.0,891.313,2.9,2.0,1.052,937.627,5.2,0.142,0.0,3968.201,290.27,6886.725,302.8,11702.394898223149,5.245125000000002,18251.346360582404,8.432625,18.61798913043478,0.0122272212818282,31.64317934782608,0.0073552482074184,0.1083896798081696,0.0853669613134116,9310.88,11.86,11408.24,14.330000000000002,1.735,2872.93,3.2,7233.66,7.5,4129.12,2.9,6539.79,5.2,7171.7,5.8,14468.11,15.0,0.021775,3.7,0.005084,8.7,1.0,8.0,3807.2828566667704,3.4,5044.1543035179475,5.4,6.0,0.0,0.0,10.0,79.991,0.0,0.0,891.3125056939161,6.7,937.6267736518436,7.0,2054.2817124135363,14.0,2268.088517931603,14.0,1.0,3.0,0.0
chr16-24790656-24790657-G-A,TWJF-10146-MO011-0029,0,17.0,0.95,4.95,0.66,10.238,171.009,1.7,2.0,0.802,137.094,1.1,0.126,0.0,5616.584,370.27,1319.6,305.21,9871.055514007285,4.506999999999997,2059.778227660055,1.6518749999999998,24.57923913043477,0.0098753488917666,5.788070652173886,0.0439577852468812,0.000617291778326,0.0023408383131027,267.21,29.69,221.23,26.31,0.235,30158.88,20.0,19511.74,6.4,21617.22,24.0,10357.86,7.9,36811.18,29.0,19012.61,5.1,0.000276,14.0,0.011327,2.6,0.0,9.0,1362.1125453370685,6.2,579.4211750802284,2.2,2.0,0.0,0.0,674.0,63.987,0.16,0.0,401.0144295917076,5.7,345.27091841433173,4.8,171.00940660190463,1.7,137.09448990569106,1.1,5.0,3.0,0.0
chr3-193635499-193635515-GGCATTCATCATAGAAA-G,TWJF-5120-06,0,8.859,0.26,33.0,0.35,3.402,1327.7,2.35,2.0,4.355,5782.292,10.932,0.106,0.0,6395.731,98.41,23466.421,147.34,2405.167133703601,2.349624999999998,22583.43178275624,10.931874999999993,3.764592391304277,0.071548906839933,46.22467391304348,0.0052247308073058,0.1908630728721618,0.0465672872960567,10023.73,8.92,25543.7,38.78,3.669,27028.05,31.0,41562.56,88.0,9447.76,8.8,24349.41,32.0,18131.04,14.0,40243.4,69.0,0.001556,8.2,3.9e-05,30.0,0.0,11.0,3343.7015248821103,4.9,16583.45680469959,25.0,10.0,0.0,0.0,559.0,136.068,0.025,0.0,1327.7001367900805,12.0,5782.2917426603335,34.0,2016.043970664358,16.0,4087.897521111193,27.0,1.0,0.0,0.0
chr10-27035634-27035635-C-G,TWJF-10146-MO011-0021,0,4.705,58.0,3.9,60.0,1.518,621.64,2.037,2.0,0.85,528.51,2.493,0.064,0.0,3693.928,1237.39,4170.332,2909.305,2504.8037941302696,2.0367500000000023,3562.1433900375814,2.492500000000001,6.792608695652163,0.0367263203623473,9.15535326086956,0.0262620041763021,0.0031143721789703,0.0019524101044225,2011.82,5.3100000000000005,481.1,2.74,1.129,25269.23,40.0,25955.61,42.0,621.64,4.1,528.51,3.7,7724.52,17.0,9066.21,19.0,0.050211,2.9,0.030183,4.1,2.0,11.0,4883.053172255114,3.4,4778.52115918281,3.2,10.0,0.0,0.0,518.0,16.68,0.091,0.0,3693.928,6.2633279240988475,4170.332,4.100781169348055,3693.928,8.039159249673041,4170.332,3.1901184643958196,1.0,3.0,0.0
chr10-70871866-70871867-G-T,mcdb041_new,1,0.28,8.6,3.049,8.1,20.038,30.49,0.05,2.0,94.271,2874.33,0.97,0.164,0.0,216.531,89.99,4017.661,81.2,210.98263686078317,0.4737499999999994,6478.47421947028,2.597500000000001,0.6736956521738335,0.5706425986749463,4.047907608695596,0.0656980907311196,0.3275810182094574,0.4370064847171306,30.49,0.13,2874.33,2.41,18.555,33.99,0.11,3743.32,3.5,39.38,0.13,797.29,1.7,222.08,0.36,6012.2,3.5,0.801086,0.05,0.076452,0.97,4.0,8.0,280.6489180372726,0.2,2169.0457037070128,2.0,8.0,0.0,0.0,1061.0,59.108,0.339,0.0,8879.734893257655,16.0,22407.84026786055,35.0,4042.5928170540938,8.5,4292.002833429806,9.0,1.0,3.0,0.0
chr1-21560719-21560720-G-C,TWJF-10146-MO011-0021,0,0.199,0.92,0.981,0.9,0.059,30.07,0.07,2.0,11.698,351.76,0.31,0.052,0.0,117.99,11.61,850.67,13.785,49.804444468373056,0.1525,203.14598756240176,0.9809999999999998,0.1993750000000034,0.8503147078454754,0.5077173913043254,0.6605510271469027,0.3417927576228976,0.4249518662691116,1594.82,8.649999999999999,8622.53,21.76,7.21,117.99,-0.5164785131635135,850.67,-0.3181379247449336,117.99,1.6,850.67,4.5,30.07,0.08,351.76,0.45,0.601362,0.07,0.223273,0.31,8.0,9.0,1534.2695396588344,3.9,2842.778048235646,9.4,8.0,0.0,0.0,1922.0,59.032,0.001,0.0,117.99,6.039154508641781,850.67,9.062990409791023,117.99,6.315149825272153,850.67,9.38557379909693,2.0,3.0,0.0
chrX-104175789-104175790-C-G,mcdb041_new,0,1.4,3.2,1.4,1.58,0.911,529.321,0.817,2.0,0.346,183.395,0.505,0.213,0.0,1357.755,27.37,1521.874,16.34,529.3209028643811,0.8169999999999992,183.39527804478865,0.5046249999999998,2.129347826086885,0.1609878361810737,1.0677717391302934,0.3955932497546085,0.0331032052636146,0.0889091454446315,5942.59,7.22,5977.01,9.32,1.121,1382.56,1.8,2335.79,2.6,1332.95,1.4,1525.99,1.6,3616.56,1.4,5621.82,1.9,0.063306,1.1,0.074494,0.98,1.0,10.0,1672.9903001725866,1.1,1517.7585670175067,0.9,4.0,4.0,1.0,546.0,3.162,0.288,0.0,729.5750943897133,1.4,729.5750943897133,1.4,676.2698098326166,1.3,738.1081487738481,1.4,1.0,3.0,1.0
chr3-126988836-126988837-C-T,TWJF-5120-04,1,5.984,0.25,23.82,0.13,26.995,525.581,2.3,2.0,11.508,6048.393,12.0,0.211,0.0,3292.233,4.46,11361.119,3.98,16350.667974050217,6.819500000000003,23046.462839366224,12.378875000000004,37.35904891304347,0.0066148733410961,62.74467391304348,0.0044689950650231,0.0249794460833072,0.0077657774090766,5381.89,6.2700000000000005,6331.44,25.64,3.451,2349.42,2.3,14243.35,12.0,3416.85,7.7,20478.82,29.0,6213.85,2.8,22853.73,13.0,0.007441,4.2,0.000745,12.0,0.0,9.0,3167.6169136018457,12.0,8478.888488850993,26.0,1.0,0.0,0.0,906.0,77.349,0.349,0.0,672.326144758215,5.7,8101.771680852617,26.0,525.5814152350005,4.9,6048.39297074406,22.0,1.0,3.0,0.0
chr18-33957381-33957382-G-A,TWJF-10146-MO011-0021,0,0.492,7.6,0.396,5.9,0.0,5.85,0.14,2.0,1.284,7.51,0.07,0.093,0.0,88.923,167.455,51.861,155.77,92.59672655976811,0.218375,159.33516139078543,0.382,0.6837228260868784,0.5659444854611642,1.086277173912876,0.3891762688147634,0.0960799693129956,0.0426925268257036,5.85,0.25,7.51,0.31,0.583,85.25,0.3,30.61,0.15,35.54,0.77,20.8,0.41,39.65,0.19,49.72,0.26,0.49722,0.14,0.615708,0.07,7.0,9.0,1050.6007652110409,1.1,1235.7262231072605,1.5,5.0,5.0,1.0,33.0,4.993,0.0,0.0,96.8210972306636,1.6,55.71472612332782,0.9,109.75138259977555,1.7,54.002019334790866,0.9,1.0,3.0,1.0
chr19-45392186-45392187-G-A,mcdb041_new,0,1.87,7.38,3.05,13.96,1.836,517.916,0.49,2.0,3.005,1556.194,0.59,0.185,0.0,1775.046,364.09,2302.593,770.44,517.9162337003474,0.8103749999999992,1556.1938662605985,1.2046249999999998,1.9404076086955653,0.1851849455342508,3.8986413043477626,0.0685716220325405,0.0749707743525505,0.0584178604185581,5918.89,6.35,6023.36,15.83,1.297,5512.37,4.7,7274.87,5.7,1369.5,1.4,2352.4,2.1,5391.86,1.8,8800.7,2.8,0.238685,0.49,0.185325,0.59,0.0,9.0,2054.8203260098107,3.8,1824.253478364652,3.3,5.0,0.0,0.0,46.0,7.683,0.239,0.0,856.0320006279255,1.6,1092.6724671859006,2.0,1495.27130822001,2.5,2252.786318830561,3.5,1.0,3.0,0.0
chr10-104167631-104167632-C-T,TWJF-10146-MO011-0024,0,7.6,33.0,56.52,39.0,10.462,2726.813,3.007,2.0,10.298,28081.935,22.38,0.808,0.0,7446.33,3294.605,38381.9,3565.97,2726.8125596601226,3.0065000000000013,28081.935108745136,22.380125000000003,3.2967934782607813,0.084448942979562,62.74467391304348,0.0045147658033264,0.2761273011565208,0.0649114847183227,9510.18,10.73,36835.71,54.04,5.154,30837.3,34.0,45928.59,92.0,5382.48,9.4,35176.57,59.0,14890.39,16.0,39928.09,72.0,0.016342,5.8,9.2e-05,32.0,2.0,11.0,3890.5686532731647,5.3,48929.644943595515,49.0,11.0,0.0,0.0,145.0,11.154,0.938,0.0,7446.33,-5.428959079725869,38381.9,23.372062129365204,7446.33,-1.7355889214067652,38381.9,35.358709708350936,1.0,3.0,0.0
chr3-179234296-179234297-A-G,TWJF-10146-MO011-0020,1,1.13,24.0,1.01,31.0,7.697,13.59,0.371,2.0,0.945,12.84,0.14,0.52,0.0,1194.033,104.74,927.529,129.32,81.76621361395155,0.371125,99.580514828954,0.5246249999999999,0.4152717391304463,0.7146061060677501,0.1400543478261227,0.8881853100076891,0.2463603168725967,0.626768197864294,13.59,0.58,12.84,0.48,0.777,6372.43,1.6,5433.03,1.4,2827.44,4.3,1718.86,2.8,2160.99,0.66,2035.41,0.62,0.071808,0.5,0.110838,0.33,2.0,9.0,4526.876676399949,12.0,5044.1543035179475,13.0,1.0,0.0,0.0,732.0,14.046,0.548,0.0,227.07535404914543,15.0,136.19777099623764,6.0,134.7814114336371,5.9,108.55004304303262,4.2,2.0,3.0,0.0
chrX-16852102-16852102-A-AT,mcdb048,0,2.85,18.0,18.5,18.0,0.0,223.188,0.5,2.0,1.175,262.223,0.4,0.155,0.0,3753.667,1563.16,9075.226,1497.62,330.9140581324388,1.2055000000000002,9087.281603825735,7.702875000000002,1.4729891304346978,0.2718735667310245,22.19230978260869,0.0109689738993995,0.0923093681994942,0.0079017144616955,37086.4,74.72,36591.81,69.37,2.418,6721.79,1.9,9063.17,2.7,13000.15,18.0,20478.82,28.0,11067.3,3.7,25531.96,18.0,0.005857,2.0,8.5e-05,19.0,0.0,9.0,379.9570720848363,0.5,337.3229287282724,0.4,9.0,0.0,0.0,15.0,89.906,0.0,0.0,785.543066994076,27.0,774.7650120560811,27.0,223.1875680739072,11.0,262.22252802293326,13.0,3.0,0.0,0.0
chr7-38776758-38776759-C-T,TWJF-10146-MO011-0021,0,0.053,1.76,0.074,2.5,7.147,1.65,0.0,2.0,0.921,1.52,0.0,0.069,0.0,11.348,20.12,9.002,22.61,17.155085402226803,0.066375,16.765069418908404,0.062625,0.0072554347826212,0.9807910173608856,0.0847826086956331,0.924227814696028,0.6698283329606056,0.2588505996391177,1.65,0.0,1.52,0.0,0.793,5.2,0.04,4.36,0.02,5.15,0.15,4.17,0.1,5.54,0.04,4.23,0.03,0.894718,0.04,0.904057,0.04,4.0,9.0,78.28614569791782,2.0,47.07966040649869,1.2,6.0,0.0,0.0,1900.0,115.272,0.062,0.0,24.74856373302274,0.8,15.796104566448063,0.6,23.986672192350248,0.8,13.64488877780892,0.5,1.0,3.0,0.0
chr11-64878463-64878464-T-A,mcdb046,0,1.715,4.2,0.98,3.9,25.248,27.556,0.016,2.0,0.522,14.395,0.018,0.229,0.0,61.505,62.135,55.883,70.155,33.51499340247746,0.015875,33.92596286518651,0.017875,0.1641032608695667,0.8734166709845749,0.2499184782608381,0.818160888655952,0.2880006060004234,0.1704987846314907,75.04,10.2,77.84,10.46,0.909,228.57,0.33,163.91,0.26,291.48,3.1,183.04,2.2,47.97,0.11,26.56,0.07,0.544421,0.05,0.57808,0.05,8.0,9.0,2664.091477136258,3.6,1904.938955172279,1.7,9.0,0.0,0.0,81.0,136.478,0.185,0.0,27.555608130288327,38.0,14.394944672815782,17.0,37.881747066520184,59.0,26.818223140849152,37.0,5.0,3.0,0.0
chr1-10256312-10256313-C-G,TWJF-5120-05,0,3.051,16.562,2.45,11.08,8.917,379.778,0.92,2.0,1.459,554.026,0.67,0.193,0.0,969.77,291.1,1051.192,139.08,5019.650753636736,3.4102499999999987,3141.97833409461,2.7459999999999987,9.849456521739114,0.0246574542242694,6.479157608695644,0.038996452096802,0.0778348073363304,0.0829549034824594,5452.64,5.12,5215.25,3.09,1.084,621.37,1.3,598.92,1.3,1022.56,2.8,828.06,2.6,916.98,0.92,550.91,0.67,0.009471,3.3,0.039694,1.7,1.0,10.0,3454.0165428148343,1.9,3272.1225681968112,1.7,9.0,9.0,1.0,556.0,28.13,0.317,0.0,865.5257640104203,3.5,1274.324403530172,4.5,379.77817221199746,1.7,554.0258133641686,2.3,1.0,3.0,1.0
chr19-50667773-50667774-A-C,TWJF-5120-06,0,4.852,3.68,8.411,3.85,0.0,243.51,1.4,2.0,2.202,536.24,2.3,0.095,0.0,902.832,74.14,2823.712,77.4,902.8322204342268,4.851375000000003,2823.7124264876584,8.410625000000001,3.037282608695577,0.0947334263475886,7.558260869565203,0.0330061758520311,0.0083387084305286,0.0047410689294338,249.3,20.64,580.53,30.82,3.128,902.832,2.2754715739024083,2823.712,3.703303150572599,243.51,1.4,536.24,2.3,5303.74,3.0,8913.02,5.1,0.003092,6.1,0.001383,8.9,1.0,10.0,15881.048931852623,21.0,29745.37470418776,40.0,2.0,0.0,0.0,0.0,0.323,0.0,0.0,902.832,14.350206823923148,2823.712,18.718835643805555,902.832,15.007028804469783,2823.712,24.84252891450744,1.0,3.0,0.0
chr8-52674011-52674012-T-C,TWJF-10146-MD017-0016,0,42.281,10.289,29.365,10.14,9.649,228.46,13.0,2.0,0.604,137.978,8.7,0.104,0.0,17599.762,1977.41,15642.846,1951.99,20933.333406419788,23.51362499999999,20234.75186661252,22.245374999999992,62.74467391304348,0.0047822844915526,62.74467391304348,0.0049553747233736,0.0006023794412612,0.0013822838664054,14266.19,42.54,11050.94,30.73,0.889,24179.3,13.0,20699.13,8.7,30893.41,50.0,30068.96,48.0,41573.34,58.0,39688.61,50.0,2e-05,42.0,8.4e-05,28.0,0.0,9.0,11604.035633311569,43.0,8758.623007239306,34.0,7.0,0.0,0.0,1497.0,52.442,0.184,0.0,821.1452783519177,30.0,573.350241800278,24.0,228.4599092784346,14.0,137.97804907616256,8.5,1.0,3.0,0.0
chr5-134750839-134750840-A-G,TWJF-10146-MO011-0024,1,2.0,9.7,1.8,9.8,10.436,185.349,0.107,2.0,0.971,179.883,0.129,0.821,0.0,254.572,109.945,280.767,107.05,223.4854524587486,1.0622499999999988,274.3937144589751,1.1776249999999993,0.1071739130434963,0.9096881224869476,0.1285326086956786,0.8955341742489463,0.9158242493867874,0.9265831559896468,1020.2,3.56,646.14,2.95,1.103,272.72,1.5,287.14,1.6,199.59,2.3,155.62,2.1,457.61,2.1,346.42,1.9,0.373971,0.91,0.331749,1.1,5.0,10.0,1619.5580271428798,1.9,1517.7585670175067,1.7,7.0,0.0,0.0,1112.0,14.699,0.71,0.0,185.34889447633137,2.6,179.8829495072121,2.5,236.42315033328344,3.1,218.62005538990917,3.0,1.0,3.0,0.0
chr8-143803908-143803909-C-A,mcdb047,1,1.097,5.4,1.549,7.0,19.011,17.307,0.14,2.0,1.0,17.307,0.37,0.636,0.0,98.387,61.95,194.592,159.75,110.94338090077548,0.7945,183.5346213878993,1.2982500000000006,0.2603804347826042,0.811120822548028,0.9226086956520448,0.4546021880591265,0.4826044850051403,0.1574498489499092,121.22,13.88,505.15,28.92,1.978,606.35,0.57,840.56,0.7,85.83,1.4,135.2,1.8,61.86,0.14,205.65,0.37,0.291294,0.18,0.106499,0.53,2.0,9.0,7945.936747596634,24.0,9245.505976249102,29.0,6.0,0.0,0.0,42.0,30.713,0.619,0.0,17.3065300184118,21.0,17.3065300184118,21.0,32.99362241886466,50.0,33.607019656564766,51.0,1.0,3.0,0.0
chr18-65843875-65843876-A-G,TWJF-10146-MO011-0024,1,0.468,2.68,0.48,11.96,0.114,27.02,0.236,2.0,1.098,29.66,0.358,0.252,0.0,40.578,116.12,35.922,1150.88,41.95536326362624,0.2361249999999999,54.48971823801281,0.3584999999999998,0.4658967391304003,0.682726069757726,0.5904076086955996,0.6127589026545254,0.0203436911106109,0.0052264407277107,28.07,0.54,13.23,0.24,0.885,39.2,0.34,36.85,0.32,30.54,0.47,29.09,0.46,27.02,0.3,29.66,0.32,0.611858,0.45,0.581275,0.51,3.0,10.0,864.6816701021309,0.7,912.7484470874748,0.8,8.0,0.0,0.0,13.0,0.493,0.231,0.0,58.208981450326405,1.0,34.99371093358752,0.5,57.768354888850496,1.0,38.78734025844022,0.6,1.0,3.0,0.0
chr7-95587796-95587797-T-A,TWJF-5120-04,0,0.609,12.0,17.831,14.0,0.779,142.03,0.29,2.0,139.007,19743.249,18.0,0.151,0.0,1768.117,35.07,22549.645,40.77,142.03021571675558,0.6083749999999999,19743.24914772321,17.66275,0.8748913043477131,0.4757340270881869,46.22467391304348,0.0052415309246147,0.1110787391662597,0.0105800740420818,33942.31,45.56,32376.72,35.85,12.753,5323.34,1.5,25356.04,14.0,233.5,0.29,13872.1,18.0,2188.78,0.49,26397.15,20.0,0.034385,0.61,0.000202,13.0,0.0,8.0,1347.454232446704,0.5,2122.6127229763083,1.1,8.0,0.0,0.0,288.0,5.773,0.135,1.0,1768.117,1.2547869854918352,22549.645,28.02415821325428,1768.117,3.5376635944318933,22549.645,22.842862931467153,1.0,3.0,0.0
chr2-11580823-11580824-C-T,mcdb041_new,0,2.2,3.47,2.75,4.61,1.404,39.394,0.007,2.0,1.176,46.343,0.042,0.078,0.0,3652.136,29.29,3911.543,38.09,39.393785523872,0.0175,46.3425913313669,0.042125,0.0072554347826212,0.9799810858045191,0.0745380434782561,0.9312039647391886,0.8861497938632965,0.5674152933061123,16930.4,31.44,20166.67,37.48,1.071,5238.83,1.8,5317.99,1.9,2523.8,2.6,3665.8,3.6,1615.86,0.35,2080.88,0.46,0.324189,0.14,0.2347,0.23,0.0,9.0,6903.327759871985,25.0,6399.789706012268,23.0,7.0,0.0,0.0,117.0,4.557,0.308,0.0,4166.870466852705,22.0,4157.286930719253,22.0,3137.4007786652874,19.0,2941.507770576246,18.0,1.0,3.0,0.0
chr4-113264927-113264928-G-A,TWJF-5120-11,0,2.05,0.03,4.35,0.09,0.0,46.482,0.28,2.0,4.635,215.449,1.027,0.051,0.0,311.925,18.35,1262.068,27.69,46.482088088981136,0.2801249999999999,215.44859111231943,1.045999999999999,0.4133967391304338,0.7156437027376958,1.026576086956382,0.4116913778680528,0.0927412174642086,0.1520349606871605,474.74,2.59,1022.71,3.56,4.046,260.41,1.5,1677.96,3.9,412.08,3.0,2032.71,6.3,363.44,1.9,2559.21,4.8,0.516928,0.62,0.13697,2.1,2.0,9.0,1422.3578464915408,4.5,1501.42527646561,4.8,1.0,0.0,0.0,52.0,9.261,0.0,0.0,158.66823838189055,2.4,433.0020973814693,5.0,150.95586810167185,2.2,451.6999058091227,5.2,1.0,3.0,0.0
chr9-34179146-34179147-G-T,TWJF-10146-MO011-0026,0,1.382,0.12,1.541,0.25,21.275,390.775,0.06,2.0,0.627,245.097,0.16,0.228,0.0,1786.107,21.56,1984.331,31.29,390.7752544106999,0.8915000000000002,245.0967404805222,0.6189999999999999,1.864429347826018,0.1954514035693041,1.482146739130343,0.2696624317855871,0.0164723090128973,0.0067262538759678,5031.37,21.61,8493.91,48.45,1.111,4231.42,0.67,3027.19,0.43,3454.02,2.0,3049.9,1.7,708.65,0.06,1696.1,0.16,0.096182,0.69,0.043962,1.6,0.0,9.0,1262.7582159361314,0.9,1262.7582159361314,0.9,7.0,0.0,0.0,1286.0,73.109,0.291,0.0,1896.924300120804,6.7,2218.4518138020753,7.9,1675.290014859262,6.0,1750.2093515821864,6.2,2.0,3.0,0.0
chr1-186114925-186114926-G-T,TWJF-5120-13,0,0.04,29.0,15.0,30.0,0.044,4.71,0.0,2.0,2426.875,11430.58,0.697,0.099,0.0,13.315,134.615,4448.88,142.02,13.065128428289029,0.023125,2034.6216270626485,2.3121250000000004,0.00027173913044,0.9942211948275766,0.6972554347825053,0.5592151709771019,0.9383983090519904,0.9366236105561256,551.2,0.01,5508.46,3.3300000000000005,334.12,6.76,0.05,10655.11,20.0,6.4,0.21,13141.57,19.0,4.71,0.03,11430.58,15.0,0.992285,0.01,0.028487,2.9,4.0,9.0,14.16601349098361,0.4,1637.1764276304789,20.0,2.0,0.0,0.0,321.0,14.643,0.003,0.0,14.292559208409829,0.4,3389.2999093435415,15.0,13.5653186557441,0.3,3165.410218465691,15.0,1.0,3.0,0.0
chr10-84514189-84514192-TCCA-T,TWJF-10146-MO011-0020,0,14.31,37.0,12.903,36.0,15.746,91.755,2.9,2.0,2.57,235.847,6.7,0.224,0.0,5755.258,250.85,5334.351,378.275,9605.581074809725,11.202375000000009,7466.623948551948,9.458250000000003,22.19230978260869,0.0102130098164719,12.805461956521723,0.0184443797049032,0.0027314908802509,0.1030000708997249,96.27,16.619999999999997,75.72,13.69,0.927,23350.39,12.0,25534.99,13.0,31740.46,51.0,32259.8,53.0,33550.23,36.0,31875.38,31.0,0.000103,19.0,0.000621,8.7,0.0,9.0,1904.938955172279,2.9,3202.0759094759173,6.7,8.0,0.0,0.0,888.0,86.992,0.181,0.0,139.0496820030355,6.3,139.0496820030355,6.3,91.75505502551438,3.3,235.84680648530727,15.0,2.0,1.0,0.0
chr7-121331683-121331684-A-C,TWJF-10146-MO011-0026,0,0.42,0.15,0.313,0.18,0.0,34.24,0.069,2.0,1.028,35.19,0.052,0.091,0.0,129.63,34.66,95.22,37.71,69.63220746373936,0.2195,64.010155620827,0.196125,0.0685597826087018,0.9354306456900504,0.0523369565217564,0.9467243027251576,0.6983988210558891,0.7330178879201412,203.13,0.6,126.43,0.44,0.735,34.24,0.08,35.19,0.08,57.2,0.55,38.75,0.43,38.88,0.08,21.24,0.05,0.481699,0.29,0.640132,0.19,3.0,9.0,249.15792317616328,1.0,141.94766797100098,0.5,1.0,0.0,0.0,10.0,0.0,0.4,0.0,189.62692388099947,1.2,177.37810056943286,1.2,232.3432179314404,1.3,182.0245642231805,1.2,1.0,3.0,0.0
chr17-5373451-5373452-G-C,mcdb041_new,0,3.443,20.74,4.75,25.73,4.251,3345.184,0.09,2.0,1.0,3345.184,0.16,0.087,0.0,4606.76,290.81,5017.886,435.09,6310.681906375879,3.1853749999999987,5366.061049725628,2.8371249999999995,9.849456521739114,0.0249664424577837,9.494239130434764,0.0254986161799427,0.1442814506590366,0.1058806404471397,4002.95,1.15,4364.25,1.61,1.089,3517.83,0.09,4572.96,0.16,11541.43,5.6,15795.37,16.0,23123.87,6.5,26941.63,13.0,0.007227,3.1,0.003805,4.7,0.0,9.0,5210.570464861065,8.7,5681.683446584433,12.0,6.0,0.0,0.0,903.0,42.087,0.101,0.0,3345.183916125396,3.1,3345.183916125396,3.1,3893.050165190834,3.7,4669.710960271977,4.8,1.0,3.0,0.0
chr9-95881123-95881124-C-T,mcdb045,1,0.615,1.9,6.45,5.5,6.342,57.36,0.17,2.0,92.404,5300.3,4.4,0.076,0.0,180.723,22.53,7912.436,45.93,181.33388641888052,0.4308749999999996,19920.80373768004,8.738375000000001,0.9404619565216166,0.4464967865853116,46.22467391304348,0.0052651175295315,0.1448837853968143,0.014313705265522,763.62,1.0699999999999998,8672.69,5.489999999999999,43.782,57.36,0.17,5300.3,4.4,141.18,0.43,8297.38,7.1,180.37,0.3,10874.88,5.8,0.159453,0.53,0.000735,9.4,6.0,10.0,1085.26206538749,0.8,7527.49114979243,7.8,10.0,0.0,0.0,151.0,59.832,0.106,0.0,111.86906286994108,0.7,345.70845402655476,1.8,181.07562796668068,1.0,1725.281637248273,5.6,1.0,3.0,0.0
chr22-17102207-17102208-T-G,TWJF-10146-MO011-0021,1,0.837,9.67,11.96,11.0,2.121,84.25,0.11,2.0,82.604,6959.371,4.6,0.108,0.0,309.405,28.84,13592.417,30.87,112.00494684269064,0.374,4117.635586306114,7.540875000000002,0.2995923913043157,0.7860263557579482,2.0946467391303543,0.1650907870022775,0.4410792188718915,0.6048011630773544,336.68,2.09,7907.22,16.38,43.931,282.13,0.11,12263.42,4.6,1318.61,1.6,16946.23,18.0,1550.1,0.34,16538.66,5.7,0.342328,0.13,0.007526,3.3,2.0,9.0,1422.3578464915408,2.9,15541.081711348315,49.0,2.0,0.0,0.0,883.0,18.606,0.114,0.0,147.8461432841297,2.2,14921.414680481525,39.0,84.25001754793493,1.3,6959.3711747137395,28.0,1.0,3.0,0.0
chr20-3562427-3562428-C-G,TWJF-5120-05,1,0.115,4.219,0.095,6.64,7.339,22.72,0.002,2.0,0.696,15.82,0.002,0.089,0.0,31.615,33.89,31.428,61.92,26.402003245486355,0.02025,27.170720801177957,0.02225,0.0016847826086774,0.9883086037077594,0.0024999999999977,0.9860906408161436,0.9306878447532654,0.8888359144330025,656.41,0.03,625.28,0.02,0.994,22.72,0.14,15.82,0.1,24.87,0.34,18.77,0.28,26.69,0.09,30.14,0.09,0.928913,0.02,0.892971,0.03,2.0,9.0,645.6305357438321,0.4,652.6540428705426,0.4,6.0,0.0,0.0,871.0,55.598,0.132,0.0,36.53928122790782,0.3,32.715984969976354,0.3,38.45652163037854,0.3,34.91161985529913,0.3,1.0,3.0,0.0
chr9-99144765-99144766-CA-C,TWJF-5120-07,1,6.473,7.309,5.563,13.53,4.105,677.29,1.8,2.0,5.869,3974.84,1.6,0.131,0.0,2168.654,392.82,3974.84,704.22,2168.654120599658,6.4726250000000025,1571.5792435325716,5.563250000000003,5.788070652173886,0.0430513651746434,4.519266304347795,0.0571178412039873,0.0103251226246356,0.0060093477368354,677.29,32.99,3974.84,65.18,1.833,2168.654,-3.1525683018654216,3974.84,-3.2146226798192377,32194.94,49.0,31599.64,48.0,12515.96,13.0,9097.55,8.3,0.003022,6.1,0.005602,4.8,0.0,9.0,2122.6127229763083,1.8,1989.193095131647,1.6,9.0,0.0,0.0,807.0,61.272,0.067,0.0,2168.654,3.325230728954257,3974.84,5.142160861648956,2168.654,2.078746124183163,3974.84,5.0234552033715865,1.0,0.0,0.0
chrX-49213826-49213827-C-T,TWJF-10146-MO011-0021,0,0.71,13.0,0.38,25.0,0.0,31.89,0.024,2.0,0.41,13.06,0.064,0.063,0.0,111.267,48.185,43.275,166.36,35.02971756042118,0.2706249999999999,36.041258414132784,0.2796249999999999,0.0240489130435008,0.966782123133793,0.0643206521739188,0.938797474647269,0.706953801214695,0.5337488390505314,166.87,1.64,43.88,0.72,0.389,76.35,0.68,42.67,0.45,31.89,0.74,13.06,0.19,78.89,0.66,34.09,0.31,0.575751,0.18,0.673414,0.12,4.0,10.0,178.1585346905188,1.9,141.94766797100098,1.6,9.0,0.0,0.0,2.0,0.19,0.0,0.0,144.51402594550552,2.6,59.55387156691003,1.1,143.6448301065243,2.6,59.05953183640393,1.0,1.0,3.0,0.0
chr3-14496425-14496426-C-G,TWJF-10146-MO011-0021,0,0.936,32.0,0.23,26.0,0.0,133.484,0.705,2.0,0.401,53.544,0.138,0.072,0.0,834.6,97.815,124.52,71.12,133.48410637205535,0.7048749999999998,53.54382912695037,0.18725,0.9356793478259532,0.4492126574411897,0.1383423913043628,0.8890066026508431,0.063880963018164,0.4587711989879608,1418.12,8.110000000000001,1140.25,7.22,0.149,834.6,-0.3543132038347942,124.52,-0.2693944711169325,371.49,3.0,55.96,0.88,834.6,0.75,124.52,0.23,0.062633,0.87,0.4194,0.15,3.0,9.0,1967.7864831100464,5.8,1391.9092882313646,3.2,8.0,0.0,0.0,8.0,0.458,0.0,0.0,834.6,7.560913401394678,124.52,6.243710683263694,834.6,8.744280959433208,124.52,6.444275902966783,1.0,3.0,0.0
chr8-144436857-144436858-C-T,TWJF-10146-MD017-0016,0,4.398,1.76,8.4,10.7,13.319,1946.87,2.6,2.0,3.608,7025.033,6.2,0.148,0.0,3454.017,54.46,7025.033,544.12,1946.8701825189844,3.0894999999999992,7025.033299144324,6.075875000000003,3.2967934782607813,0.0843859407007615,9.494239130434764,0.0253432613695413,0.1834020167589187,0.1780651323497295,9179.07,22.66,11980.52,26.88,2.034,3454.017,3.130818204432994,7025.033,4.407395929634633,2481.82,7.0,5344.22,13.0,10506.28,4.5,18960.85,8.4,0.002496,4.4,0.001554,5.2,0.0,10.0,3454.0165428148343,2.6,5805.9724867553105,6.2,1.0,0.0,0.0,549.0,38.943,0.342,0.0,3454.017,7.548967572387453,7025.033,10.128404227898526,3454.017,7.290239189778648,7025.033,11.03183715253122,1.0,3.0,0.0
chr16-50711027-50711028-C-T,mcdb048,0,2.59,4.6,2.825,0.24,0.0,502.944,0.5,2.0,1.265,636.092,0.7,0.059,0.0,2206.71,101.4,3446.84,33.755,4864.905708513884,2.880125,5047.932896406731,2.94925,2.9511413043477432,0.0988853809184365,3.0595108695651447,0.0940682131753654,0.4841575399041176,0.4786746315658092,4334.71,6.34,5625.53,7.79,1.562,1831.43,2.3,3560.99,3.9,1269.61,1.4,1884.44,2.1,2581.99,2.1,3332.69,2.7,0.019533,4.0,0.040398,2.4,0.0,10.0,3416.846299147091,2.9,4676.226873485467,4.9,8.0,8.0,1.0,2.0,0.924,0.0,0.0,613.2252091299456,0.7,947.5889768449208,1.5,502.944426763935,0.5,636.0920972863909,0.7,1.0,3.0,1.0
chr12-52951766-52951767-G-T,mcdb044,0,13.0,1.5,15.005,1.19,0.0,243.316,1.9,2.0,1.663,404.734,3.4,0.076,0.0,6723.034,147.13,9959.664,129.4,20962.25234392945,19.43325,21287.052855117752,20.27262499999999,62.74467391304348,0.0048309636306193,62.74467391304348,0.0048596357500688,0.0038576275110244,0.0097595043480396,26820.02,16.89,24643.34,13.01,1.481,6690.52,1.9,11254.96,3.4,5411.67,6.6,8163.8,12.0,12228.7,4.2,12816.49,4.6,0.000829,6.2,0.00053,7.8,0.0,9.0,6755.547524396056,24.0,8664.36747969986,30.0,7.0,0.0,0.0,13.0,4.583,0.0,0.0,243.31562560732368,12.0,404.7342896679538,17.0,315.26081939744034,14.0,523.2027283000295,21.0,1.0,3.0,0.0
chr16-81365387-81365388-A-G,mcdb048,0,4.05,2.09,1.658,1.35,0.0,76.59,1.5,2.0,0.231,17.667,0.23,0.075,0.0,8413.42,246.03,3498.445,189.37,16570.401505460406,13.733375,7899.934727857969,6.951625000000003,4.519266304347795,0.0572282676475071,1.5159510869564343,0.262167523730223,0.6532742828130722,0.9493346884846688,34037.54,46.25,32869.9,38.6,0.416,5101.9,1.5,880.89,0.23,20926.8,29.0,7169.76,8.9,11724.94,4.0,6116.0,1.8,0.003422,2.8,0.021435,0.88,0.0,9.0,1050.6007652110409,2.0,735.1427907623246,1.1,1.0,1.0,1.0,2.0,25.819,0.0,0.0,76.58963502999589,3.9,17.66729252905393,0.8,80.66218832046007,4.1,37.55519315513626,2.0,6.0,3.0,1.0
chr15-43058400-43058401-G-C,mcdb041_new,0,0.15,7.3,0.095,8.3,1.656,29.67,0.02,2.0,0.919,27.27,0.02,0.068,0.0,144.037,139.1,126.919,106.3,49.62294841150376,0.076625,49.640978575155806,0.076625,0.1871739130434804,0.8582803655711868,0.0861141304347796,0.9237846808488732,0.3588815554976463,0.5550839006900787,1013.34,0.1399999999999999,797.75,0.09,0.881,29.67,0.02,27.27,0.02,60.71,0.09,69.88,0.1,33.49,0.03,49.87,0.05,0.654442,0.16,0.694104,0.15,6.0,9.0,384.09044412331593,0.3,423.3740473427198,0.4,4.0,0.0,0.0,403.0,35.227,0.047,0.0,300.9469872470741,0.5,252.6329538574823,0.4,227.36310939938156,0.4,183.95855943948567,0.3,1.0,3.0,0.0
chr10-98434016-98434017-C-A,TWJF-5120-11,1,2.145,0.36,2.905,1.17,7.247,175.263,1.292,2.0,2.812,492.822,1.873,0.061,0.0,266.642,36.1,487.796,81.29,338.57574789725777,1.2919999999999994,822.3891386003478,1.8732500000000003,1.7432065217390402,0.2157271431152402,2.5035597826086047,0.1260892564595805,0.0122185759246349,0.0734931081533432,261.02,1.99,482.77,2.6100000000000003,1.829,306.23,1.7,309.32,1.7,184.04,2.3,382.02,3.2,222.6,1.5,343.14,1.8,0.057143,3.3,0.039321,4.0,2.0,10.0,4382.296453477993,6.1,5210.570464861065,7.5,8.0,0.0,0.0,921.0,95.352,0.076,0.0,272.2638616285221,3.6,666.7914155971177,5.9,175.2629026226897,2.5,492.8219014228696,5.1,1.0,3.0,0.0
chr8-144440436-144440437-C-T,TWJF-10146-MD017-0016,1,1.545,0.08,12.0,0.28,11.683,48.113,0.149,2.0,5.456,262.526,1.436,0.157,0.0,708.641,14.99,4096.666,28.3,48.11289021061408,0.1495,262.5258467941021,1.4937500000000008,0.4933152173912845,0.6684953920533827,1.4358423913042344,0.2805678303929445,0.0395856313407421,0.0410432033240795,544.33,2.14,4625.36,12.36,5.781,1680.54,0.52,9399.02,2.8,763.52,3.3,5530.06,12.0,1858.86,0.95,18380.71,12.0,0.199987,0.51,0.007649,4.5,2.0,9.0,1864.1597343160688,4.1,3567.971061190687,13.0,1.0,0.0,0.0,333.0,38.943,0.3,0.0,653.7624914109116,26.0,923.4640643840244,31.0,505.60341658108626,23.0,1056.3552620094472,33.0,1.0,3.0,0.0
chr10-91981739-91981740-C-G,mcdb045,0,1.036,8.6,1.3,3.3,6.031,87.7,0.42,2.0,1.999,175.29,0.47,0.059,0.0,339.162,22.185,494.844,10.16,869.4247938142134,0.9727499999999996,1745.3824761722055,1.3322500000000008,3.0137228260868767,0.0958534322749575,4.968641304347784,0.0516588158281255,0.0016590692102909,0.0047824829816818,1444.68,1.54,1514.6,1.59,1.459,228.65,0.53,519.61,0.98,87.7,0.46,175.29,0.7,283.61,0.42,341.43,0.47,0.008496,3.2,0.025618,1.8,1.0,9.0,537.157411716568,1.2,638.6826117731563,1.3,5.0,5.0,1.0,247.0,105.808,0.057,0.0,290.02137017998314,0.9,397.58500817788615,1.2,388.30233310358693,1.1,470.0780797085002,1.3,1.0,3.0,1.0
chr3-122806907-122806908-G-C,TWJF-10146-MO011-0021,0,0.6,2.9,0.57,3.81,2.918,18.1,0.09,2.0,1.007,18.22,0.054,0.084,0.0,28.595,25.22,28.388,31.82,19.145528723170017,0.09,16.151977364648744,0.05425,0.1930434782608614,0.8541161029876602,0.1947010869565133,0.853288834000359,0.0878554256632924,0.039304414705839,36.74,0.63,35.2,0.61,0.993,18.1,0.21,18.22,0.21,37.11,1.6,34.4,1.5,20.85,0.19,16.02,0.15,0.302068,0.57,0.316909,0.54,6.0,9.0,26.24756025081029,0.7,24.59773516374352,0.6,8.0,0.0,0.0,1228.0,22.445,0.13,0.0,30.94211529213034,1.0,32.177329665694046,1.1,33.648832478264175,1.1,34.83132535778066,1.1,1.0,3.0,0.0
chr11-78814364-78814365-T-C,TWJF-5120-06,0,37.5,15.71,17.5,27.96,15.907,1592.465,6.497,2.0,1.127,1795.023,2.493,0.174,0.0,9716.866,180.4,6627.23,512.93,9131.760455041916,6.496875,1591.0048169638917,2.492999999999999,22.19230978260869,0.0107125616825214,3.5626902173912214,0.0765115773804623,0.0024835690855979,0.0978775098919868,6081.64,95.12,6000.57,40.56,0.682,36187.23,83.0,34049.04,73.0,35367.39,63.0,14963.56,8.4,32755.02,43.0,24309.92,22.0,0.000295,32.0,0.009156,6.6,0.0,11.0,10301.972439723151,18.0,7054.340745605158,13.0,11.0,6.0,0.0,114.0,46.512,0.342,0.0,6200.118642087248,49.0,6200.118642087248,49.0,1592.4653814601018,20.0,1795.0229270293903,22.0,5.0,3.0,3.0
chr21-36278028-36278029-G-C,TWJF-10146-MD017-0016,1,0.33,0.28,0.16,0.42,15.38,47.937,0.07,2.0,0.795,38.109,0.03,0.114,0.0,223.67,33.49,69.47,41.79,47.9371689396146,0.138,38.10930437011262,0.057625,0.1480163043478342,0.8829123213515042,0.0918750000000017,0.9194812773093896,0.4113529585301876,0.4656632617115974,223.67,2.48,266.6,2.8400000000000003,0.311,223.67,0.3192792097268357,69.47,-0.0893272855952505,178.87,2.1,69.47,1.2,233.65,0.33,68.93,0.16,0.594587,0.07,0.761916,0.03,6.0,9.0,1422.3578464915408,3.3,1407.051206502568,3.3,3.0,0.0,0.0,509.0,62.018,0.248,0.0,223.67,7.289730546250664,69.47,7.123104209265907,223.67,7.312008451392855,69.47,7.205902353109538,1.0,3.0,0.0
chr1-37552705-37552706-C-T,mcdb048,0,1.699,50.0,2.446,80.0,0.0,26.618,0.2,2.0,1.888,50.254,0.2,0.051,0.0,1758.972,6644.43,2113.808,8051.33,461.76329243007183,1.4985000000000004,547.5851396459054,1.6572500000000006,2.059347826086878,0.1685168438508603,2.2920108695651606,0.143313600801323,0.0110831223355489,0.0036557275052473,39076.81,94.39,39378.39,96.4,1.202,3056.18,0.74,3680.03,0.91,7486.88,9.3,8758.62,12.0,9714.37,3.1,10082.63,3.3,0.026754,0.75,0.021941,0.87,0.0,9.0,192.1761205734247,0.2,178.1585346905188,0.2,3.0,0.0,0.0,5.0,17.789,0.0,0.0,26.617667764660887,1.4,50.25392647279903,2.6,36.363861919732514,1.9,57.63283720817994,3.0,1.0,3.0,0.0
chr10-98209608-98209609-G-A,mcdb046,0,2.05,2.54,1.662,1.32,8.218,25.131,0.57,2.0,0.516,12.978,0.4,0.247,0.0,296.64,108.15,199.476,49.74,189.67919229557168,1.3330000000000006,170.00233684887166,1.2235000000000005,1.2692391304346842,0.3277415464137512,1.1819565217390249,0.35493114401524,0.0149063616991043,0.0190327614545822,4133.87,66.07,1023.73,39.22,0.672,2554.07,1.6,1607.76,1.2,215.3,2.5,164.27,2.1,377.98,0.57,228.95,0.4,0.030618,1.4,0.05238,0.88,2.0,9.0,6062.766657073005,17.0,4989.871863860996,13.0,9.0,0.0,0.0,106.0,15.023,0.547,0.0,25.131013299866787,34.0,12.978066644445336,15.0,53.50938998736264,76.0,26.450263324899716,36.0,2.0,3.0,0.0
chr6-27147186-27147187-C-T,TWJF-10146-MO011-0020,0,0.947,4.35,1.515,48.0,154.981,106.947,0.07,2.0,1.306,139.692,0.28,0.218,0.0,170.141,17.835,526.815,628.095,124.55245964109471,0.7198749999999999,147.40954965452778,0.886375,0.9735054347824814,0.4332956567425273,0.9296739130433592,0.4522136722529686,0.0266193188726902,0.094550147652626,116.03,18.98,120.44,19.47,3.096,365.32,0.08,2564.4,0.5,464.16,0.92,1262.76,2.1,215.73,0.07,884.73,0.28,0.089174,0.4,0.04318,0.8,5.0,9.0,3099.8074179973237,6.4,5044.1543035179475,13.0,1.0,0.0,0.0,1701.0,653.929,0.237,0.0,106.9473431407078,4.2,139.69150617343914,6.3,112.10629504858252,4.5,168.9001362842105,8.7,6.0,3.0,0.0
chr11-27501855-27501855-G-GT,mcdb045,1,0.575,16.44,1.55,21.097526698459315,1.513,43.818,0.03,2.0,1.43,62.662,0.19,0.145,0.0,1127.366,194.43,2536.912,655.9410363420014,43.81799481786804,0.036,62.66191337110956,0.15675,0.0931521739130403,0.9186845146156536,0.0601358695652436,0.9416759631674548,0.5009569898247719,0.7000742554664612,678.74,0.06,2163.96,0.35,2.25,5312.41,4.5,14298.63,9.8,307.68,0.62,1283.42,1.4,1169.47,0.53,4790.01,1.7,0.925098,0.03,0.596283,0.19,1.0,11.0,1085.26206538749,0.7,2240.6066112583476,1.7,8.0,0.0,0.0,145.0,31.513,0.048,0.0,6920.062230771727,16.0,2904.7582911432805,4.4,2250.505092457623,2.9,2833.2180502670867,4.3,1.0,0.0,0.0
chr2-63404524-63404525-C-G,TWJF-5120-11,0,1.065,6.71,1.035,8.16,0.904,52.584,0.466,2.0,0.982,51.624,0.673,0.06,0.0,79.07,22.95,97.705,25.97,68.90942115973502,0.4657499999999997,105.2506780752766,0.6729999999999995,0.6095380434781958,0.6026894044331607,0.8422010869564218,0.489862673863724,0.0577442348003387,0.0447939187288284,83.37,1.13,75.69,1.0699999999999998,1.236,74.77,0.61,90.16,0.7,125.34,1.7,159.89,1.9,166.66,1.3,327.64,1.8,0.132854,2.2,0.071954,3.0,4.0,9.0,1318.6091434272448,4.2,1407.051206502568,4.5,6.0,3.0,0.0,172.0,9.723,0.093,0.0,57.741757702986085,1.0,60.32398176565796,1.0,52.5835617834669,1.0,51.62380361758289,1.0,1.0,3.0,2.0
chr5-170248715-170248716-T-G,TWJF-5120-06,0,14.0,7.87,18.0,12.37,0.0,228.11,6.479,2.0,2.422,552.5,16.769,0.136,0.0,5115.48,68.31,10544.999,124.73,2432.3991047713766,7.828250000000003,10544.99878341351,16.769125000000006,6.479157608695644,0.0389198471221338,24.57923913043477,0.0096173656855323,0.0121017023921012,0.0111938305199146,228.11,19.72,552.5,30.15,2.061,5115.48,7.890838160202073,10544.999,11.516201467051255,5115.48,14.0,7750.67,18.0,19656.67,16.0,20810.96,17.0,0.001981,7.5,0.000854,11.0,2.0,8.0,18279.56236288107,25.0,22209.93328550318,30.0,4.0,0.0,0.0,584.0,59.2,0.0,0.0,5115.48,19.019833772658092,10544.999,24.590505823807803,5115.48,20.167156902273614,10544.999,26.40286017728132,1.0,3.0,0.0
chr17-58270846-58270847-C-T,mcdb041_new,0,0.33,0.08,0.3,0.26,0.34,32.939,0.16,2.0,1.0,32.939,0.08,0.082,0.0,81.51,27.08,52.16,44.55,163.93056019152422,0.4017499999999996,180.32217861315277,0.4279999999999996,0.8087499999998755,0.505762650143398,0.9455163043477056,0.4451597741794993,0.1844188757240772,0.1418182738125324,40.54,0.16,17.75,0.08,0.64,71.8,0.21,41.39,0.13,93.59,0.36,74.97,0.3,91.22,0.18,62.93,0.14,0.301652,0.29,0.333086,0.26,3.0,10.0,666.9311044693874,0.5,525.6584286822485,0.5,7.0,0.0,0.0,25.0,0.425,0.8,0.0,32.93896888670485,0.3,32.93896888670485,0.3,43.93999467973349,0.4,40.53778360085441,0.4,1.0,3.0,0.0
chr1-201648728-201648729-G-A,TWJF-5120-05,0,4.801,0.08,6.75,0.14,0.0,1822.72,3.0,2.0,1.472,2683.614,4.1,0.102,0.0,5955.73,116.16,7157.365,145.46,17682.03123028803,4.590249999999998,19818.82453236592,5.3035000000000005,46.22467391304348,0.0056438780959848,46.22467391304348,0.005043696074836,0.0013261325657367,0.0006985366344451,6111.45,79.10000000000001,6119.95,86.38,1.202,5800.01,4.8,8194.78,6.2,10757.62,5.2,10815.98,5.2,13736.33,4.5,19661.56,7.3,0.000277,14.0,0.000113,20.0,0.0,9.0,2443.1907368579537,4.8,3416.846299147091,7.4,9.0,0.0,0.0,42.0,15.573,0.0,0.0,3217.2884510384383,4.8,3585.006933979934,5.2,1822.720172290968,3.0,2683.613698100313,4.1,5.0,3.0,0.0
chr2-124504408-124504409-T-C,mcdb045,0,2.8,7.52,8.57,11.43,0.0,98.086,0.374,2.0,3.587,351.822,1.058,0.093,0.0,1449.351,64.69,6468.07,111.32,98.0860417928458,0.6117500000000001,351.8224927628991,1.7870000000000004,0.37358695652172,0.7401897056120332,1.0576086956520356,0.3999348561842277,0.3328075185418129,0.2728889584541321,137.12,0.61,3281.71,9.14,4.463,7216.85,2.1,19751.97,8.0,2635.42,7.0,9654.43,17.0,7536.21,3.5,14568.17,7.5,0.085241,1.1,0.039729,1.9,1.0,9.0,8571.126278780523,34.0,17888.249922801653,58.0,9.0,0.0,0.0,0.0,0.022,0.0,0.0,263.28129169422544,15.0,2368.208851410594,46.0,248.20469940932105,15.0,2181.7751956403445,45.0,1.0,3.0,0.0
chr2-47839678-47839679-G-A,TWJF-10146-MO011-0029,1,0.73,0.43,17.5,1.99,26.133,18.08,0.08,2.0,3.324,60.09,12.0,0.422,0.0,1290.985,40.1,18483.924,126.63,796.7675682643657,2.348875000000001,24314.63769743578,56.17599999999999,2.708288043478205,0.1111468359954264,62.74467391304348,0.0043724197072467,0.0243610255420207,0.0162696316838264,18.08,0.19,60.09,0.6,14.318,2606.53,0.83,30848.97,21.0,113.1,0.08,12653.21,12.0,2275.45,0.51,27462.26,17.0,0.082185,0.66,0.000205,18.0,1.0,8.0,1785.2014996700302,0.8,3807.2828566667704,2.9,8.0,0.0,0.0,477.0,71.208,0.367,0.0,1290.985,2.3542434093203997,18483.924,24.47515258348787,1290.985,1.5002948150394737,18483.924,22.458182604577885,1.0,3.0,0.0
chr12-25245349-25245350-C-A,TWJF-10146-MO011-0020,1,1.25,2.68,2.75,8.4,7.39,52.254,0.369,2.0,2.132,111.387,0.649,0.411,0.0,151.779,15.3,355.644,46.2,52.25439954495262,0.3689999999999997,111.38733737335644,0.6493749999999995,0.4133967391304338,0.7157106610003714,0.9431521739129208,0.4460718695312182,0.124970905482769,0.0106078758835792,3331.18,0.41,5602.18,69.78999999999999,2.343,300.18,2.1,506.91,2.8,147.43,2.2,638.68,4.0,174.89,1.2,346.13,1.9,0.051498,2.1,0.012394,4.5,3.0,10.0,53.03004450436092,0.7,84.44573144366122,1.2,8.0,0.0,0.0,490.0,18.201,0.406,0.0,156.12771368448506,1.9,365.1573107520195,3.6,102.75903093107507,1.3,245.9348078402906,2.7,1.0,3.0,0.0
chr12-48833300-48833301-C-A,TWJF-5120-06,1,0.83,14.15,0.885,11.88,64.008,53.972,0.253,2.0,1.041,56.191,0.265,0.151,0.0,106.042,360.08,116.734,282.5,53.97195373037394,0.253125,56.19101343937091,0.264875,0.5491304347825547,0.6357379413807267,0.5470923913043038,0.6375343361062803,0.0303003787994384,0.0435569770634174,190.89,1.4500000000000002,177.66,1.4,1.101,101.21,0.64,106.46,0.67,59.09,0.57,60.06,0.57,170.82,0.66,175.03,0.66,0.070664,1.7,0.08168,1.6,4.0,10.0,1437.8310001273976,1.7,1362.1125453370685,1.6,7.0,0.0,0.0,1187.0,164.968,0.388,0.0,88.07446220531403,1.0,102.52977397953656,1.1,110.87407254307162,1.2,127.00768496885972,1.3,1.0,3.0,0.0
chr3-10063866-10063867-T-A,TWJF-10146-MO011-0020,0,0.535,9.6,0.51,16.0,0.0,27.26,0.07,2.0,0.85,23.18,0.2,0.111,0.0,57.324,33.215,62.139,62.385,55.96948570172053,0.3903749999999997,64.36195964203509,0.4404999999999997,0.2102445652173799,0.8431003942637101,0.2499184782608381,0.818305535369928,0.3581199385225773,0.3465723358094692,737.28,0.0699999999999999,1426.83,0.2,1.084,75.92,0.68,68.64,0.62,27.26,0.66,23.18,0.58,46.69,0.41,42.22,0.38,0.811064,0.08,0.590008,0.21,5.0,10.0,50.78390721248267,0.7,43.645606367334146,0.6,7.0,0.0,0.0,207.0,28.251,0.0,0.0,58.67863464866632,0.9,60.18385465720722,0.9,60.78830026387489,0.9,64.09438725212695,1.0,1.0,3.0,0.0
chr12-100622291-100622292-G-C,JLF-100-042,1,21.43,2.86,9.901,9.17,10.907,820.087,2.2,2.0,0.962,788.606,2.1,0.248,0.0,13215.775,187.17,9500.335,529.66,22156.24913531103,12.02075,14407.534306816651,6.801374999999998,62.74467391304348,0.004768728,31.64317934782608,0.008000648,0.01538365,0.044397821,9365.17,30.84,7827.85,22.26,0.719,17066.38,6.3,14364.38,4.4,18679.43,36.0,11172.82,15.0,30128.55,36.0,19938.78,15.0,0.000191,32.0,0.00165,13.0,1.0,9.0,3066.448979894378,9.5,2054.8203260098107,5.0,8.0,0.0,0.0,30.0,19.237,0.567,0.0,836.8160474896713,2.3,808.4068782,2.2,820.0871368563784,2.2,788.6058601455976,2.1,1.0,3.0,0.0
chr8-78736512-78736513-T-G,mcdb046,0,1.95,3.91,2.35,6.62,1.577,42.33,0.75,2.0,1.205,51.0,0.9,0.172,0.0,1237.174,197.35,1475.261,437.16,485.1547049593036,1.1141249999999996,747.2225378665864,1.3551249999999997,0.9226086956520448,0.4547311403145711,1.3074184782608,0.3165585129267713,0.4244661070406437,0.3768314830958843,42.33,0.75,51.0,0.8999999999999999,1.192,7902.12,9.8,7902.12,9.8,363.86,2.4,588.9,3.0,2002.32,3.1,2203.3,3.3,0.105387,1.6,0.094024,1.7,2.0,11.0,1989.193095131647,2.3,2469.769045352091,3.2,7.0,0.0,0.0,51.0,10.047,0.157,0.0,1237.174,7.78077934132392,1475.261,8.13463101785052,1237.174,8.143015359565496,1475.261,8.083703904529184,1.0,3.0,0.0
chr10-87961075-87961079-CAAAT-C,TWJF-10146-MO011-0024,1,0.43,0.06,7.645638125738699,3.609271029283863,35.824,6.43,0.03,2.0,107.26800824777018,3019.222877676566,4.490287923947209,0.685,0.0,125.321,14.44,3904.372437931897,145.7459084293817,138.97292633731456,0.816124999999999,4387.059287915932,5.565478510341011,0.3199456521738852,0.7732569128783495,10.524196362557984,0.5554290719909791,0.4792949594557285,0.3702366399761181,7.46,0.1,3601.7692462482382,10.209452182740172,15.09824568462767,239.95,1.5,4927.5087431502925,7.281496218588416,6.43,0.03,4630.957150673513,9.632206576299964,111.67,0.91,5245.920143219698,8.019902208010043,0.558305,0.54,0.449758172896932,7.775555270775166,21.0,8.0,260.17800677216036,0.2,3407.3438377633297,7.945567536494333,1.0,0.0,0.0,1922.0,111.602,0.321,0.0,125.321,4.622035378285743,5898.077450686926,12.3354621411763,125.321,4.577844930784572,6575.397892012881,13.130902714991334,1.0,0.0,0.0
chr17-48614449-48614450-G-C,mcdb045,0,8.1,42.0,6.35,36.0,0.0,3185.444,2.877,2.0,0.931,2965.992,2.262,0.053,0.0,6868.295,200.49,4775.397,162.935,7541.200966866587,2.8767500000000013,5168.497333370058,2.261750000000002,11.115788043478249,0.0211831615429062,3.996902173913,0.0661818764735441,0.1456482671201229,0.3772073984146118,29033.68,26.69,23764.33,17.89,0.695,12176.29,8.6,8662.68,6.4,6195.39,6.8,4265.35,5.1,21254.25,14.0,17657.87,9.9,0.002623,5.5,0.004634,4.3,0.0,9.0,5099.027255984747,14.0,4382.296453477993,12.0,1.0,0.0,0.0,0.0,0.373,0.0,0.0,3753.444512185613,7.6,3329.890864836361,6.9,3185.4441862839944,6.7,2965.992168712238,6.3,2.0,3.0,0.0
chr15-60005494-60005495-C-T,TWJF-10146-MO011-0020,0,0.145,0.89,1.2,1.98,0.0,8.99,0.008,2.0,34.597,311.03,0.185,0.207,0.0,28.969,33.38,321.828,79.11,43.77178809384933,0.08325,332.6254238402434,0.7223750000000002,0.0084239130434866,0.9791458172602332,0.1854891304347603,0.8598129091943585,0.9032867848873138,0.8847860395908356,4237.28,2.06,4366.74,2.32,11.109,19.3,0.06,125.91,0.28,8.99,0.19,311.03,2.4,31.11,0.07,1910.14,1.3,0.748933,0.1,0.086054,1.2,4.0,9.0,446.9089812017916,1.1,1196.2593708868835,3.6,9.0,0.0,0.0,0.0,0.003,0.0,0.0,26.827487426766268,0.5,79.35604225462949,1.2,18.307961901578764,0.4,65.10884631369207,1.1,1.0,3.0,0.0
chr19-4217567-4217568-C-T,TWJF-10146-MO011-0021,1,0.53,1.23,0.37,60.67,0.776,12.045,0.16,2.0,0.414,4.987,0.1,0.146,0.0,358.414,80.65,225.927,10128.15,185.1593926486279,0.6804999999999999,150.54155916329412,0.5399999999999999,0.9296739130433592,0.4516968090899813,0.8492119565216427,0.486840431292354,0.1565558002330362,0.1396310902200639,3489.22,9.2,8484.72,17.28,0.63,439.2,0.16,213.25,0.1,1269.61,1.6,474.31,0.65,2933.83,0.66,2439.34,0.54,0.254754,0.21,0.352879,0.13,1.0,9.0,277.6287273290855,0.2,238.6046055607708,0.2,4.0,0.0,0.0,162.0,5.703,0.136,0.0,12.045088630953936,0.3,4.986662776389762,0.2,19.978827631470615,0.4,7.701405663466831,0.2,1.0,3.0,0.0
chr20-33040305-33040306-C-A,TWJF-10146-MO011-0026,0,0.384,0.51,0.14,0.18,0.0,25.35,0.07,2.0,1.381,35.01,0.1,0.143,0.0,52.49,47.38,101.87,26.88,40.75517606809803,0.076625,46.1536955644607,0.1225,0.3836956521738983,0.7338712489880004,0.1168206521739136,0.9033035873692806,0.0824763005366548,0.4614787437021732,342.39,3.42,751.48,5.680000000000001,1.941,52.49,0.3815734512432363,101.87,0.1902969458360757,52.49,0.87,101.87,1.5,25.35,0.07,35.01,0.1,0.578691,0.08,0.450368,0.14,8.0,9.0,461.6533511488992,0.4,531.3768163911138,0.5,3.0,0.0,0.0,0.0,0.0,0.0,0.0,52.49,6.74762196978365,101.87,6.479745393219055,52.49,6.3563952287326595,101.87,6.476043090009574,1.0,3.0,0.0
chr11-5709110-5709111-G-C,TWJF-10146-MO011-0021,0,1.304,3.64,2.415,3.87,0.238,123.4,0.2,2.0,2.669,329.39,0.56,0.063,0.0,218.748,30.59,359.84,32.31,159.0902442937569,0.382,345.2153884668956,0.6561249999999998,1.078097826086804,0.3922233727141872,1.6983695652173054,0.2238482280764913,0.0458879717043601,0.0309367007575929,123.4,1.53,329.39,2.33,1.645,166.45,0.49,333.77,0.71,367.82,3.3,850.76,5.1,168.98,0.75,784.26,2.5,0.436713,0.2,0.252225,0.56,2.0,9.0,3202.0759094759173,7.8,3725.7799675308625,9.7,5.0,0.0,0.0,1136.0,59.443,0.004,0.0,268.51589550424967,3.7,276.67505184553016,3.8,320.19164842056244,4.5,374.4639378374968,5.2,1.0,3.0,0.0
chr8-144052005-144052006-C-G,TWJF-5120-06,1,0.265,0.44,0.44,1.89,1.272,37.92,0.02,2.0,2.999,113.71,0.13,0.065,0.0,272.727,16.22,519.275,41.77,101.56379470261083,0.322625,115.871370366351,0.389,0.7881249999998801,0.5161103072397903,0.8492119565216427,0.4865691009187914,0.0646863766014576,0.0674613043665885,53.09,0.5499999999999999,79.12,0.76,1.904,470.38,0.17,3581.55,1.2,37.92,0.02,113.71,0.13,443.89,0.1,1874.09,0.41,0.229676,0.23,0.117037,0.47,2.0,11.0,837.065307307968,0.3,922.6778027608818,0.3,5.0,0.0,0.0,140.0,25.43,0.05,0.0,272.727,5.923649174137706,519.275,7.917151439221663,272.727,5.521020133160678,519.275,7.074437020626245,1.0,3.0,0.0
chr20-63563894-63563895-C-T,mcdb046,1,1.65,1.1,3.55,18.0,11.406,135.925,0.51,2.0,10.668,1450.012,1.548,0.153,0.0,601.376,16.615,2203.302,311.605,135.92508355363128,0.509625,1450.012020662915,1.547874999999999,0.91285326086944,0.4591163597310931,4.047907608695596,0.0655645170731004,0.0801478177309036,0.0254303514957427,5414.0,2.01,5646.86,69.14,3.664,438.25,1.5,2980.45,5.5,497.98,1.8,3167.62,3.7,541.51,0.97,2762.99,2.8,0.31843,0.62,0.080377,1.7,2.0,9.0,666.9311044693874,2.0,953.1186832043844,3.0,3.0,0.0,0.0,67.0,63.718,0.179,0.0,763.4841051830989,2.5,1643.6146363905546,3.9,661.2413440985416,2.3,1378.3515533004058,3.4,1.0,3.0,0.0
chr14-67805586-67805589-GTCT-G,TWJF-10146-MO011-0021,0,0.895,15.0,23.0,15.0,7.422,36.413,0.04,2.0,358.252,13045.143,6.936,0.139,0.0,80.465,34.6,7525.485,44.785,36.41327350588035,0.2826249999999999,13045.14280030754,6.935874999999999,0.0396467391304469,0.9553638004434292,18.61798913043478,0.012326323367822,0.6307239662855864,0.1405206059571355,112.19,1.3,19453.14,40.46,93.525,48.74,0.49,4859.86,12.0,44.12,1.8,10191.11,28.0,40.87,0.37,15386.99,28.0,0.773839,0.08,0.006106,8.8,3.0,9.0,123.3223102423627,3.2,3491.5911438616804,28.0,4.0,0.0,0.0,1210.0,37.484,0.198,1.0,129.28555377332842,4.0,1650.250982549422,23.0,126.4648985596751,4.0,1625.4364706987294,23.0,1.0,1.0,0.0
chr16-2763205-2763206-G-T,TWJF-5120-06,1,0.6,15.24,3.995,28.39,60.16,41.097,0.02,2.0,4.286,176.137,0.64,0.112,0.0,83.382,172.04,2098.405,528.57,41.097254726954354,0.151,176.13735040142643,0.7324999999999999,0.0904347826086962,0.9204762159717808,1.2019836956520606,0.3487506759461518,0.4902060590684414,0.0211056917905807,86.5,0.96,2314.03,3.99,25.166,80.46,0.5,2150.84,4.8,92.58,1.4,3786.74,5.5,67.42,0.32,2045.97,3.0,0.905231,0.02,0.275469,0.64,3.0,9.0,846.1713421466491,2.6,4625.9038683178505,18.0,2.0,0.0,0.0,1778.0,265.023,0.227,0.0,71.49900531600017,0.7,977.9125057212422,4.0,86.30381622721465,0.8,1089.0053165575252,4.2,1.0,3.0,0.0
chrX-154440057-154440058-G-C,mcdb045,0,0.615,18.73,1.36,22.94,0.0,44.986,0.02,2.0,4.623,207.982,0.34,0.066,0.0,365.009,242.17,1248.375,350.17,44.98631560121685,0.07675,207.98199379343072,0.4673749999999995,0.0961956521739182,0.9164216032612688,0.9620652173911992,0.4377613401479635,0.4997261464595794,0.172516044229269,171.14,0.43,1254.32,1.4200000000000002,3.42,964.14,1.5,743.74,1.3,354.15,1.2,1242.43,2.3,47.44,0.12,1362.79,1.3,0.897497,0.02,0.258359,0.34,2.0,9.0,375.8681811436352,0.8,1085.26206538749,2.4,3.0,0.0,0.0,250.0,126.235,0.0,0.0,2154.9142844275098,4.8,1665.0604301225344,3.7,2037.8396124515452,4.5,1528.1641249257098,3.4,1.0,3.0,0.0
chr8-109382518-109382519-C-T,TWJF-5120-11,0,0.799,17.61,14.058,24.92,0.0,15.41,0.2,2.0,2.23,34.37,1.4,0.298,0.0,926.687,112.47,8638.436,160.815,115.46302754355104,0.6526249999999999,5609.891579681303,7.962250000000004,0.7080978260868562,0.5536715645611151,11.115788043478249,0.0210811828652234,0.142592504620552,0.0630326196551323,15.41,0.89,34.37,5.48,9.322,30008.83,18.0,41005.54,44.0,384.09,0.49,11666.98,17.0,4172.28,1.4,29085.62,25.0,0.030954,1.0,9.1e-05,20.0,3.0,11.0,1469.2841137360406,0.2,3975.676359145958,1.4,11.0,0.0,0.0,141.0,9.052,0.0,0.0,926.687,9.965061418287489,8638.436,14.58621535703382,926.687,8.938174454886223,8638.436,12.964452249059043,1.0,3.0,0.0
chr17-9861194-9861195-A-G,TWJF-10146-MO011-0029,0,3.1,1.08,5.0,4.72,0.0,167.714,1.3,2.0,0.867,145.402,3.6,0.158,0.0,2131.389,219.61,3788.21,606.76,1683.7719988882063,4.066500000000002,7744.376144024935,11.988250000000004,4.157119565217343,0.0631025904510167,18.61798913043478,0.012778556484991,0.054903257638216,0.0076759085059165,303.91,1.95,373.91,2.24,1.777,5842.21,2.1,5106.65,1.8,9146.01,8.6,13356.59,14.0,5105.1,1.3,11996.61,3.6,0.008424,3.1,0.002062,6.4,1.0,9.0,2579.005231766049,6.9,2469.769045352091,6.5,9.0,0.0,0.0,0.0,0.0,0.0,0.0,231.1053503481445,3.1,231.1053503481445,3.1,167.7142637418765,2.4,145.40187268506557,2.1,1.0,3.0,0.0
chr9-133652278-133652279-C-T,mcdb044,0,0.575,0.7,11.925,0.33,0.0,3.06,0.13,2.0,6377.085,19513.88,5.7,0.299,0.0,201.428,157.09,18065.64,107.555,11045.059475049622,2.4136249999999984,26210.451443577436,13.87225,11.115788043478249,0.0214574106458703,62.74467391304348,0.0043098657346462,0.2541275694966316,0.032791431993246,3.06,0.24,19513.88,10.85,89.688,210.68,0.45,26635.84,20.0,6.16,0.13,3646.02,5.7,317.49,0.97,16617.4,13.0,0.299953,0.7,0.005621,5.9,3.0,8.0,192.1761205734247,0.2,3529.574501098987,3.7,2.0,0.0,0.0,0.0,0.0,0.0,0.0,201.428,-3.4829839990567835,18065.64,41.38375712960677,201.428,-4.461332926562341,18065.64,31.290437881746456,1.0,3.0,0.0
chr8-96608397-96608398-G-T,TWJF-10146-MO011-0020,0,0.847,1.69,0.915,5.09,0.059,56.587,0.36,2.0,0.968,54.78,0.39,0.204,0.0,171.77,522.97,150.784,1111.49,106.53197234730042,0.6329999999999995,113.55335670557828,0.6524999999999995,0.8930706521738045,0.4678864494553201,0.9296739130433592,0.4514904984117978,0.0232224054634571,0.0220862738788127,2912.53,0.36,3208.91,0.3899999999999999,0.878,1638.24,5.7,1471.21,5.3,190.11,1.7,147.43,1.4,807.12,2.9,536.88,2.3,0.319564,0.51,0.344914,0.46,2.0,11.0,56.586888140945845,0.7,54.779605661940025,0.7,5.0,0.0,0.0,249.0,14.627,0.004,0.0,153.42989929924423,1.2,154.1380995368449,1.2,113.54813357899364,0.8,118.62603100475872,0.9,1.0,3.0,0.0
chr1-11526714-11526715-T-G,mcdb046,0,0.15,0.74,0.425,0.35,0.155,14.1,0.03,2.0,2.287,32.25,0.11,0.084,0.0,25.434,28.03,66.847,15.66,34.488558738818625,0.054125,66.84841253914068,0.260875,0.3787499999999824,0.737599237179175,0.6674456521738392,0.5745442041290119,0.0420599728822708,0.0165464356541633,2148.79,0.29,5399.73,1.94,2.628,14.1,0.03,32.25,0.11,29.73,0.1,66.92,0.32,14.75,0.04,47.84,0.15,0.904913,0.03,0.492833,0.35,4.0,10.0,1050.6007652110409,1.1,2416.898449635213,3.4,1.0,0.0,0.0,1.0,0.155,1.0,0.0,14.86620098528602,0.2,45.310619497855896,0.5,21.138297214766187,0.2,66.84516505625452,0.7,1.0,3.0,0.0
chr9-128169193-128169194-G-A,TWJF-10146-MO011-0021,1,0.427,16.96,0.455,32.1,8.349,26.39,0.06,2.0,1.023,26.99,0.06,0.104,0.0,109.56,926.33,82.785,2510.86,46.03713765630656,0.071875,51.72250872452607,0.092875,0.3941032608695565,0.727531795509627,0.5491304347825547,0.6358491717119168,0.1068272744305431,0.0187486276263371,26.39,0.72,26.99,0.73,0.756,148.86,0.46,85.57,0.3,70.26,0.29,80.0,0.36,47.85,0.25,41.77,0.2,0.645618,0.06,0.649559,0.06,2.0,10.0,1804.6218566100913,0.6,1864.1597343160688,0.6,7.0,0.0,0.0,2193.0,50.297,0.166,0.0,1101.3871367737704,5.9,1523.8422126721832,9.0,543.0252197254551,2.0,1098.5504340105783,5.9,1.0,3.0,0.0
chr16-68234084-68234085-T-C,TWJF-5120-06,1,1.324,0.6,3.304,2.81,39.578,133.121,0.744,2.0,3.385,450.611,1.384,0.159,0.0,256.87,9.58,450.611,24.57,133.12060854459847,1.3242500000000004,450.6107441177625,3.3037500000000013,0.7437499999998778,0.5375148985914338,1.384347826086881,0.2947089132963668,0.1632401794195175,0.2088725790381431,251.27,20.72,97.46,12.12,1.754,256.87,2.51979870366659,450.611,2.0976644465694534,256.87,1.3,372.56,1.8,1955.12,1.3,4462.25,2.6,0.025314,1.9,0.004104,5.3,3.0,11.0,6262.788760577156,4.5,6399.789706012268,4.6,8.0,0.0,0.0,651.0,109.029,0.363,0.0,256.87,8.215891757798396,450.611,7.509623459885268,256.87,8.833185495235362,450.611,9.032156196979876,1.0,3.0,0.0
chr9-69516288-69516289-C-G,TWJF-10146-MO011-0020,0,3.119,6.68,6.08,6.69,0.0,23.968,0.2,2.0,0.995,23.858,0.2,0.203,0.0,1709.713,443.41,2810.271,444.31,840.4198799335063,3.087250000000002,2312.823702821295,5.059250000000003,2.1200543478259988,0.1618303144219517,4.732201086956479,0.054621387136494,0.1617834419012069,0.0987092331051826,25.16,3.15,52.73,9.56,1.644,4878.25,1.2,12154.57,3.6,6128.72,8.7,14023.0,21.0,19646.9,12.0,29942.02,27.0,0.003141,3.9,0.000521,9.5,0.0,9.0,2579.005231766049,5.0,3307.718431318005,7.1,1.0,0.0,0.0,12.0,1.263,0.0,0.0,30.141856645185367,0.4,26.67902782593685,0.3,23.9679008808421,0.2,23.857778379334672,0.2,1.0,3.0,0.0
chr1-85029173-85029174-C-G,TWJF-10146-MO011-0021,0,0.85,3.1,0.746,2.5,0.0,33.96,0.17,2.0,0.793,26.94,0.14,0.051,0.0,102.793,25.175,86.986,16.07,92.09343841985309,0.215375,77.15027729563928,0.170875,0.4769021739130039,0.6775699482668762,0.6714673913042759,0.5720003664105305,0.2294863536953926,0.052956368192099,50.64,1.0,251.87,2.07,0.846,33.96,0.17,26.94,0.14,64.43,1.3,40.03,0.82,155.83,0.7,67.7,0.34,0.35065,0.32,0.417657,0.23,4.0,9.0,2077.173737759784,4.0,2314.5284480795485,4.8,6.0,0.0,0.0,111.0,2.039,0.0,0.0,113.49324146106862,1.8,96.82109723066353,1.6,123.42695077145484,1.8,105.78156793252252,1.7,1.0,3.0,0.0
chr2-108247293-108247294-G-C,TWJF-10146-MO011-0021,0,4.7,15.8,4.7,30.18,0.0,109.485,0.5,2.0,0.917,100.406,0.7,0.054,0.0,831.97,182.06,795.027,596.54,23383.55725130653,16.050249999999995,18345.775462952315,10.314874999999995,46.22467391304348,0.0052323732304552,37.35904891304347,0.0067985355609319,0.0565410703711677,0.0643799100071191,2501.67,7.920000000000001,1755.54,6.38,0.956,3687.32,9.1,1638.29,5.3,156.47,1.3,162.5,1.3,1192.67,4.4,1064.92,4.1,0.017433,5.0,0.016204,5.3,2.0,11.0,109.4845863513817,1.2,100.4063597282922,1.0,6.0,0.0,0.0,9.0,0.0,0.222,0.0,324.578687677049,0.5,376.1144335707112,0.7,471.2702230843011,1.1,525.1338334273921,1.2,2.0,3.0,0.0
chr19-6213066-6213067-C-T,TWJF-10146-MD017-0016,0,40.5,51.0,35.5,46.0,8.722,485.758,12.0,2.0,3.221,1564.66,12.0,0.1,0.0,21186.881,636.185,19318.66,536.03,24713.711424583435,32.785124999999994,24312.945707571507,31.95599999999999,62.74467391304348,0.004326141296766,62.74467391304348,0.0045062664296799,0.0177184902131557,0.0248106563522014,19626.84,66.27,16902.84,53.72,0.912,22746.92,12.0,22907.46,12.0,27725.29,44.0,21734.48,34.0,42983.97,65.0,37261.59,41.0,1.1e-05,49.0,0.0001,26.0,4.0,9.0,9550.532651021753,37.0,9550.532651021753,37.0,9.0,0.0,0.0,1067.0,60.568,0.144,0.0,485.75804275733515,23.0,1564.6600716405765,39.0,707.6361320962897,27.0,563.3911232616063,24.0,1.0,3.0,0.0
chr21-44291163-44291164-G-T,TWJF-10146-MO011-0020,0,0.15,14.0,0.15,13.0,0.0,10.82,0.03,2.0,1.116,12.07,0.04,0.15,0.0,33.597,27.345,36.086,28.56,44.6097914969286,0.06875,45.2669858471802,0.075875,0.3351902173912862,0.7639492869352665,0.362445652173875,0.747547287959364,0.1525367833673954,0.1314308643341064,275.42,0.91,299.26,0.97,1.074,13.89,0.05,13.17,0.04,18.87,0.1,19.81,0.1,10.82,0.03,12.07,0.04,0.516149,0.23,0.40358,0.34,4.0,10.0,72.57584845865718,0.1,62.37442306966185,0.1,4.0,1.0,0.0,2.0,0.062,0.0,0.0,22.584995064966453,0.2,26.90419487247899,0.2,51.00702571476367,0.3,60.90178194753111,0.3,1.0,3.0,2.0
chr3-151338059-151338060-G-C,mcdb041_new,0,4.383,12.0,1.802,15.0,0.092,640.575,0.34,2.0,0.512,327.771,0.16,0.06,0.0,1511.503,166.485,551.47,201.015,2011.4166826339915,4.642750000000003,568.6103560112646,1.8135000000000008,4.585733695652138,0.0567421250716546,1.789619565217322,0.2073138041539966,0.0717761404812336,0.1402931772172451,1011.59,4.18,290.25,1.89,0.365,932.31,0.34,425.37,0.16,2693.07,2.8,1304.42,1.6,3358.46,0.78,1507.22,0.33,0.027181,1.6,0.076514,0.71,0.0,9.0,3890.5686532731647,13.0,2936.5666561709572,8.2,4.0,0.0,0.0,186.0,2.881,0.032,0.0,858.6377928718008,8.3,534.3305433611399,5.9,640.5750217436639,6.7,327.7706029270702,4.1,1.0,3.0,0.0
chr15-43366696-43366697-C-G,mcdb041_new,1,0.34,23.77,3.4,31.04,1.119,52.525,0.046,2.0,3.431,180.225,0.449,0.106,0.0,362.958,373.77,5671.075,631.39,52.52465361536181,0.046125,180.2254501184452,0.4488749999999998,0.1434510869565173,0.8865740434253632,1.111657608695495,0.3793869069925901,0.446593314409256,0.0648212134838104,699.65,1.58,8965.49,9.44,15.625,203.62,0.29,6757.74,5.2,238.6,0.39,3254.47,3.0,149.82,0.15,5051.58,2.1,0.683993,0.1,0.026998,2.2,1.0,10.0,487.3161926794595,0.5,2607.0610014707204,3.8,10.0,0.0,0.0,236.0,9.096,0.123,0.0,633.4174156268604,2.4,6290.570008083477,22.0,995.2449898835156,4.0,6853.777477084189,23.0,1.0,3.0,0.0
chr5-159972022-159972023-G-T,TWJF-10146-MO011-0020,0,1.7,2.73,14.5,9.06,0.0,35.29,0.393,2.0,4.555,160.75,6.49,0.088,0.0,1614.235,169.39,15044.824,661.43,125.8075459419937,0.72925,3876.665185383242,6.490125000000004,0.392527173913038,0.7278874566752265,8.839293478260856,0.027034969252022,0.383329626172781,0.0336050391197204,35.29,5.72,160.75,23.37,9.32,14634.04,4.8,39482.16,38.0,963.49,1.6,22695.78,33.0,2264.98,0.69,20435.22,12.0,0.012749,1.8,0.00014,17.0,0.0,10.0,6330.918656946314,3.5,9654.42834743743,6.9,10.0,0.0,0.0,0.0,0.157,0.0,0.0,1614.235,4.322511140163001,15044.824,21.962982275246823,1614.235,5.309313845743072,15044.824,19.099532284882727,1.0,3.0,0.0
chr1-201224729-201224730-CA-C,mcdb046,0,17.5,0.64,71.5,6.53,0.0,28.802,2.617,2.0,1.702,49.026,30.172,0.122,0.0,4060.435,24.81,27902.961,427.49,1375.583944636379,3.8518750000000015,23018.282983661888,30.172249999999995,2.6173369565216404,0.1177655639638277,62.74467391304348,0.004684446244199,0.1927396617829799,0.0207986943423748,3368.13,61.55,3961.16,65.10000000000001,6.872,19984.35,13.0,44285.03,71.0,4752.74,19.0,32787.64,75.0,18784.63,16.0,43881.05,83.0,0.006797,3.2,1e-05,42.0,0.0,9.0,22209.93328550318,64.0,50000.0,91.0,8.0,0.0,0.0,0.0,1.734,0.0,0.0,34.451647898033805,53.0,87.94476646813752,95.0,28.80248771107695,41.0,49.02639952035064,72.0,5.0,0.0,0.0
chr10-132168184-132168185-G-A,mcdb046,0,10.155,9.67,7.68,9.68,0.0,2443.19,6.1,2.0,0.414,1011.56,3.8,0.187,0.0,9638.0,803.26,6857.172,805.23,17044.119494910094,7.697624999999999,14890.46463978237,6.659749999999999,22.19230978260869,0.0102344783124599,13.500896739130424,0.0171310976178371,0.1607683077454567,0.2712535224854946,4975.43,11.01,2489.35,7.66,0.711,19409.83,26.0,14246.28,18.0,2443.19,6.1,1011.56,3.8,13343.02,16.0,8778.17,9.6,0.007025,6.2,0.011568,4.9,0.0,8.0,5932.980398129033,9.3,4936.17358223685,7.7,7.0,0.0,0.0,1.0,1.38,0.0,0.0,9638.0,9.17513730689099,6857.172,1.8597159676494408,9638.0,12.74107526753876,6857.172,7.0332833148090765,6.0,3.0,0.0
chr2-171813469-171813470-A-G,mcdb044,1,1.15,1.39,1.5,6.21,43.873,113.71,0.39,2.0,1.05,119.38,0.51,0.346,0.0,758.319,141.19,1259.162,381.11,376.50079284369633,0.3911249999999989,1945.6355482927745,0.8149999999999978,0.6392391304347029,0.587907109866103,2.034782608695579,0.1714558597656907,0.5066022984683514,0.4118373245000839,1127.36,2.69,1444.74,2.9000000000000004,1.66,17941.75,10.0,20714.14,13.0,113.71,1.4,119.38,1.4,603.89,1.5,711.09,1.6,0.486218,0.39,0.397228,0.51,2.0,11.0,912.7484470874748,0.9,1073.583066484683,1.2,4.0,0.0,0.0,114.0,113.66,0.386,0.0,758.319,9.621766286317303,1259.162,14.117530268142271,758.319,9.72754194459312,1259.162,11.868960950271614,1.0,3.0,0.0
chr1-150262578-150262579-G-A,mcdb041_new,0,0.857,5.56,0.464,4.96,0.254,126.02,0.29,2.0,0.874,110.08,0.17,0.065,0.0,782.105,46.12,407.92,40.96,201.74918091935945,0.4923749999999998,79.88771736521079,0.169375,1.2209510869564042,0.3432061139960793,0.5279076086955996,0.6486090509852066,0.0514517426490783,0.1537954024970531,999.68,1.97,341.36,1.01,0.522,1150.25,1.5,1104.8,1.5,126.02,0.33,110.08,0.31,564.53,0.42,364.07,0.31,0.380156,0.29,0.51605,0.17,2.0,11.0,471.7521981623594,0.4,451.77069117473314,0.4,5.0,0.0,0.0,61.0,3.093,0.082,0.0,3848.486788454111,8.7,3857.358466741152,8.7,2544.719981725323,5.9,2544.719981725323,5.9,1.0,3.0,0.0
chr4-152411451-152411451-A-AT,TWJF-10146-MO011-0024,0,12.0,4.31,9.5,24.41,0.0,822.034,2.49,2.0,2.63,2162.171,5.29,0.76,0.0,9465.745,405.4,10210.172,2304.5,9172.034833236972,2.8376249999999987,8038.000299069355,2.6397499999999985,22.19230978260869,0.0105896437567621,18.61798913043478,0.0120141080705989,0.0003948488129026,0.0002387766635365,4760.16,2.49,4907.87,5.29,1.079,28721.62,25.0,22084.13,14.0,18985.07,12.0,14722.66,8.0,32906.7,34.0,30215.07,26.0,0.000311,14.0,0.000491,11.0,0.0,10.0,9759.45427565568,12.0,12382.344244718724,15.0,6.0,0.0,0.0,1489.0,87.578,0.0,1.0,822.034415115951,2.5,2162.1708103159312,5.8,985.8026925028212,2.9,2902.6187744623708,7.3,1.0,0.0,0.0
chr7-101318157-101318158-C-T,TWJF-5120-07,0,1.55,12.133,34.0,15.74,7.981,85.38,0.634,2.0,247.474,21129.37,8.59,0.109,0.0,282.315,631.26,21550.146,822.8,138.7794355334795,0.6341249999999997,19485.35857151357,8.59049999999999,1.0756793478259397,0.3928742383950796,46.22467391304348,0.0051336705171914,0.0091613680124282,0.0010629668831825,85.38,0.95,21129.37,23.98,76.334,822.2,2.9,35687.21,58.0,333.69,1.4,25702.97,37.0,1074.58,2.1,37839.73,55.0,0.066392,1.8,1.4e-05,42.0,2.0,11.0,1332.953664331198,1.7,21970.922087428924,31.0,11.0,10.0,0.0,793.0,35.003,0.228,0.0,90.59411775490612,1.0,4540.461526048474,29.0,230.9404458919267,2.5,4661.224280018865,30.0,1.0,3.0,1.0
chr4-42588303-42588304-C-T,TWJF-10146-MD017-0016,0,2.35,9.25,10.55,18.74,4.314,102.554,0.646,2.0,14.829,1520.749,3.674,0.147,0.0,2749.521,440.4,6998.626,1244.16,102.55362936928027,0.6456250000000001,1520.749413062083,3.674125,0.7944565217389936,0.5133212893725118,3.720108695652101,0.0729082697535454,0.0641932189464569,0.0707436762750148,1566.15,4.97,6469.76,17.080000000000002,2.545,33879.26,27.0,38983.4,41.0,545.95,2.3,4174.04,8.7,12020.51,5.9,31924.38,29.0,0.038553,1.9,0.001012,12.0,2.0,11.0,3932.892296828435,2.4,7527.49114979243,9.1,1.0,0.0,0.0,239.0,12.577,0.343,0.0,2749.521,14.674765463805644,6998.626,17.271092483910444,2749.521,12.25032421984712,6998.626,15.076420154710862,1.0,3.0,0.0
chr6-2836159-2836160-T-C,TWJF-5120-04,1,1.35,13.0,0.305,13.0,93.693,75.335,0.388,2.0,0.396,29.855,0.055,0.172,0.0,266.304,55.405,34.065,52.975,75.33481346173986,0.3884999999999999,29.855103912416094,0.05525,0.5244836956521368,0.6497908436737287,0.2102445652173799,0.8433537222353045,0.1391522027552127,0.18612752109766,227.18,1.5599999999999998,34.1,0.4599999999999999,0.128,250.75,1.4,31.87,0.18,286.79,2.1,34.03,0.42,245.78,0.83,22.81,0.11,0.239202,0.76,0.676924,0.16,4.0,9.0,471.7521981623594,1.3,401.07850032761297,1.0,9.0,0.0,0.0,4953.0,255.294,0.367,0.0,323.07250568928805,2.1,40.95434646443956,0.5,281.85776249845696,2.0,39.17689386126386,0.4,1.0,3.0,0.0
chr12-46778643-46778644-T-C,TWJF-10146-MO011-0020,0,2.358,2.2,2.579,1.2,0.03,180.127,0.55,2.0,1.811,326.272,0.98,0.148,0.0,735.475,68.195,958.585,50.065,4045.6712241700952,2.416875000000001,2621.2674705071863,1.95075,5.913749999999965,0.0428247327365679,2.5574999999999197,0.1218001487436931,0.1799524277448654,0.3805728405714035,5458.48,6.83,6208.44,19.98,1.303,344.48,0.55,751.6,0.98,207.3,2.0,369.82,2.6,1126.47,0.81,1165.57,0.83,0.169808,0.69,0.187715,0.64,1.0,9.0,2579.005231766049,8.9,2469.769045352091,8.6,6.0,0.0,0.0,51.0,0.22,0.137,0.0,180.12749109839083,2.3,326.27214640949586,3.5,285.52227805267694,3.3,489.3729949248381,4.7,1.0,3.0,0.0
chr16-58525206-58525207-C-G,TWJF-10146-MO011-0020,1,1.115,14.0,1.115,18.0,120.632,54.19,0.508,2.0,1.011,54.78,0.563,0.201,0.0,88.838,65.825,99.939,89.935,78.351036420326,0.5079999999999996,89.47801327745837,0.5633749999999995,0.6272554347825263,0.5936319140872596,0.7594293478259573,0.5292714001769434,0.0823460221290588,0.0448146574199199,5141.3,1.13,5140.64,1.13,1.125,167.12,1.4,184.1,1.5,54.19,1.3,54.78,1.3,105.79,0.79,110.4,0.81,0.04798,2.2,0.0434,2.3,4.0,10.0,99.32584120424072,1.4,114.32701431307366,1.6,6.0,0.0,0.0,2932.0,561.079,0.215,0.0,75.76698400768495,1.1,78.249216914078,1.1,69.31384646208787,1.0,67.42485171529879,1.0,1.0,3.0,0.0
chr15-71994487-71994488-T-A,mcdb044,1,0.6,0.35,1.4,0.62,4.605,91.937,0.417,2.0,1.846,169.749,0.843,0.051,0.0,1121.067,64.405,2469.9,58.065,91.9368750577662,0.416875,169.74944676894464,0.8426250000000003,0.4736956521738733,0.6791656069321479,1.0730434782607148,0.3935204259032006,0.2310862354934215,0.0652292482554912,680.23,5.36,2469.9,10.89,2.203,1121.067,-2.458353094774957,2469.9,-4.097348241858528,6029.47,3.9,10850.55,13.0,3516.42,0.6,8614.82,1.8,0.150671,0.43,0.03858,1.4,1.0,9.0,1121.0669072114465,0.7,1407.051206502568,1.1,8.0,0.0,0.0,80.0,184.189,0.025,0.0,1121.067,6.150450454443701,2469.9,3.813442717384729,1121.067,5.588550504897669,2469.9,3.978333218498088,1.0,3.0,0.0
chrX-118605288-118605289-C-G,mcdb041_new,1,0.306,6.95,0.32,10.67,1.873,16.13,0.03,2.0,1.05,16.93,0.03,0.087,0.0,119.8,59.05,125.232,101.22,146.43981250677612,0.3713749999999997,174.8234712284581,0.4202499999999995,0.7930434782607136,0.5140346919103471,0.9226086956520448,0.4550434877462272,0.1627988778054714,0.1446029841899871,27.01,0.11,63.94,0.22,1.045,81.8,0.24,60.17,0.18,16.13,0.03,16.93,0.03,93.16,0.18,75.64,0.16,0.807066,0.05,0.809561,0.05,3.0,11.0,525.6584286822485,0.4,537.157411716568,0.5,7.0,0.0,0.0,1211.0,49.292,0.038,0.0,4713.787495574375,15.0,2879.850877520771,6.5,6136.348268110665,21.0,4082.347779879084,13.0,1.0,3.0,0.0
chr5-41047746-41047747-C-T,JLF-100-042,0,6.35,2.23,5.3,2.39,0.0,46.474,1.2,2.0,1.0,46.474,1.2,0.313,0.0,706.765,155.56,792.235,163.6,207.31034756933133,1.4225000000000008,165.14584679629948,1.1891250000000004,1.2019836956520606,0.3486113867189265,1.105624999999847,0.3821213064351394,0.065669194,0.044109943,423.1,26.65,724.45,33.96,1.121,6720.84,3.3,8902.22,4.4,1663.96,9.4,860.02,6.2,990.43,1.2,950.35,1.2,0.008626,2.8,0.009338,2.7,1.0,9.0,11604.035633311569,37.0,11233.423801227658,36.0,4.0,0.0,0.0,0.0,0.0,0.0,0.0,46.47399425856435,70.0,46.47399425856435,70.0,90.24642356989254,95.0,79.69480273923213,93.0,1.0,3.0,0.0
chr1-204979063-204979064-T-A,mcdb045,1,3.192,16.63,3.569,12.4,1.505,9.559,0.25,2.0,1.0,9.559,0.72,0.098,0.0,904.535,197.88,2154.615,125.17,634.7959257244768,2.4445,799.4472316544444,2.7370000000000005,2.1549456521738364,0.157484214161039,1.9404076086955653,0.184913810448924,0.0755924805998802,0.1936417706310749,1171.73,3.94,3006.45,8.469999999999999,2.382,663.48,0.25,2434.96,0.72,1145.59,4.4,1874.27,5.7,9675.34,4.6,9620.33,4.6,0.00957,4.1,0.007944,4.4,1.0,9.0,5932.980398129033,24.0,7208.657199267612,29.0,4.0,0.0,0.0,22.0,33.439,0.045,0.0,9.559165924569909,0.3,9.559165924569909,0.3,12.966118906310104,0.4,18.569918598159248,0.7,1.0,3.0,0.0
chr14-20403421-20403422-T-A,TWJF-10146-MO011-0026,0,50.0,9.46,50.5,29.28,30.831,1807.257,8.9,2.0,1.603,2897.477,13.0,0.259,0.0,16283.724,455.1,18307.438,2135.54,22040.116304306328,12.77775,19668.6492844689,10.079624999999997,62.74467391304348,0.0047151187382362,16.15755434782608,0.014785400700105,0.010730274269008,0.3053657584823668,2435.45,72.39999999999999,7031.39,89.31,1.124,41387.53,59.0,41151.32,58.0,36141.06,62.0,37944.28,71.0,33891.36,22.0,39814.18,39.0,0.000832,8.9,0.000385,13.0,6.0,9.0,10527.332102653643,41.0,16946.22638669916,55.0,9.0,0.0,0.0,1511.0,112.111,0.275,0.0,7518.998531402405,81.0,7518.998531402405,81.0,1807.257351371308,30.0,2897.47701837674,46.0,1.0,3.0,0.0
chr16-3564259-3564260-G-A,mcdb046,1,2.1,4.48,3.6,12.95,0.492,6.229,0.23,2.0,1.119,6.973,0.73,0.241,0.0,146.215,417.31,506.095,1070.58,763.0763037109456,2.937750000000001,1783.5067131682667,4.331875000000002,0.4032608695652158,0.7214728560652937,1.2898641304346938,0.3221683706959414,0.869127131998539,0.6229672245681286,154.12,15.93,107.32,12.88,3.461,138.31,0.23,886.85,0.73,55.08,0.87,125.34,1.8,1020.3,1.2,4095.35,3.2,0.032055,1.3,0.01474,2.1,1.0,9.0,7131.081559054952,21.0,11112.535816257448,35.0,1.0,0.0,0.0,53.0,2.179,0.226,0.0,23.292172618059613,31.0,23.02554932286645,30.0,6.229167370216595,2.9,6.973165936677906,4.0,1.0,3.0,0.0
chr15-90241535-90241536-G-T,TWJF-10146-MO011-0021,0,0.728,8.8,0.35,8.4,0.355,6.64,0.12,2.0,1.051,6.98,0.13,0.124,0.0,42.635,19.27,37.506,18.64,49.26957606955663,0.3911249999999999,44.33915481234039,0.3546249999999999,0.5364673913042992,0.6432713059619819,0.3460869565217166,0.7576522708465145,0.0145100477093365,0.1410858996678143,6.64,0.12,6.98,0.13,0.88,19.72,0.22,20.33,0.23,48.9,2.0,35.15,1.5,19.49,0.18,18.35,0.17,0.19129,0.92,0.528355,0.22,5.0,9.0,174.34467692156656,4.2,186.03836416012683,4.4,5.0,5.0,1.0,309.0,1.424,0.249,0.0,42.51576520706369,1.5,39.86116615352418,1.4,42.753335217382656,1.5,43.95112540273391,1.5,1.0,3.0,1.0
chr11-3359683-3359684-C-T,TWJF-10146-MO011-0021,0,5.278,6.4,57.5,8.0,10.376,1011.56,3.8,2.0,21.486,21734.48,76.0,0.122,0.0,2831.715,72.8,32060.336,82.2,10688.27785456861,5.356625000000001,29207.63129916825,30.11675000000001,24.57923913043477,0.0092128239695122,99.28660326086955,0.0034721744770963,0.0026375994675618,0.0011937968083657,1696.29,4.87,35577.4,71.37,11.322,3499.61,3.8,34913.04,76.0,1011.56,5.4,21734.48,60.0,2163.82,5.2,24261.05,55.0,0.030526,4.1,0.000221,47.0,0.0,11.0,6539.787600533107,5.8,39837.45943397545,47.0,11.0,9.0,0.0,1003.0,31.635,0.328,1.0,2831.715,-1.3399091186912353,32060.336,37.326429319581,2831.715,2.595340014845924,32060.336,42.9974648568013,1.0,3.0,1.0
chrX-24211278-24211279-A-C,TWJF-5120-11,1,2.25,14.0,1.86,13.12,29.265,91.411,0.604,2.0,1.214,110.962,0.701,0.458,0.0,430.914,135.35,272.325,116.75,91.4107327165599,0.6037499999999996,110.9617345806408,0.7007499999999993,0.8422010869564218,0.4895675158709937,0.7967119565216052,0.5117947298277696,0.0057550780475139,0.0840998068451881,173.94,1.65,270.89,2.02,0.632,481.69,2.1,267.11,1.5,285.24,2.8,243.82,2.6,587.0,2.4,273.76,1.6,0.251048,1.4,0.198599,1.7,4.0,10.0,3272.1225681968112,4.4,2579.005231766049,3.3,7.0,0.0,0.0,884.0,60.842,0.481,0.0,437.5120309554632,4.8,442.5781815060671,4.9,424.3165780648255,4.7,410.8563465847179,4.6,1.0,3.0,0.0
chr14-32090795-32090796-C-T,mcdb041_new,0,5.5,20.67,3.084,28.27,9.781,537.737,0.53,2.0,0.568,305.19,0.43,0.117,0.0,2889.878,288.79,2220.534,523.81,1419.6280086980173,3.623875000000001,798.4422173826038,2.3680000000000008,3.454483695652087,0.0791350876230764,1.7432065217390402,0.2154413062759545,0.0769210122525692,0.2472715973854065,19955.05,37.07,15966.28,29.72,0.768,1717.11,0.53,1341.26,0.43,8208.09,7.8,4962.95,4.7,15163.54,5.0,7281.56,1.9,0.006755,3.5,0.028876,1.5,0.0,9.0,4062.6458292605503,14.0,3099.8074179973237,8.9,3.0,3.0,1.0,1330.0,41.095,0.238,0.0,1658.8610116216626,14.0,932.8460995819288,8.7,537.7370991175987,6.0,305.18978973223403,3.8,1.0,3.0,1.0
chr7-80758376-80758377-C-A,mcdb041_new,0,0.86,24.09,1.015,25.68,0.171,94.126,0.321,2.0,1.159,109.071,0.327,0.103,0.0,521.97,383.47,875.86,433.42,122.1444941795842,0.3206249999999997,124.22038168474448,0.3266249999999997,0.7573369565215984,0.5297767167164964,0.7473369565216217,0.5348092597395177,0.1308275982737541,0.1411676481366157,437.13,0.76,605.72,0.93,1.678,606.81,1.2,1146.0,1.7,1044.93,1.8,1602.13,2.3,1066.96,0.96,2027.52,1.6,0.128159,0.64,0.103038,0.78,1.0,10.0,1347.454232446704,1.1,1391.9092882313646,1.1,1.0,7.0,0.0,99.0,8.527,0.02,0.0,94.12608599916936,0.7,109.07117707934752,0.7,166.67098421686762,1.0,190.046554345894,1.1,1.0,3.0,1.0
chr17-27648897-27648898-A-C,TWJF-5120-13,1,0.045,1.1,0.055,1.1,31.839,3.85,0.01,2.0,1.078,4.15,0.01,0.081,0.0,13.104,8.12,12.836,7.94,11.887532075896196,0.0135,12.680922030237388,0.019375,0.0141576086956831,0.9744225371622832,0.006168478260875,0.9812984843897252,0.4863571655005216,0.5945771746337414,573.47,0.02,640.35,0.04,0.98,8.85,0.07,10.11,0.09,3.85,0.06,4.15,0.07,4.54,0.03,4.48,0.03,0.983796,0.01,0.978995,0.01,7.0,9.0,14.320118805405228,0.4,12.99139809440026,0.4,4.0,0.0,0.0,3412.0,225.805,0.141,0.0,20.188776490622573,0.4,22.392882434360196,0.5,18.94218177852293,0.4,21.2534775202451,0.5,1.0,3.0,0.0
chr2-38855124-38855125-C-T,mcdb041_new,0,0.38,8.06,0.36,5.39,0.427,49.798,0.052,2.0,0.91,45.312,0.049,0.068,0.0,164.753,70.41,140.655,44.64,53.52648706515596,0.051625,52.68378179695907,0.048625,0.4865489130434355,0.6717729338135313,0.5263586956521351,0.6486879281899326,0.0730493403971195,0.0395988188683986,116.9,0.5,95.3,0.42,0.854,193.76,0.28,135.22,0.2,169.69,0.46,163.39,0.46,204.52,0.19,184.68,0.18,0.74863,0.07,0.759725,0.07,1.0,9.0,302.73048891663535,0.7,289.90805501337366,0.7,4.0,0.0,0.0,303.0,9.928,0.043,0.0,49.79778203955339,0.3,45.311662825437594,0.3,159.81590557228208,0.6,146.08983548118215,0.6,1.0,3.0,0.0
chr3-196827293-196827294-G-A,TWJF-5120-06,0,8.406,10.11,7.775,13.62,33.623,2889.7,3.4,2.0,0.594,1717.5,3.5,0.276,0.0,7217.865,499.62,7302.338,769.82,6775.810911513089,3.772124999999996,7684.386998936937,4.037499999999996,16.15755434782608,0.0149621680382105,17.305597826086952,0.0138597841748678,0.0162087455391883,0.0288071893155574,7659.92,7.31,6920.29,6.8500000000000005,1.012,2889.7,5.7,1717.5,4.3,21734.48,22.0,16583.46,15.0,4398.16,4.5,3313.81,3.9,0.016791,3.4,0.016548,3.5,1.0,10.0,21734.48299761229,32.0,15044.727774871748,24.0,1.0,0.0,0.0,1132.0,89.187,0.377,0.0,17654.279581578157,22.0,13894.726414781231,20.0,3765.563711064939,9.5,3089.0860056444485,8.7,2.0,3.0,0.0
chr19-5151450-5151451-C-G,TWJF-5120-06,1,0.192,1.41,0.298,1.57,8.988,32.298,0.005,2.0,1.11,35.836,0.01,0.105,0.0,447.65,33.29,1362.551,36.02,32.298339419732606,0.005,35.83621939664485,0.01,0.2636413043478001,0.8096047603187585,0.3866032608695633,0.73233208145368,0.1410343423485756,0.0449407845735549,537.9,0.05,4111.02,0.18,3.044,357.4,0.42,410.07,0.45,77.44,0.08,92.58,0.09,219.15,0.12,460.12,0.21,0.969696,0.01,0.910452,0.03,3.0,11.0,1864.1597343160688,0.6,2264.981103527669,0.9,10.0,0.0,0.0,304.0,76.171,0.118,0.0,3184.34416281757,5.2,3169.7134303803236,5.2,14066.951820610386,22.0,17147.467957901285,26.0,1.0,3.0,0.0
chr6-157181007-157181007-G-GA,mcdb048,0,20.5,67.0,1.74,69.05,0.0,13431.67,5.6,2.0,0.1,1336.996,0.08,0.162,0.0,15352.985,9688.72,1264.423,11432.405,21309.330635921324,10.967375,516.1013273523373,0.8491249999999998,24.57923913043477,0.0097470669132946,1.041820652173783,0.4059764408131261,0.2081531372386962,0.3851834051311016,19984.97,27.21,677.11,1.78,0.082,15371.34,20.0,1191.85,1.7,14329.76,20.0,1384.4,2.5,15334.63,17.0,907.46,0.8,0.011438,5.6,0.64041,0.08,0.0,9.0,32787.64122076024,67.0,4676.226873485467,17.0,6.0,0.0,0.0,4.0,60.426,0.0,0.0,13444.665451926154,21.0,1480.982749893003,4.3,13431.669592769122,21.0,1336.9956676718157,4.0,1.0,0.0,0.0
chr5-36955545-36955546-G-A,TWJF-10146-MO011-0020,1,0.7,27.0,0.775,20.0,18.26,36.51,0.35,2.0,1.139,41.57,0.4,0.175,0.0,94.766,97.83,97.4,81.145,734.1872895772735,1.553874999999999,895.5315258821314,1.6708749999999988,1.6983695652173054,0.2235908250254806,2.3018478260868847,0.1423781698078215,0.2376834489405155,0.1365418396890163,4906.89,0.89,4846.57,0.8500000000000001,1.028,163.76,1.3,331.65,2.2,36.51,0.35,41.57,0.4,39.49,0.36,62.89,0.51,0.304623,0.54,0.17274,0.92,2.0,11.0,42.25164493448782,0.5,45.085557216196726,0.6,8.0,0.0,0.0,1215.0,91.76,0.199,0.0,92.66377738713484,0.7,92.66377738713484,0.7,96.8679257027236,0.7,102.13627154155388,0.7,1.0,3.0,0.0
chr12-121442834-121442835-C-T,TWJF-5120-11,1,1.6,8.47,1.5,25.26,3.769,28.95,0.7,2.0,0.76,21.99,0.7,0.09,0.0,479.604,182.94,484.965,898.72,11259.06940791827,5.618875,14026.095666674437,6.897250000000001,27.61739130434782,0.0087157276661286,31.64317934782608,0.0070502334628545,0.001102078706026,0.001018257546093,28.95,0.76,21.99,0.65,1.011,1068.76,1.6,596.32,1.2,239.9,1.3,208.42,1.0,285.17,1.2,373.61,1.5,0.068711,2.2,0.040131,3.4,2.0,10.0,2936.5666561709572,1.6,2781.922411072352,1.5,6.0,0.0,0.0,423.0,36.953,0.102,0.0,654.5457389847077,2.7,711.115262662354,3.0,304.6632004615539,0.7,291.6218092235126,0.7,1.0,3.0,0.0
chr10-133198481-133198482-G-C,TWJF-5120-09,1,0.885,0.48,1.25,1.15,2.383,57.51,0.36,2.0,1.361,78.29,0.81,0.07,0.0,319.37,16.09,682.715,35.06,235.26079323853128,0.6396249999999998,226.53925463744952,0.6248749999999997,1.4029619565216365,0.2896568300935517,1.3205434782608023,0.3123262142123761,0.0235429368913173,0.0436356700956821,299.53,0.98,439.12,1.3,2.138,339.21,0.79,1217.5,2.0,57.51,0.4,78.29,0.58,214.98,0.36,733.62,0.81,0.271084,0.52,0.158977,0.82,5.0,11.0,579.4211750802284,1.1,631.8094575737812,1.2,7.0,0.0,0.0,39.0,4.225,0.564,0.0,1962.501511920712,2.7,2522.377013390867,3.7,1830.458976096136,2.5,3044.8086168219406,4.6,1.0,3.0,0.0
chr7-133274995-133274996-G-T,mcdb044,1,3.98,0.28,30.5,3.7,33.218,1322.02,2.1,2.0,22.25,29414.45,27.0,0.168,0.0,2667.451,87.19,26653.433,362.05,10156.642162587854,2.2217499999999992,29219.485482332137,27.69475,3.5626902173912214,0.0769430846811615,62.74467391304348,0.0046048671773508,0.6085284501314163,0.0814238227903842,20191.64,11.29,30947.04,28.17,9.992,2905.15,2.5,21792.18,14.0,2111.16,4.4,24087.38,36.0,1322.02,2.1,29414.45,27.0,0.047169,2.3,5.4e-05,31.0,0.0,9.0,2635.4219765328785,6.6,32085.752869395907,50.0,9.0,0.0,0.0,278.0,156.688,0.212,0.0,2440.8438677175764,11.0,17845.96348369148,30.0,2699.4792901370456,12.0,24059.134498072577,35.0,1.0,3.0,0.0
chr16-268816-268817-G-C,TWJF-10146-MO011-0021,0,5.703,0.51,17.595,0.96,5.675,592.12,1.8,2.0,5.272,3121.835,5.9,0.058,0.0,1398.45,63.64,5859.205,95.57,10829.012421520749,5.406250000000001,12031.680436760402,5.9498750000000005,24.57923913043477,0.009105264379736,27.61739130434782,0.0086334325472019,0.0028790522774215,0.0166181746390066,2012.48,5.3100000000000005,12605.89,17.19,4.19,1217.35,1.8,5974.92,5.9,1091.15,6.0,5743.49,18.0,1579.55,4.1,4518.85,9.4,0.035661,3.7,0.011522,7.8,2.0,9.0,8208.088183148084,26.0,13947.3450041095,42.0,1.0,0.0,0.0,81.0,65.987,0.086,0.0,680.7223344366083,8.1,4425.578004968981,29.0,592.120367483009,7.4,3121.8353929369796,24.0,2.0,3.0,0.0
chr2-178723573-178723574-C-T,TWJF-5120-11,0,0.449,1.58,13.105,3.24,0.0,6.09,0.13,2.0,1506.562,9174.96,5.4,0.111,0.0,128.335,36.18,6830.277,65.81,63.75801135926238,0.132375,18996.20007186977,10.073750000000002,0.4985597826086803,0.664808835379114,37.35904891304347,0.0060094299380876,0.1121918223798275,0.0388494879007339,6.09,0.26,9174.96,13.21,53.222,181.7,0.52,9199.71,9.2,74.97,0.32,3343.7,8.9,29.48,0.13,2288.36,5.4,0.312357,0.4,0.004022,14.0,5.0,10.0,1967.7864831100464,0.7,11986.87464853314,15.0,10.0,0.0,0.0,33.0,2.205,0.0,0.0,264.2043720277539,0.5,1900.8156543947684,13.0,761.7632201536375,3.3,4485.594390707126,31.0,5.0,3.0,0.0
chr6-30578566-30578567-G-A,mcdb046,0,7.071,4.16,13.05,4.78,11.732,3.165,0.6,2.0,1.472,4.66,1.6,0.238,0.0,3309.736,254.55,4073.201,285.87,4704.523507809539,6.941500000000001,12108.570285428894,13.099375,11.6303260869565,0.0208250272455677,27.61739130434782,0.0082521269649356,0.0111826658248901,0.0054914057254791,11269.06,89.08,12963.28,91.96,1.231,1183.09,0.85,2146.24,1.4,2812.19,14.0,2277.27,13.0,27467.91,29.0,30356.63,34.0,0.003381,4.6,0.00157,6.7,0.0,9.0,3807.2828566667704,7.2,5869.132896433324,17.0,8.0,0.0,0.0,200.0,36.098,0.325,0.0,3.290106831884327,0.7,3.874449458748602,1.0,3.1654102184656994,0.6,4.660473039975334,1.6,1.0,3.0,0.0
chr19-54153797-54153798-G-C,TWJF-10146-MO011-0021,1,0.367,2.07,0.395,2.17,8.105,30.309,0.01,2.0,0.836,25.326,0.03,0.14,0.0,179.245,116.94,253.47,120.71,45.24507006399136,0.036125,53.11212971945495,0.06825,0.4548369565217172,0.6901696790023019,0.5533695652173662,0.6344252313878557,0.0508427104214206,0.0242905853665433,11314.05,21.86,11712.1,22.52,1.414,161.49,0.08,212.29,0.1,201.76,0.28,294.65,0.39,197.0,0.05,623.27,0.14,0.835123,0.01,0.679171,0.03,6.0,9.0,573.1857601663112,0.7,792.984124177032,1.2,1.0,0.0,0.0,551.0,36.674,0.221,0.0,37.653903044404416,0.7,20.22134319228783,0.4,30.308887799729217,0.6,25.32619812468594,0.5,1.0,3.0,0.0
chr1-237832578-237832579-G-C,mcdb041_new,0,8.655,0.2,9.385,13.63,3.319,330.59,0.3,2.0,1.064,351.795,0.3,0.08,0.0,5033.385,32.68,6705.77,745.87,25375.20840897001,12.471374999999998,26977.987134495816,17.127999999999997,37.35904891304347,0.006670929737688,46.22467391304348,0.0054484845881085,0.1480412408709526,0.1072972230613231,6950.15,7.61,10049.7,10.47,1.332,16889.3,13.0,15295.36,12.0,3116.62,3.2,3361.84,3.4,22166.01,9.7,20158.08,8.3,0.000629,12.0,0.000547,13.0,6.0,11.0,2812.1856201345004,4.1,2032.7074694949488,3.1,11.0,0.0,0.0,280.0,8.155,0.407,0.0,330.59021886169546,0.3,351.7952732949219,0.3,1826.5854757665968,2.6,1912.669797130338,3.0,1.0,3.0,0.0
chr20-37123740-37123741-C-T,TWJF-10146-MO011-0029,1,0.765,0.09,1.45,0.1,1.914,82.22,0.18,2.0,1.23,101.16,0.29,0.404,0.0,125.065,19.49,262.458,20.57,1242.1265745843518,1.1455000000000002,3914.779418135047,1.942875000000002,2.5301358695651146,0.1236596793916156,5.554945652173885,0.0457800363246681,0.1804198026657104,0.1906581595540046,128.13,0.36,119.27,0.3399999999999999,2.099,82.22,0.24,101.16,0.29,122.0,0.4,236.04,0.61,89.62,0.18,174.76,0.29,0.095449,0.83,0.044418,1.4,8.0,10.0,1637.1764276304789,1.4,2010.8325794908649,1.7,8.0,0.0,0.0,4.0,1.914,1.0,0.0,113.16444556654136,0.7,288.8750276126479,1.5,172.52816372482712,1.0,368.01032200776154,1.9,1.0,3.0,0.0
chr11-46307835-46307836-G-A,TWJF-5120-06,0,2.635,17.16,2.093,11.84,27.117,1247.747,1.9,2.0,0.8,998.738,1.9,0.146,0.0,1653.613,208.68,1101.173,116.97,1247.7469830772282,2.25475,998.7376678024386,2.0555000000000008,2.312336956521662,0.1411429052744285,2.086195652173842,0.1656572308968034,0.2247304692864418,0.2170654945075512,5638.48,2.77,5567.67,2.25,0.666,1597.92,2.1,714.56,1.3,3745.99,3.2,2145.7,2.2,6375.67,3.6,4961.82,2.9,0.104584,1.9,0.110521,1.9,0.0,9.0,1550.9601273084331,5.8,1006.101584045498,3.4,4.0,0.0,0.0,739.0,57.696,0.47,0.0,1709.3067199053005,2.8,1196.244626638625,2.1,1512.202668144105,2.5,911.19221377745,1.6,1.0,3.0,0.0
chr5-35876358-35876359-C-T,mcdb045,0,0.58,0.88,0.383,1.6,0.0,27.976,0.006,2.0,0.987,27.619,0.006,0.077,0.0,204.132,6.035,124.138,10.45,27.9757630980889,0.00625,27.61914241737368,0.006,0.1774728260869409,0.863986973614689,0.2053804347825973,0.8461476545454055,0.2150286883115768,0.1707769408822059,1208.41,4.04,680.67,2.55,0.608,793.12,0.29,369.7,0.16,181.07,0.87,123.99,0.56,77.69,0.06,72.4,0.05,0.898764,0.01,0.954179,0.01,2.0,9.0,2664.091477136258,7.7,1602.1292262796685,3.1,6.0,0.0,0.0,169.0,127.303,0.0,0.0,216.481106964148,14.0,124.2853672649828,7.7,191.78295236309705,13.0,80.87420042872839,5.1,1.0,3.0,0.0
chr6-116616864-116616865-C-T,TWJF-10146-MO011-0021,0,9.2,1.11,11.5,1.83,0.0,462.722,1.0,2.0,1.079,499.252,1.1,0.093,0.0,1908.33,41.53,2968.09,71.53,14627.97096966981,7.769749999999997,12107.785513752497,6.557125,37.35904891304347,0.0068350905908597,27.61739130434782,0.0081663980821054,0.0037328755061025,0.0024976102868095,1659.32,6.16,2802.65,8.48,1.555,21224.38,39.0,25634.65,47.0,2157.34,8.9,3133.53,12.0,11431.31,22.0,13420.04,25.0,0.001108,19.0,0.001138,19.0,0.0,11.0,1347.454232446704,9.5,1501.42527646561,11.0,7.0,0.0,0.0,16.0,0.334,0.0,0.0,462.72184187383345,1.0,499.25221459392213,1.1,1381.2427135253918,5.8,1469.8397900712553,6.4,1.0,3.0,0.0
chr16-15718425-15718426-C-G,TWJF-10146-MO011-0020,0,3.255,2.08,4.922,6.78,0.0,65.107,1.7,2.0,1.439,93.676,3.5,0.25,0.0,1136.83,83.78,2153.906,454.05,705.8274433278384,2.8098750000000026,1382.1788106617446,3.9446250000000016,2.4501358695651163,0.1294307809670506,3.80744565217384,0.0704486286271197,0.0400072559714317,0.0340652465820312,308.31,32.81,2296.98,65.78,1.895,17338.3,6.1,23205.31,11.0,2352.4,3.7,3997.24,5.9,15870.23,7.1,22529.9,15.0,0.013898,1.7,0.003854,3.5,1.0,9.0,1567.8322839124316,2.1,2010.8325794908649,3.2,3.0,0.0,0.0,158.0,19.74,0.0,0.0,107.93691472299297,4.2,148.6517409997044,7.1,65.10734714436248,1.9,93.67635850531848,3.4,1.0,3.0,0.0
chr5-181204635-181204636-G-A,mcdb041_new,0,0.445,4.78,0.325,6.79,0.0,24.95,0.11,2.0,1.137,28.36,0.13,0.102,0.0,303.532,285.73,343.76,392.72,145.4100694942409,0.3703749999999997,68.37540433055617,0.12075,0.881277173912963,0.4732140495926096,0.222663043478235,0.8357689773975141,0.1146789491176605,0.3977085091173649,24.95,0.11,28.36,0.13,1.133,137.78,0.2,302.68,0.43,62.04,0.2,67.65,0.22,725.29,0.49,384.84,0.32,0.035489,1.9,0.333588,0.33,4.0,11.0,461.6533511488992,0.4,520.0015791455069,0.5,1.0,1.0,1.0,7.0,0.567,0.0,0.0,5614.227407478137,12.0,5537.197319664178,12.0,5195.651345247334,12.0,3977.773040615266,8.8,1.0,3.0,1.0
chr2-178532225-178532226-C-T,TWJF-10146-MO011-0021,0,0.685,16.36,0.786,16.93,0.0,47.421,0.089,2.0,1.13,53.576,0.132,0.062,0.0,62.735,881.96,95.92,924.76,50.85807329475605,0.089125,63.83599017515151,0.132375,0.5705706521738563,0.6245467038779313,0.6714673913042759,0.5715925732335212,0.0004133527954763,0.000477575730656,108.53,1.44,91.43,1.35,1.529,108.45,0.36,171.08,0.5,63.39,1.2,100.41,1.7,62.08,0.32,126.85,0.59,0.563326,0.09,0.44142,0.2,2.0,9.0,1158.0530182780362,1.4,1290.3815441454742,1.7,5.0,0.0,0.0,101.0,2.937,0.0,0.0,47.420922691591834,0.8,53.57596472697507,0.9,58.131295279668095,1.0,74.03038364214665,1.2,5.0,3.0,0.0
chr11-1258178-1258179-G-A,mcdb048,0,13.0,15.7,11.9,34.6,44.741,5439.26,4.596,2.0,1.0,5438.63,4.949,0.065,0.0,11669.967,1323.71,13472.911,3916.95,14661.926750003891,4.596125000000002,15532.291039653088,4.949375,37.35904891304347,0.0067379172398064,37.35904891304347,0.0063722622806757,0.0002947541624962,0.0002525515801607,5439.26,62.760000000000005,5438.63,61.46,1.154,22141.79,15.0,21495.23,14.0,19400.38,13.0,20478.82,15.0,23564.34,13.0,19943.1,7.7,0.002201,9.1,0.002459,8.5,0.0,9.0,8387.64331174904,25.0,9759.45427565568,28.0,7.0,1.0,0.0,7.0,104.292,0.429,0.0,5451.92659700406,5.0,6661.162063463382,5.9,8678.007077704318,7.7,11413.530402536737,9.8,3.0,3.0,3.0
chr8-86448487-86448488-G-A,mcdb041_new,0,1.4,3.47,0.79,2.6,2.717,353.708,0.3,2.0,0.871,308.142,0.2,0.08,0.0,1829.794,29.3,1600.048,23.11,353.7084883596711,0.6939999999999992,308.1418706235614,0.6542499999999992,1.6326630434781606,0.2370832723637461,1.6615489130433758,0.2305212757620064,0.0587058030068874,0.0104897208511829,5428.76,2.39,3216.51,0.59,0.874,5850.88,4.9,4222.37,3.9,801.61,0.96,503.39,0.75,3469.34,1.3,2016.71,0.78,0.037062,1.5,0.110023,0.8,0.0,11.0,1672.9903001725866,1.2,1183.3858794734783,0.8,1.0,0.0,0.0,882.0,41.803,0.065,0.0,1986.5980278501904,2.4,2056.411386869756,2.5,579.8023883640611,0.3,322.3146160671289,0.2,1.0,3.0,0.0
chr6-56568539-56568540-C-T,TWJF-5120-04,0,2.801,28.0,4.36,32.0,17.594,218.702,0.891,2.0,1.418,310.182,1.058,0.056,0.0,3323.25,216.3,4626.089,188.8,218.7022051205568,0.891125,310.1821627848837,1.1502500000000002,1.0677717391302934,0.3962325649216258,1.0576086956520356,0.4000896348958298,0.1380019076168537,0.2384884171187877,19996.33,7.68,17129.88,5.62,1.392,6200.76,1.8,10382.54,3.1,2920.72,3.8,7092.61,8.8,5029.93,1.4,5361.61,1.5,0.018556,0.98,0.01754,1.1,0.0,9.0,3725.7799675308625,13.0,3890.5686532731647,13.0,5.0,0.0,0.0,721.0,126.577,0.139,0.0,494.504217573377,20.0,937.9290775353091,30.0,759.7487601180758,26.0,976.4949462884656,31.0,1.0,3.0,0.0
chr12-39617063-39617064-C-T,TWJF-5120-09,0,0.265,0.13,0.204,0.03,0.0,51.992,0.045,2.0,0.99,51.476,0.044,0.088,0.0,523.563,21.07,312.856,11.36,51.99195326889788,0.04525,51.475516442724505,0.04375,0.0794021739130386,0.9288913990673978,0.1885869565217177,0.8574885846727224,0.588947482407093,0.3671086579561233,2350.98,0.12,597.37,0.06,0.598,435.43,0.47,150.59,0.22,238.6,0.29,126.7,0.23,626.11,0.24,192.78,0.11,0.621925,0.13,0.737597,0.09,4.0,9.0,548.9079394871815,0.4,476.8841656614147,0.3,7.0,0.0,0.0,51.0,0.731,0.0,0.0,650.9535503235198,0.7,608.9056445791146,0.6,498.218672246173,0.5,432.9323113134859,0.5,1.0,3.0,0.0
chr2-25161160-25161161-T-C,TWJF-5120-04,0,0.834,1.08,1.95,1.01,0.0,270.85,0.39,2.0,4.033,1092.32,1.2,0.205,0.0,772.95,58.96,1665.8,55.64,636.6095722710254,0.9683749999999998,4412.896455598459,2.721375,2.4134510869564423,0.1324763610040542,10.655842391304333,0.022689727963563,0.0192349851131439,0.0183907002210617,909.29,2.16,2351.48,4.09,2.155,270.85,0.51,1092.32,1.6,361.9,0.39,1067.79,1.2,625.6,0.6,2184.45,1.9,0.191909,0.61,0.054698,1.9,2.0,10.0,1567.8322839124316,0.7,3491.5911438616804,3.0,2.0,0.0,0.0,43.0,2.101,0.0,0.0,1320.1400294874825,2.6,1147.149446741469,2.0,921.5523268107804,1.5,994.3058623757652,1.7,1.0,3.0,0.0
chr3-170297387-170297388-G-C,TWJF-10146-MO011-0021,1,0.155,11.71,0.4,21.0,13.081,2.122,0.02,2.0,1.714,3.638,0.04,0.139,0.0,62.469,44.84,261.164,119.075,91.2971269843127,0.26625,468.693618098499,1.548875000000001,0.7171739130433537,0.5496753755015918,1.9682336956520745,0.180367001999465,0.0735556522849947,0.0384372564149089,6.59,0.04,9.78,0.08,4.181,33.64,0.02,75.42,0.04,97.2,0.11,522.82,0.69,129.0,0.04,1143.55,0.26,0.488412,0.05,0.072928,0.73,3.0,9.0,333.6928432031666,0.3,446.9089812017916,0.5,7.0,0.0,0.0,1788.0,52.744,0.248,0.0,2.122315764464588,0.2,3.63755861334441,0.2,5.0300233371424605,0.2,9.34479976495848,0.3,1.0,3.0,0.0
chr3-10912189-10912190-A-G,mcdb045,0,7.5,1.45,4.4,1.56,0.0,880.339,1.9,2.0,2.729,2402.426,4.5,0.054,0.0,4973.255,114.87,4103.088,120.77,4523.1490919325,2.350374999999999,1066.0124983058097,1.2217499999999986,11.115788043478249,0.0216324970501936,2.0051086956520976,0.1757651203155887,0.0113738402724266,0.2551470026373863,5423.36,93.22,5393.99,65.10000000000001,0.825,16219.15,13.0,16874.32,13.0,15290.89,9.7,6539.79,4.3,16828.19,6.8,12125.66,4.7,0.000974,8.2,0.014419,2.5,0.0,10.0,2314.5284480795485,2.0,2812.1856201345004,2.7,10.0,9.0,0.0,0.0,0.172,0.0,0.0,1613.318076848286,3.4,2436.239610202866,4.5,880.3391175436732,1.9,2402.42589311352,4.5,1.0,3.0,2.0
chr3-123447568-123447569-G-A,TWJF-10146-MO011-0021,1,0.079,0.69,0.447,4.05,6.128,5.99,0.032,2.0,2.442,14.63,0.43,0.153,0.0,18.742,56.07,68.873,199.88,18.034706927624867,0.07825,53.936757929738896,0.4297499999999999,0.031548913043494,0.9616881232073328,0.4646195652173617,0.6837068972392398,0.4828707398846745,0.0905902771046385,19.45,0.3899999999999999,87.13,1.11,3.675,6.8,0.05,21.12,0.24,5.99,0.05,14.63,0.24,6.83,0.05,46.73,0.41,0.776244,0.08,0.377585,0.42,7.0,10.0,128.77677121554015,1.4,392.4925723107973,3.7,3.0,0.0,0.0,491.0,27.357,0.224,0.0,56.74270038170913,1.0,100.90437575880112,1.8,37.78243988304401,0.6,83.80887287988524,1.5,1.0,3.0,0.0
chr15-33539441-33539442-G-A,JLF-100-042,1,2.55,1.01,3.3,1.11,95.747,118.582,0.613,2.0,0.785,93.115,1.287,0.279,0.0,405.665,37.55,1004.932,41.37,311.2735422437225,0.6131249999999995,1282.6332318704135,1.2873749999999995,1.3273369565216626,0.3103558523355532,2.587527174,0.1198191449867759,0.1282740137539804,0.1790768103674054,397.02,37.15,698.99,48.28,2.477,21683.52,8.0,16599.61,4.7,16404.99,16.0,13141.57,12.0,14388.02,3.3,22358.22,6.8,0.018877,2.0,0.005214,3.8,5.0,9.0,414.3108362962455,1.4,727.2315846854273,2.8,9.0,0.0,0.0,367.0,206.797,0.463,0.0,238.31973099804847,3.1,189.30409122364543,1.9,118.58233560934096,0.9,93.11507555574538,0.6,1.0,3.0,0.0
chr2-167241861-167241862-G-C,mcdb041_new,0,0.826,8.3,2.2,4.5,0.0,256.024,0.2,2.0,3.388,867.521,0.6,0.062,0.0,951.569,152.11,3652.782,79.78,689.5184705746703,0.9026249999999996,2885.704280785409,1.5176249999999998,2.437581521739034,0.130262308933529,6.479157608695644,0.0384472134407952,0.0356693528592586,0.0554256401956081,5593.08,2.93,5867.85,5.15,3.839,1213.62,1.6,6359.41,5.1,471.75,0.74,3017.08,2.2,1901.42,0.75,6763.15,2.2,0.143438,0.68,0.059915,1.2,1.0,11.0,1654.9864903064934,1.2,4288.484190125121,3.6,3.0,0.0,0.0,0.0,0.003,0.0,0.0,545.8961105294286,0.3,981.996635913319,0.7,256.0236000064373,0.2,867.5210069590202,0.6,1.0,3.0,0.0
chr14-19780614-19780615-T-A,mcdb046,0,4.9,6.93,3.1,8.41,0.0,15.468,0.362,2.0,1.062,16.422,0.221,0.143,0.0,640.1,469.54,320.657,638.79,94.09480784891583,0.6413750000000001,83.42455207080872,0.536875,0.362445652173875,0.7469673417830436,0.2212499999999835,0.836394766975225,0.3314497284591198,0.4536129012703895,262.86,21.19,65.29,9.27,0.501,4336.5,2.3,2404.51,1.5,1139.41,7.5,557.89,4.7,1017.34,1.2,1134.62,1.3,0.060539,0.78,0.051854,0.89,6.0,9.0,16583.45680469959,52.0,11604.035633311569,37.0,1.0,0.0,0.0,0.0,0.066,0.0,0.0,17.147862797488038,21.0,17.3065300184118,21.0,15.46785171541179,18.0,16.42214944566136,20.0,6.0,3.0,0.0
chr12-14424711-14424712-C-T,TWJF-10146-MO011-0021,0,0.44,6.17,0.775,10.31,9.282,10.71,0.17,2.0,1.917,20.53,0.29,0.09,0.0,368.54,51.6,1017.046,96.52,53.97808011021564,0.1915,80.894100391257,0.4014999999999998,0.4397010869565037,0.699265218189875,0.7749456521737841,0.5225048984181467,0.1114163226447999,0.0094563883612863,8435.22,21.47,24492.86,47.16,2.76,368.54,1.2224980894007786,1017.046,1.85986060524977,10.71,0.17,20.53,0.29,368.54,0.47,2005.14,1.4,0.109417,0.6,0.031106,1.3,1.0,11.0,1006.101584045498,0.2,1017.0464840378708,0.2,3.0,0.0,0.0,3218.0,70.319,0.132,0.0,368.54,5.430409487198912,1017.046,5.907302921440221,368.54,5.384000330533854,1017.046,4.74932681842418,1.0,3.0,0.0
chr10-53811611-53811612-G-T,mcdb047,0,0.091,0.27,0.113,7.19,0.0,11.75,0.02,2.0,2.143,25.18,0.01,0.253,0.0,109.109,45.16,80.306,415.44,45.32914261662132,0.08175,52.31230684456235,0.11675,0.1947010869565133,0.8530672545608661,0.2636413043478001,0.809516032775631,0.3221029937267303,0.273258563131094,501.02,0.02,491.38,0.01,0.736,53.92,0.1,32.78,0.07,17.12,0.06,23.05,0.11,11.75,0.03,25.18,0.04,0.759349,0.07,0.729154,0.08,10.0,9.0,236.03687283019391,0.5,141.94766797100098,0.3,3.0,0.0,0.0,0.0,0.0,0.0,0.0,164.29713866601648,0.3,108.30038487197449,0.3,181.11732697143736,0.4,122.7326185033404,0.3,5.0,3.0,0.0
chr20-63567291-63567292-C-T,TWJF-10146-MO011-0024,1,0.503,1.52,0.555,2.34,3.159,33.29,0.06,2.0,0.876,29.15,0.06,0.376,0.0,103.309,58.07,77.908,97.52,52.348167726333365,0.200125,79.5607346484225,0.3563749999999999,0.5263586956521351,0.6488873187441148,0.5327717391303821,0.6449179516809448,0.0380916371941566,0.1481030024588108,33.29,1.1,29.15,0.97,0.754,72.1,0.06,60.5,0.06,95.12,0.48,164.27,0.57,199.65,0.13,1265.86,0.45,0.527045,0.2,0.175235,0.54,5.0,9.0,681.5204823560478,1.9,548.9079394871815,1.3,7.0,0.0,0.0,314.0,13.977,0.226,0.0,241.36261362274263,14.0,63.484835705211175,6.2,111.49875036336525,8.4,76.25529403083006,6.9,1.0,3.0,0.0
chr5-36955578-36955579-G-A,JLF-100-042,1,0.525,5.8,1.12,6.9,30.518,69.914,0.177,2.0,1.257,87.877,0.231,0.289,0.0,277.111,452.715,2278.973,506.525,69.91355634,0.17675,87.87741502057395,0.2311249999999999,0.2038586956521584,0.8478283899313267,0.5311684782608239,0.646198491,0.4294202756136656,0.1769799776375293,136.96,18.39,4258.21,81.91000000000001,8.224,4049.61,0.45,5799.32,0.74,2228.52,1.4,4242.33,2.7,1398.4,0.36,10206.23,2.1,0.489587,0.19,0.114281,0.66,2.0,9.0,238.6046055607708,0.6,228.49828361491845,0.6,2.0,0.0,0.0,180.0,88.715,0.344,0.0,315.6167184171346,4.3,315.6167184171346,4.3,169.83218612729274,1.6,163.31271544474444,1.5,1.0,3.0,0.0
chr3-142694468-142694469-G-C,TWJF-10146-MO011-0029,1,4.6,0.1,17.0,0.78,7.034,67.21,0.9,2.0,10.193,685.04,1.7,0.205,0.0,1150.458,64.5,7388.597,180.8,1104.6570537496857,1.1883749999999993,12744.48748750062,5.684624999999996,2.5301358695651146,0.124048495845614,27.61739130434782,0.0081085039499072,0.1492318846285343,0.0145404338836669,67.21,9.01,685.04,47.88,6.422,23504.26,9.7,24771.13,12.0,13356.59,13.0,26265.23,33.0,18107.71,4.7,33888.79,22.0,0.007196,3.2,7.5e-05,23.0,1.0,9.0,1196.2593708868835,5.3,2032.7074694949488,9.6,9.0,0.0,0.0,398.0,27.158,0.259,0.0,325.20708603634523,4.5,325.20708603634523,4.5,119.40430909145832,0.9,171.40362399768233,1.7,1.0,3.0,0.0
chr7-4877991-4877992-C-T,TWJF-5120-04,0,7.75,19.0,5.685,19.0,0.0,1360.317,2.34,2.0,0.597,812.157,1.378,0.2,0.0,4522.316,136.87,3255.774,140.555,3767.362641478395,2.340125000000001,1220.9807298296762,1.3776250000000003,9.494239130434764,0.0258143635983719,3.599483695652097,0.0754603743017564,0.0123410746455192,0.0209723860025405,5277.27,5.57,5322.83,5.87,0.72,6895.94,5.0,4478.84,3.6,12930.01,19.0,8297.38,14.0,17760.38,8.1,12840.23,5.5,0.008131,4.1,0.030343,2.1,0.0,9.0,2192.641718942874,7.4,2032.7074694949488,6.8,4.0,0.0,0.0,20.0,1.229,0.0,0.0,1724.1696655659398,12.0,1024.6605123686725,7.4,1360.31660687567,9.1,812.1570152307679,6.4,4.0,3.0,0.0
chr13-59833220-59833221-G-C,TWJF-5120-06,0,1.74,2.96,1.926,2.63,0.0,79.09,0.91,2.0,1.336,105.68,1.07,0.089,0.0,319.22,60.44,319.492,54.47,647.0126357825565,1.3804999999999987,1008.1832641084756,1.6518749999999986,2.241521739130363,0.1488722484570175,2.778451086956437,0.1078298841770005,0.0620569847524166,0.0793557167053222,79.09,0.91,105.68,1.0699999999999998,1.001,735.1,2.7,685.96,2.6,277.63,1.2,185.03,0.8,360.81,1.2,287.92,0.92,0.132018,1.2,0.11973,1.3,2.0,11.0,1765.990134027678,2.4,1691.1899649121788,2.2,6.0,0.0,0.0,23.0,3.581,0.0,0.0,188.84261252234313,2.1,328.1708485445246,3.4,252.05771796391045,2.7,310.8135902739467,3.2,1.0,3.0,0.0
chr14-32090795-32090796-C-T,mcdb041_original,0,5.5,19.484,3.084,26.57,1.284,537.737,0.53,2.0,0.568,305.19,0.43,0.085,0.0,2889.878,259.29,2220.534,463.67,1419.6278255918426,3.623875000000001,798.4421401442171,2.3680000000000008,3.454483695652087,0.0791350967530744,1.7432065217390402,0.2154413221585452,0.0769210122525692,0.2472715973854065,19955.05,37.07,15966.28,29.72,0.768,1717.11,0.53,1341.26,0.43,8208.09,7.8,4962.95,4.7,15163.54,5.0,7281.56,1.9,0.006755,3.5,0.028876,1.5,0.0,9.0,4062.6458292605503,14.0,3099.8074179973237,8.9,3.0,3.0,1.0,238.0,8.734,0.147,0.0,1658.8610116216626,14.0,932.8460995819288,8.7,537.7370991175987,6.0,305.18978973223403,3.8,1.0,3.0,1.0
chr2-169185775-169185776-C-T,mcdb046,0,0.275,3.49,12.61,26.7,0.0,9.809,0.01,2.0,26.792,262.809,6.5,0.074,0.0,33.685,347.38,8036.48,2619.55,41.76319664618912,0.061625,5951.83959005336,3.516,0.0225815217391556,0.9673941936511924,9.15535326086956,0.0260516217921087,0.7606581076979637,0.1405491605401039,35.65,0.65,5971.54,12.22,238.577,46.81,0.25,11259.34,15.0,31.72,0.3,11417.23,22.0,19.57,0.06,10101.42,12.0,0.954861,0.01,0.006127,6.5,3.0,10.0,1619.5580271428798,1.6,14564.22648204198,23.0,10.0,0.0,0.0,0.0,0.189,0.0,0.0,17.875162558164917,1.4,718.2076058301694,23.0,9.80934479274749,0.9,262.80885855957587,13.0,6.0,3.0,0.0
chr18-45669420-45669421-C-A,JLF-100-042,0,0.751,2.16,1.201,0.52,0.0,17.49,0.03,2.0,3.528,61.71,0.12,0.32,0.0,58.705,87.55,116.083,20.75,108.6620877587332,0.771875,151.03042973133725,1.1015000000000006,0.1353532608695786,0.8914518655118391,0.4397010869565037,0.6988364813501265,0.6601464375853539,0.3933140430599451,461.99,27.77,2998.9,59.09,1.977,17.49,0.03,61.71,0.12,45.58,0.73,79.57,1.3,71.83,0.16,299.11,0.48,0.2267,0.26,0.095765,0.58,6.0,9.0,9146.010879538102,29.0,14722.663765950489,47.0,3.0,0.0,0.0,1.0,1.667,0.0,0.0,42.48249353576607,66.0,81.13532871,93.0,33.29890864836354,50.0,50.98354151920474,74.0,1.0,3.0,0.0
chr11-111995031-111995032-A-G,TWJF-10146-MO011-0026,0,4.3,14.53,8.1,15.37,5.325,194.993,1.2,2.0,1.183,230.685,0.8,0.166,0.0,1368.384,444.91,5474.29,499.93,2080.8186411176903,1.6605,7002.629947704976,3.432749999999998,5.554945652173885,0.0452888703716756,16.15755434782608,0.0146099909813317,0.0139562299882527,0.0184152084111701,655.95,47.02,3945.95,80.66,4.001,9931.27,1.9,9585.42,1.8,8478.89,6.2,14485.65,14.0,18872.22,5.0,30336.92,16.0,0.004001,4.4,0.000413,12.0,1.0,9.0,375.8681811436352,1.2,316.1200502534412,0.8,9.0,0.0,0.0,975.0,70.069,0.076,0.0,312.7231269499228,4.2,312.7231269499228,4.2,194.99343954878344,2.1,230.6853420799936,2.9,1.0,3.0,0.0
chr4-150921256-150921257-G-A,mcdb046,1,0.215,2.9,0.195,1.2,10.435,28.026,0.007,2.0,0.992,27.793,0.017,0.099,0.0,105.621,47.31,78.11,29.71,28.026472242496297,0.019,27.793301171025607,0.017625,0.0072554347826212,0.9807417655234786,0.0165760869565616,0.9722844693748908,0.8038490116596222,0.6962130106985569,1684.64,0.24,2135.62,0.29,0.74,47.63,0.19,29.1,0.1,63.74,0.33,57.51,0.31,29.63,0.08,22.49,0.05,0.930855,0.02,0.963365,0.01,5.0,9.0,330.1018226801629,0.7,356.07436818611296,0.8,5.0,0.0,0.0,138.0,89.956,0.116,0.0,147.50271017597578,0.6,100.41532541208768,0.4,149.74764458579443,0.6,98.70973818528026,0.4,1.0,3.0,0.0
chr6-73105338-73105339-T-C,TWJF-10146-MO011-0029,0,1.95,3.5,1.96,3.6,0.0,88.135,0.378,2.0,1.021,89.981,0.483,0.377,0.0,171.065,33.865,195.855,34.065,121.35652948231017,0.3784999999999997,173.99789920187493,0.4834999999999997,0.8884239130433542,0.4700477772722387,1.026576086956382,0.4117879835439303,0.06144430488348,0.0934845209121704,4693.02,2.14,4645.48,2.02,1.145,477.12,1.6,575.21,1.8,197.45,2.0,211.83,2.1,144.68,0.64,179.88,0.73,0.021609,3.4,0.013974,4.3,9.0,10.0,1391.9092882313646,2.4,1485.2677558853384,2.6,8.0,0.0,0.0,26.0,2.421,0.0,0.0,97.5685835108901,2.1,110.23258705101532,2.4,88.1353229065596,1.9,89.9808310646326,1.9,1.0,3.0,0.0
chr1-75157058-75157059-T-G,mcdb045,0,1.95,4.2,2.255,4.1,0.0,118.74,0.27,2.0,1.468,174.34,0.58,0.078,0.0,1772.336,54.23,1548.677,28.735,1762.312969379377,3.9385,1143.1244386103308,3.231374999999999,4.968641304347784,0.0518900235699946,3.1065489130433974,0.0920730111886747,0.0087637938559055,0.0642451047897338,889.54,3.17,801.16,2.91,0.874,9405.63,2.8,19088.06,7.6,118.74,0.27,174.34,0.58,1782.36,0.91,1954.23,1.0,0.08287,1.1,0.056701,1.5,0.0,8.0,2812.1856201345004,1.1,3272.1225681968112,1.6,4.0,0.0,0.0,0.0,0.035,0.0,0.0,1772.336,7.730788960491298,1548.677,16.473494210196556,1772.336,7.75835449641769,1548.677,13.108000563011338,1.0,3.0,0.0
chr9-89042183-89042184-C-A,TWJF-5120-06,0,2.762,17.01,2.181,16.26,1.062,131.465,0.74,2.0,1.419,186.556,0.46,0.148,0.0,1320.765,205.71,1292.275,190.86,968.5391141037192,2.723625,630.5335914053095,1.974750000000001,2.6922554347825383,0.1130911333556082,2.2610597826086405,0.1465205274492566,0.083478394895792,0.049693789333105,593.94,3.01,1948.44,6.279999999999999,0.978,2334.78,0.74,1413.9,0.46,11172.82,12.0,6128.72,5.6,8986.61,2.4,7552.05,2.0,0.010318,2.8,0.020836,1.9,1.0,9.0,1672.9903001725866,3.7,1170.650925558883,2.1,4.0,0.0,0.0,46.0,2.717,0.391,0.0,131.46495587923476,2.0,186.5563344789524,2.6,203.5026176883358,2.8,165.41313777635537,2.4,1.0,3.0,0.0
chr1-248180766-248180767-G-A,TWJF-10146-MO011-0020,0,0.777,13.0,1.85,11.0,0.0,18.17,0.17,2.0,4.673,84.9,0.45,0.293,0.0,57.377,48.37,119.223,34.73,87.35577615205607,0.5547499999999995,482.6735915300165,1.3128749999999991,0.7930434782607136,0.5142296160506262,1.9611684782608023,0.1812547832150194,0.0211858041584491,0.0482003577053546,5694.54,96.63,5610.47,80.04,2.078,30.86,0.28,130.19,1.2,18.17,0.66,84.9,2.1,19.19,0.17,54.36,0.45,0.208962,0.76,0.084532,1.5,3.0,9.0,47.07966040649869,1.6,79.99868565177972,2.5,7.0,0.0,0.0,0.0,0.0,0.0,0.0,71.96312262571516,1.3,121.64940805537252,1.9,67.6752704480263,1.3,116.79654608988872,1.8,6.0,3.0,0.0
chr21-41243462-41243463-C-G,TWJF-5120-09,1,0.192,0.98,0.152,0.45,17.161,16.89,0.02,2.0,0.86,14.53,0.03,0.073,0.0,100.607,71.52,82.076,41.25,55.724740872118325,0.14475,57.0111235772692,0.1535,0.0298641304348024,0.962331997270422,0.0538586956521953,0.9455154928405984,0.7975644990801811,0.6945252418518066,16.89,1.18,14.53,0.73,0.816,562.7,0.11,555.64,0.11,135.2,0.24,107.14,0.15,186.48,0.07,142.4,0.05,0.622912,0.02,0.595071,0.03,3.0,9.0,2607.0610014707204,5.1,2122.6127229763083,3.6,7.0,0.0,0.0,848.0,79.082,0.217,0.0,45.62154617407193,0.9,48.43619288554869,1.0,66.01308056477956,2.0,55.287887976403894,1.3,1.0,3.0,0.0
chr1-154948279-154948280-C-T,TWJF-10146-MO011-0021,0,1.25,20.16,1.35,24.75,6.543,11.43,0.09,2.0,1.292,14.77,0.14,0.051,0.0,91.668,276.01,150.797,403.87,2113.60745426955,1.847750000000001,1680.9673381033297,1.6378750000000013,5.913749999999965,0.0427577234759259,4.807092391304323,0.0530827313529263,0.0012454803454602,0.002568420022726,11.43,0.43,14.77,0.52,1.645,18.18,0.09,26.96,0.14,61.7,1.2,91.58,1.6,106.88,0.5,180.14,0.78,0.169677,0.92,0.14933,1.1,10.0,9.0,1318.6091434272448,1.8,1050.6007652110409,1.1,4.0,0.0,0.0,3252.0,82.829,0.079,0.0,127.04863400900528,1.9,184.91408804394143,2.8,76.455723079319,1.3,121.45349030934426,1.8,1.0,3.0,0.0
chr3-105681607-105681608-C-T,mcdb041_new,1,0.375,2.8,0.526,6.7,1.441,21.14,0.06,2.0,1.406,29.73,0.1,0.054,0.0,276.114,68.7,463.089,154.45,327.818885486936,0.6104999999999995,479.90803495905897,0.7498749999999997,0.2300271739130437,0.8305785267422637,0.3216847826086848,0.7717764866959332,0.8174785152077675,0.8171539232134819,224.41,0.51,446.27,0.7799999999999999,1.677,86.89,0.25,123.83,0.32,21.14,0.06,29.73,0.1,384.09,0.5,647.46,0.73,0.454302,0.19,0.312273,0.29,1.0,8.0,170.61246279156248,0.2,216.46520256712395,0.2,6.0,0.0,0.0,426.0,55.414,0.026,0.0,30019.261222417004,45.0,20436.193210844693,33.0,17324.47170317853,28.0,17687.23719615141,29.0,1.0,3.0,0.0
chr9-33798045-33798046-C-G,TWJF-10146-MO011-0020,0,6.23,25.0,5.1,22.0,0.395,371.823,1.212,2.0,0.907,337.323,1.002,0.368,0.0,1428.495,766.62,1091.507,658.55,392.27798808412007,1.2119999999999989,254.7780337125419,1.002124999999999,1.4729891304346978,0.2715642042505252,1.2999728260868864,0.3192374026873587,0.1385698467493057,0.0849278233945369,5543.78,5.96,5498.12,3.0,0.764,2039.47,6.5,1514.84,5.4,1785.2,6.5,1255.95,5.8,2724.87,5.5,2147.05,4.8,0.089984,1.5,0.073934,1.7,2.0,9.0,371.82329261838333,7.5,337.3229287282724,7.0,1.0,0.0,0.0,29.0,0.817,0.483,0.0,1071.7907386927816,7.6,927.064604610157,7.1,1024.306668275728,7.4,881.9216417064271,6.9,1.0,3.0,0.0
chr19-56460706-56460707-G-A,TWJF-5120-13,0,0.065,4.0,1.45,0.52,0.0,3.8,0.02,2.0,34.818,132.31,1.3,0.087,0.0,11.431,17.5,178.278,6.415,14.963632503103794,0.041625,130.36092319471632,0.7064999999999994,0.0978804347825956,0.9158225746134656,0.9787228260868231,0.4312325362135914,0.1953283913899213,0.0367567227222025,676.53,0.06,2836.01,0.35,15.596,4.11,0.02,156.52,1.3,3.8,0.06,132.31,2.5,4.58,0.03,283.44,1.7,0.819193,0.07,0.319548,0.51,9.0,9.0,7.897747974559696,0.3,46.071821355100646,1.6,7.0,0.0,0.0,151.0,2.799,0.0,1.0,18.285633039804015,0.4,200.0368467520896,2.7,18.553677353854344,0.4,210.58624467119157,2.9,1.0,3.0,0.0
chr8-71354829-71354830-C-T,TWJF-5120-09,0,1.6,18.03,1.45,39.88,0.0,54.618,0.135,2.0,0.86,46.945,0.086,0.055,0.0,671.013,977.74,654.834,2463.68,54.617739142652255,0.135,46.94549976091158,0.086125,0.4167391304347774,0.7132853469528638,0.222663043478235,0.8351814110359562,0.1337546594440937,0.2932667471468448,753.83,1.89,820.13,2.0,0.976,981.27,1.8,654.79,1.4,878.83,2.1,814.73,2.0,201.62,0.34,167.29,0.31,0.669931,0.14,0.702269,0.12,5.0,9.0,306.0237497348042,1.4,330.1018226801629,1.5,5.0,0.0,0.0,7.0,0.136,0.0,1.0,691.6557631437117,2.5,666.6378988746959,2.4,650.3692510984623,2.4,654.8773953784729,2.4,1.0,3.0,0.0
chr2-157415938-157415939-G-T,TWJF-10146-MO011-0026,0,0.426,6.05,0.16,4.8,0.0,34.88,0.19,2.0,0.556,19.38,0.1,0.284,0.0,81.27,1273.21,68.525,1062.04,73.14950466647241,0.1915,41.67295137619827,0.047375,0.4310869565217246,0.7039118950855257,0.109809782608707,0.9070210440753173,0.201129144988954,0.44568250188604,34.88,0.19,19.38,0.1,0.843,83.83,0.34,43.54,0.17,78.71,0.54,71.02,0.5,224.42,0.42,66.03,0.15,0.380472,0.31,0.659391,0.08,4.0,9.0,1085.26206538749,1.7,1085.26206538749,1.7,6.0,0.0,0.0,1158.0,33.236,0.0,0.0,77.2769548356585,0.5,80.91890551485794,0.5,91.24309325911985,0.6,97.99411610955944,0.6,1.0,3.0,0.0
chr11-74133548-74133549-C-G,TWJF-10146-MO011-0021,0,3.0,14.45,5.5,13.0,1.457,317.665,0.728,2.0,1.596,506.956,1.066,0.055,0.0,613.47,51.565,1508.18,49.645,400.74026150749467,0.7277499999999996,759.1442606336253,1.0663750000000003,1.9128804347825368,0.1882307588442312,2.7245652173912447,0.1102144030490842,0.0102208914177026,0.00840384636831,7404.69,11.32,7970.47,11.92,2.458,1439.89,2.0,2621.74,3.0,421.09,3.5,1249.17,6.5,805.85,2.5,1767.19,4.5,0.1111,1.5,0.059207,2.5,1.0,9.0,4106.841418464271,12.0,5382.47700914843,17.0,5.0,0.0,0.0,516.0,13.005,0.112,1.0,317.6654627542833,4.4,506.95568780686745,6.5,334.5106891305994,4.7,543.7634345014832,6.9,1.0,3.0,0.0
chr11-130133628-130133629-G-A,TWJF-10146-MO011-0020,0,0.32,27.0,2.85,31.0,1.952,13.86,0.065,2.0,38.339,531.38,0.465,0.236,0.0,22.423,79.42,451.233,112.61,16.988833411489548,0.065,103.18207008392024,0.6221249999999995,0.1497554347826195,0.8822088836991573,0.4646195652173617,0.6846343180016823,0.1246462427079677,0.2698918655514717,2643.76,0.33,5277.85,1.38,20.124,16.92,0.16,504.88,2.8,13.86,0.5,531.38,4.2,22.53,0.2,780.84,2.9,0.452132,0.31,0.136316,1.1,6.0,9.0,22.315385373213527,0.7,163.3860118481957,4.5,2.0,0.0,0.0,1860.0,114.837,0.017,0.0,44.06664632959467,0.8,380.2857045447431,4.1,47.80023150693456,0.8,397.5850081778857,4.2,1.0,3.0,0.0
chr21-31702260-31702260-A-AT,TWJF-5120-13,0,12.5,5.18,11.34,11.15,0.0,11.184,0.61,2.0,1.0,11.184,7.922,0.064,0.0,11473.039,299.28,6942.787,1020.39,114.2830345532278,0.71,3243.7201736561656,7.922375000000002,0.6095380434781958,0.6030967421029275,8.545326086956507,0.0286974211915408,0.1971101519884541,0.0020172107797407,7065.03,37.41,241.99,10.68,0.605,22583.84,10.0,23988.8,12.0,35752.13,58.0,38984.65,69.0,38982.97,34.0,41619.7,43.0,0.0001,15.0,4e-06,38.0,0.0,9.0,15881.048931852623,54.0,10641.85393511786,41.0,9.0,0.0,0.0,348.0,15.165,0.0,0.0,11.184330703165225,5.7,11.184330703165225,5.7,15.092806356411632,8.6,14.28137424373454,7.9,1.0,0.0,0.0
chr4-182793276-182793277-C-T,TWJF-5120-11,0,2.826,21.0,2.45,26.0,0.0,97.834,1.3,2.0,1.667,163.114,2.1,0.176,0.0,346.78,55.865,827.72,77.37,1643.8218690175845,2.4510000000000014,1175.6292927170343,2.153625000000001,3.4218749999999147,0.0801665226827892,2.2920108695651606,0.1439845893647579,0.1211531311273574,0.2149561308324337,112.5,1.3299999999999998,275.56,2.04,2.387,203.6,1.3,479.81,2.1,489.96,3.2,1215.83,5.0,1101.41,3.2,2910.88,5.1,0.0418,3.8,0.040103,3.9,7.0,9.0,1637.1764276304789,5.4,2812.1856201345004,9.8,1.0,0.0,0.0,102.0,10.342,0.0,0.0,97.83404274044015,1.5,163.1135350516001,2.4,103.0030299135169,1.6,171.336542984601,2.5,5.0,3.0,0.0
chr17-7676152-7676153-CG-C,mcdb046,1,2.6,2.9,3.9,5.329539296204705,7.693,399.92,0.88,2.0,2.477,990.78,3.3,0.223,1.0,614.19,43.005,1201.66,137.58892877485124,470.1070039301737,1.0963749999999997,477.23122941037946,1.1036249999999996,1.3767934782607796,0.2967135065917505,1.858124999999916,0.19639360411607,0.223221480846405,0.0730343386530876,610.1,3.88,828.74,4.5,1.956,623.54,1.7,1207.06,2.6,618.28,3.5,1196.26,4.9,399.92,1.0,990.78,2.0,0.21308,0.88,0.027961,3.3,7.0,9.0,2904.964926184022,12.0,3343.7015248821103,14.0,9.0,0.0,0.0,335.0,53.796,0.143,0.0,665.2731562017426,4.1,1294.195841449989,7.0,552.0138826753467,3.5,1210.458766312463,6.6,1.0,0.0,0.0
chr2-55175836-55175837-A-G,TWJF-5120-04,1,1.65,6.199,22.0,4.6,2.955,372.045,0.769,2.0,33.721,12545.613,5.172,0.223,0.0,1282.611,26.155,18511.052,19.08,372.04473421500114,0.7691250000000002,12545.613376238718,5.171750000000004,0.9336141304346626,0.4502830783151108,27.61739130434782,0.0089852828308962,0.3465142697095871,0.0394919663667678,3623.48,1.17,6152.13,18.0,14.432,2499.42,2.3,21428.83,19.0,621.64,2.1,16763.86,20.0,5991.81,2.8,32407.44,26.0,0.06336,1.4,0.000294,17.0,1.0,10.0,1550.9601273084331,1.4,17695.74632585068,24.0,2.0,0.0,0.0,133.0,8.927,0.331,0.0,1006.6998409579646,1.9,19856.376547486943,26.0,1014.2616388061216,1.9,19326.357104820934,26.0,1.0,3.0,0.0
chr8-69832120-69832121-C-T,TWJF-5120-06,1,1.5,0.27,1.5,0.21,1.009,82.7,0.2,2.0,1.008,83.37,0.2,0.177,0.0,294.686,12.77,280.739,11.35,539.3835899742159,1.271124999999999,514.7036544394532,1.247874999999999,2.086195652173842,0.1655712302498449,1.989701086956444,0.1778742604761282,0.047755904495716,0.0593539662659168,82.7,0.93,83.37,0.94,0.953,218.17,1.3,215.08,1.3,184.04,1.7,175.29,1.7,296.31,0.93,274.69,0.89,0.017714,3.4,0.019596,3.2,6.0,10.0,293.06182667959655,0.2,286.7882225190838,0.2,4.0,0.0,0.0,13.0,1.875,0.538,0.0,1054.0227869418711,5.1,1339.2140593880788,5.7,932.8890597215724,4.8,1244.027554969408,5.5,1.0,3.0,0.0
chr19-58563114-58563115-C-G,mcdb041_new,0,1.95,3.3,1.9,3.4,2.915,206.058,0.495,2.0,0.78,160.738,0.41,0.173,0.0,2274.801,37.45,1749.8,38.7,206.0583140723033,0.4953749999999998,160.7381975721499,0.4102499999999997,1.2398097826085603,0.3367711374587895,1.052445652173759,0.401471041036559,0.0491485670208931,0.0596371926367282,6111.38,6.8500000000000005,1573.94,2.62,0.769,1766.95,2.0,1477.05,1.8,2416.9,2.5,1925.66,2.2,3836.85,1.7,3065.32,1.5,0.046331,1.6,0.045627,1.7,0.0,10.0,1485.2677558853384,1.9,1534.2695396588344,2.0,9.0,7.0,0.0,207.0,17.776,0.164,1.0,2745.9334023435927,11.0,2475.654301341109,9.1,2132.701134633215,8.0,2192.451525435768,8.2,1.0,3.0,2.0
chrX-101625957-101625958-C-G,mcdb041_new,1,0.085,9.77,1.926,9.37,7.016,39.81,0.03,2.0,48.634,1936.11,27.73,0.212,0.0,72.26,566.58,2637.88,542.14,46.00009083511438,0.049625,990.4675888868676,1.0296249999999991,0.2150543478260829,0.8403476497017299,2.0511684782608057,0.1696727854285536,0.2984254881739616,0.2229156643152237,598.05,0.03,6055.51,27.73,36.506,62.65,0.08,3339.65,3.3,39.81,0.07,1936.11,1.8,44.84,0.05,4366.02,1.6,0.781625,0.09,0.027037,1.8,6.0,10.0,531.3768163911138,0.3,1864.1597343160688,1.3,2.0,0.0,0.0,262.0,22.706,0.309,0.0,166.75159627096434,0.3,4027.8194987369056,6.3,81.8690969559907,0.2,1503.5573569497983,2.7,1.0,3.0,0.0
chr6-72251090-72251091-A-C,TWJF-10146-MO011-0026,0,0.08,0.07,0.175,0.38,0.268,10.79,0.026,2.0,1.486,16.03,0.019,0.217,0.0,20.243,16.57,38.838,39.3,38.08544017112288,0.026,37.13348261742068,0.01925,0.049510869565239,0.948331032996462,0.0601358695652436,0.941674731168639,0.5996091477572918,0.5564197562634945,160.7,0.52,235.47,0.65,1.919,15.88,0.04,65.12,0.15,11.29,0.1,19.92,0.21,10.79,0.03,16.03,0.04,0.918988,0.06,0.915589,0.06,11.0,9.0,56.586888140945845,0.2,71.02220993124578,0.3,6.0,0.0,0.0,9.0,0.804,0.333,0.0,23.65374987057601,0.2,40.541517440650225,0.3,16.831778214907583,0.2,31.85150809542789,0.2,1.0,3.0,0.0
chr1-180020754-180020755-C-G,TWJF-10146-MO011-0021,0,19.0,23.08,19.5,36.71,7.953,328.21,2.41,2.0,0.474,155.57,1.58,0.093,0.0,3839.228,354.14,5413.942,898.98,10143.413584993854,5.6805,11362.373066356276,6.21975,24.57923913043477,0.0098336145492604,27.61739130434782,0.0087230850831044,0.0068807363713858,0.003850111275824,328.21,2.41,155.57,1.58,1.41,5064.55,13.0,7153.03,16.0,5900.97,19.0,6646.79,21.0,11218.24,21.0,12343.95,23.0,0.000836,21.0,0.001259,18.0,0.0,10.0,1437.8310001273976,9.6,1925.6618788676217,13.0,8.0,8.0,1.0,1581.0,53.738,0.148,0.0,1358.031988845345,19.0,1721.5117845544416,21.0,2613.9062067972704,27.0,4181.094659128291,33.0,1.0,3.0,1.0
chr19-39913736-39913737-T-G,TWJF-10146-MO011-0029,0,1.1,4.72,0.209,4.66,9.67,146.01,0.68,2.0,0.341,49.717,0.14,0.097,0.0,10354.2,607.97,2037.49,601.17,146.00984415234308,0.851625,49.71698331351045,0.133875,1.0836684782607051,0.3897880020459604,0.2089402173912731,0.8438709024126793,0.0194425694644451,0.3272476531565189,24459.55,42.17,30243.17,58.79,0.197,10354.2,3.840149589799809,2037.49,-0.8691766534655212,10354.2,1.3,2037.49,0.22,11863.91,0.68,3894.7,0.14,0.008852,1.1,0.103628,0.14,6.0,10.0,1262.7582159361314,2.2,442.0995903020487,0.4,1.0,0.0,0.0,17.0,81.949,0.118,0.0,10354.2,8.939546678244144,2037.49,-2.1037611885585297,10354.2,12.690628307352592,2037.49,1.0539968227961063,1.0,3.0,0.0
chr12-50732530-50732531-T-A,TWJF-5120-06,0,26.0,40.44,25.0,36.78,0.0,5359.33,11.0,2.0,0.891,4773.72,14.0,0.09,0.0,11527.641,1109.25,12897.658,902.56,11527.641417214896,13.770499999999998,12897.657837951932,15.243375,27.61739130434782,0.0085283540861862,31.64317934782608,0.0076433719132777,0.0013781227171421,0.0009912736713886,5359.33,11.49,4773.72,10.75,1.119,11527.641,11.747662233269804,12897.658,10.373524694831556,41897.56,71.0,41142.43,67.0,29506.58,27.0,29555.14,27.0,0.006892,11.0,0.004126,14.0,1.0,9.0,11233.423801227658,26.0,10874.648638249304,25.0,1.0,0.0,0.0,675.0,117.725,0.0,0.0,11527.641,17.581511275534112,12897.658,13.858479113579463,11527.641,15.067055330308085,12897.658,15.529527653238382,5.0,3.0,0.0
chr9-124799324-124799324-A-AATTC,TWJF-10146-MD017-0016,0,1.55,18.75,3.870760024065856,16.72,0.0,1255.481,0.583,2.0,29.87577107680543,2860.7062661604614,1.6411014499917047,0.405,0.0,3089.702,124.56,4652.977550212112,116.29,2702.2939635911807,0.5833749999999991,4098.207905151013,1.7633940567546749,3.720108695652101,0.0721891821743696,8.147514451778534,0.1053845089543068,0.2255547493696212,0.2103856856928067,11799.77,43.47,12476.998385205963,39.779892366006735,7.464808811538076,4043.04,1.4,5976.954033509997,2.8265727506467675,6095.65,3.1,7344.878754110618,6.526216124409794,3477.11,0.73,5644.117956342049,1.7838715616801537,0.070323,0.93,0.08155874221769,2.9041002131871427,0.0,9.0,1785.2014996700302,5.3,3037.329049395567,7.671873427956933,4.0,0.0,0.0,111.0,5.382,0.0,0.0,1299.002539192322,1.6,6673.438391632766,5.333731345404032,1255.4805818630423,1.5,6470.821000620927,4.572306888936604,1.0,0.0,0.0
chr2-32115756-32115757-G-T,TWJF-10146-MO011-0029,0,3.74,14.7,31.0,12.33,3.519,378.46,1.287,2.0,2.844,1076.515,19.283,0.081,0.0,1549.663,765.75,16768.177,641.46,1272.2966236281568,1.2873749999999995,25590.416549349706,19.282625000000003,3.679429347826016,0.0731815467282176,62.74467391304348,0.0041221540266996,0.0229123048484325,0.0135796107351779,1827.03,67.10000000000001,3146.99,76.92,10.821,14948.83,3.8,30146.16,20.0,11233.42,8.7,37132.0,67.0,14036.51,3.2,42835.87,54.0,0.02196,1.8,4.5e-05,27.0,0.0,9.0,855.3764372017306,3.5,7945.936747596634,35.0,9.0,0.0,0.0,705.0,54.146,0.065,0.0,516.606659143995,7.6,711.4755826667771,13.0,378.4600130434747,5.2,1076.514787826394,19.0,1.0,3.0,0.0
chr1-222629207-222629209-TG-GT,TWJF-10146-MO011-0021,0,7.015,4.39,2.5,5.09,38.30406653269651,143.731,2.38,2.0,0.411,59.095,0.44,0.045,0.0,631.315,36.32,104.249,42.13,11657.014070985397,6.329375,3431.4377269460465,3.138000000000001,27.61739130434782,0.0086323903509233,3.326576086956436,0.0834286169333983,0.007898687836132,0.3354784538969397,320.03,2.3800000000000003,22.6,0.44,0.165,539.32,2.7,64.26,0.61,723.31,7.7,143.49,3.6,4475.5,12.0,531.83,2.7,0.004015,11.0,0.063265,2.3,2.0,9.0,1407.051206502568,18.0,645.6305357438321,12.0,7.0,0.0,0.0,1071.821181398795,209.151,0.0963921012790708,0.0,143.73085200897998,4.5,59.09489971760746,2.0,154.51477008299577,4.7,65.00847825261643,2.1,5.0,3.0,0.0
chr11-132212114-132212115-C-A,TWJF-10146-MO011-0020,0,1.615,13.0,2.15,13.0,4.39,34.58,0.037,2.0,0.963,33.3,0.143,0.305,0.0,962.793,47.945,1127.95,49.475,59.36293679034919,0.175375,69.26249874449911,0.2625000000000001,0.0369565217391425,0.9578514128322976,0.1434510869565173,0.886406344721388,0.7818434946238995,0.5220654271543026,34.58,5.53,33.3,5.23,1.172,3909.68,0.83,4839.5,1.2,2088.44,3.3,3997.24,5.9,1817.65,0.57,4582.47,1.6,0.40088,0.06,0.354568,0.08,1.0,9.0,2010.8325794908649,3.2,2145.7036159277955,3.7,5.0,0.0,0.0,416.0,41.415,0.106,0.0,107.93691472299284,4.2,110.19705799029217,4.4,74.92556041687261,2.4,80.46925860145546,2.7,1.0,3.0,0.0
chr1-152303555-152303556-G-A,TWJF-5120-06,0,2.393,7.01,3.701,18.93,0.0,384.22,0.87,2.0,2.33,895.35,1.3,0.149,0.0,993.258,145.92,1603.809,557.59,793.3823909937324,1.5082499999999983,1479.4322646662245,1.9241249999999983,1.864429347826018,0.1957271425029968,4.102010869565163,0.0647545100037382,0.2113884203135967,0.0271864719688892,1055.73,2.92,2609.5,4.2,1.615,1172.43,3.5,1954.12,4.6,645.63,3.0,814.73,3.3,384.22,1.2,895.35,1.9,0.208026,0.87,0.113077,1.3,1.0,10.0,1262.7582159361314,1.4,1728.185404637339,2.3,7.0,0.0,0.0,19.0,0.554,0.0,0.0,930.786337731521,4.8,1098.6263218072145,5.2,1544.6496843363116,6.2,1769.416203407007,6.6,1.0,3.0,0.0
chr7-92076878-92076879-G-C,mcdb041_new,0,3.85,8.55,3.8,16.91,36.132,436.727,1.5,2.0,1.0,436.727,1.5,0.109,0.0,2697.397,493.06,2857.733,1062.98,3237.453920014193,1.8336249999999987,3298.5669113861563,1.8413749999999989,8.269211956521715,0.0297514212254766,8.545326086956507,0.0287617867208604,0.0119877569377422,0.0072724074125289,22348.77,26.37,21777.78,25.39,1.059,4353.0,3.9,4637.23,4.0,2157.34,2.7,2416.9,2.8,11485.25,4.2,12321.54,4.6,0.02729,2.2,0.026095,2.2,0.0,9.0,1209.2729068825724,3.8,1304.4189904398024,4.2,5.0,0.0,0.0,2189.0,175.396,0.206,0.0,436.72695739820057,1.5,436.72695739820057,1.5,1305.0285115303495,5.0,954.157349840028,3.6,1.0,3.0,0.0
chr14-88263485-88263486-G-T,mcdb045,0,6.05,15.68,8.85,26.85,0.0,103.469,2.0,2.0,0.964,99.726,4.3,0.067,0.0,2362.684,179.73,4060.347,473.46,1535.5586127475012,3.694875,4815.853313099317,6.4056250000000015,4.519266304347795,0.0580579088453999,9.494239130434764,0.0257080732793758,0.0045394711196422,0.0785537734627723,2385.66,6.99,3304.84,9.2,1.719,7039.63,2.0,13222.01,4.3,10081.44,18.0,24087.38,37.0,11819.96,5.8,24189.23,17.0,0.022609,2.6,0.006749,4.9,0.0,9.0,2339.707100807512,6.3,2842.778048235646,8.5,9.0,0.0,0.0,2.0,0.312,0.0,0.0,235.73279201139465,14.0,235.73279201139465,14.0,103.4689400172037,6.5,99.72636743218862,6.2,1.0,3.0,0.0
chr4-44678664-44678665-C-T,mcdb041_new,0,2.825,0.14,9.182,0.25,1.528,1172.781,0.42,2.0,4.678,5486.849,2.3,0.079,0.0,2980.11,5.56,9786.784,6.78,1172.7814070782335,3.1498750000000006,5486.848966481664,9.208750000000004,2.4134510869564423,0.1324978114492682,9.15535326086956,0.0263814736209878,0.1870245076715946,0.1218683309853077,3281.68,8.84,25187.97,48.0,3.284,11521.71,4.2,27231.48,16.0,2678.54,2.5,9919.14,9.0,1911.28,0.42,8499.37,2.3,0.038155,1.3,0.004355,4.4,0.0,11.0,5620.540265729719,5.3,9654.42834743743,12.0,1.0,0.0,0.0,141.0,11.94,0.128,0.0,2980.11,7.052061251341316,9786.784,23.718506524057815,2980.11,7.752678167346,9786.784,21.77790454611041,1.0,3.0,0.0
chr6-100448518-100448519-G-A,mcdb048,0,0.535,0.25,0.143,1.15,0.0,39.06,0.1,2.0,0.44,17.18,0.06,0.138,0.0,146.327,82.57,51.925,172.19,228.9270948915187,0.4694999999999999,76.28989278807394,0.1155,1.4288858695651214,0.2826063136316782,0.5165217391303969,0.6546819929428206,0.006294300990703,0.1487055846955627,61.83,0.27,13.17,0.04,0.355,39.06,0.1,17.18,0.06,81.75,0.35,27.56,0.1,89.16,0.1,17.89,0.03,0.092575,1.3,0.476527,0.17,2.0,9.0,554.8792475518704,0.6,268.76176978724686,0.2,6.0,6.0,1.0,0.0,13.811,0.0,0.0,203.49324626224515,0.8,94.96203219888226,0.4,255.34655325919556,0.9,106.44616022843604,0.4,1.0,3.0,1.0
chr2-219477924-219477925-G-A,TWJF-5120-04,0,2.809,0.02,3.45,1.24,0.0,213.86,0.7,2.0,1.14,243.86,0.7,0.197,0.0,820.804,7.57,774.193,65.61,4602.521595456822,3.115499999999997,7638.495259580056,4.012249999999995,3.8986413043477626,0.0686103573359717,4.391929347826036,0.0592435950727371,0.356288306415081,0.4510535225272178,213.86,1.52,243.86,1.62,0.943,1881.75,4.5,1258.24,3.6,405.44,2.5,340.99,2.3,873.95,1.9,1003.87,2.0,0.035708,2.5,0.018841,3.3,2.0,10.0,767.6576508395113,0.7,776.0086328378046,0.7,5.0,0.0,0.0,25.0,16.614,0.0,0.0,714.2495903992956,4.1,704.4497186313196,4.1,884.7692084513551,4.7,772.3781866094455,4.4,5.0,3.0,0.0
chr1-85823560-85823561-C-G,TWJF-5120-11,0,2.25,4.75,4.75,15.53,0.0,199.743,0.583,2.0,4.2,839.015,1.156,0.108,0.0,1340.713,1054.81,4227.896,2909.64,199.7431873945929,0.5827499999999998,839.0150406845411,1.1557499999999992,1.3033967391303634,0.3179583803757902,2.9306793478260005,0.0997466973882935,0.0164508670568466,0.0043570175766944,5659.99,7.000000000000001,12801.1,13.38,3.153,2440.71,3.1,11789.05,9.0,1610.82,2.3,5997.52,4.9,6535.76,3.6,16787.82,9.4,0.125984,0.96,0.030699,2.2,1.0,10.0,696.4290085710637,1.3,1304.4189904398024,2.4,9.0,0.0,0.0,7.0,0.559,0.0,0.0,544.2770221392253,2.2,1207.3133418887544,4.6,1070.606806177278,4.1,2458.272370663849,8.9,1.0,3.0,0.0
chr19-55809018-55809019-G-A,JLF-100-042,0,0.409,20.0,0.716,17.0,0.0,7.83,0.02,2.0,2.165,16.95,0.04,0.246,0.0,45.528,324.55,56.78,252.945,45.28640925557077,0.108375,40.21512489942152,0.058125,0.05701087,0.9439207928272744,0.1317119565217552,0.8934059243541763,0.6226848661899567,0.3930082339793443,45.77,7.12,35.98,5.86,1.247,29.44,0.06,56.75,0.11,43.65,0.71,73.37,1.3,7.83,0.02,16.95,0.04,0.670999,0.03,0.631414,0.03,4.0,9.0,4429.969369593865,9.5,5099.027255984747,14.0,8.0,0.0,0.0,0.0,0.044,0.0,0.0,78.92416575415051,92.0,65.94927111555145,85.0,64.48073808214278,84.0,56.810681617996835,79.0,1.0,3.0,0.0
chr2-32499685-32499686-T-C,TWJF-10146-MO011-0026,1,6.55,0.51,8.895,0.79,85.226,1209.122,2.2,2.0,2.723,3292.077,2.9,0.255,0.0,3105.17,47.73,5138.829,62.69,5524.348504499726,3.0866249999999984,4702.678900368539,2.8534999999999986,3.1845108695651163,0.0889484361219852,1.5202989130434048,0.2607100163266389,0.4860243052244186,0.8047919645905495,5620.0,12.54,5574.98,9.19,1.655,3209.53,7.7,5872.82,12.0,3000.81,6.9,6062.77,10.0,3962.11,6.3,6731.61,8.6,0.089777,2.2,0.057433,2.9,1.0,9.0,2469.769045352091,5.5,2010.8325794908649,4.4,9.0,0.0,0.0,2344.0,230.34,0.37,0.0,1209.1216568932714,6.8,3292.0771168486435,12.0,1261.59511877593,7.0,3458.7565930663773,13.0,1.0,3.0,0.0
chrX-34132085-34132086-G-T,mcdb045,0,30.334,12.75,21.128,19.33,0.0,1255.95,3.9,2.0,1.813,2277.27,5.5,0.052,0.0,15906.245,130.33,18767.421,255.57,23574.06022451945,29.668499999999995,15324.908515032792,15.255999999999997,62.74467391304348,0.0042808780061267,37.35904891304347,0.0064821689775761,0.0017716139554977,0.0014268048107624,12848.36,37.11,4770.81,12.73,1.18,18964.13,7.5,23602.11,12.0,1255.95,3.9,2277.27,5.5,38056.93,44.0,38497.16,45.0,6.1e-05,31.0,9.3e-05,27.0,1.0,8.0,7527.49114979243,9.2,22209.93328550318,36.0,3.0,0.0,0.0,0.0,0.237,0.0,0.0,15906.245,13.364117697763303,18767.421,19.90648617629254,15906.245,12.3328657506392,18767.421,22.24729216642977,5.0,3.0,0.0
chr16-411564-411565-C-G,mcdb041_new,0,6.0,19.61,8.1,23.13,0.793,1368.674,1.194,2.0,0.939,1284.605,1.16,0.113,0.0,4068.205,262.35,6539.351,355.56,1368.6739207258026,1.1937500000000003,1284.6048444777043,1.1602500000000002,2.211847826086881,0.151683553250722,1.731739130434704,0.2179110909925998,0.273972675204277,0.3819395452737808,17008.49,10.98,15900.44,10.11,1.607,10729.49,7.7,13418.01,9.4,4804.44,5.5,6719.1,7.1,3859.67,2.5,3928.05,2.6,0.033798,1.6,0.074665,0.99,0.0,9.0,3975.676359145958,9.7,3766.310953452029,9.1,6.0,6.0,1.0,216.0,3.811,0.208,0.0,3064.9966205234223,6.5,6359.602918877668,12.0,4160.734461892969,8.2,8282.663163895539,15.0,1.0,3.0,1.0
chr6-43186383-43186384-G-T,mcdb044,1,0.625,1.21,1.159,2.44,1.945,9.82,0.308,2.0,3.729,36.62,0.577,0.069,0.0,177.173,130.86,294.626,197.02,276.822081393755,0.3364999999999992,884.8729511232231,0.5772499999999986,0.3075271739130158,0.7809958147130917,1.117282608695504,0.3776524662222467,0.681108009070158,0.49959297478199,9.82,0.65,36.62,1.06,1.663,147.05,0.36,425.55,0.68,58.14,1.2,164.27,1.6,130.7,0.6,408.24,1.2,0.193057,1.1,0.124426,1.4,4.0,9.0,207.29661580797057,0.5,337.3229287282724,0.8,5.0,0.0,0.0,29.0,28.192,0.069,0.0,222.60760645338365,2.8,241.84660766301965,2.9,250.19579136939296,3.0,251.93006574328072,3.0,1.0,3.0,0.0
chrX-3310820-3310821-C-T,mcdb045,0,0.549,6.23,0.72,10.0,0.0,48.051,0.149,2.0,1.066,51.231,0.184,0.05,0.0,516.065,52.1,769.707,92.63,48.05134746417572,0.1495,51.2306485414814,0.183875,0.3973641304347808,0.7251347878655443,0.3669836956521664,0.7439541065308084,0.115175187587738,0.1600515507161617,389.98,1.63,1016.47,3.52,1.491,955.97,0.34,2078.25,0.64,642.15,3.0,995.27,4.1,671.53,0.38,554.85,0.32,0.483668,0.15,0.538468,0.12,2.0,9.0,953.1186832043844,0.7,984.5638656907048,0.8,7.0,0.0,0.0,90.0,138.532,0.0,1.0,55.13406323293902,3.4,99.6368525364178,6.2,100.88114434237524,6.4,139.89751494005515,8.6,5.0,3.0,0.0
chr19-41976544-41976545-G-C,TWJF-5120-06,0,3.545,21.0,3.049,21.31,0.679,97.73,0.5,2.0,0.823,80.43,0.4,0.101,0.0,1447.367,549.69,1965.523,550.175,5827.189371130945,3.4904999999999964,3054.456864384458,2.597874999999997,12.187228260869546,0.0193166111442891,7.348016304347794,0.033322110223007,0.0482503287494182,0.0290907584130764,486.36,2.17,316.35,1.82,1.358,1232.24,3.6,3069.44,5.8,97.73,1.2,80.43,0.8,3933.96,4.2,4712.13,4.7,0.008216,4.5,0.012556,3.8,3.0,8.0,2607.0610014707204,3.8,2365.159660107549,3.5,2.0,0.0,0.0,18.0,2.04,0.333,0.0,1662.4936685162904,2.5,1565.8854906605875,2.3,415.57556117097266,0.5,313.7978762479026,0.4,2.0,3.0,0.0
chr5-157806066-157806067-T-G,mcdb048,0,2.55,8.81,2.7,14.33,0.0,17.445,0.79,2.0,0.92,16.057,0.76,0.083,0.0,2230.6,732.29,2304.084,1193.85,270.00648329262344,1.0437500000000002,265.47205028332104,1.0345000000000002,1.5432336956520771,0.2554914766807337,1.548505434782527,0.2546796049518064,0.0126109590055421,0.0067536644637584,37525.75,79.53,37334.78,77.42999999999999,1.033,3212.03,0.79,3122.9,0.76,8571.13,12.0,11730.27,16.0,12962.93,4.6,12901.92,4.6,0.004915,2.3,0.00636,1.9,0.0,9.0,1249.169100192773,2.8,1485.2677558853384,3.5,5.0,0.0,0.0,28.0,111.659,0.0,0.0,65.94319724292534,3.4,77.83411648667703,3.9,17.444960884501654,0.8,16.057206775390373,0.8,1.0,3.0,0.0
chr4-72548693-72548713-GCTTTAGTCGCAGATGAAAAT-G,TWJF-5120-06,0,0.15,0.08,5.604152574803084,2.22,0.0,26.87,0.02,2.0,90.24179495786876,2820.4480158019833,3.789880979372824,0.097,0.0,139.823,7.57,3793.6457397664954,47.34,38.77489415924677,0.04525,3956.079419294707,3.2341827005797423,0.3479619565217149,0.7558193779025129,9.399434344895408,0.5753751104030724,0.1014574766159057,0.1179366587004154,2712.13,0.32,5570.464151402297,9.885771176073844,14.63549468071034,26.87,0.09,4595.071989439628,5.877714061849108,39.38,0.02,4263.077323642208,6.5149786434879555,43.61,0.1,4864.918575106207,5.359425328073312,0.945611,0.06,0.7240595520335738,5.4295690103156495,1.0,10.0,236.03687283019391,0.2,3109.004436807973,5.557254013211454,2.0,0.0,0.0,15.0,0.363,0.0,0.0,304.37571587729354,0.6,6158.9037551922975,6.248644124609993,439.2785528772133,1.0,6989.088855428809,7.229871925198451,1.0,0.0,0.0
chr9-108855046-108855047-C-T,TWJF-5120-04,0,0.84,52.0,3.25,37.0,0.037,97.735,0.34,2.0,4.536,443.369,1.164,0.209,0.0,286.94,672.345,1439.805,473.645,97.7345553428294,0.492375,443.3687809530122,1.163999999999999,0.3397826086956428,0.7617520060982018,1.19521739130424,0.3513033030848493,0.3644251003861427,0.2777138464152813,450.5,2.1,4087.1,5.15,5.018,144.68,0.85,1457.25,3.9,149.03,1.7,1422.36,3.7,247.33,0.83,1502.81,2.5,0.336617,0.53,0.111067,1.3,2.0,9.0,326.54944676299664,0.7,893.2091487761664,2.8,7.0,0.0,0.0,2.0,0.075,0.5,0.0,365.8474227939716,2.2,1245.3745890007256,4.5,416.8981807817917,2.4,1503.2458030448947,5.1,6.0,3.0,0.0
chr5-11117547-11117548-C-T,mcdb045,0,12.0,22.23,13.0,20.24,0.0,73.419,4.5,2.0,1.084,79.581,5.0,0.064,0.0,6116.424,330.41,5729.77,277.94,8960.724525330805,9.502625,8005.523100301735,8.72425,20.2322554347826,0.0111042672719768,18.61798913043478,0.0121373892422013,0.0075548030436038,0.0020479820668697,3073.75,8.64,366.95,1.55,0.937,23434.42,12.0,24509.86,13.0,18378.72,29.0,18882.64,29.0,26878.16,21.0,29626.53,25.0,0.000701,14.0,0.000401,17.0,0.0,9.0,3272.1225681968112,12.0,3454.0165428148343,13.0,7.0,0.0,0.0,2.0,1.379,0.0,0.0,151.85181948782233,9.3,147.71343583226002,9.1,73.41925951094501,4.5,79.58111139142046,5.0,1.0,3.0,0.0
chr2-209694768-209694769-C-A,mcdb044,0,0.185,6.199,0.075,7.3,15.812,35.4,0.009,2.0,0.861,30.486,0.003,0.413,0.0,715.776,400.405,206.265,400.725,35.40002977394472,0.00925,30.486383532396975,0.00325,0.2841032608695428,0.7960030577345328,0.1400543478261227,0.8882374467058147,0.1419172920286655,0.3019489608705044,2509.98,0.12,348.48,0.01,0.288,193.76,0.27,46.39,0.1,40.46,0.05,9.19,0.02,346.29,0.17,64.05,0.05,0.839421,0.05,0.944075,0.02,1.0,11.0,1085.26206538749,0.2,427.97973197836103,0.2,9.0,0.0,0.0,18.0,28.438,0.556,0.0,3467.52818642271,5.6,1798.9537581033749,3.2,6183.010727517132,12.0,4387.326951325295,7.2,1.0,3.0,0.0
chr10-35607880-35607881-G-A,TWJF-5120-06,0,46.0,82.98,53.0,57.06,0.0,17424.76,20.0,2.0,1.7,29625.81,19.0,0.158,0.0,21040.322,6616.34,29625.81,2426.8,18511.418983705396,24.31125,12562.2602671914,14.9175,46.22467391304348,0.0056358758541956,27.61739130434782,0.0083163755588781,0.0135073699057102,0.0178002305328845,17424.76,27.52,29625.81,63.17,1.408,21040.322,47.18915446775265,29625.81,60.829535569812066,40886.36,66.0,40862.48,66.0,42341.9,73.0,43081.3,78.0,0.001766,20.0,0.002088,19.0,1.0,9.0,21040.323067594654,46.0,25017.040063580014,53.0,9.0,0.0,0.0,0.0,0.033,0.0,0.0,21040.322,8.348658803345597,29625.81,22.686310351896054,21040.322,8.26038379104045,29625.81,27.64886865755824,1.0,3.0,0.0
chr10-60075661-60075662-G-A,TWJF-10146-MO011-0020,1,0.31,30.0,1.155,63.0,27.188,22.44,0.02,2.0,6.09,136.67,0.047,0.279,0.0,36.317,182.46,158.47,884.85,28.51437548391433,0.181125,48.062163754557886,0.3411249999999997,0.0200815217391578,0.9690048369654252,0.0465217391304406,0.950706840489667,0.6706804633140564,0.6774955838918686,2928.98,0.36,3394.87,0.42,4.363,24.44,0.22,180.27,1.4,22.44,0.8,136.67,2.5,27.89,0.26,129.41,0.91,0.830833,0.06,0.7795,0.09,2.0,9.0,44.12040613345333,1.5,109.4845863513817,3.2,1.0,0.0,0.0,100.0,93.753,0.29,0.0,75.87697351995145,1.4,298.61388654132963,3.7,75.93290234256173,1.4,302.99118943314767,3.7,1.0,3.0,0.0
chrX-153803463-153803464-G-T,mcdb045,0,18.294,1.23,15.443,2.31,0.0,169.75,1.4,2.0,0.826,140.22,0.88,0.066,0.0,10294.508,103.67,8905.189,159.5,17207.21345606144,17.588999999999995,14901.286344412554,14.885249999999996,46.22467391304348,0.0059456124081997,37.35904891304347,0.0067712330683479,0.0086591348199362,0.0061440095305442,21387.85,74.33999999999999,25327.02,90.02,0.865,4655.73,1.4,3139.09,0.88,11541.43,19.0,9146.01,16.0,33470.46,32.0,28224.71,22.0,0.000603,14.0,0.00117,11.0,0.0,9.0,9047.58649483518,35.0,8664.36747969986,34.0,7.0,0.0,0.0,16.0,3.953,0.0,0.0,169.98867940808358,12.0,136.90521764317026,8.5,169.75008483602073,11.0,140.22001201849864,8.6,1.0,3.0,0.0
chr11-56612561-56612562-G-A,TWJF-10146-MO011-0020,0,13.058,6.78,16.321,9.96,0.0,638.683,2.26,2.0,0.85,543.001,2.52,0.354,0.0,5316.716,455.46,7286.316,752.02,23845.5576323794,17.476875000000003,22910.369353457816,15.642000000000005,11.115788043478249,0.0210251999922659,20.2322554347826,0.011303719963205,0.4595405757427215,0.2703633978962898,5459.39,2.26,5477.06,2.52,1.37,12513.66,23.0,13446.35,24.0,4830.5,7.9,2812.19,6.2,19212.79,24.0,18186.05,23.0,0.002882,8.8,0.00191,11.0,0.0,8.0,638.6826117731563,6.2,543.0008913856493,5.6,7.0,0.0,0.0,0.0,0.0,0.0,0.0,2813.260833778762,15.0,3574.456366596683,17.0,5174.0425985871025,21.0,9095.571663684475,29.0,6.0,3.0,0.0
chr22-42519778-42519779-G-A,TWJF-10146-MO011-0026,0,0.946,56.0,1.837,69.0,22.836,19.49,0.21,2.0,1.775,34.59,0.43,0.137,0.0,82.282,969.61,188.53,1517.14,472.9820639620101,1.142124999999999,2445.2596563956813,2.17475,2.1200543478259988,0.1613106965405325,6.63130434782606,0.0373231235223282,0.0028823780448874,0.0012402939664752,5693.08,34.2,5677.06,25.68,2.291,29.49,0.31,63.24,0.67,19.49,0.21,34.59,0.43,119.44,0.75,294.76,1.5,0.084069,2.3,0.036237,3.6,2.0,10.0,3066.448979894378,2.4,6399.789706012268,5.8,2.0,7.0,0.0,461.0,80.979,0.282,0.0,45.12321133443385,0.5,82.30003122773468,1.0,41.89961187278664,0.4,78.20058465322418,1.0,1.0,3.0,1.0
chr8-38417901-38417902-C-T,TWJF-10146-MO011-0021,1,1.25,1.12,1.041,4.32,20.554,59.35,0.24,2.0,0.745,44.22,0.2,0.104,0.0,117.67,41.75,116.08,228.26,116.60036918013104,0.284,122.0807448155889,0.2965,0.6555978260868756,0.5805306683106115,0.981358695652034,0.4303950487488139,0.1762139151105657,0.0177750291841221,2864.55,6.370000000000001,2262.81,5.63,0.986,59.35,0.24,44.22,0.2,118.74,1.9,110.08,1.8,721.87,2.3,719.42,2.3,0.360412,0.3,0.363144,0.3,1.0,9.0,2099.770321630722,4.1,2054.8203260098107,4.0,6.0,0.0,0.0,2227.0,78.452,0.262,0.0,60.39069115239524,1.0,41.68405881480592,0.7,91.49766265942354,1.5,68.61356739575618,1.1,1.0,3.0,0.0
chr8-123254917-123254918-C-G,TWJF-10146-MO011-0026,0,3.8,10.45,3.5,1.84,4.013,322.136,0.675,2.0,2.073,667.654,0.954,0.057,0.0,1881.47,239.31,1885.935,39.9,322.1355671312903,0.6754999999999992,667.654106086459,0.9543749999999988,1.714619565217319,0.2206989881756657,2.4260054347825246,0.1319491020676198,0.0067907054326497,0.0310079152986872,1793.45,2.9000000000000004,1238.63,2.31,1.002,1969.49,3.4,2188.8,3.6,2664.09,3.9,3827.94,4.6,5729.71,4.1,6211.57,4.3,0.020013,3.7,0.024136,3.4,0.0,10.0,4989.871863860996,4.2,3725.7799675308625,2.9,1.0,1.0,1.0,1814.0,59.017,0.068,0.0,1463.86153755062,5.5,1583.069566706441,5.8,1406.8895376077264,5.3,1084.5760251322492,4.2,1.0,3.0,1.0
chrX-135985587-135985588-G-T,mcdb045,0,2.002,8.2,3.85,14.0,0.0,97.55,0.27,2.0,1.687,164.602,0.49,0.088,0.0,713.384,19.935,1769.532,47.595,97.54987596221984,0.6030000000000001,164.60237949399794,1.048875,0.4788586956521357,0.6763211479137464,0.8771195652172992,0.474579801132887,0.2436748743057251,0.1502631157636642,2506.81,7.27,5485.39,14.510000000000002,2.48,1527.74,0.49,5023.02,1.5,776.01,3.4,2216.49,6.2,440.75,0.27,916.97,0.49,0.272958,0.37,0.137459,0.72,2.0,9.0,4151.517790435466,16.0,5154.497145169031,21.0,7.0,0.0,0.0,10.0,13.227,0.0,1.0,650.7587256116522,26.0,1322.574058424763,37.0,630.6813665881542,26.0,1152.948742577005,35.0,1.0,3.0,0.0
chr15-49996726-49996727-G-A,TWJF-10146-MO011-0021,0,0.363,13.0,0.47,13.0,0.0,1.74,0.03,2.0,1.42,2.47,0.08,0.051,0.0,25.427,38.6,34.92,44.25,125.45642862782044,0.30575,145.26584751902567,0.35,1.0090760869563835,0.41889340316848,1.111657608695495,0.3796699014599556,0.0119573502452112,0.0059585128037724,1.74,0.03,2.47,0.08,1.373,8.45,0.05,15.44,0.08,21.72,0.42,28.78,0.59,11.23,0.04,15.87,0.06,0.560336,0.09,0.419472,0.22,7.0,9.0,792.984124177032,0.6,1121.0669072114465,1.3,7.0,0.0,0.0,385.0,16.158,0.0,0.0,37.15095652391796,0.6,49.54159675001247,0.8,29.134663068386963,0.5,41.05915430807323,0.7,3.0,3.0,0.0
chr18-10696484-10696485-C-T,TWJF-5120-13,0,0.698,19.0,0.676,18.0,0.0,3.43,0.06,1.0,1.233,4.23,0.09,0.054,0.0,41.142,163.93,49.335,93.355,62.27476234597215,0.3228749999999999,65.63013360894207,0.3512499999999998,0.5961956521738614,0.6099240840954117,0.2481521739130414,0.8190176078194841,0.0385173842078074,0.3532848600298166,3.43,0.8,4.23,1.0699999999999998,1.199,87.05,0.2,235.31,0.35,69.88,1.6,68.75,1.5,20.01,0.06,33.04,0.09,0.470352,0.12,0.42725,0.15,1.0,9.0,743.1400590825417,1.0,767.6576508395113,1.0,7.0,0.0,0.0,144.0,13.436,0.0,0.0,16.65750682954144,9.9,11.339920241783544,5.8,8.180314483834389,3.5,5.804569292677786,2.1,5.0,3.0,0.0
chr16-56408042-56408043-G-A,mcdb041_new,0,0.847,25.0,37.48,24.0,4.517,192.2,0.47,2.0,65.578,12604.1,7.81,0.068,0.0,488.565,592.85,28716.671,537.75,533.6894107108669,0.7839999999999997,29406.44166818054,36.960625,2.027690217391225,0.1725335048238456,99.28660326086955,0.003475082690913,0.0588521063327789,0.0032936483621597,192.2,0.47,12604.1,7.81,58.778,245.03,0.55,26231.72,22.0,279.13,0.91,28026.9,34.0,474.59,0.58,31188.62,28.0,0.11092,0.74,1.4e-05,43.0,2.0,9.0,1145.5906828097525,2.5,26694.988867658747,42.0,9.0,0.0,0.0,804.0,59.436,0.076,0.0,561.6037512304089,1.6,49366.23428682198,38.0,502.5392647279895,1.4,64146.06204503234,43.0,1.0,3.0,0.0
chr12-106083906-106083907-A-G,mcdb048,1,1.25,0.93,2.7,1.4,4.345,24.642,0.33,2.0,2.421,59.658,0.75,0.053,0.0,1180.92,452.39,3055.307,256.875,117.43478226060056,0.4993749999999998,171.09392584276912,0.7226249999999997,0.8723097826085962,0.4767506236711604,1.0239402173911571,0.413374297253213,0.0600252862786874,0.0907138295006007,36440.66,67.75,35387.82,57.4,2.587,1418.98,0.34,3985.07,1.0,942.86,1.8,3236.91,4.2,4442.4,1.3,7475.38,2.3,0.067633,0.33,0.026766,0.75,1.0,9.0,2264.981103527669,6.2,2873.7032767929295,8.3,4.0,0.0,0.0,11.0,23.875,0.182,0.0,82.63613567239305,4.2,107.93691472299297,5.4,24.641662213833943,1.2,59.658179979553275,3.1,1.0,3.0,0.0
chr21-42903318-42903319-G-A,mcdb046,0,1.795,1.89,3.255,3.34,0.672,8.5,0.291,2.0,1.021,8.678,0.537,0.085,0.0,308.204,74.57,637.722,157.37,61.638510296081,0.290625,83.55385048287168,0.536875,0.6232880434781833,0.5962204296748828,0.8024184782607193,0.5090641094309561,0.0195166654884815,0.0031263940036296,37.11,6.01,30.18,5.01,2.069,1054.75,0.79,2414.05,1.5,666.93,5.3,1325.76,8.1,554.77,0.72,1191.89,1.3,0.117969,0.48,0.040994,1.1,5.0,9.0,2365.159660107549,2.8,3202.0759094759173,5.4,7.0,0.0,0.0,117.0,19.773,0.034,1.0,8.999326323461252,8.1,9.16663629136635,8.4,8.500216748387551,7.1,8.678206898502163,7.5,1.0,3.0,0.0
chr8-93923445-93923446-A-T,TWJF-10146-MO011-0026,1,0.61,7.34,0.405,12.29,8.046,30.361,0.049,2.0,0.906,27.509,0.031,0.154,0.0,54.008,68.15,53.59,95.425,30.360942036126275,0.049125,27.50897920310781,0.030625,0.2212499999999835,0.8362373321894198,0.1434510869565173,0.886767074646004,0.1757881278172135,0.2695728447288275,4803.48,0.92,4037.63,0.5,0.992,33.57,0.37,29.7,0.31,44.12,0.85,39.81,0.78,37.03,0.26,32.96,0.24,0.648205,0.18,0.729737,0.11,4.0,9.0,751.2243258762381,1.0,743.1400590825417,0.9,7.0,0.0,0.0,1256.0,47.895,0.168,0.0,63.89545984037866,1.2,67.37053559458927,1.2,70.78153879616794,1.3,72.76457548893192,1.3,1.0,3.0,0.0
chr16-30763445-30763446-G-A,TWJF-5120-05,1,4.398,14.398,4.429,10.19,39.761,808.574,1.5,2.0,0.748,604.951,1.1,0.24,0.0,5361.975,222.67,4572.087,120.81,6786.71047561467,2.19675,1801.1263610038725,1.272875,16.15755434782608,0.014423912400842,4.657581521739076,0.0554412800670329,0.006140574812889,0.034515131264925,5133.73,1.7999999999999998,5614.6,3.02,0.853,9524.01,7.1,15648.57,12.0,5590.22,3.3,10584.44,5.1,21871.54,8.7,23454.71,9.9,0.002382,5.5,0.004546,4.2,0.0,9.0,4062.6458292605503,9.3,3529.574501098987,7.8,9.0,0.0,0.0,1214.0,122.72,0.324,0.0,1885.775547403852,3.0,695.8089329233842,1.3,808.5744238964655,1.5,604.9507228527125,1.1,1.0,3.0,0.0
chr19-37635217-37635218-C-G,TWJF-5120-04,0,9.797,0.07,21.0,0.03,4.688,2341.963,2.972,2.0,7.112,16656.356,3.622,0.18,0.0,5724.122,15.58,16638.35,11.26,5905.904438751097,2.971750000000001,8077.300725286808,3.6218750000000006,14.277038043478257,0.0163347464713853,18.61798913043478,0.0121871326895816,0.0036862641572952,0.0056687369942665,5542.34,7.539999999999999,6156.4,18.15,2.907,8030.55,5.7,21041.47,19.0,11052.58,17.0,23828.16,34.0,20288.05,9.8,30540.13,23.0,0.005274,4.9,0.001443,8.6,0.0,9.0,2842.778048235646,9.8,7366.349385508023,24.0,3.0,2.0,0.0,302.0,15.89,0.295,1.0,2341.9628409359025,14.0,16656.356209475583,35.0,2550.5861671247903,14.0,16620.34367997329,35.0,1.0,3.0,2.0
chr8-134601673-134601674-G-A,mcdb041_new,0,0.28,31.59,0.21,25.91,1.186,32.41,0.02,2.0,0.916,29.7,0.02,0.076,0.0,92.911,654.5,73.159,440.88,102.17235462134823,0.2507499999999998,69.22853705062849,0.12425,0.7594293478259573,0.5289831725046237,0.599945652173858,0.6085250798372511,0.0809102430939674,0.0659183077514171,64.63,0.31,46.42,0.22,0.787,32.41,0.04,29.7,0.04,46.57,0.02,38.33,0.02,83.65,0.1,77.09,0.1,0.228136,0.5,0.245279,0.47,5.0,10.0,316.1200502534412,0.2,254.6083498698839,0.2,4.0,0.0,0.0,180.0,19.436,0.061,0.0,165.45884943039073,0.5,139.858865168071,0.4,172.15910649273735,0.5,152.03024661775544,0.5,1.0,3.0,0.0
chr9-17789436-17789437-A-C,TWJF-10146-MO011-0029,0,5.2,19.0,8.935,22.0,0.194,551.266,0.89,2.0,5.671,3126.188,0.87,0.448,0.0,4987.46,525.485,4263.745,518.305,551.2661672110797,1.7692500000000009,3126.188459924421,6.268250000000003,2.3018478260868847,0.1429642693030074,8.269211956521715,0.0297950807685432,0.0046900808811187,0.0028135813772678,24045.36,45.46,8470.15,17.26,0.855,7859.66,2.8,4057.51,1.4,8032.38,7.6,10246.39,9.7,4533.89,1.2,4469.98,1.2,0.056321,0.89,0.058719,0.87,0.0,9.0,5441.03041320878,19.0,3272.1225681968112,9.6,2.0,0.0,0.0,10.0,0.646,0.3,0.0,4119.172695041846,22.0,29840.76826047314,50.0,1826.2910886979,14.0,3030.888779972922,19.0,1.0,3.0,0.0
chr19-21293650-21293651-T-C,mcdb045,0,0.248,13.0,0.63,8.0,6.292,9.32,0.04,2.0,2.415,22.512,0.07,0.123,0.0,82.585,38.475,145.2,20.36,52.34787739280129,0.196125,60.56794692635569,0.27475,0.130217391304356,0.8948307074317786,0.4095652173913038,0.7176150392702907,0.4696490317583084,0.1681549772620201,1407.23,4.5600000000000005,5375.21,14.24,1.758,71.07,0.04,149.33,0.07,111.88,0.53,179.12,0.85,94.1,0.06,141.07,0.09,0.732778,0.04,0.722405,0.04,2.0,9.0,1109.0025961138124,1.1,1884.439040288195,4.2,8.0,0.0,0.0,183.0,37.232,0.169,1.0,9.320087721676806,0.3,22.512306865301504,1.1,12.966118906310143,0.4,37.74070425548398,2.0,2.0,3.0,0.0
chr6-4060499-4060500-C-G,TWJF-10146-MO011-0029,0,5.7,16.0,17.83,16.0,37.02,98.36,0.942,2.0,1.606,158.0,1.837,0.376,0.0,2459.021,359.205,9006.769,333.32,699.89788630306,0.9419999999999996,2528.8884856216337,1.8375,1.548505434782527,0.2546661201372047,3.996902173913,0.0670102164780912,0.272878173738718,0.1847329586744308,98.36,13.63,158.0,20.66,3.663,10388.38,2.0,19992.36,6.8,6978.43,4.8,21384.59,24.0,21985.43,6.6,29694.25,15.0,0.022868,1.8,0.006633,3.3,0.0,9.0,2551.251382965138,14.0,9654.42834743743,39.0,6.0,0.0,0.0,1294.0,93.485,0.396,0.0,2366.7914950952154,39.0,8359.109224743732,85.0,770.9389712986133,14.0,1548.8879461960105,26.0,1.0,3.0,0.0
chr17-7384625-7384626-G-A,mcdb041_new,0,2.35,16.0,1.04,32.0,0.537,180.984,0.66,2.0,0.513,92.809,0.277,0.098,0.0,2113.955,260.115,864.255,643.96,180.98383752161985,0.6604999999999999,92.80936987525428,0.276875,0.7682608695650828,0.5252146605936712,0.2912499999999625,0.7909543569943057,0.2336037456989288,0.3978191278874874,540.45,2.8400000000000003,2153.65,6.69,0.409,2735.12,0.85,886.9,0.33,2443.19,2.6,841.61,1.1,7759.45,2.1,4238.75,0.98,0.062147,0.82,0.158593,0.34,0.0,9.0,3807.2828566667704,13.0,1946.610237380866,4.8,4.0,0.0,0.0,102.0,4.227,0.127,0.0,1046.6705387545296,9.4,155.52850592671004,2.3,1784.7196281754948,14.0,402.3184968531306,4.8,1.0,3.0,0.0
chr4-68929851-68929852-T-G,TWJF-5120-05,0,14.664,27.0,21.592,26.0,16.734,2784.99,4.7,2.0,1.353,3769.32,6.5,0.194,0.0,11730.27,2074.755,17105.501,2602.085,10599.3330088559,14.661,17105.50139548366,21.59212500000001,9.15535326086956,0.0267279482966895,12.187228260869546,0.0194249072161424,0.3064230680465698,0.345502819865942,2784.99,57.53,3769.32,64.0,1.458,11730.27,9.842038699270963,17105.501,12.743320875051378,24070.19,36.0,32210.62,49.0,12860.25,13.0,19652.64,20.0,0.005929,4.7,0.002631,6.5,2.0,9.0,11730.270410722256,37.0,16228.45306782808,51.0,1.0,0.0,0.0,268.0,30.48,0.549,0.0,11730.27,12.890948846802868,17105.501,20.527989798262936,11730.27,19.109569162034255,17105.501,28.803463256685475,1.0,3.0,0.0
chr9-110549967-110549968-A-G,TWJF-5120-04,0,3.375,1.96,3.245,2.34,0.0,487.316,0.3,2.0,0.85,414.311,0.3,0.215,0.0,2090.523,124.68,2308.501,145.98,1841.67072683586,2.1143749999999986,2277.625270584136,2.297249999999998,1.832635869565138,0.2005878434265598,2.832907608695578,0.1048039338252115,0.4512303173542022,0.2940983660519123,1494.95,3.35,1429.12,3.29,1.104,9245.31,12.0,8363.36,11.0,1628.34,3.4,1276.5,3.2,2733.97,3.5,2584.51,3.4,0.024476,3.0,0.021277,3.1,0.0,11.0,487.3161926794595,0.3,414.3108362962455,0.3,5.0,0.0,0.0,368.0,21.893,0.0,0.0,2339.3758378415578,18.0,2339.3758378415578,18.0,2514.780012995604,19.0,2676.085593199328,20.0,1.0,3.0,0.0
chr1-145960377-145960378-G-C,TWJF-5120-09,0,0.595,12.0,0.25,16.15,0.094,66.18,0.23,2.0,0.271,17.96,0.06,0.056,0.0,118.738,662.62,45.037,876.94,76.09615328370566,0.2445,46.4236971723992,0.08275,0.7455978260868363,0.5356639523904316,0.4658967391304003,0.6827427790369408,0.0075984559953212,0.0481498390436172,128.36,0.47,60.89,0.2,0.379,66.18,0.23,17.96,0.06,138.91,0.81,43.65,0.39,170.65,0.31,63.72,0.15,0.241347,0.59,0.745626,0.11,8.0,9.0,172.46847452270157,0.8,154.7818460245322,0.7,1.0,1.0,1.0,30.0,0.709,0.133,0.0,109.11639266880228,0.7,30.895128081294885,0.3,89.36346502667413,0.6,30.141162611277903,0.3,2.0,3.0,1.0
chr3-114350524-114350525-C-T,TWJF-10146-MO011-0024,1,1.035,0.01,1.25,0.02,117.583,61.879,0.414,2.0,0.871,53.914,0.353,0.383,0.0,151.116,5.94,207.861,6.83,61.87918371576075,0.4142499999999997,53.913606989227006,0.3531249999999998,0.5868206521738557,0.6146294226349499,0.4509782608695616,0.691871729887304,0.0423700213432312,0.1012194566428661,202.74,1.78,393.16,2.4,1.376,90.26,0.7,194.06,1.3,96.15,1.6,123.32,1.9,103.17,0.87,82.22,0.74,0.426257,0.79,0.578213,0.51,5.0,10.0,1235.7262231072605,1.2,1249.169100192773,1.2,6.0,0.0,0.0,6082.0,285.396,0.412,0.0,199.06275025673415,2.7,235.49950575065697,3.1,201.2287363602969,2.8,221.6613633102128,3.0,1.0,3.0,0.0
chr6-116512113-116512114-C-G,TWJF-10146-MO011-0029,0,0.45,21.38,0.29,30.74,0.0,60.288,0.14,2.0,0.842,50.788,0.09,0.234,0.0,101.5,417.045,53.56,829.06,60.28801027703776,0.288125,50.78779791841424,0.171375,0.4717663043477813,0.6799543153575318,0.4409239130434628,0.6985575297360007,0.1162631437182426,0.0937404036521911,23672.54,26.16,19601.07,18.06,0.528,101.5,-1.1635978546857295,53.56,-1.8455765547952927,100.04,0.45,53.56,0.29,101.5,0.14,52.87,0.09,0.606799,0.3,0.744459,0.16,2.0,9.0,316.1200502534412,0.5,286.7882225190838,0.4,8.0,0.0,0.0,7.0,0.056,0.0,0.0,101.5,6.556858376098631,53.56,7.828157291138501,101.5,7.197085531032667,53.56,6.605087902562168,1.0,3.0,0.0
chr16-1397251-1397252-C-T,mcdb041_new,0,23.5,53.87,21.0,58.24,1.716,4478.161,3.239,2.0,0.947,4242.334,2.857,0.102,0.0,17829.301,2118.63,15087.51,2548.96,6432.042831091228,3.2386249999999985,5415.606909782808,2.8571249999999995,15.160951086956516,0.0151035055787508,13.500896739130424,0.0177495055290286,0.0046122707426548,0.0037760064005851,9067.46,37.96,9130.1,39.1,0.846,18581.27,5.3,20006.19,6.2,34237.82,75.0,30726.73,60.0,33926.22,31.0,35372.75,37.0,0.000153,24.0,9.3e-05,30.0,0.0,9.0,4478.160896660665,6.5,4242.333860404259,5.9,7.0,0.0,0.0,158.0,16.994,0.101,0.0,17077.331150193273,23.0,12865.30243572122,18.0,20955.1126574227,30.0,17309.718292696187,24.0,5.0,3.0,0.0
chr17-74371976-74371977-C-T,mcdb045,0,0.65,16.0,0.425,13.0,0.0,48.37,0.185,2.0,0.864,41.8,0.095,0.052,0.0,168.941,84.605,98.716,84.115,72.78817792498364,0.184875,48.8305658735128,0.09475,0.7013858695651152,0.5575229943586728,0.4426086956521544,0.6969161356505661,0.0203299820423126,0.0807514302432537,376.26,0.7000000000000001,164.77,0.42,0.584,142.56,0.37,48.68,0.15,48.37,0.31,41.8,0.29,164.73,0.28,51.83,0.13,0.03317,1.6,0.200485,0.43,2.0,9.0,645.6305357438321,1.4,379.9570720848363,0.8,1.0,1.0,1.0,0.0,0.192,0.0,0.0,173.15299186084357,0.6,155.75069741351857,0.6,213.38800345469969,0.7,145.60289162277772,0.6,1.0,3.0,2.0
chr3-122720469-122720470-C-G,TWJF-10146-MO011-0021,0,0.511,0.95,0.42,1.4,2.386,3.32,0.03,1.0,0.892,2.96,0.02,0.077,0.0,27.918,13.015,24.343,14.095,237.31788809859376,0.5122499999999999,140.464103503036,0.339375,1.4441304347825223,0.278289078980828,1.089130434782433,0.3882810023596956,0.0101300744572654,0.0070198744651861,3.32,0.13,2.96,0.11,0.872,4.74,0.03,3.63,0.02,12.04,0.22,10.13,0.17,18.13,0.07,16.37,0.06,0.267471,0.51,0.261795,0.53,6.0,9.0,883.5969186971492,0.8,759.396537558375,0.6,7.0,0.0,0.0,46.0,55.484,0.043,0.0,39.53393100528244,0.7,33.57144231111859,0.6,37.705959785152864,0.6,32.31543452661037,0.5,5.0,3.0,0.0
chr14-19876994-19876995-A-G,TWJF-10146-MO011-0026,0,3.666,4.17,7.3,4.46,0.0,374.516,1.45,2.0,3.467,1298.584,32.31,0.251,0.0,1633.765,957.67,3895.391,1005.63,7776.962041036272,3.731124999999999,16718.45494314977,6.95275,12.805461956521723,0.0189711825396032,31.64317934782608,0.0072624601183956,0.1222912014927715,0.0576682743267156,5100.65,1.4500000000000002,5690.03,32.31,2.384,618.55,3.3,1593.35,5.3,1576.34,5.2,5126.69,9.1,4725.61,6.9,10448.69,13.0,0.018438,4.8,0.006727,7.5,2.0,9.0,1691.1899649121788,3.5,2664.091477136258,6.0,1.0,0.0,0.0,0.0,0.0,0.0,0.0,374.5156755161949,3.6,1298.5838577358772,7.1,379.24511900637737,3.6,1238.5684127823224,6.9,6.0,3.0,0.0
chr11-111723821-111723822-C-A,TWJF-10146-MO011-0029,0,24.5,4.9,54.5,6.1,1.064,264.253,2.771,2.0,11.066,2924.287,1.796,0.058,0.0,6840.802,139.1,14653.032,182.35,5110.477098868631,2.7705,2418.6757326226257,1.7961249999999995,12.187228260869546,0.0193061888935768,6.63130434782606,0.037734691959496,0.0120637826621532,0.0014597401022911,3741.47,79.79,6610.28,88.47,2.142,34222.27,29.0,34934.21,31.0,42051.98,95.0,42740.04,98.0,44752.26,68.0,44340.18,65.0,0.000116,20.0,0.000223,15.0,0.0,9.0,8571.126278780523,36.0,22695.784233776947,63.0,3.0,0.0,0.0,249.0,33.24,0.032,1.0,625.4030573394701,9.7,4944.928313240684,67.0,264.2530447544229,3.4,2924.287043137594,46.0,1.0,3.0,0.0
chr3-165829942-165829943-C-A,TWJF-5120-09,0,2.721,0.02,5.643,0.44,0.0,395.03,0.26,2.0,0.977,386.038,0.73,0.051,0.0,1652.875,25.36,2562.268,78.24,441.2068007951416,2.141625000000001,1630.3360524253756,4.269125000000002,1.989701086956444,0.177782956811849,4.585733695652138,0.0563194702851386,0.016877207905054,0.0118686817586421,1889.98,62.2,1342.7,56.25,1.55,1415.77,0.26,3494.2,0.73,2077.17,3.3,4526.88,6.7,2021.52,0.62,4330.73,1.5,0.02323,1.2,0.009092,2.2,3.0,9.0,3932.892296828435,8.9,4478.160896660665,12.0,8.0,0.0,0.0,71.0,3.314,0.0,0.0,429.7045971864477,29.0,397.3470563511678,27.0,395.029928356151,27.0,386.03794938113816,26.0,1.0,3.0,0.0
chr19-30549358-30549359-G-A,TWJF-5120-04,0,0.91,17.0,0.705,18.84,0.0,84.11,0.572,2.0,0.865,72.753,0.135,0.2,0.0,149.3,147.145,96.946,91.835,167.2605055788327,0.7071249999999999,99.91176093686217,0.49975,0.5722554347825621,0.6234613681153133,0.1353532608695786,0.8917559228502447,0.3259479105472564,0.6379865892231464,131.34,1.2,57.52,0.72,0.649,94.14,0.59,93.98,0.59,212.98,1.9,142.72,1.5,243.01,0.82,185.95,0.69,0.281611,0.63,0.363381,0.48,2.0,10.0,4288.484190125121,6.4,3646.021818984919,5.3,7.0,0.0,0.0,2.0,0.214,0.0,0.0,84.11045842390016,1.0,72.75284817019029,0.9,97.68547665988211,1.0,74.4440513468234,0.9,1.0,3.0,0.0
chrX-103078563-103078564-A-G,TWJF-10146-MO011-0020,0,0.211,0.97,0.234,0.41,0.0,16.45,0.038,2.0,1.486,24.45,0.033,0.241,0.0,58.671,36.48,61.748,17.4,62.844421184522375,0.181625,64.64221727192987,0.1885,0.0383152173913146,0.9559565201738052,0.033043478260879,0.9608006013016483,0.7845011316239834,0.8266047164797783,310.78,1.01,494.52,1.4200000000000002,1.052,16.45,0.05,24.45,0.1,20.8,0.24,25.69,0.28,59.68,0.14,60.27,0.14,0.746418,0.11,0.68538,0.13,4.0,9.0,168.7764244471867,0.8,180.09663654414555,0.9,6.0,0.0,0.0,31.0,0.938,0.0,0.0,57.66203959666466,0.5,63.22516916288778,0.5,44.37721055044205,0.3,51.899120713902576,0.4,1.0,3.0,0.0
chr6-138289914-138289915-C-G,mcdb048,0,1.85,5.48,16.0,4.0,0.0,114.3,0.086,2.0,134.944,15424.177,6.874,0.078,0.0,1204.623,487.71,14674.955,383.9,114.30017896201308,0.2194999999999999,15424.176736868014,6.874124999999999,0.0861141304347796,0.9238004949329638,16.15755434782608,0.0149831409856159,0.7841157615184784,0.2424398744478821,5768.21,7.939999999999999,10934.62,13.76,12.182,1320.24,1.8,16610.03,22.0,2781.92,1.9,14175.55,16.0,696.37,0.65,15174.36,16.0,0.521631,0.14,0.017428,4.3,1.0,8.0,5997.52246638931,7.2,6903.327759871985,8.7,5.0,0.0,0.0,6.0,57.14,0.0,0.0,1089.0053165575289,7.9,29378.525846194112,54.0,1031.9531950222977,7.5,5160.12235990981,24.0,1.0,3.0,0.0
chr12-25245350-25245351-C-A,TWJF-5120-07,0,0.8,1.49,0.94,2.26,3.269,51.657,0.236,2.0,1.071,55.326,0.261,0.082,1.0,111.723,97.69,123.766,130.78,51.65748480669923,0.235875,55.32610417601837,0.26125,0.5001630434782243,0.6645934311669672,0.4133967391304338,0.7151478145307081,0.0541393272578716,0.139871384948492,172.97,1.38,211.63,1.52,1.108,134.97,0.81,154.38,0.88,62.71,0.79,120.68,1.5,72.99,0.35,83.45,0.4,0.339549,0.52,0.638055,0.18,3.0,9.0,585.7244221034721,1.7,625.0102685141759,1.9,5.0,5.0,1.0,507.0,18.575,0.176,0.0,119.2065173132749,1.1,126.85278312575755,1.2,104.23894326174305,0.9,112.20959632680044,1.0,1.0,3.0,1.0
chr16-89291038-89291039-G-A,TWJF-5120-13,1,0.645,0.03,5.95,0.06,15.113,9.6,0.02,2.0,9.908,95.12,0.96,0.121,0.0,81.299,18.6,1153.5,23.42,95.5559991081562,0.5909999999999995,2913.82902767544,2.70475,0.8723097826085962,0.4770995693390865,7.558260869565203,0.0320499461240762,0.0038188074613572,0.0047772543111932,5099.89,1.08,5601.29,68.5,14.188,100.79,0.85,4180.32,10.0,9.6,0.02,95.12,0.96,31.85,0.29,1390.4,3.9,0.120213,1.3,0.0082,5.5,8.0,11.0,20.026944358229315,0.3,309.352836369049,3.5,2.0,0.0,0.0,1282.0,85.868,0.176,0.0,73.43616686665054,0.5,591.4390559869763,6.4,89.16204072969023,0.7,916.6003104433804,9.8,1.0,3.0,0.0
chr12-85805666-85805667-C-T,TWJF-5120-13,1,0.38,1.81,0.91,2.99,0.234,34.71,0.29,2.0,2.362,81.99,0.57,0.114,0.0,49.969,11.635,136.99,16.645,41.244982508715786,0.2906249999999998,53.47895382317702,0.3751249999999997,0.3040760869564849,0.7837537988806489,0.4808152173912816,0.6748131506733881,0.1630070912651717,0.076711778761819,2555.93,0.32,3991.1,0.52,2.742,48.34,0.44,145.2,1.2,49.7,1.5,128.78,2.5,34.71,0.32,81.99,0.62,0.469551,0.29,0.291017,0.57,8.0,9.0,50.23739847921826,1.7,69.50183030090719,2.2,3.0,0.0,0.0,216.0,2.291,0.102,0.0,96.40731773604467,1.6,197.74704390219404,2.7,100.79291372885028,1.6,204.37604941818884,2.8,1.0,3.0,0.0
chr7-142876466-142876467-C-T,JLF-100-042,0,0.835,16.62,0.955,16.91,0.269,49.181,0.03,2.0,1.119,55.056,0.06,0.182,0.0,1281.747,259.175,1341.021,385.33,49.18110988,0.05125,55.05620802394459,0.069375,0.3806249999999807,0.7360713912020753,0.4133967391304338,0.7151625394455459,0.137261844,0.138549262,1216.04,1.48,934.54,1.2,1.046,2072.46,0.98,2680.54,1.4,2430.01,0.69,2593.0,0.71,473.2,0.11,919.03,0.19,0.872447,0.03,0.730835,0.06,1.0,9.0,1347.454232446704,3.0,2496.6364866068243,7.1,9.0,0.0,0.0,6.0,1.612,0.167,0.0,1910.1611153509084,2.1,1567.0036208968863,1.8,714.9735900951614,1.0,1115.0388518880804,1.3,1.0,3.0,0.0
chr20-59191626-59191627-C-A,mcdb045,0,6.0,8.59,11.2,7.95,0.0,332.106,1.5,2.0,1.395,463.273,2.3,0.064,0.0,4261.838,76.1,8936.16,69.21,332.1060429615555,1.7300000000000006,463.2734047101211,2.0813750000000004,1.731739130434704,0.218192119492989,2.1033695652173208,0.164020678752132,0.0110226646065711,0.0028119198977947,5321.6,14.099999999999998,14023.62,41.58,2.097,40517.33,47.0,44368.01,67.0,1347.45,4.3,3167.62,7.4,14939.61,7.7,23534.01,17.0,0.001183,11.0,0.000586,15.0,0.0,11.0,3202.0759094759173,1.5,3848.700473704344,2.3,1.0,0.0,0.0,2.0,3.055,0.0,0.0,4261.838,15.879325319495347,8936.16,17.823349381263057,4261.838,14.32087853741412,8936.16,14.767910697315534,1.0,3.0,0.0
chr11-75566661-75566662-G-A,TWJF-10146-MO011-0021,0,3.55,29.0,55.625,38.0,9.424,485.71,1.142,2.0,65.163,31650.12,19.988,0.063,0.0,2951.355,170.02,31188.425,312.685,858.5559808824278,1.1421250000000005,26160.488007843374,19.98787500000001,1.905543478260796,0.1897038985844322,62.74467391304348,0.0042479988531356,0.2221191544085741,0.0281634863349609,485.71,2.75,31650.12,56.25,10.567,23422.5,35.0,39246.2,93.0,487.32,3.5,18082.85,48.0,5768.34,13.0,33497.99,81.0,0.035237,3.7,0.000131,55.0,0.0,11.0,5044.1543035179475,3.6,30726.73070127358,39.0,11.0,0.0,0.0,4998.0,168.29,0.056,0.0,2951.355,-8.215336414679085,31188.425,23.68734681156307,2951.355,-1.7137503375638297,31188.425,34.38353632632553,1.0,3.0,0.0
chr4-6323380-6323381-G-T,TWJF-10146-MO011-0026,0,0.907,0.02,1.562,0.09,0.274,182.074,0.284,2.0,2.483,452.177,0.238,0.113,0.0,386.37,17.11,1684.8,27.74,182.07375185968664,0.906875,452.1767575545571,1.562125,0.2841032608695428,0.7962516245532381,0.238179347826076,0.825076050044583,0.5919618345797062,0.8948612287640572,537.28,4.64,2993.38,12.07,4.361,386.37,-3.3819338033014676,1684.8,-2.115346414643312,313.37,2.7,306.54,2.7,386.37,0.48,1684.8,1.3,0.145133,0.47,0.055835,0.93,1.0,9.0,6399.789706012268,26.0,6469.409970422214,27.0,2.0,0.0,0.0,136.0,5.366,0.051,0.0,386.37,12.951641197669684,1684.8,17.089494344674982,386.37,15.678387978912957,1684.8,18.65910617518115,1.0,3.0,0.0
chr17-28919176-28919177-C-A,TWJF-10146-MO011-0029,0,0.09,4.93,0.107,12.55,0.0,14.43,0.05,2.0,1.306,18.85,0.07,0.148,0.0,40.884,312.73,45.172,1046.59,40.88379657456191,0.065375,45.17233585064277,0.106625,0.1761413043477944,0.8655718815191685,0.0794021739130386,0.9287613991296462,0.3230181261897087,0.5497904270887375,28895.52,42.620000000000005,31909.39,56.99,1.105,40.884,-1.0990246284579612,45.172,-1.954608606024968,14.43,0.06,18.85,0.12,30.35,0.05,41.0,0.07,0.870076,0.09,0.887672,0.07,5.0,9.0,514.4056055406149,1.2,618.2842486218158,1.6,8.0,0.0,0.0,1054.0,192.661,0.0,0.0,40.884,8.19004155012465,45.172,8.477912417565037,40.884,9.48636987208327,45.172,8.46821308049537,1.0,3.0,0.0
chr7-20643287-20643288-G-A,JLF-100-042,0,0.53,0.28,2.242,1.05,0.0,1.627,0.2,2.0,0.813,1.323,0.2,0.224,0.0,195.042,46.14,1879.82,93.68,225.0649844836491,1.5138750000000007,3221.124825220739,5.709250000000003,0.2212499999999835,0.8364273690368644,1.8842934782608007,0.1928009752448491,0.7261451631784439,0.5907828249037266,6.69,0.61,1770.45,48.67,9.638,165.02,0.27,399.63,0.45,659.75,5.3,1989.19,12.0,651.51,0.82,3096.32,2.6,0.126277,0.45,0.028795,1.4,3.0,9.0,5560.0550744656075,15.0,9550.532651021753,30.0,2.0,0.0,0.0,0.0,0.167,0.0,0.0,2.742900161130478,0.4,3.035358555383159,0.6,1.6271590274564325,0.2,1.3226045121684864,0.2,1.0,3.0,0.0
chr4-86029226-86029227-C-A,mcdb046,0,3.416,0.73,2.148,0.24,7.414,95.12,0.47,2.0,1.803,171.54,0.69,0.214,0.0,2344.617,27.93,2876.85,12.17,2148.5335966885405,1.8086249999999984,1340.0803676533778,1.4966249999999992,4.732201086956479,0.0544301001053809,3.358777173912955,0.0824938826814623,0.0774315148591995,0.0738709606230259,5632.98,47.13,5236.63,1.4200000000000002,1.227,2540.7,5.0,2925.25,5.5,95.12,0.47,171.54,0.69,1620.35,2.1,2828.45,2.8,0.104799,1.5,0.188228,0.97,0.0,8.0,963.487207450801,1.0,1006.101584045498,1.1,5.0,5.0,1.0,45.0,30.384,0.244,0.0,17134.837890248786,12.0,17056.110461393862,12.0,22280.759969064668,12.0,22280.759969064668,12.0,1.0,3.0,1.0
chr12-132571168-132571169-C-A,TWJF-10146-MO011-0020,0,0.71,0.7,0.745,0.48,56.961,44.36,0.42,2.0,1.55,68.75,0.47,0.509,0.0,60.711,26.67,86.265,19.54,64.51200995767077,0.4404999999999997,62.66865836913634,0.4323749999999997,0.6488043478260153,0.5833609136996327,0.5110326086956007,0.6581851490105879,0.0170022472739219,0.099099826067686,5093.37,1.0699999999999998,4512.28,0.69,1.421,56.91,0.51,103.78,0.87,44.36,0.98,68.75,1.4,49.76,0.42,57.93,0.47,0.222015,0.72,0.453845,0.31,7.0,10.0,51.336361153989856,0.7,55.375526903988714,0.8,5.0,0.0,0.0,532.0,99.931,0.57,0.0,184.70557328910664,2.3,268.2131088063159,2.8,238.68218230160628,2.6,334.82663636744843,3.3,6.0,3.0,0.0
chr21-46118626-46118627-G-A,TWJF-5120-06,0,15.281,26.36,16.0,30.45,5.168,615.857,1.351,2.0,1.61,991.617,1.646,0.123,0.0,12120.009,456.5,12453.266,607.39,615.8567287038156,1.3509999999999989,991.6173876952588,1.6462499999999989,2.241521739130363,0.1490750444123166,3.0595108695651447,0.0934893883430008,0.0489601977169513,0.0299663133919239,17963.18,17.560000000000002,24147.49,33.17,1.027,16053.81,18.0,16315.25,18.0,12721.85,13.0,13947.35,14.0,7039.7,5.9,9249.91,7.1,0.071555,1.7,0.053008,2.0,0.0,9.0,4936.17358223685,19.0,5099.027255984747,20.0,6.0,0.0,0.0,2308.0,143.555,0.036,0.0,12597.953470905004,20.0,12743.830896889647,20.0,11642.064471652397,19.0,12162.700147007385,20.0,1.0,3.0,0.0
chr18-14748527-14748528-G-T,TWJF-5120-13,0,6.0,2.4,4.805,5.0,0.0,6.93,0.91,2.0,4.55,31.53,0.71,0.117,0.0,1026.985,45.065,654.5,118.97,4679.098413004543,9.589250000000003,2578.498345942492,7.055750000000002,9.15535326086956,0.0269366788804521,6.792608695652163,0.0365031696020648,0.0841960409015882,0.0092871006927452,6.93,1.79,31.53,4.71,0.637,997.67,0.91,710.46,0.71,1056.3,6.0,598.54,4.7,4607.27,2.3,2320.82,1.5,0.001128,6.0,0.001829,4.9,2.0,9.0,1765.990134027678,4.8,1517.7585670175067,3.8,7.0,0.0,0.0,2.0,0.089,0.0,0.0,14.811873693554652,8.3,11.55074509950127,5.9,16.93440725909982,11.0,10.908624686029222,5.5,1.0,3.0,0.0
chr1-209612152-209612153-G-C,TWJF-5120-09,0,7.116,5.6,18.35,28.56,0.251,612.261,0.52,2.0,3.351,2051.867,1.4,0.082,0.0,3743.471,220.84,8672.719,2416.93,612.2611465639674,1.7616250000000009,2051.866945415389,3.2911250000000014,2.231603260869477,0.1497703056146436,5.44942934782604,0.0462297314111211,0.0488987751305103,0.0161997489631176,37689.53,81.34,38023.46,84.93,2.317,7299.15,2.1,22410.29,9.7,17316.93,24.0,30068.96,45.0,3840.92,0.94,9653.28,3.1,0.04001,0.52,0.011814,1.4,1.0,9.0,3646.021818984919,12.0,7692.157952985224,27.0,2.0,0.0,0.0,73.0,0.556,0.452,0.0,1079.3691472299297,33.0,1459.3854095279928,39.0,1070.705417249313,33.0,2116.752103405194,48.0,1.0,3.0,0.0
chr12-103690457-103690458-G-C,TWJF-10146-MO011-0021,0,0.016,4.43,0.029,10.43,0.0,5.75,0.0,2.0,0.75,4.31,0.01,0.101,0.0,13.96,36.64,61.758,98.16,26.626256232787615,0.000375,35.4337768778139,0.01,0.0225815217391556,0.9677832096165202,0.0282065217391647,0.963122931271328,0.6405894085764885,0.6794947646558285,5.75,0.03,4.31,0.01,4.424,14.21,0.01,43.95,0.03,13.71,0.01,69.5,0.07,9.68,0.01,62.06,0.02,0.973812,0.01,0.809642,0.01,5.0,9.0,688.9344191199156,0.9,801.6106208174193,1.2,5.0,0.0,0.0,663.0,24.63,0.0,0.0,11.241130768318694,0.3,61.63253059932197,1.1,15.796832020696176,0.3,61.88280628143848,1.1,1.0,3.0,0.0
chr14-94497801-94497802-C-T,TWJF-5120-13,0,0.62,12.89,0.68,14.72,0.0,35.23,0.1,2.0,1.368,48.185,0.11,0.071,0.0,119.664,82.01,112.35,97.215,109.85541607539764,0.6418749999999995,90.05777776153622,0.5677499999999995,0.5636956521738625,0.6284474759091557,0.5815489130434202,0.618509155101026,0.2165543409064412,0.1500338139012456,832.26,0.1,865.02,0.11,0.939,398.5,2.5,398.5,2.5,38.96,0.36,70.26,0.79,165.31,1.2,154.08,1.2,0.251801,0.64,0.243084,0.66,3.0,11.0,44.60037102011201,0.6,57.20246994839306,0.7,9.0,0.0,0.0,2.0,0.004,0.0,0.0,35.22978558559763,0.2,48.184793264983035,0.3,129.47323519141457,1.0,134.6418282106807,1.0,1.0,3.0,0.0
chr6-43507509-43507510-C-T,TWJF-5120-06,0,5.648,27.04,32.0,22.63,0.308,266.422,1.7,2.0,49.659,13230.309,32.0,0.16,0.0,4298.856,480.13,25032.861,341.31,3780.8329572163534,7.1136250000000025,13887.163385801508,21.206750000000007,9.849456521739114,0.0248971218910033,31.64317934782608,0.0072040307033412,0.0028295367956161,0.00442835688591,12457.67,23.75,28793.64,56.56,5.823,4816.88,1.7,36643.08,32.0,14175.55,15.0,39622.53,67.0,17528.81,6.3,33998.61,30.0,0.003461,5.0,0.000191,18.0,0.0,9.0,1183.3858794734783,2.1,9146.010879538102,32.0,2.0,0.0,0.0,36.0,0.925,0.333,0.0,281.71501833027503,3.6,21272.082075781625,44.0,266.42194836062856,3.5,13230.309382172602,37.0,1.0,3.0,0.0
chr1-6579519-6579520-T-C,mcdb046,0,6.1,6.64,6.875,6.54,0.0,2942.524,1.732,2.0,1.064,3131.266,4.34,0.125,0.0,6831.625,384.64,12461.263,379.25,3629.07427071542,2.094625,11753.055422600266,4.340374999999998,1.731739130434704,0.2175734277384852,5.054048913043445,0.0508503064268322,0.6664948835968971,0.5236666239798069,5299.8,7.48,5294.02,6.65,1.824,8363.45,6.2,13169.47,9.3,15044.73,9.6,15795.37,12.0,20690.63,9.1,21088.65,9.4,0.022166,2.0,0.006147,3.7,0.0,10.0,15541.081711348315,17.0,22451.54457257587,23.0,4.0,0.0,0.0,2.0,0.094,0.0,0.0,2942.52390683817,5.2,3131.2662714199773,5.4,3695.3025354767183,6.0,5054.171797068937,7.1,1.0,3.0,0.0
chr7-99967166-99967167-C-T,TWJF-5120-11,1,0.91,0.14,6.5,0.18,41.201,13.27,0.38,2.0,21.645,287.23,2.0,0.151,0.0,864.669,145.52,3915.71,164.05,137.7680687430348,0.8115,1216.4291585568378,3.704375000000002,1.0090760869563835,0.4190228645360831,3.679429347826016,0.0739890175221553,0.037808071821928,0.0139322355389595,13.27,0.54,287.23,31.75,4.529,3685.53,0.78,18602.79,6.9,1170.65,2.0,4174.04,6.1,1182.61,0.38,5707.87,2.0,0.055812,0.65,0.005971,2.8,1.0,9.0,3975.676359145958,9.1,9245.505976249102,25.0,9.0,0.0,0.0,4409.0,400.006,0.103,0.0,558.688844802869,37.0,3657.379278558159,93.0,284.2038782367073,19.0,1379.2087380974974,69.0,1.0,3.0,0.0
chr16-72123613-72123614-G-T,mcdb048,0,35.68,1.48,50.01,2.28,0.0,21852.38,13.543,2.0,1.061,23192.26,19.677,0.068,0.0,25332.08,398.47,29920.606,594.61,23563.91318306537,13.543,26476.08364147975,19.676875,37.35904891304347,0.006394313831206,62.74467391304348,0.0040384641074461,0.1156616213265806,0.0170994892832823,26752.06,43.67,30415.94,57.02,1.181,30111.93,57.0,30731.72,59.0,21852.38,34.0,23192.26,38.0,23912.1,33.0,27773.94,43.0,0.000463,27.0,0.000181,39.0,0.0,10.0,23699.603162529613,33.0,29425.27119222196,39.0,9.0,0.0,0.0,0.0,0.304,0.0,0.0,37035.6524553075,62.0,34325.74722389165,59.0,41545.11830353506,65.0,41069.55526684823,65.0,1.0,3.0,0.0
chr1-15410037-15410038-G-C,TWJF-10146-MO011-0021,0,2.9,3.1,33.5,2.16,1.656,45.42,0.18,2.0,251.886,11440.66,5.1,0.055,0.0,407.998,50.24,10501.344,30.095,294.8264268503725,1.1966249999999996,4626.962444812122,3.6012500000000016,0.5636956521738625,0.6285889044496572,1.68184782608688,0.2265445332689341,0.4877560436725616,0.7478658966720104,45.42,0.73,11440.66,23.72,25.739,673.74,3.1,18388.66,34.0,947.98,8.7,19295.7,42.0,521.17,2.7,18596.96,33.0,0.575049,0.18,0.017215,5.1,1.0,9.0,819.1461656236108,13.0,8208.088183148084,39.0,2.0,0.0,0.0,1872.0,29.049,0.057,0.0,181.36354663510755,5.3,9562.02775595793,46.0,176.99866877455358,5.2,8749.233355770508,45.0,1.0,3.0,0.0
chr15-99129825-99129826-C-T,TWJF-10146-MO011-0021,0,0.945,1.15,0.835,0.59,0.29,10.48,0.4,2.0,1.625,17.03,0.57,0.055,0.0,109.789,42.72,92.234,23.03,257.5994652911964,0.5457499999999998,158.10574920312874,0.378,1.3140217391303537,0.3150725773392241,1.1706249999998732,0.358690296966941,0.082515942514874,0.0037451025091286,10.48,0.4,17.03,0.5700000000000001,0.84,187.95,0.53,119.08,0.39,128.08,1.9,99.86,1.7,88.43,0.43,67.39,0.34,0.240793,0.59,0.387744,0.27,8.0,9.0,1304.4189904398024,1.7,1028.1104483849197,1.1,4.0,0.0,0.0,557.0,7.628,0.038,0.0,80.53228095487496,1.3,70.14068452780967,1.2,91.49766265942358,1.5,84.60772158078451,1.4,1.0,3.0,0.0
chr22-45205638-45205639-C-G,TWJF-10146-MO011-0021,0,5.9,0.21,7.65,24.0,7.126,183.887,1.5,2.0,1.265,232.568,1.7,0.098,0.0,1268.454,29.57,2228.282,208.53,1375.3286089674025,2.1765,1750.754299567902,2.379624999999999,4.047907608695596,0.065303098321281,4.887418478260841,0.0525519535339191,0.0097047454037237,0.0107372158381622,6274.07,14.6,9389.33,20.01,1.757,1161.58,4.3,2705.81,7.4,2339.71,14.0,3435.38,16.0,5630.09,13.0,7174.96,15.0,0.108277,1.5,0.095259,1.7,2.0,9.0,995.274467102104,15.0,1347.454232446704,17.0,4.0,0.0,0.0,2738.0,71.979,0.099,0.0,183.88656489092088,5.4,232.56802242916007,6.4,230.65878497728067,6.4,309.0081969840543,7.9,2.0,3.0,0.0
chr8-142681447-142681448-C-G,TWJF-10146-MO011-0029,0,13.5,7.44,13.0,17.65,0.0,566.435,4.2,2.0,1.327,751.883,3.6,0.416,0.0,4130.591,886.54,3864.588,2076.75,24748.69079095868,19.033875000000005,27609.17997703016,28.239125000000005,46.22467391304348,0.0052168270506935,99.28660326086955,0.0038509405693006,0.0712728351354599,0.0151127688586711,5709.93,32.65,5150.17,4.05,0.936,2259.52,4.2,1745.7,3.6,5774.65,14.0,5590.22,14.0,9325.58,12.0,13646.11,16.0,9.3e-05,37.0,8e-06,69.0,0.0,10.0,2551.251382965138,5.5,2579.005231766049,5.5,10.0,0.0,0.0,0.0,0.809,0.0,0.0,914.7659696938556,13.0,278.8110615712086,5.0,566.4348949381523,8.3,751.882540205631,12.0,4.0,3.0,0.0
chr12-20680202-20680203-A-C,TWJF-5120-06,0,2.801,1.12,4.2,6.68,0.084,151.9,0.668,2.0,0.905,137.542,0.629,0.13,0.0,886.35,98.08,2088.745,386.75,151.90000570787967,0.66775,137.54211419179452,0.6294999999999997,1.1500815217389828,0.365584663240863,1.0807336956520004,0.3909899750714519,0.0011879913508892,0.0044680461287498,2036.92,3.77,3141.73,4.569999999999999,2.357,716.4,2.6,2234.39,4.9,1056.3,3.3,2192.64,4.4,2075.83,3.0,1984.85,3.0,0.165056,1.1,0.210483,0.86,1.0,9.0,1967.7864831100464,7.0,3380.0760613847024,14.0,3.0,0.0,0.0,111.0,4.644,0.018,0.0,434.8104768927276,2.5,975.6633693709535,4.0,629.5496691057189,3.1,1312.2905457077857,4.7,1.0,3.0,0.0
chr9-25678308-25678309-A-T,JLF-100-042,0,1.45,23.0,16.397,17.0,0.0,224.931,0.07,2.0,2.679,602.629,0.38,0.305,0.0,1770.265,582.275,7945.14,774.875,2055.260191112351,2.397625,24621.87345278832,20.793749999999992,5.788070652173886,0.043825642,62.74467391304348,0.004088143,0.000848006,0.000635857,2795.9,8.260000000000002,5132.66,22.33,4.488,683.04,0.07,2763.71,0.38,1485.27,0.55,10757.62,12.0,3019.24,0.33,15839.18,4.7,0.014106,3.6,0.00027,26.0,0.0,9.0,2416.898449635213,2.3,13501.892124781842,32.0,2.0,0.0,0.0,7.0,4.012,0.0,0.0,224.93135527221156,0.5,602.6289623039261,1.8,269.829855,0.6,948.6150269467936,3.1,6.0,3.0,0.0
chr21-13610559-13610560-G-T,mcdb045,0,12.595,23.03,28.342,36.16,0.0,27.467,1.4,2.0,1.888,51.857,3.2,0.113,0.0,5374.215,352.7,12834.825,869.86,18119.07166196382,18.917625,21760.10927317386,25.423625,46.22467391304348,0.0055960955551216,62.74467391304348,0.0046047181277745,0.0056126713752746,0.0004923492670059,4956.07,13.19,11204.84,31.26,2.388,5792.36,1.7,14464.81,4.9,14802.53,24.0,30893.41,50.0,23050.91,16.0,36001.34,38.0,0.00088,12.0,5e-05,32.0,0.0,9.0,2693.0728595832916,7.8,4106.841418464271,16.0,2.0,0.0,0.0,0.0,0.073,0.0,0.0,30.578769128835336,1.6,73.1846499675243,4.5,27.466922366138196,1.4,51.85731181356839,3.2,1.0,3.0,0.0
chr1-248522483-248522484-A-G,JLF-100-042,0,0.95,1.64,1.549,3.02,0.0,3.85,0.1,2.0,2.652,10.21,0.18,0.328,0.0,46.385,63.06,98.67,136.78,169.2051405259741,1.2121250000000006,285.1736347319636,1.7603750000000005,1.1706249999998732,0.3586784726168034,1.5977173913042575,0.2440840015859671,0.022357395,0.010407559,3.85,0.12,10.21,1.35,2.127,47.19,0.1,106.25,0.18,45.58,0.73,91.09,1.5,127.22,0.26,341.41,0.53,0.070389,0.71,0.028026,1.4,4.0,9.0,8853.903895775105,28.0,11112.535816257448,35.0,8.0,0.0,0.0,0.0,0.0,0.0,1.0,16.565707928310033,20.0,21.291683412779072,27.0,10.31406822902911,12.0,12.659891977154844,14.0,6.0,3.0,0.0
chr11-68042843-68042844-G-A,TWJF-10146-MD017-0016,0,3.449,0.54,5.7,0.97,1.245,274.641,0.53,2.0,2.795,767.658,4.2,0.181,0.0,942.646,17.68,2219.394,29.9,329.55566426291944,1.1248749999999994,2037.302005662864,2.3121250000000004,1.1706249999998732,0.3589028112175364,3.358777173912955,0.0822126179755937,0.2056496404111385,0.1878223903477192,4036.23,0.53,5526.47,4.2,2.354,3294.75,8.7,4384.76,12.0,563.96,3.8,3083.08,7.7,1382.23,3.8,2014.06,4.7,0.272152,0.6,0.202703,0.77,1.0,10.0,274.64103826735976,3.1,767.6576508395113,6.7,3.0,0.0,0.0,529.0,113.153,0.011,0.0,1087.627049401071,8.3,2401.4856728369423,15.0,797.6640146780545,6.5,1878.538066557168,13.0,1.0,3.0,0.0
chr9-120605476-120605477-C-T,TWJF-10146-MO011-0020,0,0.915,0.92,0.945,1.48,10.851,99.687,0.138,2.0,1.072,106.817,0.115,0.421,0.0,167.863,86.53,168.896,116.51,137.71575616500004,0.398375,120.31178762921526,0.35775,0.1383423913043628,0.8891747743499422,0.1149184782608756,0.9039596184382404,0.7186074741184711,0.7266460880637169,4371.1,2.33,4395.24,2.3800000000000003,1.006,198.01,0.37,199.57,0.37,104.28,1.5,91.58,1.5,430.87,0.43,355.99,0.39,0.357056,0.36,0.379929,0.34,3.0,9.0,631.8094575737812,1.6,605.0485751856643,1.5,4.0,0.0,0.0,1789.0,26.858,0.404,0.0,126.35138302206222,1.8,138.22289984426862,1.8,99.68733823547626,1.4,106.81690740706377,1.5,2.0,3.0,0.0
chr12-113153354-113153355-C-A,TWJF-10146-MO011-0029,0,1.75,3.68,2.6,15.83,0.0,251.87,0.25,2.0,1.376,346.57,0.34,0.143,0.0,2347.916,99.84,2484.669,464.33,292.3339360836569,1.0456249999999998,435.2440721697208,1.4537500000000003,1.3596467391303406,0.302296508477485,1.898478260869496,0.190411417266916,0.1003195010125637,0.0369117707014083,1352.13,5.01,1078.77,4.35,1.058,8430.13,3.0,9057.18,3.3,251.87,0.25,346.57,0.34,5677.38,1.5,8742.15,2.3,0.017963,2.0,0.009668,2.9,2.0,10.0,3343.7015248821103,2.4,3890.5686532731647,3.0,9.0,0.0,0.0,0.0,0.193,0.0,0.0,2347.916,8.785259956423209,2484.669,9.379930018591628,2347.916,8.539685911801357,2484.669,8.833230104853374,3.0,3.0,0.0
chr17-5007292-5007293-G-A,mcdb044,1,8.25,4.52,27.5,2.6,33.158,575.844,1.773,2.0,2.599,1496.481,2.852,0.263,0.0,7739.962,300.93,25179.65,205.21,575.8439626266266,2.379125,1496.4805099623395,5.451125000000001,1.7730978260868966,0.2111425023963259,2.851521739130362,0.1033491171645737,0.1503042802214622,0.1743775978684425,21649.68,13.919999999999998,35946.45,62.69,3.253,10368.17,14.0,21109.64,25.0,11112.54,8.9,23828.16,37.0,11732.18,9.4,26531.14,31.0,0.015923,3.6,0.001568,9.4,0.0,9.0,4625.9038683178505,13.0,10992.948761900088,26.0,1.0,0.0,0.0,127.0,95.833,0.346,0.0,4938.215064582147,7.4,39045.41112031877,31.0,5111.754641480125,7.6,35364.70176714574,29.0,1.0,3.0,0.0
chr8-8376948-8376968-CGTCCGATGGTCCTCTTCCGG-C,TWJF-5120-06,0,3.1,0.13,27.0,1.14,1.977,302.583,1.598,2.0,52.916,16011.4,22.846,0.137,0.0,1425.69,5.5,16011.4,13.34,302.5825676517902,2.5714999999999995,16011.400259858116,22.845625000000005,1.5977173913042575,0.2441137574007022,37.35904891304347,0.0062855725966481,0.0267211869359016,0.0046969056129455,521.64,29.35,290.54,22.28,11.231,1425.69,1.904331549728531,16011.4,17.064797882231034,1425.69,5.9,17029.86,33.0,2726.61,1.7,18441.27,15.0,0.011316,3.1,8.3e-05,27.0,1.0,9.0,2842.778048235646,7.1,8664.36747969986,31.0,8.0,0.0,0.0,143.0,9.415,0.21,0.0,1425.69,2.95864035092886,16011.4,29.02756055292263,1425.69,7.668251530887328,16011.4,33.75211246418285,2.0,0.0,0.0
chr5-35066032-35066033-C-G,mcdb041_new,0,0.8,18.0,1.795,57.0,0.0,82.143,0.079,2.0,1.85,151.946,0.418,0.052,0.0,650.385,276.625,2153.895,2341.69,82.14296681659464,0.2463749999999999,151.94584399799297,0.4467499999999997,0.0794021739130386,0.9281687578780772,0.4182880434782561,0.7123621244950629,0.7114360928535461,0.4133784249424934,5477.77,2.52,5298.17,2.09,3.312,1273.06,1.7,3672.91,3.5,525.66,0.8,1477.25,1.5,775.11,0.38,3417.96,1.3,0.407631,0.32,0.227978,0.51,3.0,9.0,1249.169100192773,2.0,1804.6218566100913,3.3,3.0,0.0,0.0,7.0,0.278,0.0,0.0,470.4245736751615,0.8,2503.1680101461397,3.8,519.6608507749435,0.9,1639.5323867817406,2.7,1.0,3.0,0.0
chr15-33533325-33533326-A-T,TWJF-5120-07,0,0.55,15.68,0.675,18.81,0.0,43.381,0.18,2.0,1.361,59.061,0.36,0.136,0.0,57.093,834.47,105.32,1068.12,55.84572946638624,0.264875,81.54397755743265,0.4187499999999998,0.6095380434781958,0.6032593660758112,0.7944565217389936,0.5129399972459981,0.0007091611623764,0.0008256845176219,58.34,0.72,301.21,1.78,1.845,53.37,0.33,97.54,0.61,59.09,0.75,113.1,1.5,71.05,0.34,166.95,0.65,0.638285,0.18,0.442347,0.36,2.0,9.0,543.0008913856493,1.5,727.2315846854273,2.3,1.0,0.0,0.0,6.0,0.458,0.0,0.0,43.381044054659014,0.5,59.06089174803655,0.6,52.72662824293295,0.6,73.45646083301001,0.7,1.0,3.0,0.0
chr10-105089784-105089785-G-A,TWJF-5120-13,0,1.7,0.02,1.8,11.64,0.0,45.086,0.286,2.0,1.228,55.376,0.748,0.073,0.0,212.942,7.71,230.483,787.99,82.56001404748135,0.5323749999999995,143.35036682875264,0.7477499999999992,0.2855706521738739,0.794820148416272,1.0090760869563835,0.4189521782220491,0.3723456300795078,0.0486307171231601,5211.91,1.24,5231.17,1.27,1.082,248.29,1.8,245.97,1.8,317.83,3.6,356.07,3.7,558.7,2.4,1015.08,3.3,0.247235,0.65,0.179782,0.88,1.0,9.0,45.085557216196726,1.6,55.375526903988714,1.8,1.0,0.0,0.0,5.0,0.044,0.0,0.0,169.086914812112,2.4,202.81963648880665,2.8,177.59469963826783,2.5,214.9958119105452,2.9,1.0,3.0,0.0
chr12-25245349-25245350-C-T,TWJF-5120-04,1,1.3,16.0,0.94,9.1,7.439,81.565,0.35,2.0,0.678,55.326,0.18,0.184,1.0,179.625,59.25,123.766,44.7,81.56457379446202,0.4187499999999998,55.32610417601837,0.26125,0.6692119565216643,0.573319723537239,0.4133967391304338,0.7151478145307081,0.0697554238140583,0.139871384948492,207.82,1.51,211.63,1.52,0.689,368.19,1.8,154.38,0.88,187.05,1.8,120.68,1.5,172.2,0.66,83.45,0.4,0.450869,0.35,0.638055,0.18,3.0,9.0,810.3309610065206,2.6,625.0102685141759,1.9,5.0,0.0,0.0,569.0,21.814,0.341,0.0,155.7040825901842,1.3,126.85278312575755,1.2,148.6038290630088,1.3,112.20959632680044,1.0,1.0,3.0,0.0
chr7-127582845-127582846-G-C,TWJF-10146-MO011-0026,1,0.35,0.45,0.387,0.38,2.096,13.66,0.07,2.0,0.679,9.27,0.11,0.092,0.0,56.311,9.795,44.1,7.47,46.021900421406,0.169625,45.69197631705165,0.165,0.3009239130434338,0.7855157679275456,0.37358695652172,0.7401554757876776,0.1960402289405465,0.1230310080572962,5286.27,2.36,5319.73,2.64,0.783,13.66,0.13,9.27,0.07,30.38,0.62,19.7,0.43,16.59,0.1,13.57,0.07,0.774962,0.07,0.723172,0.11,5.0,9.0,437.34195544615335,0.4,432.6355196637657,0.4,4.0,0.0,0.0,682.0,17.918,0.117,0.0,66.59935145072673,1.2,42.507934234970385,0.8,82.5885801777424,1.4,47.41546347037168,0.9,1.0,3.0,0.0
chr1-6602383-6602384-G-A,mcdb045,0,3.381,0.38,5.2,0.53,4.226,1262.758,0.99,2.0,1.311,1654.986,1.5,0.053,0.0,3162.311,7.92,4895.766,9.12,1893.1988017079975,1.3772500000000008,4419.11232729159,2.0663750000000016,3.5626902173912214,0.0763596194635113,8.839293478260856,0.0277434897702663,0.1450119614601135,0.0770772658288478,2645.97,2.28,4022.58,3.01,1.548,9949.56,7.2,14253.07,10.0,6903.33,7.3,8950.22,8.9,5199.42,3.2,6602.78,3.8,0.07417,0.99,0.039148,1.5,0.0,9.0,1262.7582159361314,2.8,1654.9864903064934,3.8,6.0,0.0,0.0,31.0,32.761,0.129,0.0,2675.654293923263,5.8,3180.0210881792223,6.6,3648.967539640754,7.4,5372.42052958424,9.8,1.0,3.0,0.0
chr17-59685611-59685612-C-T,mcdb041_new,1,0.275,4.43,0.421,12.77,15.785,37.82,0.002,2.0,2.143,81.05,0.014,0.146,0.0,102.369,267.95,181.255,758.43,39.68310524268698,0.002375,43.83813371188159,0.014125,0.0808423913043441,0.9277611169198504,0.4426086956521544,0.6971392777939825,0.5099758617579937,0.0514404252171516,84.34,0.38,182.63,0.67,1.771,131.66,0.19,179.88,0.26,115.57,0.36,202.86,0.53,37.82,0.06,81.05,0.1,0.907968,0.02,0.860206,0.03,2.0,9.0,230.9840076235599,0.4,260.17800677216036,0.5,3.0,0.0,0.0,1364.0,108.116,0.146,0.0,89.16820003799778,0.4,109.7008518563001,0.4,210.19384758795545,0.9,264.00977075478556,1.0,1.0,3.0,0.0
chr1-226161579-226161580-C-T,TWJF-10146-MO011-0021,0,3.8,37.86,6.95,29.42,11.24,96.22,0.833,2.0,4.605,443.09,0.768,0.159,0.0,1245.113,959.65,1827.156,567.11,501.0369248439093,0.8334999999999996,437.9763717082485,0.7679999999999996,2.129347826086885,0.1601771598979206,1.9682336956520745,0.1804069511501597,0.0163270951161393,0.019904209402739,96.22,1.37,443.09,2.64,1.467,2552.96,3.0,9232.11,9.2,1989.19,8.6,4288.48,15.0,2070.82,5.1,3104.67,6.9,0.06786,2.3,0.055566,2.7,1.0,9.0,2240.6066112583476,4.6,2936.5666561709572,7.0,7.0,0.0,0.0,2496.0,47.831,0.235,1.0,445.6254646177246,5.9,717.7447095108274,8.5,384.95503115756617,5.3,627.2057050097229,7.6,1.0,3.0,0.0
chr6-27310401-27310402-G-A,mcdb048,0,2.178,0.93,2.3,4.08,0.0,500.62,0.56,2.0,1.748,874.9,0.55,0.076,0.0,2863.433,275.51,2538.805,1068.72,3147.861698250176,2.256374999999999,1721.485962980503,1.6382499999999998,6.479157608695644,0.0385857734470141,3.599483695652097,0.0758175503000974,0.080355474492535,0.1167294383049011,1021.31,2.33,2243.52,3.96,0.887,500.62,0.85,874.9,1.4,3202.08,2.1,3361.84,2.3,1901.58,1.7,2834.09,2.3,0.211543,0.56,0.214819,0.55,0.0,8.0,2579.005231766049,1.7,2032.7074694949488,1.1,6.0,0.0,0.0,2.0,0.373,0.0,0.0,3236.160107596126,18.0,3775.9827358922007,20.0,6104.63918439991,26.0,5816.47679764471,25.0,6.0,3.0,0.0
chr1-92840553-92840554-G-C,TWJF-10146-MO011-0021,0,1.12,11.0,1.98,11.0,41.545,29.172,0.21,2.0,1.596,46.555,0.42,0.052,0.0,137.78,33.21,293.165,46.205,3134.262339205181,2.3106250000000017,3717.181947470221,2.560250000000001,8.01565217391304,0.0308059082867914,9.494239130434764,0.0256807587774874,0.0132459435626515,0.0071543246231158,1424.07,4.49,8833.23,12.83,2.128,47.24,0.21,128.79,0.42,79.14,1.4,239.9,2.7,196.42,0.84,346.43,1.4,0.188741,0.83,0.154884,1.1,9.0,9.0,2390.8891056788234,5.0,3133.5287466619466,7.6,5.0,0.0,0.0,11323.0,716.3,0.058,0.0,29.172254922429925,0.5,46.55539330857998,0.8,34.467517121952994,0.6,56.02862957139917,0.9,6.0,3.0,0.0
chr4-37446678-37446695-TCTGGGATCATCTGGCGG-T,TWJF-5120-13,0,1.72,5.31,7.881768439923801,6.05,0.0,26.34,0.19,2.0,86.62772937300863,2594.3838840654607,4.437575983648125,0.058,0.0,164.625,36.885,3775.406696134834,38.765,104.9971066455162,0.6408749999999999,3979.365684533829,4.699423126262372,0.4474999999999767,0.6937052351677448,10.553972709776204,0.5143311678635902,0.2866480033844709,0.2552163332172754,1106.91,18.07,3926.7282526128815,22.45587648705673,13.815109704705357,547.79,0.6,5004.4997911297,6.239210466678137,196.38,2.8,4350.945401915288,9.7910315181854,132.87,0.24,4747.085933744819,6.245670877910626,0.366884,0.19,0.2820021614319239,6.793869052306369,6.0,9.0,2664.091477136258,8.7,5618.6228716712985,14.644239389547874,1.0,0.0,0.0,8.0,0.052,0.0,0.0,26.33965001334541,19.0,5374.18435407717,23.80156607754538,35.626240881919095,26.0,6299.911263655932,31.227558744167496,5.0,0.0,0.0
chr11-130133631-130133638-GATGACAC-G,TWJF-10146-MO011-0020,0,4.26,26.0,1.855,36.86,1.723,1542.609,1.467,2.0,0.215,332.012,0.759,0.22,0.0,2597.889,146.605,1102.709,260.8,1542.6086688227172,1.4672499999999995,332.011850044964,0.7594999999999996,2.813858695652101,0.1052254949226241,1.0730434782607148,0.3942458038785768,0.1883897855877876,0.2502614632248878,1973.81,3.52,540.53,1.51,0.424,5295.77,5.0,1379.9,2.2,6330.92,5.4,1559.37,2.7,5950.15,3.4,1680.26,1.5,0.035747,2.1,0.169284,0.78,0.0,9.0,2010.8325794908649,8.9,1028.1104483849197,4.8,9.0,0.0,0.0,1893.0,114.837,0.015,0.0,3012.242973521387,6.5,1177.3077421154678,3.6,2183.534207407743,5.3,925.0389080968498,3.1,1.0,0.0,0.0
chr1-159931472-159931473-G-C,mcdb041_new,0,1.71,0.83,1.507,0.6,0.691,123.252,0.4,2.0,0.843,103.862,0.24,0.075,0.0,1233.943,11.29,676.825,9.6,123.25170474576916,0.425125,103.86170350842951,0.3345,0.7659510869564059,0.525579846865809,0.8444021739129397,0.489211797046387,0.1285456679761409,0.0404105968773365,168.98,1.32,357.84,2.17,0.549,5894.27,2.1,2655.11,0.84,5295.83,5.0,3133.53,3.2,1827.31,0.4,995.81,0.24,0.067024,0.78,0.185396,0.3,1.0,9.0,2054.8203260098107,5.1,1290.3815441454742,2.4,6.0,6.0,1.0,229.0,7.506,0.092,0.0,534.3305433611393,5.9,204.0844897716364,2.8,640.5750217436639,6.7,220.07463994617075,3.0,1.0,3.0,1.0
chr5-140562384-140562385-G-A,TWJF-5120-13,1,3.157,39.0,16.0,48.0,3.131,25.249,1.5,2.0,8.995,227.117,16.0,0.08,0.0,978.155,543.54,13795.905,1009.84,5359.223588278563,3.313499999999999,23979.15098657468,14.04425,5.2477717391304,0.0485744976031691,46.22467391304348,0.0058057887314844,0.2944550099782645,0.0930005233967676,3333.94,8.88,15421.72,24.4,14.104,509.22,1.5,12170.09,16.0,409.85,3.0,7287.08,16.0,1447.09,2.6,19687.53,25.0,0.109202,1.5,0.001881,11.0,2.0,10.0,5997.52246638931,9.6,18279.56236288107,26.0,10.0,0.0,0.0,388.0,43.484,0.072,0.0,25.249338229642863,1.8,227.1171867279762,12.0,53.65868187163727,3.5,190.82707786684068,9.2,1.0,3.0,0.0
chr14-44963006-44963007-C-T,mcdb041_new,1,0.245,23.37,0.36,34.1,2.48,47.65,0.08,2.0,5.303,252.69,0.38,0.083,0.0,141.906,362.59,333.375,767.6,147.89221692631432,0.3784999999999997,111.49399828797615,0.2799999999999998,0.3136956521738767,0.7770312861563158,0.6972554347825053,0.5595394891769537,0.502493105828762,0.1397093906998634,384.8,1.1,1968.04,3.05,2.349,47.65,0.08,252.69,0.38,159.89,0.29,446.91,0.64,135.92,0.14,414.06,0.34,0.608356,0.12,0.629419,0.11,5.0,10.0,537.157411716568,0.6,855.3764372017306,0.9,7.0,0.0,0.0,130.0,21.568,0.115,0.0,89.88557480141642,0.2,90.30046776375272,0.3,89.11072970314622,0.2,117.74161811594712,0.3,1.0,3.0,0.0
chr8-142229554-142229555-A-G,TWJF-5120-06,0,9.867,8.8,13.0,27.0,25.897,445.49,2.795,2.0,1.42,632.77,11.132,0.145,0.0,4580.95,399.475,5323.4,1023.245,3935.39358559237,9.864375000000004,5055.038900804794,11.132375000000003,2.795434782608623,0.1064154544875655,11.6303260869565,0.0206638654379031,0.4490595124661922,0.0286690071225166,445.49,27.31,632.77,32.01,1.162,4580.95,8.25961826446515,5323.4,8.832935831501903,4580.95,14.0,5323.4,15.0,6361.68,3.6,6496.77,3.7,0.00154,8.5,0.000654,13.0,1.0,10.0,11730.270410722256,14.0,13797.251278183585,18.0,1.0,0.0,0.0,4.0,51.794,0.5,0.0,4580.95,15.983096736853668,5323.4,16.243545144060676,4580.95,18.241568766678206,5323.4,19.25333488067544,1.0,3.0,0.0
chr3-35721709-35721710-C-T,mcdb045,0,0.871,0.87,2.55,1.7,0.0,77.149,0.2,1.0,0.897,69.216,0.58,0.057,0.0,271.71,11.54,1089.055,17.14,77.14888417069938,0.43475,69.21648811434235,0.3588749999999999,0.6313586956520965,0.5920720531348577,0.6095380434781958,0.603385851239208,0.0762746073305606,0.059787169098854,250.36,1.11,1450.88,4.67,4.008,698.07,0.26,2057.6,0.63,293.06,1.6,727.23,3.2,484.93,0.29,3717.44,1.9,0.39829,0.2,0.172138,0.58,2.0,9.0,2469.769045352091,6.8,6682.848003569165,27.0,3.0,0.0,0.0,0.0,0.332,0.0,1.0,113.08890526838172,7.1,95.81202077852186,6.0,103.94653094465092,6.5,117.70908939879872,7.4,5.0,3.0,0.0
chr1-13344118-13344119-A-G,TWJF-10146-MO011-0020,0,0.52,5.4,1.093,6.1,0.0,17.36,0.05,2.0,2.996,52.01,0.15,0.225,0.0,64.067,20.345,143.241,21.385,112.0701669440914,0.330875,210.0783288943779,0.54175,0.8910054347824996,0.4692593811210196,1.2269293478259584,0.3406333443039495,0.0386943407356739,0.0593266002833843,4635.12,2.97,4638.58,2.98,2.236,17.36,0.05,52.01,0.15,19.18,0.44,55.98,0.96,88.63,0.15,174.63,0.25,0.372978,0.34,0.264345,0.48,4.0,9.0,531.3768163911138,1.3,704.0051280916676,1.9,8.0,0.0,0.0,0.0,0.0,0.0,0.0,35.692749170192805,0.6,105.09450282646846,1.5,39.50390243611162,0.7,111.85103316044604,1.6,5.0,3.0,0.0
chr1-114677966-114677967-G-T,TWJF-10146-MO011-0029,0,2.54,14.0,3.5,16.0,0.0,369.59,1.17,2.0,4.491,1659.97,2.3,0.47,0.0,776.028,149.435,2611.43,172.185,2910.5674205031555,2.080125,1815.030342503257,1.6297499999999994,4.329592391304317,0.0601663450175993,2.832907608695578,0.1047326642524858,0.1908098310232162,0.2315547727048397,4099.86,1.17,4755.49,2.3,3.365,369.59,1.4,1659.97,3.5,390.37,3.0,2145.7,7.3,612.94,1.7,2033.06,3.5,0.054904,1.9,0.021205,3.4,2.0,10.0,3307.718431318005,7.3,4676.226873485467,12.0,1.0,0.0,0.0,2.0,0.195,0.0,0.0,832.3576971767521,12.0,4648.469652330007,29.0,719.6975097949365,9.9,3077.1594444403336,24.0,1.0,3.0,0.0
chr11-20159232-20159233-C-T,TWJF-5120-13,0,0.26,0.07,0.254,0.43,0.0,4.47,0.07,2.0,0.62,2.77,0.07,0.053,0.0,63.058,23.36,52.307,69.36,67.7563435041616,0.3672499999999999,60.28443728492051,0.3079999999999999,0.0961956521739182,0.9164456184574982,0.1353532608695786,0.8915945633568751,0.6122547499835491,0.4988138265907764,4.47,1.15,2.77,0.5499999999999999,0.83,199.0,0.32,215.68,0.34,7.44,0.07,6.97,0.07,58.36,0.14,44.33,0.11,0.21159,0.33,0.21283,0.33,4.0,10.0,995.274467102104,0.2,893.2091487761664,0.2,7.0,0.0,0.0,0.0,0.0,0.0,0.0,63.058,6.164941219683113,52.307,5.9423304798335,63.058,5.797780844754307,52.307,5.834120508868998,5.0,3.0,0.0
chr14-37591576-37591579-TTGA-T,TWJF-10146-MO011-0020,1,1.01,25.0,24.068,38.0,135.566,68.86,0.13,2.0,1.378,94.86,4.0,0.518,0.0,408.96,78.99,11317.729,136.785,125.2508926705694,0.7198749999999999,19082.07091815513,23.13662500000001,0.3639130434782345,0.7463323900483795,46.22467391304348,0.0057839329224769,0.4090234711766243,0.0292139425873756,68.86,12.57,94.86,16.43,27.674,695.04,0.13,12981.03,4.0,692.67,1.3,21852.38,32.0,1326.58,0.42,29201.36,25.0,0.072396,0.5,2.4e-05,32.0,5.0,9.0,5324.553724912208,14.0,9654.42834743743,26.0,6.0,0.0,0.0,4143.0,271.676,0.499,0.0,84.56097854272133,2.9,161.49906041736602,8.1,90.9138396246734,3.3,131.71341194590931,5.8,1.0,1.0,0.0
chr19-8935150-8935151-G-C,TWJF-10146-MO011-0021,0,0.934,1.61,0.371,1.4,1.112,50.794,0.15,2.0,0.403,20.455,0.12,0.119,0.0,517.97,16.5,323.07,15.08,162.28404490100644,0.5907499999999999,73.35753877455309,0.1715000000000001,0.9687228260868466,0.4344942754904334,0.3412771739129994,0.7607101710596845,0.1006472515873611,0.2840371835045516,382.47,2.27,166.67,1.3,0.624,749.89,0.28,762.43,0.29,1229.06,1.5,479.47,0.66,653.47,0.15,543.69,0.12,0.113079,0.49,0.35169,0.13,2.0,9.0,1864.1597343160688,4.4,1672.9903001725866,3.7,1.0,1.0,1.0,63.0,1.112,1.0,0.0,50.79371759160643,0.9,20.455495310856666,0.4,313.0184957111283,3.9,93.01864310104948,1.4,5.0,3.0,1.0
chr17-61590912-61590913-C-T,mcdb045,0,3.95,1.9,4.35,7.3,0.0,228.517,0.657,2.0,0.46,105.075,0.569,0.067,0.0,1619.702,10.045,1591.73,22.3,228.517473424458,1.3561250000000005,105.07548388575802,0.6625000000000002,0.6572010869564338,0.5790560981481323,0.5685869565216848,0.6254470955853,0.3592294193804264,0.2007153891026973,7118.61,18.81,3358.97,9.33,0.983,8865.98,2.6,10096.39,3.0,1610.82,5.3,1884.44,5.7,1351.13,0.7,1299.02,0.67,0.133987,0.73,0.128911,0.75,0.0,9.0,12653.21285183316,46.0,5210.570464861065,21.0,3.0,0.0,0.0,0.0,0.181,0.0,0.0,1130.8890526838172,34.0,973.6884087747272,32.0,1628.5833859156126,40.0,872.5895346553459,31.0,6.0,3.0,0.0
chr17-3292214-3292215-T-C,JLF-100-042,0,0.132,1.8,0.015,1.4,0.0,12.85,0.04,2.0,0.301,3.87,0.01,0.363,0.0,26.235,21.25,11.384,19.4,38.35794186023531,0.042,27.81764565429748,0.001625,0.1447826086956638,0.8851499564356047,0.003125,0.9851624568723912,0.356319229,0.8767719343304634,63.1,9.05,41.33,6.550000000000001,0.434,34.97,0.07,8.03,0.02,12.85,0.12,3.87,0.01,17.5,0.04,2.3,0.01,0.372365,0.11,0.938577,0.01,3.0,9.0,2122.6127229763083,2.2,1006.101584045498,0.5,3.0,3.0,1.0,1.0,0.619,0.0,0.0,17.426493153473235,22.0,12.918437844630033,15.0,16.57410172361635,20.0,9.849858690442046,9.6,6.0,3.0,1.0
chr12-56599004-56599005-G-C,TWJF-5120-06,0,20.0,18.52,20.0,17.69,76.959,100.33,6.4,2.0,0.485,48.71,8.9,0.179,0.0,9028.44,237.52,11643.65,219.46,16737.286125618553,23.764375,12755.948328926574,19.039375000000007,37.35904891304347,0.0069242373653205,20.2322554347826,0.0117359208085612,0.0444019809365272,0.1203245259821415,100.33,12.35,48.71,7.48,1.29,9028.44,13.976260001706436,11643.65,16.80512719543894,9028.44,20.0,11643.65,25.0,24072.27,22.0,29319.45,32.0,0.000211,19.0,0.000203,20.0,1.0,8.0,7446.484392361988,6.4,9146.010879538102,8.9,1.0,0.0,0.0,558.0,218.014,0.353,0.0,9028.44,13.224463657101964,11643.65,11.1408568868053,9028.44,12.558942623973586,11643.65,13.584899187667808,1.0,3.0,0.0
chr17-44911724-44911725-A-G,mcdb041_new,0,0.648,18.46,0.918,20.4,0.0,25.166,0.1,2.0,2.466,62.06,0.16,0.123,0.0,579.44,1188.74,892.8,1354.75,83.86910304031791,0.227625,93.0260170565696,0.276875,0.7967119565216052,0.5117360238757456,0.7355706521738057,0.5411716395474951,0.0071823149919509,0.0690118968486785,10795.57,21.0,14030.74,26.38,1.541,231.2,0.1,423.49,0.16,927.68,1.2,1362.11,1.7,1781.65,0.39,2157.25,0.48,0.368601,0.11,0.298344,0.16,2.0,9.0,1391.9092882313646,2.8,1376.930319032567,2.7,5.0,0.0,0.0,0.0,0.673,0.0,0.0,25.165757072446052,0.5,62.059746891935234,1.1,40.69771254853522,0.8,78.62669121883215,1.3,1.0,3.0,0.0
chr4-165041221-165041222-G-A,TWJF-10146-MO011-0021,0,0.072,1.51,0.04,5.76,0.0,3.6,0.01,2.0,0.672,2.42,0.02,0.065,0.0,8.839,132.07,6.05,411.18,16.927532290038865,0.06475,13.0769020720378,0.019625,0.0096467391304457,0.9784506178209564,0.058288043478285,0.9421441762938484,0.6329927891492844,0.272316507063806,3.63,0.04,2.3,0.01,0.684,3.83,0.02,2.7,0.02,4.6,0.11,3.27,0.05,3.6,0.03,2.42,0.02,0.797558,0.08,0.911337,0.03,10.0,9.0,69.50183030090719,1.8,54.779605661940025,1.5,5.0,0.0,0.0,0.0,0.0,0.0,0.0,13.07826099297127,0.5,9.540035702392268,0.4,13.334293189477126,0.5,8.83018901526975,0.4,1.0,3.0,0.0
chr19-32639329-32639330-A-G,TWJF-5120-13,1,48.112,4.3,39.0,9.19,2.737,1015.711,8.7,2.0,2.307,2342.988,15.0,0.099,0.0,18330.688,226.81,21422.224,737.6,17676.30670184535,25.464125000000035,16578.48827533316,23.918875000000025,46.22467391304348,0.0058005938004707,37.35904891304347,0.006253544861025,0.0090228406807,0.012799277625163,13366.06,51.52,17280.15,59.830000000000005,1.169,44349.27,50.0,42363.88,40.0,18985.07,29.0,26407.71,38.0,25686.56,14.0,30085.88,19.0,0.000404,8.7,8.9e-05,15.0,1.0,9.0,25017.040063580014,69.0,25564.297566862413,70.0,2.0,0.0,0.0,35.0,31.83,0.086,0.0,2200.9491050306165,96.0,2515.417048114428,97.0,1015.7106355684584,91.0,2342.9876531506156,97.0,1.0,3.0,0.0
chr1-160554068-160554069-A-G,TWJF-10146-MO011-0020,0,14.639,18.15,6.15,18.78,0.0,1128.886,3.4,2.0,0.658,742.421,1.205,0.163,0.0,8284.909,2342.07,4512.612,2481.91,7324.305803285243,3.3997500000000014,926.3173764200044,1.2045000000000003,14.277038043478257,0.0163733796277491,2.068124999999938,0.1679131481939154,0.0634583160281181,0.2009877152740955,5067.38,4.49,5764.99,9.93,0.545,33195.28,43.0,23150.14,21.0,9245.51,15.0,1170.65,3.9,36173.53,36.0,18163.44,8.4,0.001092,9.7,0.033792,2.0,1.0,11.0,20368.333345559196,27.0,6610.930835365694,9.3,1.0,0.0,0.0,487.0,23.809,0.0,0.0,1128.8857735346687,3.7,742.4205764441106,2.2,4712.485207882093,20.0,3260.2432168101936,15.0,1.0,3.0,0.0
chr2-53854035-53854036-C-A,mcdb045,0,24.5,14.49,29.0,18.77,2.085,5798.76,8.926,2.0,1.0,5799.42,8.576,0.055,0.0,18182.256,158.45,26658.11,242.96,19255.69291445525,8.925750000000004,18732.968056658498,8.575750000000003,46.22467391304348,0.0052027638488291,46.22467391304348,0.0053330602868494,0.0016060806810855,0.0010783597826957,5798.76,35.34,5799.42,35.86,1.466,22439.15,11.0,26634.12,18.0,25842.4,29.0,28485.48,41.0,38151.35,34.0,39255.13,38.0,0.000198,34.0,0.000193,34.0,0.0,9.0,7366.349385508023,20.0,9346.083432734207,24.0,3.0,0.0,0.0,72.0,10.745,0.194,0.0,15726.424706181771,12.0,28551.570373495433,20.0,17108.817748025802,14.0,26682.099539343875,19.0,1.0,3.0,0.0
chr11-57542697-57542698-C-T,TWJF-5120-06,0,9.031,5.34,8.758,4.95,0.0,3133.529,1.2,2.0,0.937,2936.567,1.0,0.17,0.0,3296.109,44.23,3064.701,40.93,3296.109016049677,9.035375,3064.701055677501,8.758000000000001,7.558260869565203,0.0321878117711062,7.778097826086963,0.0318427370445762,0.0398743413388729,0.0167427919805049,18135.49,97.53,16873.98,96.57,0.93,3296.109,8.019401170546011,3064.701,5.636260132444756,3143.31,8.7,2691.74,7.8,30490.26,35.0,31603.04,37.0,0.000903,11.0,0.000903,11.0,0.0,8.0,3133.5287466619466,1.2,2936.5666561709572,1.0,3.0,0.0,0.0,7.0,0.024,0.0,0.0,3296.109,5.244735437265448,3064.701,3.5311194428338997,3296.109,5.164640448170601,3064.701,3.4834034995559495,5.0,3.0,0.0
chr6-26251746-26251747-A-G,TWJF-10146-MO011-0020,0,1.32,1.12,0.555,0.99,0.258,22.14,0.08,2.0,0.797,17.64,0.03,0.19,0.0,382.349,78.57,143.39,71.61,61.46864528687998,0.192375,48.26530388059188,0.082375,0.1807065217391255,0.8625218518889882,0.0733967391304446,0.9326366368860692,0.4276344627141952,0.5849582180380821,22.14,2.41,17.64,1.34,0.375,1186.17,0.22,550.09,0.11,2099.77,3.3,508.87,1.0,662.69,0.23,176.72,0.06,0.344246,0.08,0.584978,0.03,1.0,9.0,2192.641718942874,3.8,1804.6218566100913,2.6,1.0,0.0,0.0,534.0,64.501,0.004,1.0,87.53263454523808,3.1,88.95492544012647,3.2,102.00700581033252,3.9,110.06012456353734,4.4,6.0,3.0,0.0
chr6-43141790-43141791-G-C,TWJF-5120-06,0,1.06,5.9,1.02,8.41,28.861,47.009,0.018,2.0,1.43,67.207,0.092,0.146,0.0,1925.662,49.12,2314.528,74.04,47.009261001767634,0.039125,67.20678267250264,0.166875,0.0176630434782936,0.9712822378234434,0.0918750000000017,0.9196835619684156,0.8301651701331139,0.622186467051506,63.53,1.06,60.1,1.02,1.202,1925.662,-4.806321032722859,2314.528,-6.431165932489135,14346.21,9.1,17241.59,14.0,6571.99,1.2,8988.65,2.1,0.44856,0.04,0.260956,0.21,0.0,9.0,1925.6618788676217,2.9,2314.5284480795485,3.7,4.0,0.0,0.0,637.0,85.388,0.338,0.0,1925.662,6.331027277013705,2314.528,5.507669398444587,1925.662,3.8597492971026943,2314.528,2.9087018894241954,1.0,3.0,0.0
chr11-117780806-117780807-C-T,TWJF-10146-MO011-0024,1,0.125,0.25,0.785,1.83,14.749,20.91,0.02,2.0,7.814,163.39,0.1,0.53,0.0,97.986,28.94,710.261,117.77,43.270030971415615,0.080875,66.75050130153178,0.183625,0.0411684782608858,0.9542541548173332,0.0643206521739188,0.9385179625895382,0.6708204671740532,0.7015742845833302,1396.91,0.09,3301.77,0.8699999999999999,7.249,61.03,0.17,1139.98,1.4,20.91,0.14,163.39,0.7,53.15,0.11,469.65,0.46,0.949474,0.02,0.737094,0.1,4.0,10.0,520.0015791455069,0.4,1145.5906828097525,0.9,1.0,0.0,0.0,953.0,21.786,0.677,0.0,139.92650927815865,0.2,810.7743486660733,1.5,134.94288783353065,0.2,609.7474601869931,1.1,1.0,3.0,0.0
chr7-12369909-12369910-G-C,TWJF-10146-MO011-0021,0,1.5,6.48,1.126,5.79,0.0,114.6,0.46,2.0,0.691,79.16,0.28,0.109,0.0,414.134,54.45,248.791,48.11,414.13398920757305,1.4996250000000002,248.79108473372452,1.1263750000000003,1.731739130434704,0.2175210635624971,1.147228260869397,0.3670744653210827,0.0705099329934455,0.1384568342473358,7661.47,20.26,4851.31,15.61,0.601,414.134,1.8278871365949896,248.791,1.244483907214137,114.6,1.2,79.16,0.8,362.79,0.46,175.92,0.28,0.041684,1.2,0.180759,0.38,1.0,10.0,3000.8051964776514,2.0,2416.898449635213,1.4,8.0,8.0,1.0,18.0,0.383,0.0,0.0,414.134,7.198483812251056,248.791,6.285860002620256,414.134,7.663445482705003,248.791,7.403940404997225,5.0,3.0,1.0
chr12-113315471-113315472-G-A,TWJF-5120-07,1,0.74,0.03,22.093,0.04,13.432,9.21,0.372,2.0,1.725,15.89,22.093,0.119,0.0,331.44,12.22,17478.395,14.19,59.46564498300692,0.3997500000000001,17478.394784140783,22.09287500000001,0.3717391304347615,0.7407790448040431,24.57923913043477,0.0098463733699855,0.1962824538350105,0.156638566404581,9.21,1.13,15.89,2.51,52.735,331.44,-4.447922933805512,17478.395,12.190427268600727,4032.39,9.9,36763.42,59.0,331.44,0.74,24862.7,27.0,0.239555,0.4,0.000237,17.0,3.0,9.0,4883.053172255114,9.8,7208.657199267612,20.0,9.0,0.0,0.0,780.0,63.96,0.21,0.0,331.44,2.4936934752108457,17478.395,15.830182353146055,331.44,2.815819964376918,17478.395,16.028527818647866,1.0,3.0,0.0
chr18-2750351-2750352-G-C,TWJF-10146-MO011-0021,0,0.103,0.46,0.08,1.22,2.082,25.57,0.02,2.0,0.998,25.51,0.02,0.073,0.0,31.606,18.87,30.336,45.61,31.605968239451343,0.021,30.33600925866312,0.01675,0.1025000000000062,0.9123874087737244,0.0733967391304446,0.9323621151380224,0.3882403448224067,0.4562359731644392,177.32,2.04,140.0,1.63,0.96,31.606,-0.21267392228025,30.336,-0.2189944059883368,25.57,0.45,25.51,0.45,30.88,0.09,28.64,0.08,0.872363,0.02,0.884239,0.02,5.0,9.0,893.2091487761664,1.4,776.0086328378046,1.0,5.0,0.0,0.0,1169.0,44.303,0.047,0.0,31.606,5.68576133998968,30.336,5.59129754691108,31.606,5.382089499981882,30.336,5.377294002415479,5.0,3.0,0.0
chr17-59566766-59566767-C-G,mcdb041_new,0,0.26,6.58,6.12,3.82,3.5,53.67,0.09,2.0,537.175,28830.17,2.2,0.068,0.0,132.592,55.4,7066.407,31.96,143.18444951938463,0.3664999999999997,21530.180510218743,7.239375,0.2603804347826042,0.8109849389332929,10.655842391304333,0.0224903024030103,0.5523924306035042,0.4509608969092369,53.67,0.26,28830.17,40.84,53.294,67.84,0.11,4743.44,4.1,122.0,0.21,7692.16,5.0,71.23,0.09,5547.74,2.2,0.480143,0.19,0.007769,4.0,2.0,10.0,418.8179265751275,0.4,1785.2014996700302,2.5,2.0,0.0,0.0,679.0,27.561,0.127,0.0,626.1667464275348,2.4,10320.244822857492,31.0,685.377747708419,2.6,6440.654460638917,22.0,1.0,3.0,0.0
chr1-71080956-71080957-C-G,mcdb041_new,0,1.553,16.0,1.9,8.9,8.626,9.31,0.07,2.0,1.807,16.82,0.17,0.118,0.0,634.071,443.75,796.457,801.48,730.9211443914835,2.2035000000000013,1225.4535035804015,3.2458750000000007,1.506657608695562,0.2634024304225411,3.454483695652087,0.0791134158827362,0.2976508475840091,0.0364567376673221,9.31,0.0699999999999999,16.82,0.1699999999999999,1.256,537.22,0.2,434.86,0.16,1290.38,1.6,1765.99,2.0,2600.24,0.58,2170.92,0.48,0.028715,1.5,0.022908,1.7,1.0,9.0,1290.3815441454742,2.4,1158.0530182780362,2.1,8.0,8.0,1.0,721.0,58.68,0.147,0.0,299.09558335741013,3.8,220.70389617236404,3.0,163.51966924573074,2.4,118.7326059971512,1.8,1.0,3.0,1.0
chr17-11932025-11932026-A-T,TWJF-10146-MO011-0029,0,0.588,8.4,1.276,11.63,0.0,130.797,0.335,2.0,5.427,709.775,0.952,0.414,0.0,922.896,370.67,2289.805,526.35,130.79656527104217,0.3353749999999997,709.7753064356866,0.9519999999999996,0.6467391304347245,0.5836365782777077,1.8201630434782032,0.2026190532536408,0.2113644890487194,0.1930299252271652,593.41,45.02,2735.51,74.47,2.481,9229.41,1.7,10398.5,2.0,902.93,0.49,1844.1,0.91,2393.42,0.53,4057.86,0.79,0.271498,0.34,0.126411,0.62,1.0,8.0,942.861739365281,1.3,1133.2624602040687,1.6,8.0,0.0,0.0,0.0,0.014,0.0,0.0,922.896,9.46622811802049,2289.805,12.177442131165556,922.896,9.847839077695705,2289.805,11.314652668761257,1.0,3.0,0.0
chr20-62475220-62475221-C-A,mcdb041_new,0,0.9,5.51,15.5,10.49,0.0,149.592,0.22,2.0,135.37,20250.258,17.0,0.138,0.0,576.985,45.69,18233.479,98.84,149.59196757558607,0.3778749999999996,20250.258089417708,8.946000000000002,0.305706521739097,0.7818804437972782,46.22467391304348,0.0055914415814184,0.5136033892631531,0.0359055735170841,8718.72,5.52,35466.12,47.1,31.601,1949.16,2.3,27946.96,24.0,563.96,1.2,20813.9,19.0,245.61,0.38,16216.7,8.9,0.414166,0.22,0.000188,17.0,1.0,10.0,801.6106208174193,0.6,5681.683446584433,5.8,10.0,0.0,0.0,0.0,0.064,0.0,0.0,360.33794712049206,1.9,5843.997211016027,14.0,590.010852485303,2.7,4016.613096687672,9.8,1.0,3.0,0.0
chr1-200617860-200617861-G-A,TWJF-5120-06,1,0.635,14.33,1.45,32.0,1.725,47.481,0.08,2.0,1.167,55.409,0.17,0.162,0.0,90.565,134.03,219.629,391.575,47.48079137809535,0.203875,55.40931249867205,0.26125,0.3027989130434463,0.7842561165167045,0.5982065217390868,0.6086193468154804,0.2024993523955345,0.0048998743295669,88.44,0.97,569.19,2.31,2.425,76.02,0.47,224.46,1.3,105.42,1.5,371.82,2.3,70.55,0.34,164.32,0.65,0.785303,0.08,0.647785,0.17,4.0,9.0,688.9344191199156,2.1,1437.8310001273976,4.9,7.0,0.0,0.0,44.0,3.299,0.523,0.0,95.12616750371129,0.9,210.52321804752347,1.6,92.68938487267307,0.8,214.79788461280205,1.6,1.0,3.0,0.0
chr17-7674220-7674221-G-A,TWJF-5120-07,1,1.31,0.57,0.545,2.57,19.897,27.01,0.37,2.0,0.796,21.5,0.37,0.143,1.0,759.21,187.01,737.09,666.98,271.1780630916228,1.5201250000000006,96.3380968071724,0.498375,0.9970652173911532,0.4236379511189389,0.1854891304347603,0.8590955960763168,0.2290767803788185,0.5429122187197208,27.01,3.64,21.5,2.25,0.971,19964.9,7.7,21162.46,8.5,352.24,0.63,323.04,0.59,1166.18,0.37,1151.14,0.37,0.029036,1.1,0.072976,0.5,3.0,10.0,5997.52246638931,3.2,6128.720608235617,3.4,1.0,0.0,0.0,1033.0,45.845,0.434,0.0,759.21,11.726495826846683,737.09,16.03031227318875,759.21,11.366355706158028,737.09,13.14534503714468,1.0,3.0,0.0
chr4-184716556-184716557-G-A,TWJF-10146-MO011-0021,1,1.75,30.0,1.812,42.22,4.197,105.053,0.66,2.0,0.63,66.132,0.38,0.145,0.0,386.84,176.52,344.145,486.685,1111.0458393398756,1.3145000000000011,1845.873267989052,1.7232500000000008,3.487608695652085,0.0788699808425098,5.2477717391304,0.0486205125158698,0.0086036970751592,0.0021147212119103,2734.73,6.22,2106.81,5.44,0.89,292.65,0.66,114.79,0.38,198.52,2.4,158.17,2.1,481.03,1.8,530.12,1.9,0.215558,0.69,0.209996,0.71,4.0,9.0,4288.484190125121,13.0,3685.6851539916497,9.6,6.0,0.0,0.0,338.0,7.802,0.538,0.0,111.9360558108416,1.7,72.27198781572903,1.2,105.05337274091718,1.7,66.13174767040924,1.1,1.0,3.0,0.0
chr19-6472935-6472936-G-C,mcdb041_original,1,2.5,4.512,2.95,7.15,0.074,922.678,1.1,2.0,1.151,1062.03,1.3,0.058,0.0,1465.854,37.25,2690.245,61.06,1516.0581595090987,1.342124999999998,2604.8206309406323,1.6804999999999983,1.2239673913042424,0.3418175904929588,1.8016032608694983,0.2058430758201714,0.6034105867147446,0.555583905428648,19546.01,21.790000000000003,24772.91,30.98,1.835,1415.65,1.7,2775.67,2.8,7406.31,4.8,8032.38,5.2,8813.66,3.3,8249.49,3.1,0.061663,1.4,0.058192,1.4,1.0,10.0,922.6778027608818,1.1,1062.0297506032605,1.3,8.0,0.0,0.0,254.0,18.615,0.004,0.0,1323.3965556847627,5.3,1314.2863578755253,5.3,1333.3065112244085,5.3,1315.0128600791527,5.3,1.0,3.0,0.0
chr19-14766290-14766291-G-A,TWJF-5120-13,0,10.95,40.0,60.84,47.0,0.0,1391.909,2.7,2.0,35.922,50000.0,25.0,0.103,0.0,3263.655,512.1,35270.275,1204.98,14315.633266549889,7.538375000000002,26757.927712995966,25.389875000000004,31.64317934782608,0.0079970996045112,99.28660326086955,0.0038867530578939,0.0425146241032052,0.0091413259651744,5867.62,99.59,5594.58,57.68,10.807,4026.24,9.8,35173.16,71.0,7527.49,13.0,35367.39,64.0,2501.07,5.3,30312.65,42.0,0.033666,2.7,0.000221,25.0,2.0,10.0,1391.9092882313646,9.9,50000.0,54.0,2.0,0.0,0.0,136.0,13.053,0.0,0.0,1877.0679742098696,13.0,103628.68805577036,68.0,1729.0995588845772,12.0,91795.20583384896,66.0,1.0,3.0,0.0
chr5-136356908-136356909-C-T,TWJF-5120-13,0,0.08,21.0,0.135,17.0,0.0,2.39,0.02,2.0,1.598,3.82,0.02,0.105,0.0,33.533,77.96,52.579,88.42,28.935650987045307,0.029125,32.368930525563535,0.053,0.0225815217391556,0.9674239602996592,0.0165760869565616,0.9725931123400814,0.6601854488253593,0.7413086146116257,2.39,0.4,3.82,0.93,1.568,198.92,0.32,325.28,0.42,4.72,0.02,4.4,0.02,38.13,0.1,72.79,0.17,0.657481,0.06,0.519006,0.1,3.0,10.0,922.6778027608818,0.2,1145.5906828097525,0.3,9.0,0.0,0.0,0.0,0.005,0.0,0.0,33.533,5.50978529256363,52.579,5.454317235260768,33.533,5.316117599555655,52.579,5.287475649518582,5.0,3.0,0.0
chr2-96327042-96327043-G-C,mcdb041_new,0,3.8,5.07,5.65,29.9,0.16,745.852,0.89,2.0,1.747,1302.829,1.6,0.06,0.0,4022.908,300.8,6427.816,2363.94,745.851926274646,0.999999999999999,1302.829142346887,1.2624999999999982,2.6173369565216404,0.1179638283698154,3.764592391304277,0.071230920783906,0.0252317264676094,0.0211928822100162,11543.47,11.98,11509.19,11.94,1.598,4264.7,3.8,6366.15,4.9,4478.16,3.8,11730.27,6.4,2887.36,1.4,7006.8,2.7,0.118812,0.89,0.050652,1.6,0.0,9.0,2469.769045352091,7.6,2635.4219765328785,8.0,6.0,0.0,0.0,40.0,3.206,0.05,0.0,5717.550379122563,17.0,6489.48151945545,18.0,3781.11598964987,14.0,4242.481918243384,14.0,1.0,3.0,0.0
chr10-72859238-72859239-G-A,TWJF-10146-MO011-0021,0,0.107,5.5,6.53,8.4,2.169,2.85,0.01,2.0,801.018,2282.9,0.74,0.071,0.0,11.48,386.875,1798.063,585.335,58.25848459772185,0.11425,13175.425071071848,6.459125000000001,0.2318750000000022,0.8295550688058446,20.2322554347826,0.0118925372951293,0.3411426581442356,0.1329990355297923,2.85,0.1,2282.9,5.66,156.623,10.3,0.06,7365.95,7.3,7.24,0.07,1628.34,7.6,11.32,0.04,398.76,1.5,0.887063,0.01,0.205186,0.74,8.0,9.0,323.0352995794819,0.2,1967.7864831100464,3.7,9.0,0.0,0.0,764.0,25.518,0.085,0.0,11.640456172106108,0.2,515.1930550770936,6.6,14.771003464386371,0.3,570.7027956590146,7.1,1.0,3.0,0.0
chr9-107324927-107324928-G-A,TWJF-5120-05,1,3.301,4.781,59.217,7.52,75.692,2179.114,1.08,2.0,9.75,21246.138,55.69,0.285,0.0,4437.69,39.47,38628.633,64.75,2373.4352934964995,1.4081249999999998,24947.91361902544,8.4085,6.327092391304319,0.0395884872364678,62.74467391304348,0.0040358216138136,0.0103757344186306,0.000591973525843,4397.22,1.08,6089.05,55.69,8.705,10508.21,7.7,45638.79,77.0,4288.48,2.6,43675.0,71.0,16186.02,5.5,43793.29,89.0,0.033057,1.6,4.5e-05,30.0,0.0,11.0,4478.160896660665,3.8,50000.0,44.0,2.0,0.0,0.0,1547.0,92.42,0.819,1.0,6153.3270712487665,14.0,33582.26620999738,67.0,2179.114246429888,2.8,21246.138096714814,49.0,1.0,3.0,0.0
chr19-603886-603887-G-A,TWJF-10146-MO011-0020,0,0.07,0.38,0.095,0.38,0.0,21.1,0.007,2.0,2.364,49.89,0.004,0.28,0.0,110.643,5.65,106.009,5.6,33.465149432240906,0.006875,31.84785463308464,0.004375,0.0072554347826212,0.9807927944876464,0.0084239130434866,0.979426000008742,0.8533044382929802,0.8198820501565933,40.19,6.8500000000000005,33.33,5.24,0.958,337.86,0.07,465.21,0.1,77.86,0.07,87.23,0.09,21.1,0.01,49.89,0.02,0.850637,0.01,0.856403,0.01,6.0,9.0,942.861739365281,0.8,1276.4951611980568,1.5,1.0,0.0,0.0,10.0,0.271,0.0,0.0,265.56448827609694,17.0,124.7871884956968,5.2,143.42669796352382,6.6,130.20570098695276,5.6,1.0,3.0,0.0
chr20-32157967-32157968-G-A,TWJF-5120-04,1,0.21,3.699,0.95,3.4,46.265,15.68,0.04,2.0,11.259,176.54,0.23,0.22,0.0,37.941,16.645,191.78,19.325,276.1173240182791,0.5424999999999999,1306.1735838039692,1.4269999999999998,0.4295380434782458,0.705474033902222,1.8524184782608015,0.1979247083650474,0.5679260948672891,0.3521891608834266,50.16,0.22,3292.85,5.19,5.055,15.68,0.05,176.54,0.38,18.87,0.06,155.62,0.66,29.97,0.04,207.02,0.23,0.384967,0.25,0.100445,1.2,6.0,9.0,963.487207450801,1.6,1672.9903001725866,4.2,8.0,0.0,0.0,2267.0,108.348,0.427,0.0,36.60580821262924,0.2,174.8034500742958,0.7,39.276248578101786,0.2,158.90223291015954,0.6,1.0,3.0,0.0
chr12-120324986-120324987-G-A,TWJF-10146-MD017-0016,0,0.39,1.43,0.595,5.8,0.0,10.22,0.09,2.0,3.857,39.42,0.35,0.323,0.0,49.252,89.25,70.473,276.35,46.61007270231988,0.3299999999999997,50.931907809493325,0.3586249999999997,0.4409239130434628,0.6982077922069689,0.3331521739130068,0.765484253711295,0.0697048902511596,0.1913343071937561,5167.7,1.17,4667.96,0.76,1.431,15.85,0.15,67.92,0.62,11.47,0.24,22.44,0.57,10.22,0.09,39.42,0.35,0.419047,0.34,0.427287,0.33,5.0,10.0,51.89482497882897,0.7,95.11880200483598,1.3,6.0,0.0,0.0,0.0,0.023,0.0,0.0,59.35810121461383,0.9,73.02641821905986,1.1,67.2697788595796,1.0,88.67883928284017,1.3,1.0,3.0,0.0
chr14-95535355-95535356-C-T,TWJF-5120-11,0,0.173,2.49,0.614,1.65,2.422,11.29,0.04,2.0,6.378,72.01,0.25,0.059,0.0,39.277,140.05,203.57,104.69,48.798921103640815,0.095375,283.7905035541707,0.7022499999999997,0.4630163043478035,0.6856691703180676,0.5263586956521351,0.6486990402036439,0.0656767971813678,0.5019160769879818,37.8,0.09,123.35,0.4499999999999999,5.183,11.29,0.04,72.01,0.25,22.8,0.25,382.02,1.4,14.71,0.05,1123.56,1.2,0.840812,0.07,0.148973,0.85,5.0,9.0,174.34467692156656,0.8,379.9570720848363,1.7,9.0,9.0,1.0,2040.0,43.254,0.056,0.0,62.50143663618106,0.5,35.14714070429069,0.3,40.753038989485994,0.3,36.74176372265081,0.3,5.0,3.0,1.0
chr12-55701102-55701103-T-G,TWJF-10146-MO011-0021,0,8.92,78.0,7.73,60.0,0.162,593.78,2.2,2.0,0.665,394.69,3.5,0.078,0.0,1667.653,947.81,1176.928,538.1,2589.500571608419,2.7869999999999995,1700.261791821884,2.34975,5.913749999999965,0.0422859964341889,3.132635869565135,0.0903170350441069,0.0537209594622254,0.1672531459480524,3653.28,10.04,2997.62,8.86,0.706,593.78,2.9,394.69,2.2,1637.18,12.0,1189.81,9.5,2995.58,7.8,2294.33,6.6,0.069835,2.2,0.033122,3.5,0.0,9.0,1050.6007652110409,15.0,864.6816701021309,14.0,5.0,0.0,0.0,117.0,4.754,0.034,0.0,1322.9700117938391,20.0,1012.8613520747087,18.0,1698.1263459978572,23.0,1164.0456172106108,19.0,1.0,3.0,0.0
chr17-32342041-32342042-G-T,JLF-100-042,0,7.125,37.93,7.52,63.77,3.808,1393.317,1.4,2.0,2.193,3055.273,3.0,0.077,0.0,4897.379,3506.74,6877.747,9919.77,3463.8390104345463,3.1849999999999987,2452.620972071564,2.62525,9.155353261,0.02696417,6.479157608695644,0.038148264,0.001930891,0.008488329,2266.5,5.75,2710.99,7.84,1.404,6471.65,1.4,11763.06,3.0,11604.04,14.0,16493.98,24.0,21365.16,8.6,19680.3,7.2,0.019364,2.9,0.02878,2.2,1.0,9.0,6330.918656946314,12.0,8208.088183148084,17.0,7.0,0.0,0.0,208.0,61.426,0.062,0.0,1393.317205282963,4.8,3055.272844253177,12.0,2377.3328965966675,8.5,5547.4066142893425,21.0,1.0,3.0,0.0
chr1-33714670-33714671-C-A,mcdb045,1,0.98,2.6,1.85,3.5,2.227,275.33,0.44,2.0,6.514,1793.41,2.1,0.055,0.0,633.51,48.615,1910.025,66.81,3117.6220852654737,1.9528749999999984,7613.95654963618,3.1612499999999977,6.962798913043457,0.0356795656358692,16.15755434782608,0.0150064966782185,0.0547204278409481,0.049075361341238,5289.56,6.11,5340.71,19.09,3.015,275.33,0.44,1793.41,2.1,739.13,0.96,2416.9,2.1,527.89,0.45,1935.61,1.1,0.067086,1.1,0.08811,0.92,4.0,10.0,1222.4280109388617,1.0,1884.439040288195,1.6,1.0,0.0,0.0,26.0,14.463,0.154,0.0,284.26278066495587,0.6,489.4631490651272,1.1,370.38210875908726,0.9,666.2696029307893,1.5,1.0,3.0,0.0
chr22-17885999-17886000-G-C,TWJF-5120-09,1,0.592,1.2,1.55,1.2,13.807,102.034,0.26,2.0,2.257,230.318,0.62,0.053,0.0,146.932,84.19,488.542,91.985,102.03403256913974,0.3517499999999999,230.31797769952377,0.6322499999999998,0.4032608695652158,0.7208094078278546,1.310815217391223,0.3162991259085922,0.3158087618649006,0.0533874258399009,1660.2,3.14,2374.84,3.96,3.325,132.47,0.4,853.11,1.6,120.68,0.78,953.12,2.2,125.87,0.26,500.2,0.62,0.356551,0.4,0.158015,0.82,7.0,9.0,316.1200502534412,1.5,476.8841656614147,2.2,8.0,0.0,0.0,1090.0,88.506,0.156,0.0,161.39497168308117,0.9,355.5412541244227,1.5,182.03713846891827,1.0,418.94788279375166,1.8,1.0,3.0,0.0
chr13-110183209-110183210-C-G,TWJF-10146-MO011-0029,0,3.218,13.09,2.533,38.36,0.0,1151.619,0.93,2.0,0.567,652.981,2.04,0.206,0.0,3093.94,717.96,4576.122,2338.22,1151.619364671583,3.218125000000001,652.981193854048,2.533375,3.526929347825998,0.0772009045628104,2.4632608695651186,0.1290753692700192,0.0118935666978359,0.0177494473755359,1214.49,0.93,2996.64,2.04,1.479,3093.94,1.798335456567533,4576.122,1.5419137009869162,7761.67,8.6,11412.55,13.0,3093.94,2.0,4767.52,2.8,0.244857,0.98,0.230003,1.1,0.0,11.0,4242.333860404259,7.2,4576.122411906873,7.8,7.0,0.0,0.0,351.0,55.841,0.0,0.0,3093.94,6.328045432622123,4576.122,5.455686746671341,3093.94,6.6543128882341245,4576.122,5.541293142299164,1.0,3.0,0.0
chr2-226797822-226797823-C-T,mcdb041_new,0,0.503,0.35,0.506,0.3,0.276,18.179,0.07,2.0,1.611,29.28,0.08,0.055,0.0,162.764,7.67,120.02,7.19,165.63786548465615,0.6056249999999999,120.65932612984685,0.41275,1.2019836956520606,0.348749841957713,0.9941576086955166,0.4247231806708189,0.0042314492166042,0.0080099068582057,216.44,1.5599999999999998,98.67,0.8999999999999999,0.737,130.52,0.07,167.0,0.08,159.89,0.22,119.38,0.14,446.19,0.1,362.61,0.09,0.320492,0.14,0.3381,0.13,1.0,9.0,810.3309610065206,1.2,984.5638656907048,1.7,7.0,0.0,0.0,291.0,3.837,0.072,0.0,55.56611072596475,1.0,41.19172695041844,0.8,18.17900043350705,0.4,29.279927700132017,0.6,1.0,3.0,0.0
chrX-109375980-109375981-A-C,TWJF-10146-MO011-0020,0,4.25,32.0,3.05,29.0,0.0,438.254,1.262,2.0,0.351,154.046,0.781,0.545,0.0,592.644,275.98,353.734,250.74,438.254112923625,1.2623749999999991,154.04617746324493,0.7811249999999991,2.0051086956520976,0.1758360471101711,0.9941576086955166,0.4249619975501892,0.0112530589103698,0.0753508023917675,5611.16,80.75,5540.57,5.5,0.597,2545.52,7.4,1059.28,4.4,692.67,4.2,222.4,2.5,1446.01,3.9,220.11,1.4,0.022616,3.3,0.070785,1.7,1.0,10.0,492.6174734627515,5.0,323.0352995794819,3.6,3.0,0.0,0.0,0.0,0.007,0.0,0.0,447.1775580269841,4.3,385.9046396201068,3.8,463.25487686221186,4.4,384.43241511890625,3.8,1.0,3.0,0.0
chr2-24299997-24299998-G-T,TWJF-5120-11,0,3.95,8.61,15.0,7.73,10.921,26.02,0.649,2.0,75.244,1957.86,0.303,0.179,0.0,1317.138,410.64,6242.596,366.37,294.5697121697639,1.6033750000000004,118.69923792080408,0.6789999999999999,0.6488043478260153,0.5833776804658943,0.3027989130434463,0.7838861223158246,0.4339537695050239,0.4534325562417507,26.02,3.38,1957.86,62.83,4.74,22758.0,9.7,26010.42,14.0,10470.53,16.0,10699.58,16.0,24906.31,18.0,21245.97,13.0,0.003719,3.6,0.006914,2.6,1.0,9.0,2339.707100807512,4.3,10527.332102653643,29.0,2.0,0.0,0.0,736.0,44.574,0.245,0.0,244.43871950658348,16.0,822.5645711729582,51.0,55.03386320563676,1.3,556.7112530737193,37.0,1.0,3.0,0.0
chr2-213284514-213284515-C-T,TWJF-10146-MO011-0021,0,1.35,6.78,2.6,6.92,0.0,30.54,0.041,2.0,1.663,50.784,0.608,0.059,0.0,183.72,57.41,301.412,58.74,37.96789551742092,0.2967499999999999,119.40586277764272,0.7591249999999995,0.0411684782608858,0.954068452983246,0.6078532608695042,0.6040701580680604,0.6337329410016537,0.2102985540404915,489.15,3.04,486.26,3.03,1.641,304.14,1.9,586.28,2.8,126.7,3.4,333.69,5.7,89.09,0.73,450.02,2.4,0.609348,0.16,0.230489,0.76,10.0,9.0,30.540385969498736,0.8,50.78390721248267,1.4,6.0,0.0,0.0,729.0,26.384,0.0,0.0,240.74096663765104,6.6,240.18727777908768,6.6,254.07971874353535,6.8,269.13488857108786,7.1,1.0,3.0,0.0
chr1-209612134-209612135-C-G,TWJF-10146-MO011-0020,0,1.7,2.63,1.8,1.85,0.018,200.618,0.583,2.0,0.569,114.223,0.385,0.325,0.0,1514.447,175.57,767.633,135.96,200.61798169174972,0.5827499999999998,114.2233256094252,0.3852499999999999,1.3493206521738443,0.3050616164486673,0.9761956521738,0.4323932716742593,0.0006531478693432,0.0018131826063836,2919.25,4.51,1449.56,2.87,0.507,4666.42,4.6,2084.13,2.8,3017.08,3.3,1477.25,2.2,2235.91,1.8,943.95,0.92,0.003108,6.8,0.021706,2.6,0.0,10.0,792.984124177032,1.5,537.157411716568,1.0,7.0,3.0,0.0,21.0,0.366,0.048,0.0,369.67493058702627,1.6,591.3165031980479,2.3,281.5982814193437,1.3,318.14858792645526,1.4,1.0,3.0,5.0
chr11-114679704-114679705-G-A,TWJF-10146-MO011-0020,0,0.355,0.02,0.43,0.04,0.0,12.044,0.102,2.0,1.09,13.133,0.167,0.364,0.0,19.265,12.5,22.849,17.57,20.351012656370337,0.10225,26.98901675172348,0.167125,0.1947010869565133,0.8537001894480832,0.3167663043477944,0.7755873693625005,0.1036768518388271,0.033138021826744,3938.11,0.51,4701.7,0.7799999999999999,1.186,17.08,0.16,13.18,0.11,22.44,0.8,19.49,0.71,15.36,0.15,11.77,0.11,0.451809,0.31,0.344617,0.46,14.0,9.0,12.043787964775971,0.4,13.132725327315026,0.4,5.0,0.0,0.0,4.0,0.111,0.0,0.0,19.369124914637332,0.4,27.23391013078883,0.5,19.16152190601001,0.4,26.207765853136213,0.5,5.0,3.0,0.0
chr6-34242748-34242749-G-C,TWJF-10146-MO011-0029,0,11.9,73.72,19.5,54.41,102.328,426.177,3.2,2.0,7.43,3166.577,3.8,0.398,0.0,7410.985,6946.81,8415.277,3912.54,8824.4479699533,4.159499999999999,6584.164840131116,3.3473749999999987,5.788070652173886,0.0430642361090846,1.7952717391303563,0.2070717349750828,0.395706232637167,0.8122842162847519,5645.51,20.03,5520.37,10.21,1.136,18165.61,24.0,16099.03,22.0,17316.93,29.0,10246.39,19.0,15060.52,18.0,17691.92,21.0,0.023179,3.2,0.017508,3.8,0.0,9.0,5997.52246638931,29.0,16583.45680469959,50.0,9.0,0.0,0.0,4427.0,219.588,0.466,0.0,426.1769922232898,4.8,3166.5766135315803,20.0,567.0743452327188,5.8,4546.110628830021,23.0,1.0,3.0,0.0
chr9-98078270-98078271-A-G,TWJF-5120-13,1,0.4,6.6,0.675,7.79,27.385,19.87,0.09,2.0,0.937,18.62,0.21,0.061,0.0,131.79,58.87,330.645,97.35,336.3122184511181,0.9252499999999996,361.259874751223,0.9573749999999996,1.1085597826085376,0.3809168117748376,1.0239402173911571,0.4127459749610162,0.2379220854490995,0.295167370699346,19.87,0.33,18.62,0.31,2.509,130.66,0.55,308.29,0.99,25.55,0.09,40.03,0.21,132.92,0.47,353.0,0.92,0.565489,0.23,0.403549,0.43,4.0,11.0,333.6928432031666,0.1,471.7521981623594,0.2,8.0,0.0,0.0,2197.0,103.731,0.264,0.0,131.79,4.087256843953545,330.645,5.22700007451895,131.79,3.9165444481999474,330.645,4.554312540323801,1.0,3.0,0.0
chr1-169127289-169127290-G-C,mcdb046,0,18.795,9.01,13.965,12.72,86.713,3048.878,9.3,2.0,0.225,687.29,5.6,0.281,0.0,14734.546,520.53,8557.011,754.67,31296.80749882912,46.754125,31728.42900137004,56.84775000000001,99.28660326086955,0.0033287722617318,99.28660326086955,0.0034425884507647,0.0081990770995616,0.0214939340949058,5343.68,20.59,5333.41,15.93,0.581,29646.1,27.0,23186.99,19.0,15967.2,12.0,8163.8,4.7,28098.86,17.0,19746.84,8.6,7.9e-05,22.0,0.000186,16.0,0.0,8.0,13501.892124781842,17.0,8950.221299721221,12.0,1.0,0.0,0.0,729.0,244.951,0.354,0.0,3048.8776732688943,9.3,687.2899604138814,5.6,6057.731221560172,15.0,705.1962594190805,5.6,1.0,3.0,0.0
chr16-31411489-31411490-A-T,TWJF-10146-MO011-0020,0,0.853,15.0,0.734,13.0,0.0,38.12,0.36,2.0,0.78,29.73,0.23,0.116,0.0,314.44,69.815,265.788,58.38,159.05900604567051,0.7952499999999991,173.30697204994365,0.8283749999999991,1.078097826086804,0.3923506275351437,1.0547010869563849,0.4007033189945604,0.0459849275648593,0.0794032253324985,3808.67,0.48,2623.59,0.33,0.845,469.82,2.7,358.27,2.3,38.12,0.36,29.73,0.23,65.29,0.52,55.53,0.46,0.17485,0.91,0.2499,0.64,1.0,11.0,50.23739847921826,0.6,49.69677097510553,0.6,8.0,0.0,0.0,8.0,0.677,0.0,0.0,835.4298719378422,8.9,835.4298719378422,8.9,1042.7495233546151,12.0,988.9629005477276,12.0,1.0,3.0,0.0
chr11-36576185-36576186-G-T,TWJF-10146-MO011-0026,0,0.4,0.51,0.593,2.01,0.152,76.453,0.1,2.0,0.737,56.367,0.06,0.146,0.0,170.825,20.56,176.416,42.32,76.45258359114067,0.2474999999999999,56.36686158112576,0.1525,0.7105706521738,0.5529272809814114,0.5868206521738557,0.6149987276559947,0.0285546975210309,0.0171956600388512,251.88,0.6799999999999999,364.88,0.83,1.033,156.25,0.28,152.4,0.28,294.65,0.84,242.51,0.81,185.4,0.27,116.64,0.19,0.816844,0.1,0.914389,0.06,1.0,10.0,784.45046119223,1.4,674.1863303391938,1.2,1.0,0.0,0.0,49.0,0.934,0.163,0.0,88.31409035239493,0.3,165.970155159939,0.6,117.63051542916745,0.5,186.86157282088465,0.6,1.0,3.0,0.0
chr4-42039009-42039010-GT-G,TWJF-10146-MO011-0020,1,0.104,1.2,0.173,8.29,4.116,5.73,0.02,2.0,2.436,13.96,0.06,0.256,0.0,45.255,79.07,53.931,394.2,49.23095672615923,0.097625,85.49229925326836,0.286125,0.362445652173875,0.7473558540369293,0.5181249999999551,0.6539271649588959,0.1541902869939804,0.1790284551680088,41.28,0.11,22.37,0.03,1.192,10.74,0.04,14.63,0.05,6.61,0.02,11.6,0.06,5.73,0.02,13.96,0.05,0.975259,0.02,0.907092,0.04,3.0,11.0,115.5707234552974,0.2,218.82002441761688,0.4,11.0,0.0,0.0,619.0,47.307,0.087,0.0,3302.250388920557,5.0,3654.3488210289834,5.6,1805.3441374131264,2.5,1708.2837118741727,2.4,1.0,0.0,0.0
chr3-44797622-44797623-G-A,TWJF-5120-09,0,3.754,5.39,3.549,18.2,0.949,1691.19,0.5,2.0,0.805,1362.113,0.3,0.055,0.0,4465.247,210.31,4800.853,1189.11,3416.923243749404,1.6783749999999986,3998.56684590671,1.8221249999999984,4.807092391304323,0.0540192854187496,3.8986413043477626,0.0681598788487663,0.2025410085916519,0.3156709196045995,5513.57,97.63,5603.14,99.41,1.075,33929.53,59.0,28781.98,33.0,9195.62,2.7,10301.97,3.2,23334.98,13.0,24940.02,15.0,0.004999,5.6,0.002799,7.9,3.0,8.0,1691.1899649121788,0.5,1362.1125453370685,0.3,7.0,0.0,0.0,144.0,3.415,0.278,0.0,3132.8528747963933,2.2,3132.8528747963933,2.2,2326.0015510844846,1.5,2574.0086379990335,1.7,1.0,3.0,0.0
chr19-47273408-47273410-TGC-T,TWJF-10146-MO011-0020,0,0.01,2.2,6.403795779979892,5.933193750851289,25.136,0.969,0.0,2.0,103.79266448116748,2943.7409499561963,4.543748374011228,0.343,0.0,3.29,11.15,3802.583647183904,203.7931265180571,28.318662991110024,0.000125,4208.1304379625,4.536387444077453,0.0045108695652231,0.9834294258889372,10.559371298260263,0.7266968417641559,0.8499528616666794,0.686903604176175,29.7,0.05,3341.2065719847355,8.739501112703808,15.980167742667671,2.75,0.01,4805.048173072861,6.5990110375513495,3.83,0.01,4504.265766239499,8.13746646855019,2.65,0.01,5075.53104947688,7.239318322226705,0.999381,0.01,0.8120056408632761,7.316564856162784,21.0,9.0,12.174806598375357,0.1,3065.8452080827974,6.3468379450121155,0.0,0.0,1.0,110.0,50.272,0.5,0.0,1.215877998760951,0.1,6375.643660564076,6.197958510295375,0.9686346487260458,0.1,7158.25021227106,7.708801218327668,6.0,0.0,0.0
chr2-169633181-169633182-G-A,mcdb047,1,0.62,4.63,0.61,4.25,66.772,12.42,0.09,2.0,0.585,7.26,0.16,0.394,0.0,47.9,151.555,81.204,141.645,65.19428899809634,0.33175,66.66718227982491,0.349,0.2556793478260744,0.8139984447068996,0.109809782608707,0.9077222783715604,0.3419866263866424,0.5770354755222797,12.42,1.81,7.26,0.72,1.695,293.29,0.39,472.86,0.5,53.9,0.85,121.34,1.7,41.9,0.1,95.74,0.2,0.417797,0.09,0.313692,0.16,3.0,9.0,2314.5284480795485,2.7,2054.8203260098107,2.1,1.0,0.0,0.0,473.0,146.751,0.455,0.0,15.63903674309704,18.0,15.711223256859286,19.0,20.29691345900733,26.0,20.15719048955103,26.0,1.0,3.0,0.0
chr8-143213892-143213893-G-C,TWJF-10146-MO011-0026,0,4.445,0.91,6.929,1.48,0.0,48.9,0.804,2.0,1.242,60.73,1.947,0.476,0.0,2369.873,362.42,3414.249,479.2,507.20024669998855,0.8042499999999996,2818.35283342982,1.947,2.211847826086881,0.1519153216299504,7.558260869565203,0.0325711358139739,0.0019492004284984,0.0003422948730076,48.9,5.89,60.73,7.920000000000001,1.441,9877.7,1.8,9515.05,1.8,16228.45,16.0,18082.85,18.0,23455.98,7.6,32307.3,19.0,0.008137,3.0,0.001828,6.3,0.0,9.0,645.6305357438321,2.4,751.2243258762381,3.0,5.0,0.0,0.0,12.0,0.129,0.0,1.0,4094.114647066872,59.0,4010.144295917072,59.0,414.9731524142351,5.9,412.1164973264033,5.8,1.0,3.0,0.0
chr17-18772421-18772422-CA-C,mcdb047,0,0.583,1.5,32.68,1.7,0.0,94.099,0.2,2.0,201.773,18986.649,2.9,0.52,0.0,1049.651,14.1,24745.554,15.945,94.0990435891936,0.3804999999999998,18986.648671032155,16.468125,0.7859510869564019,0.5174642183467147,37.35904891304347,0.0067999484044813,0.0452606864273548,0.0738657936453819,31927.89,33.57,35106.07,54.88,23.575,16819.64,6.0,39491.56,45.0,159.89,0.23,16404.99,22.0,1364.16,0.28,30504.46,28.0,0.008226,1.7,7e-06,46.0,4.0,10.0,735.1427907623246,0.2,3975.676359145958,2.9,6.0,0.0,0.0,0.0,0.085,0.0,0.0,1049.651,-2.179979836352213,24745.554,29.59905017317592,1049.651,4.791214736228524,24745.554,34.734928982439996,1.0,0.0,0.0
chr2-173051720-173051721-G-C,TWJF-10146-MO011-0024,1,0.225,3.58,1.4,1.92,46.029,11.58,0.005,2.0,14.532,168.28,0.256,0.81,0.0,22.593,175.35,183.469,95.77,21.716510409444187,0.00475,52.19789947836196,0.3382499999999998,0.1383423913043628,0.889214001459968,0.2556793478260744,0.8138798236870423,0.2116144634783268,0.2807271741330623,34.67,0.64,388.55,2.39,8.121,23.47,0.21,272.55,1.5,14.71,0.24,172.47,1.9,11.58,0.1,168.28,1.3,0.94937,0.03,0.554053,0.55,6.0,9.0,371.82329261838333,0.8,476.8841656614147,1.1,1.0,0.0,0.0,494.0,54.152,0.85,0.0,20.677117705483,0.3,156.8519780761828,2.3,25.695081528140733,0.4,194.4688294074271,2.8,1.0,3.0,0.0
chr6-83181850-83181851-C-T,TWJF-5120-13,1,0.79,8.7,1.148,8.9,3.03,45.39,0.21,2.0,1.676,76.08,0.31,0.075,0.0,126.977,23.24,135.745,25.645,161.15444939288443,0.5737499999999999,280.1223905620051,0.8301249999999998,0.5094293478260568,0.6595957205631376,1.095461956521575,0.3862314281335139,0.3601758955046534,0.1940856813453138,45.39,0.8099999999999999,76.08,1.2,1.069,92.8,0.42,121.65,0.53,165.16,1.7,149.84,1.6,277.29,0.77,306.44,0.83,0.613807,0.21,0.483585,0.31,3.0,10.0,6062.766657073005,9.7,6330.918656946314,11.0,7.0,0.0,0.0,1208.0,45.907,0.066,0.0,62.84200023463415,4.0,49.917175112919814,3.3,90.91593301729309,5.5,88.43822143966435,5.4,1.0,3.0,0.0
chr14-21634684-21634685-A-G,mcdb045,0,1.455,14.0,0.905,31.0,0.0,143.182,0.433,2.0,0.723,103.461,0.495,0.053,0.0,1114.135,49.73,329.585,92.04,143.18177627395127,0.9272500000000002,103.46095224363056,0.6537500000000002,0.4330434782608563,0.7031862009448799,0.4951086956521635,0.6671769135358738,0.3845285326242447,0.2481046542525291,329.47,1.41,213.84,0.96,0.296,3509.73,0.97,792.9,0.29,1775.57,5.5,388.27,2.1,2885.57,1.5,853.97,0.46,0.061187,1.4,0.11228,0.85,1.0,9.0,3202.0759094759173,11.0,2607.0610014707204,7.5,3.0,0.0,0.0,0.0,0.029,0.0,0.0,367.6376657797562,19.0,158.6426661443948,9.6,452.69948454819786,22.0,270.9006206314717,16.0,6.0,3.0,0.0
chr5-141403339-141403340-G-A,TWJF-10146-MD017-0016,0,0.545,4.898,1.35,5.69,3.158,56.436,0.014,2.0,1.182,66.694,0.013,0.159,0.0,646.048,236.91,870.075,270.89,56.43570607054429,0.053625,66.69432578639962,0.08575,0.0141576086956831,0.9743224681687386,0.0130978260869767,0.9750109028083392,0.912849172949791,0.9665827602148056,2796.42,4.6,3404.46,5.319999999999999,1.347,256.76,0.49,933.75,1.5,731.18,1.7,1202.75,2.3,345.64,0.37,597.37,0.58,0.793587,0.04,0.721325,0.06,2.0,9.0,560.9155146332499,0.6,776.0086328378046,1.2,1.0,0.0,0.0,125.0,9.628,0.328,0.0,737.1400368358313,2.4,806.3990361306029,2.6,914.3869094855628,2.9,1159.124271925368,3.5,1.0,3.0,0.0
chr8-17964697-17964698-G-C,TWJF-10146-MO011-0026,0,3.6,16.07,3.55,7.4,43.887,252.36,0.97,2.0,0.993,250.622,1.6,0.325,0.0,1361.761,3007.69,2173.486,1494.5,1695.4112482008356,1.4909999999999994,3150.711703670396,2.0695,4.047907608695596,0.0653149903799939,8.269211956521715,0.0299039553613668,0.0672022516373545,0.0060214015393285,329.11,33.550000000000004,168.8,21.73,1.596,9559.11,1.8,8341.85,1.4,7326.61,5.1,7989.04,5.7,5179.77,0.97,7744.6,1.6,0.032289,1.5,0.016204,2.2,1.0,9.0,1028.1104483849197,4.4,1196.2593708868835,5.3,5.0,0.0,0.0,1628.0,109.717,0.4,0.0,299.33672307325133,4.0,293.1973225153067,3.9,252.35969857406457,3.2,250.62246662857316,3.2,1.0,3.0,0.0
chr8-74244746-74244747-G-A,TWJF-10146-MO011-0020,1,1.9,5.2,1.164,7.4,3.745,53.03,0.61,2.0,0.621,32.943,0.59,0.395,0.0,237.417,20.885,102.943,31.03,567.7591817434361,1.401249999999999,269.2576170803063,1.0272499999999989,2.312336956521662,0.1417157432403311,1.4775815217390402,0.2703131612787108,0.0098927952349185,0.0334703251719474,5671.82,95.53,5355.41,1.59,0.434,354.94,2.3,152.51,1.3,64.43,1.4,28.62,0.66,260.14,1.6,84.89,0.65,0.268429,0.61,0.275901,0.59,2.0,10.0,53.03004450436092,0.7,32.94331594401949,0.5,8.0,0.0,0.0,176.0,7.401,0.506,0.0,180.91725928585228,2.2,93.21375428329593,1.3,214.69404573460568,2.5,112.67303687272688,1.5,1.0,3.0,0.0
chr1-177061117-177061118-G-A,TWJF-5120-11,0,5.65,1.6,2.916,1.8,0.0,524.626,1.865,2.0,0.324,169.766,1.787,0.215,0.0,1106.86,84.115,758.853,83.95,807.7357620736153,1.8647500000000008,729.1267888513574,1.7870000000000004,2.6173369565216404,0.1181108783443939,2.631467391304284,0.1163306220205792,0.0475138500332832,0.014542069460731,1190.33,3.790000000000001,788.58,3.2,0.686,1023.39,3.1,314.6,1.7,5681.68,10.0,2192.64,6.5,9976.94,12.0,7305.79,8.5,0.016987,5.6,0.023045,5.0,1.0,9.0,7208.657199267612,26.0,3567.971061190687,14.0,3.0,0.0,0.0,6.0,0.536,0.0,0.0,525.3999171906257,5.7,159.03400644676185,2.4,524.6262294738206,5.7,169.76572011663583,2.5,1.0,3.0,0.0
chr12-4662607-4662608-G-C,TWJF-10146-MO011-0021,0,2.71,14.0,19.5,15.0,8.078,45.58,0.47,2.0,154.767,7054.26,16.0,0.061,0.0,316.86,42.915,7230.285,47.6,4345.128444651393,3.4923750000000013,8799.32737493145,5.154000000000001,1.7260326086955755,0.2186375124556284,2.832907608695578,0.1043432119136868,0.7176967300474644,0.663758210837841,482.25,3.02,6881.25,15.64,22.819,45.58,0.47,7054.26,16.0,151.47,3.8,7406.31,23.0,718.71,3.2,15021.3,27.0,0.224689,0.76,0.009733,7.0,3.0,9.0,2751.9848781733217,25.0,27575.70688442416,58.0,2.0,0.0,0.0,3249.0,118.788,0.068,1.0,68.95249730975743,2.3,3635.381560138093,32.0,73.44631314890145,2.4,3630.5297509283737,32.0,1.0,3.0,0.0
chr20-46021770-46021771-C-A,TWJF-10146-MO011-0021,0,0.29,11.0,3.89,14.0,0.222,15.68,0.02,2.0,88.532,1388.18,0.06,0.054,0.0,75.89,410.06,4550.507,575.94,58.67418941643543,0.0945,4550.506649346275,3.890499999999996,0.5057608695651794,0.661215020110304,8.269211956521715,0.0299116227904709,0.0848328493302688,0.1070193019113503,15124.26,46.21,13687.63,41.24,59.962,75.89,0.2046151650659766,4550.507,4.410885342860493,15.68,0.05,1388.18,1.9,75.89,0.02,300.18,0.06,0.418707,0.29,0.281421,0.44,3.0,10.0,592.0962391492582,0.4,8664.36747969986,12.0,2.0,0.0,0.0,78.0,1.157,0.192,0.0,75.89,3.550061539640401,4550.507,11.824347782118457,75.89,4.585933411515262,4550.507,14.845331299609953,3.0,3.0,0.0
chr5-9122730-9122731-G-C,TWJF-10146-MO011-0026,0,2.381,21.66,2.5,21.46,0.374,124.38,0.41,2.0,0.54,67.17,2.2,0.174,0.0,708.966,1141.77,519.107,1114.1,524.7221558673331,0.8181249999999997,159.25304913679508,0.3964999999999996,2.2610597826086405,0.1470203824982359,1.1819565217390249,0.3550131630188637,0.000389866214391,0.001201761177981,124.38,16.93,67.17,9.0,0.732,3870.5,0.41,10937.42,2.2,26407.71,33.0,28331.79,38.0,15587.23,3.7,8663.33,1.8,0.012312,2.5,0.125469,0.62,1.0,9.0,893.2091487761664,3.8,801.6106208174193,3.2,1.0,1.0,1.0,599.0,22.004,0.017,0.0,172.25030516798154,1.7,226.02683304745227,2.8,130.02294544337596,1.1,236.60286546231063,3.0,1.0,3.0,3.0
chr14-41887219-41887220-C-T,TWJF-5120-07,0,0.307,1.04,0.699,0.74,0.0,17.31,0.08,2.0,1.199,20.75,0.1,0.093,0.0,42.007,74.0,108.96,57.89,35.168846331450325,0.09725,57.26237129454916,0.2737499999999999,0.3445108695651981,0.7587514339565161,0.5181249999999551,0.6539715447431134,0.0791677758097648,0.0690535753965377,49.36,0.64,148.06,1.28,2.594,24.05,0.13,25.79,0.14,24.33,0.27,89.14,0.88,17.31,0.08,20.75,0.1,0.726938,0.12,0.705615,0.14,5.0,10.0,645.6305357438321,0.6,1785.2014996700302,2.5,3.0,0.0,0.0,24.0,0.759,0.0,0.0,52.82627647675044,0.6,128.7804682891611,1.3,48.846111895628674,0.6,153.40163907027215,1.5,1.0,3.0,0.0
chr22-43339217-43339218-C-G,mcdb041_new,0,60.372,41.46,60.372,36.29,0.017,8881.08,6.8,2.0,0.962,8544.97,8.2,0.088,0.0,33047.059,1170.98,33438.687,876.53,21197.625511686027,13.385750000000002,21359.702694288862,13.714250000000002,62.74467391304348,0.0047647429143394,62.74467391304348,0.0047051591049672,0.0030032433569431,0.0015207827091217,8881.08,34.599999999999994,8544.97,29.05,1.012,20919.11,6.8,22976.46,8.2,35367.39,79.0,37132.0,87.0,42842.83,83.0,42477.72,80.0,2.4e-05,48.0,1.8e-05,53.0,0.0,9.0,30726.73070127358,75.0,29745.37470418776,74.0,9.0,0.0,0.0,8.0,0.139,0.125,0.0,44711.57824316473,58.0,44711.57824316473,58.0,57449.99563142921,69.0,50267.814064387654,63.0,1.0,3.0,0.0
chr14-20457175-20457176-G-A,mcdb046,0,30.822,10.35,45.5,10.46,45.349,1675.907,8.8,2.0,2.661,4459.129,20.0,0.214,0.0,14351.99,852.92,21600.815,861.44,28270.19413309013,25.336375,28707.13276559985,26.759625,31.64317934782608,0.0073885977421197,62.74467391304348,0.0044806694903659,0.2067847102880478,0.0688042938709259,27242.77,52.12,28642.61,58.21,1.505,7019.77,8.8,15489.71,20.0,18780.76,35.0,23957.42,49.0,9923.22,12.0,19244.21,24.0,0.00059,18.0,0.000154,30.0,0.0,10.0,21500.588336425953,30.0,34986.781616071436,42.0,1.0,0.0,0.0,593.0,143.058,0.317,0.0,1675.9073282159447,34.0,4459.128626084631,50.0,2374.870867269192,39.0,4893.729949248362,52.0,1.0,3.0,0.0
chr6-167024825-167024826-C-T,TWJF-10146-MO011-0021,0,1.533,1.88,7.65,1.93,2.643,34.52,0.37,2.0,8.978,309.93,1.9,0.059,0.0,156.516,18.27,805.065,18.58,650.8853139754265,1.6459999999999997,23550.13828123529,16.482124999999996,2.2818206521738347,0.1449643826624218,62.74467391304348,0.0045100306262755,0.0548823804128915,0.0162961788009852,130.26,1.4200000000000002,737.21,3.83,5.144,34.52,0.37,309.93,1.9,55.08,1.4,2456.44,12.0,70.57,0.6,872.92,3.6,0.276067,0.64,0.017435,5.0,8.0,10.0,476.8841656614147,4.4,5210.570464861065,23.0,10.0,0.0,0.0,1612.0,36.208,0.073,0.0,182.7721413326696,3.3,368.90114228391286,6.5,256.6197041770393,4.6,528.7982387617056,8.8,1.0,3.0,0.0
chr3-1374018-1374019-A-G,mcdb041_new,0,0.325,0.21,0.354,0.07,0.0,27.278,0.06,2.0,1.897,51.738,0.06,0.176,0.0,129.941,9.025,190.069,6.75,64.84315829482154,0.12775,68.72278508769591,0.1477500000000001,0.0834782608695547,0.9255078495582054,0.0778260869565201,0.9298161795925404,0.6354184225201607,0.6695226021111012,66.09,0.65,54.28,0.5599999999999999,1.463,159.52,0.08,212.81,0.1,367.82,0.51,434.98,0.62,227.5,0.06,214.07,0.06,0.309931,0.15,0.330636,0.14,1.0,9.0,1222.4280109388617,2.2,1691.1899649121788,3.8,9.0,0.0,0.0,0.0,0.098,0.0,1.0,27.277841402543707,0.5,51.73804330606319,0.9,100.3621600801437,1.5,167.32853163922312,2.4,1.0,3.0,0.0
chr8-104013488-104013489-C-T,TWJF-10146-MO011-0024,0,3.4,7.05,2.07,22.06,4.703,190.417,0.637,2.0,0.421,80.179,0.177,0.377,0.0,1125.045,387.14,514.267,2382.39,190.4170251050568,0.977999999999999,80.17901750406484,0.5424999999999996,0.6369565217390374,0.588642061113517,0.1774728260869409,0.8640757924777085,0.3203059397637844,0.5043105036020279,456.29,2.55,273.95,2.04,0.457,1723.83,4.0,566.99,2.3,1430.07,5.3,528.51,3.6,815.92,2.8,280.12,1.6,0.270923,1.3,0.552669,0.56,2.0,10.0,5441.03041320878,8.0,1728.185404637339,2.1,2.0,0.0,0.0,347.0,25.841,0.182,0.0,986.256775968254,7.3,500.02302138887063,5.1,1263.833899045254,8.3,670.9497570949235,6.0,1.0,3.0,0.0
chr4-174977112-174977113-C-T,JLF-100-042,0,3.157,10.29,3.79,12.46,0.0,236.67,1.0,2.0,0.738,174.6,1.5,0.269,0.0,2730.429,598.46,3170.15,737.12,1485.1778153100802,1.3932499999999994,2904.920541026572,1.979875,4.213478260869522,0.062643832,5.671874999999957,0.044976827,0.018247473,0.1035080989822745,236.67,27.500000000000004,174.6,22.3,1.161,30509.4,21.0,21151.71,7.6,3975.68,2.1,3435.38,1.8,7388.14,1.5,9001.01,1.9,0.001054,8.0,0.002374,5.6,0.0,10.0,912.7484470874748,1.0,1209.2729068825724,1.5,4.0,4.0,1.0,0.0,0.0,0.0,0.0,2730.429,14.702572137531696,3170.15,12.584314421565594,2730.429,13.777078159431683,3170.15,11.802526615692038,1.0,3.0,2.0
chr8-144058788-144058789-G-C,TWJF-10146-MO011-0026,0,2.1,0.19,4.4,0.29,1.902,297.797,0.82,2.0,1.954,581.996,1.0,0.072,0.0,544.805,14.31,915.036,16.48,1213.5964464328658,1.656374999999999,848.1214922115233,1.4443749999999989,0.9574456521738028,0.439596211382105,0.4901902173912731,0.6703609835191198,0.6588786281645298,0.8297497779130936,5130.25,1.55,5575.13,9.2,1.68,349.18,2.4,981.95,4.2,707.82,3.7,1957.17,5.7,381.79,1.8,451.33,2.0,0.285119,0.82,0.237183,1.0,1.0,9.0,1453.47247883281,2.9,2145.7036159277955,4.7,7.0,0.0,0.0,382.0,23.483,0.081,0.0,329.20771168486436,3.2,679.9390748537129,4.9,297.7967816957449,3.1,581.9960002709266,4.6,1.0,3.0,0.0
chr4-49028661-49028662-C-T,TWJF-10146-MO011-0020,0,0.87,2.06,1.058,11.09,0.0,72.207,0.24,2.0,1.589,114.704,0.43,0.449,0.0,143.755,82.83,259.187,1012.79,278.89571938228625,0.6538750000000003,278.9743213195036,0.6538750000000003,0.9172826086955156,0.4570817865448063,1.0168206521737773,0.4159214066650532,0.2751516513526439,0.2279037572443485,3263.79,0.84,3736.12,1.31,1.803,106.6,0.24,239.4,0.43,78.71,1.3,232.24,2.2,180.91,0.25,430.58,0.43,0.288655,0.43,0.296133,0.42,2.0,9.0,388.2687811477462,0.9,476.8841656614147,1.1,6.0,0.0,0.0,0.0,0.053,0.0,0.0,72.2071161110531,1.1,114.70437952383573,1.6,83.68353161130742,1.2,131.41350537766826,1.8,1.0,3.0,0.0
chr16-5089136-5089137-C-T,TWJF-10146-MO011-0020,0,14.4,20.0,14.655,29.0,17.686,5100.82,6.0,2.0,0.366,1869.132,5.1,0.252,0.0,9507.39,389.87,6672.17,758.35,16378.961695116106,6.819500000000003,25078.30002840924,15.633000000000004,8.545326086956507,0.028145916973993,46.22467391304348,0.0056526521115367,0.4409263022243976,0.0977062955498695,6542.34,42.73,6057.79,15.310000000000002,0.702,12472.43,8.8,6874.93,4.9,14485.65,21.0,12315.54,18.0,13831.33,6.0,12061.94,5.1,0.001492,8.5,0.001234,9.2,3.0,9.0,5997.52246638931,20.0,6469.409970422214,22.0,9.0,0.0,0.0,936.0,64.079,0.276,0.0,6274.512661338655,23.0,2441.068688098948,14.0,5100.82002084559,21.0,1869.1321171537688,12.0,1.0,3.0,0.0
chr1-53142328-53142329-G-A,TWJF-10146-MO011-0021,0,0.53,0.26,0.435,0.18,0.0,17.58,0.1,2.0,1.03,18.1,0.13,0.064,0.0,28.318,32.31,27.724,26.73,371.7265785390769,0.6899999999999997,515.4407084659767,0.8494999999999997,1.8524184782608015,0.1973995967680338,2.222146739130366,0.1501788708914799,0.0062409979000221,0.0025464338104939,17.58,0.58,18.1,0.59,0.979,20.25,0.1,24.87,0.13,20.8,0.41,19.49,0.37,25.49,0.11,19.77,0.08,0.252598,0.56,0.489819,0.14,6.0,9.0,375.8681811436352,0.2,446.9089812017916,0.3,4.0,4.0,1.0,0.0,0.64,0.0,0.0,33.72640104816997,0.6,38.54517306838451,0.7,31.14655370776725,0.5,30.578065034761966,0.5,1.0,3.0,1.0
chr11-113399472-113399473-G-A,TWJF-5120-11,0,0.097,0.6,0.159,1.21,0.0,31.3,0.012,2.0,1.5,46.94,0.017,0.287,0.0,120.421,51.11,161.711,79.76,39.19915690727285,0.011875,43.28144571755279,0.01675,0.0847826086956331,0.9241411107819604,0.1383423913043628,0.8892089420087791,0.49168236926198,0.4009358547627926,386.27,0.48,968.89,0.91,1.343,31.3,0.05,46.94,0.06,32.59,0.11,49.97,0.18,43.2,0.05,40.39,0.05,0.895607,0.02,0.819489,0.03,10.0,9.0,299.47266837663403,0.4,280.6489180372726,0.4,7.0,0.0,0.0,4.0,0.4,0.0,0.0,197.64234586743768,0.7,273.4513048032991,0.9,220.78013776325628,0.8,293.737909688936,1.0,1.0,3.0,0.0
chr1-182057400-182057401-G-C,TWJF-5120-09,0,1.3,9.44,0.98,12.62,0.0,254.466,0.7,2.0,0.964,245.262,0.8,0.088,0.0,477.081,536.91,340.994,693.72,471.65180933322034,0.9057499999999996,367.577096752287,0.8027499999999996,1.486277173912967,0.2690431034618292,1.4522282608694752,0.2771084119107959,0.1855465173721313,0.1285860128700733,818.82,2.0,462.66,1.35,0.715,482.51,1.0,169.59,0.49,598.54,1.4,314.41,0.86,667.91,0.75,280.28,0.44,0.050094,1.7,0.092836,1.2,1.0,10.0,437.34195544615335,0.7,456.6852893751565,0.8,4.0,0.0,0.0,6.0,0.139,0.0,0.0,348.19297121522374,1.5,368.8247018402742,1.6,254.46613880569524,1.2,245.261850110455,1.1,1.0,3.0,0.0
chr12-131138194-131138195-G-A,TWJF-10146-MD017-0016,0,1.9,0.63,5.87,1.76,2.572,109.98,0.76,2.0,3.929,432.07,1.4,0.173,0.0,865.239,24.56,5805.972,69.0,865.238709780736,2.140499999999999,6627.950617449137,5.869750000000002,2.970652173912967,0.0979133487220726,16.15755434782608,0.0145911457355131,0.0069882608950138,0.0029480829834938,30695.06,59.51,37933.87,77.12,6.71,865.239,0.8527063238118848,5805.972,5.397505631603649,109.98,1.2,432.07,2.7,856.58,0.76,2038.48,1.4,0.016728,1.9,0.004527,3.4,1.0,10.0,2664.091477136258,1.6,5805.9724867553105,6.2,3.0,0.0,0.0,44.0,5.392,0.477,0.0,865.239,6.91105202987756,5805.972,15.384671321744952,865.239,8.610567102263047,5805.972,15.506862141471938,1.0,3.0,0.0
chr11-17611388-17611389-C-G,mcdb046,0,10.195,0.01,9.992,0.01,0.174,3.503,0.8,2.0,1.023,3.585,0.9,0.064,0.0,3447.524,11.44,3911.729,10.58,9249.078782530993,10.590249999999996,6030.332154785566,7.983,22.19230978260869,0.0105487612936081,15.160951086956516,0.0159739148245415,0.0015863738954067,0.002993244677782,33.7,5.53,21.04,3.4799999999999995,1.135,4050.71,2.2,6902.13,3.4,3587.33,16.0,3932.89,17.0,13321.23,9.8,14038.48,12.0,0.000141,18.0,0.000197,16.0,0.0,9.0,3307.718431318005,5.7,3890.5686532731647,7.5,7.0,0.0,0.0,2.0,0.174,1.0,0.0,11.020720798183024,13.0,11.40801280539928,13.0,3.5029182338000835,0.8,3.5845116811801017,0.9,5.0,3.0,0.0
chr1-247949103-247949104-G-C,mcdb041_new,0,0.64,4.75,1.525,8.19,0.0,61.687,0.148,2.0,5.796,357.537,0.474,0.11,0.0,914.332,39.25,1539.69,71.69,61.68657236401711,0.1476250000000001,357.5370339540045,0.6408749999999995,0.2793206521738796,0.7994170881360328,0.4736956521738733,0.6791965112744305,0.3003630638122558,0.6039873361587524,350.39,0.6799999999999999,1451.77,1.55,1.684,3634.2,3.4,16518.63,13.0,181.07,0.57,1477.25,2.7,1139.73,1.1,5498.55,3.3,0.266099,0.33,0.075201,0.98,2.0,11.0,688.9344191199156,0.6,1602.1292262796685,1.5,1.0,0.0,0.0,81.0,2.335,0.0,0.0,1248.4466835391263,1.6,1211.6299499492982,1.5,1376.924095684922,2.0,1782.009438627711,3.1,6.0,3.0,0.0
chr1-248203590-248203591-C-A,mcdb045,0,5.15,2.7,3.876,2.5,0.0,1490.836,2.249,2.0,1.156,1723.574,1.578,0.054,0.0,3968.436,23.98,2899.222,25.045,5094.094813618731,2.249000000000002,2569.31430626686,1.5775000000000017,7.778097826086963,0.0311556651426955,3.8525271739129607,0.0696203586652208,0.1498789563775062,0.2006787694990635,10165.52,6.329999999999999,6952.38,4.55,0.731,2236.49,2.6,2893.48,3.0,5997.52,6.6,5382.48,6.1,11583.71,6.2,6912.3,3.9,0.010977,2.8,0.023271,1.9,3.0,9.0,2842.778048235646,6.8,2904.964926184022,6.9,6.0,0.0,0.0,2.0,0.276,0.0,0.0,1490.8364416425718,3.4,1723.5742612890826,3.8,1824.6097868303527,4.1,2128.9722466572093,4.7,6.0,3.0,0.0
chr13-91693401-91693402-C-A,mcdb048,0,0.315,0.3,4.35,1.69,0.0,61.013,0.06,2.0,75.113,4582.879,0.38,0.106,0.0,303.951,117.61,6040.525,448.0,61.01341344231899,0.063875,4582.878626286925,1.9726249999999976,0.6017663043477768,0.6073689827880436,10.655842391304333,0.0230038718903243,0.0298678289400413,0.032744342694059,5421.14,23.69,5470.19,91.55,19.873,244.53,0.33,6610.86,2.9,72.97,0.07,14564.23,5.8,335.62,0.16,5230.34,1.4,0.820261,0.06,0.29513,0.38,1.0,11.0,1584.8879846730229,0.4,15208.392203513577,19.0,2.0,0.0,0.0,0.0,0.0,0.0,0.0,272.2826695993945,0.3,1273.561729351288,2.3,2892.0113962154755,4.7,7314.758630147227,13.0,1.0,3.0,0.0
chr1-226223921-226223922-G-A,TWJF-10146-MO011-0026,0,2.35,14.1,1.72,11.51,0.0,94.303,0.38,2.0,0.615,58.012,0.17,0.167,0.0,372.405,418.35,258.49,282.86,94.30282678081936,0.4387499999999997,58.01240573611672,0.2486249999999999,0.8065217391303037,0.5067824711523912,0.3235054347826036,0.7712955011076332,0.0337708744627889,0.2362996762385592,5385.01,3.4000000000000004,5056.44,1.34,0.694,360.72,2.4,279.34,2.1,384.09,2.7,286.79,2.5,423.17,1.9,181.46,1.2,0.484783,0.38,0.653519,0.17,3.0,9.0,3343.7015248821103,7.5,2607.0610014707204,5.9,3.0,0.0,0.0,1.0,0.209,0.0,0.0,182.1671232154824,2.3,192.96120387082968,2.3,226.94467658344664,2.6,237.64024967870523,2.7,1.0,3.0,0.0
chr10-102141486-102141487-C-G,TWJF-10146-MO011-0021,0,10.3,0.55,10.1,0.11,4.606,832.05,3.5,2.0,0.6,499.04,2.6,0.111,0.0,1573.373,21.87,1456.777,7.85,23405.308771871187,16.050249999999995,23980.6694426042,17.404124999999997,46.22467391304348,0.0050127767252055,46.22467391304348,0.0057868541597742,0.0446159729035571,0.0920892528956756,2293.27,7.489999999999999,2158.73,7.22,0.926,832.05,3.5,499.04,2.6,1509.57,8.6,1067.79,7.2,2556.39,7.1,2296.59,6.6,0.009281,7.2,0.007059,8.2,0.0,10.0,1637.1764276304789,12.0,1746.9855106325765,12.0,6.0,0.0,0.0,489.0,21.034,0.219,0.0,1111.50136403057,16.0,1166.567841055013,17.0,1186.5608092855534,17.0,1074.7068079180794,16.0,1.0,3.0,0.0
chr9-21971124-21971126-TGA-T,mcdb046,1,1.123,0.12,7.618049940290542,3.500431699656661,37.006,111.88,0.46,2.0,98.85118898413693,2981.777334286523,4.707406166953062,0.194,0.0,199.525,8.15,3921.824927524023,191.82439180505415,178.2493183388087,0.6156249999999998,4271.542987189099,4.964075226171146,1.246494565217276,0.3347786814441576,10.85058032505253,0.1940277673062379,0.0068221129477024,0.0459187028581903,283.75,2.62,3485.935320074733,11.067585551466982,15.51011598405072,142.69,0.59,4842.573075098835,6.661143958590651,111.88,1.0,4518.589884272191,9.70678379716339,129.97,0.46,5079.199016240797,7.230272119523823,0.068558,2.1,0.140727226198088,8.71744819899088,24.0,9.0,503.39367272195074,0.9,3518.323698419491,7.5805991112937265,0.0,0.0,1.0,166.0,59.687,0.62,0.0,220.8004733018897,1.4,6470.059013294365,8.507008210110781,221.7941055199992,1.4,7262.396223740397,9.746524027339987,1.0,0.0,0.0
chr11-61281088-61281089-C-T,TWJF-5120-07,1,0.514,9.828,0.7,9.71,0.394,22.86,0.03,2.0,1.857,42.45,0.11,0.14,0.0,235.896,498.82,332.639,491.83,147.12122188766017,0.4777499999999997,91.45240331304328,0.3089999999999999,0.9941576086955166,0.4249618521663967,0.7303532608694354,0.5430953093059036,0.0627230852842331,0.0665184594690799,22.86,0.03,42.45,0.11,1.41,258.09,0.66,3542.24,3.9,181.07,0.91,260.18,1.2,401.73,0.55,3390.99,2.3,0.426114,0.32,0.208364,0.67,7.0,11.0,666.9311044693874,1.2,625.0102685141759,1.2,5.0,0.0,0.0,23.0,2.265,0.174,0.0,213.7026954542825,0.2,212.72082075781643,0.2,348.78676747943973,0.4,405.0979076148492,0.4,1.0,3.0,0.0
chr19-8951067-8951068-G-T,TWJF-5120-06,0,0.2,0.14,2.7,0.18,27.192,37.93,0.04,2.0,69.559,2638.39,1.7,0.159,0.0,92.36,5.64,2197.06,6.05,40.92934339540893,0.08525,561.7062515884669,3.7615000000000007,0.3941032608695565,0.7267408511470357,2.312336956521662,0.1412898009489356,0.0734145045280456,0.0059592016041278,593.41,31.130000000000003,5886.6,74.07000000000001,23.788,92.36,-0.47248428016157,2197.06,1.6457092226727137,92.36,0.71,2197.06,7.9,37.93,0.04,2638.39,1.7,0.446477,0.11,0.014496,2.7,8.0,9.0,319.55896973281943,0.2,674.1863303391938,0.4,1.0,0.0,0.0,250.0,70.082,0.388,0.0,92.36,6.0086325296653955,2197.06,7.315466225438344,92.36,6.923782918042753,2197.06,9.49911877600008,5.0,3.0,0.0
chrX-70277494-70277495-A-C,TWJF-10146-MO011-0026,0,0.643,0.15,1.474,0.65,0.0,42.62,0.314,2.0,2.195,93.55,0.596,0.24,0.0,120.306,9.07,400.005,12.785,120.3055689386448,0.6433749999999998,400.0047035427782,1.47375,0.3136956521738767,0.7767912979480937,0.5961956521738614,0.6098247721327745,0.4454235732555389,0.5490193329751492,63.58,0.64,52.97,0.51,3.325,120.306,1.0562468647481151,400.005,1.3583978227483593,42.62,0.46,93.55,0.92,1562.57,1.2,2459.0,1.6,0.061214,0.89,0.018429,1.8,4.0,10.0,2443.1907368579537,1.4,2722.3695166880275,1.7,6.0,0.0,0.0,82.0,0.04,0.0,0.0,120.306,6.690166446401351,400.005,6.929070750713429,120.306,6.298507820336512,400.005,6.985802100285406,1.0,3.0,0.0
chr14-101980528-101980529-G-A,mcdb044,1,0.115,3.5,0.135,5.2,173.656,34.59,0.001,2.0,1.05,36.31,0.001,0.324,0.0,54.914,170.895,55.404,255.025,50.01888381536363,0.001125,50.472291381956985,0.001125,0.0383152173913146,0.9564581952061008,0.0369565217391425,0.9574206565715004,0.7252206169068813,0.7342998273670673,45.5,0.1399999999999999,47.66,0.15,1.009,34.89,0.1,43.7,0.12,34.59,0.09,36.31,0.09,59.81,0.13,72.22,0.16,0.990717,0.01,0.989486,0.01,5.0,9.0,319.55896973281943,0.6,319.55896973281943,0.6,7.0,0.0,0.0,403.0,424.588,0.409,0.0,64.05750217436662,0.3,64.35317817016137,0.3,60.19632800979705,0.3,60.33509487727502,0.3,1.0,3.0,0.0
chr1-230995980-230995981-A-G,TWJF-10146-MO011-0026,1,0.45,1.22,1.31,2.36,2.575,83.334,0.34,2.0,3.894,324.494,0.75,0.064,0.0,252.31,31.35,838.58,47.22,83.333962329296,0.4213749999999998,324.4935896715669,1.309625,0.3609510869565042,0.7486470595724886,1.1560326086955257,0.3636892556068784,0.3006252571940422,0.2072624000720679,252.31,2.72,839.45,6.0600000000000005,3.324,252.31,-0.0806245954717261,838.58,0.0217626640318295,308.42,2.7,632.49,3.9,246.03,0.34,838.58,0.75,0.152856,0.45,0.037464,1.2,8.0,9.0,1709.5876151371574,4.6,2365.159660107549,7.5,4.0,0.0,0.0,1038.0,22.197,0.116,0.0,252.31,6.548227221586407,838.58,8.946053089452974,252.31,6.8911273940143225,838.58,9.293328333470434,1.0,3.0,0.0
chr1-186399035-186399036-A-G,TWJF-5120-05,0,8.352,2.99,9.15,0.4,7.177,1220.484,1.114,2.0,0.854,1042.041,1.051,0.111,0.0,8100.078,184.91,8609.399,38.26,1220.484322133707,1.114375,1042.0411122724297,1.0509999999999995,3.639184782608624,0.0744617152652245,3.2967934782607813,0.0841808181028499,0.0167901888489723,0.0110527649521827,6227.21,99.96,6225.85,99.96,1.063,35450.89,32.0,32713.22,28.0,14722.66,7.0,13141.57,6.3,23236.22,9.7,25643.25,13.0,0.020553,2.0,0.015826,2.3,0.0,11.0,9972.946142268209,12.0,10992.948761900088,13.0,5.0,0.0,0.0,664.0,39.654,0.181,0.0,1603.651519103931,1.7,1603.651519103931,1.7,5448.538198667603,12.0,5537.069822452002,12.0,1.0,3.0,0.0
chr14-94380946-94380947-C-T,mcdb041_new,0,3.4,6.28,3.65,3.89,0.119,162.381,0.399,2.0,1.338,217.316,0.479,0.091,0.0,2867.339,52.59,3006.154,32.44,162.38089855437906,0.3989999999999996,217.3163114399512,0.4791249999999994,0.6172826086955752,0.5986379077938497,0.7808152173911793,0.5188763233385855,0.2882916368544101,0.276649747043848,9823.59,6.15,6124.13,4.1000000000000005,1.048,4563.96,4.0,4662.48,4.0,2766.91,3.7,3017.08,3.9,3973.27,2.6,5767.78,3.4,0.146221,0.57,0.085007,0.91,0.0,9.0,1407.051206502568,3.1,1133.2624602040687,2.5,6.0,0.0,0.0,523.0,14.862,0.008,0.0,2967.768357168391,6.3,2995.228779679262,6.4,2444.38719506583,5.4,2260.320375675348,4.9,1.0,3.0,0.0
chr22-46536213-46536214-G-C,mcdb041_new,0,0.35,21.0,0.47,18.0,1.031,97.788,0.117,2.0,1.536,150.176,0.298,0.07,0.0,262.726,254.46,335.22,210.36,97.78783642806135,0.2337499999999999,150.17563748664526,0.3816249999999997,0.1168206521739136,0.90387227032996,0.2977989130434366,0.7873696883810741,0.6694537103176117,0.5238537043333054,1266.85,2.28,2042.0,3.1300000000000003,1.276,186.44,0.26,172.23,0.25,260.18,0.43,354.15,0.5,223.92,0.2,316.29,0.27,0.397878,0.27,0.263393,0.44,1.0,10.0,1085.26206538749,1.3,1109.0025961138124,1.4,4.0,0.0,0.0,194.0,11.084,0.093,0.0,265.27113769815134,0.8,276.4967303377742,0.8,530.7988826641035,2.0,496.51228667518313,1.7,1.0,3.0,0.0
chr6-53654456-53654457-GA-G,mcdb041_new,0,2.86,3.17,12.905,18.92,0.0,901.82,1.8,2.0,18.967,17104.879,19.0,0.113,0.0,4065.925,27.22,17692.219,246.53,7989.151478790706,2.391,23823.036112923077,7.5151249999999985,18.61798913043478,0.0126742869548775,62.74467391304348,0.0048679897612308,0.0138733647763729,0.0411477424204349,5591.17,2.92,6007.44,12.81,4.351,3472.56,3.4,15470.62,12.0,4406.07,2.8,18279.56,9.0,5597.24,1.9,22269.37,9.0,0.004259,4.3,0.000325,13.0,0.0,10.0,3725.7799675308625,3.1,13501.892124781842,16.0,8.0,0.0,0.0,0.0,0.045,0.0,0.0,1371.1027440074158,2.6,27168.77142406222,25.0,901.8202853368088,1.8,17104.87875066651,19.0,1.0,0.0,0.0
chr2-85542264-85542264-A-ATGCC,mcdb041_new,0,65.292,11.25,41.96148116606014,14.1306757340765,0.073,8538.92,18.0,2.0,-258.6760693324293,-527.1233601419203,10.635762511976283,0.098,0.0,34254.273,108.87,19773.283866219022,482.984526666421,30768.98493365408,57.583375,17985.20325056747,44.48313554076022,99.28660326086955,0.0032935714242079,63.59607259905679,0.2937315726463793,0.0005147923311596,0.1751990348304394,8538.92,28.96,-901.083535074296,1.9137985986226016,-35.264748185621215,43708.56,93.0,26344.42422805294,66.57790134007853,37739.56,90.0,19433.53853557428,57.1750281482355,41531.99,73.0,23430.35221953775,45.820688379962135,3.9e-05,41.0,0.2489596103774747,30.617877780937828,1.0,8.0,19505.613475559738,18.0,9839.142999554788,2.278592426360855,0.0,0.0,1.0,1586.0,72.648,0.001,0.0,34254.273,27.160996322269508,15942.885351123015,-10.378748950586273,34254.273,28.835843455051428,10428.85302769484,-1.786405615623755,1.0,0.0,0.0
chr14-61280600-61280601-C-A,TWJF-10146-MO011-0020,0,1.35,1.24,0.945,4.41,15.926,25.564,0.3,2.0,1.138,29.082,0.4,0.189,0.0,858.555,85.33,1025.728,277.02,182.1866519222864,1.0912500000000005,102.42944829295122,0.5499999999999999,1.1819565217390249,0.3547100323720593,0.6891032608694729,0.5634903271452146,0.0377632081508636,0.120964728295803,1244.43,54.97,1601.99,59.3,1.195,8018.31,2.2,5403.25,1.4,973.97,1.8,1347.45,2.2,3509.13,1.2,3556.79,1.2,0.017464,1.5,0.072652,0.5,2.0,9.0,743.1400590825417,0.7,704.0051280916676,0.5,5.0,5.0,1.0,700.0,74.42,0.214,0.0,105.9668440052218,4.1,112.76387721142191,4.6,25.56407011353752,0.3,29.082383697863545,0.4,6.0,3.0,1.0
chr20-53992527-53992528-T-G,mcdb048,0,5.4,17.0,6.35,13.0,0.0,1369.462,2.1,2.0,1.368,1873.053,3.9,0.103,0.0,3424.885,617.95,4543.26,554.72,14994.0741243977,6.63625,20816.803982354493,10.537125,9.494239130434764,0.0255640792838188,13.500896739130424,0.0179171277627069,0.3887294931337237,0.3761404356919229,6874.49,9.14,5098.61,7.199999999999999,1.327,3542.05,3.9,3238.45,3.6,3307.72,4.5,4151.52,5.5,2491.73,2.1,4935.0,3.9,0.010021,6.0,0.004741,9.0,0.0,9.0,18082.847674706973,50.0,16228.45306782808,47.0,2.0,0.0,0.0,0.0,36.222,0.0,0.0,1369.462044460072,4.1,1873.0527137674617,5.3,1671.590906868655,4.8,1663.9106442926088,4.8,5.0,3.0,0.0
chr7-29889321-29889322-A-T,TWJF-10146-MO011-0020,0,2.25,0.62,3.8,0.47,0.0,223.687,0.635,2.0,2.075,464.13,0.6,0.195,0.0,528.737,51.44,1283.729,42.27,265.8613653309376,0.6352500000000002,277.95791444954665,0.6538750000000003,1.0313586956520453,0.409937963622713,0.599945652173858,0.6080247629878468,0.2077099904417991,0.4469490833580494,5734.48,9.53,5896.14,11.92,2.428,1841.09,1.9,4266.41,3.5,471.75,2.9,1593.49,5.3,7929.02,3.5,11364.6,4.8,0.109557,0.98,0.100079,1.1,3.0,9.0,585.7244221034721,1.5,973.9685259346436,2.8,6.0,0.0,0.0,2.0,0.048,0.0,0.0,267.0422631853308,3.1,413.59949517344137,4.1,223.68661629660352,2.6,464.1303838275726,4.5,5.0,3.0,0.0
chr21-44580232-44580233-A-T,mcdb045,0,61.261,10.39,67.333,15.55,0.0,13797.07,34.0,2.0,0.845,11653.36,38.0,0.06,0.0,31293.033,97.56,32395.085,177.42,31525.076784657507,72.52299999999998,31285.290841147395,69.66537499999998,99.28660326086955,0.0032160830370085,99.28660326086955,0.0032433618208367,0.0004284754395484,0.0007272325456142,13797.07,40.69,11653.36,32.81,1.035,45214.15,73.0,46408.13,83.0,31060.99,50.0,33504.88,56.0,44878.32,77.0,44873.96,77.0,2.9e-05,38.0,3e-06,65.0,0.0,8.0,20813.898577272677,34.0,23444.56094907737,38.0,5.0,0.0,0.0,0.0,0.028,0.0,0.0,31293.033,17.65236046053217,32395.085,6.8259577769388695,31293.033,28.817090851571574,32395.085,23.972150642357896,6.0,3.0,0.0
chr19-9213945-9213946-T-C,mcdb044,0,2.35,1.1,2.35,6.9,0.0,174.562,0.829,2.0,0.824,143.843,0.695,0.087,0.0,1326.65,124.53,991.14,414.51,174.56239618731624,0.8292499999999999,143.8429881948752,0.695,1.2019836956520606,0.3491177978116075,1.0807336956520004,0.3913392659013475,0.0190965682268142,0.0171797610819339,5717.29,4.62,3035.56,3.24,0.747,1770.56,3.8,1204.92,2.9,995.27,2.0,823.59,1.7,1658.03,2.3,1158.69,1.9,0.072494,1.7,0.077648,1.7,1.0,10.0,3890.5686532731647,3.9,5044.1543035179475,5.4,7.0,0.0,0.0,0.0,0.061,0.0,0.0,433.780475017966,3.0,383.94586967823653,2.8,305.35145939402827,2.4,385.3008791908299,2.8,6.0,3.0,0.0
chr1-11833944-11833945-G-A,TWJF-5120-04,1,3.051,9.602,7.35,17.38,5.552,341.326,0.26,2.0,5.675,1937.18,1.3,0.298,0.0,1522.761,42.93,4826.556,75.19,685.8306808544017,1.8710000000000009,739.0402764590367,1.9451250000000009,1.864429347826018,0.1952317512422134,2.378505434782525,0.1355861015394507,0.1705048307776451,0.0677678622305393,27025.29,17.32,31945.66,33.660000000000004,3.17,10615.98,3.1,18074.05,6.7,2054.82,3.0,6539.79,8.0,1240.9,0.26,4663.24,1.3,0.040142,0.52,0.008741,1.6,2.0,9.0,1804.6218566100913,4.6,4989.871863860996,17.0,2.0,0.0,0.0,218.0,15.729,0.353,0.0,341.3264941360197,15.0,1937.1801042991008,46.0,882.4091443060581,29.0,2408.074950157886,51.0,1.0,3.0,0.0
chr12-56344127-56344128-C-T,mcdb048,1,2.433,4.0,3.8,3.1,22.264,68.418,0.89,2.0,1.002,68.576,3.3,0.082,0.0,2641.476,240.595,3911.096,274.58,398.9880484068931,1.3667500000000006,1660.22202912604,2.9592500000000013,1.246494565217276,0.3345696446999943,3.599483695652097,0.0759913622800015,0.227765800897032,0.1074814789462834,29589.93,24.13,35503.99,58.47,1.481,3651.19,0.9,7595.81,2.2,3272.12,4.2,6161.97,7.6,3643.85,0.89,10100.0,3.3,0.015866,1.1,0.001764,4.1,0.0,9.0,2010.8325794908649,5.3,1654.9864903064934,4.0,7.0,0.0,0.0,8.0,89.055,0.25,0.0,68.41794096942702,3.5,68.57566061216123,3.5,185.2123746658091,8.7,196.63915532091528,9.3,1.0,3.0,0.0
chr5-68293409-68293410-G-A,mcdb045,0,1.7,2.08,7.05,2.55,0.0,254.329,0.41,2.0,43.17,10979.408,1.4,0.062,0.0,1986.283,19.59,12339.695,22.71,254.3293408538925,0.6007499999999992,10979.407677046547,2.948625,0.6272554347825263,0.5944191115537747,6.18413043478256,0.0405788423363965,0.4065188691020012,0.4381570033729076,6047.51,23.69,6078.38,44.85,6.212,1855.57,2.2,14440.74,9.9,2873.7,2.3,17600.27,7.9,3870.87,1.4,17569.83,6.2,0.30068,0.41,0.045609,1.4,0.0,9.0,893.2091487761664,1.3,4989.871863860996,13.0,2.0,0.0,0.0,99.0,221.668,0.0,0.0,1075.2018426703482,2.0,3338.028189835505,4.9,2116.9958175261754,3.3,13699.982108826978,14.0,1.0,3.0,0.0
chr7-47369339-47369340-C-G,mcdb041_new,0,2.37,27.21,4.15,41.44,0.457,199.889,0.532,2.0,1.012,202.359,0.535,0.083,0.0,4200.677,486.15,6204.357,1169.61,199.8885449183484,0.5317499999999996,202.35919764909843,0.5349999999999996,0.6818206521738404,0.5670982477529051,0.9913315217389992,0.4254539201483221,0.3086670190095901,0.1508115902543068,5541.66,2.74,5884.9,5.489999999999999,1.477,23013.79,17.0,26331.83,20.0,2523.8,2.0,6434.51,3.6,9098.63,2.9,14205.8,4.7,0.107423,0.81,0.067564,1.1,0.0,11.0,2122.6127229763083,1.5,3066.448979894378,2.3,3.0,0.0,0.0,813.0,45.746,0.01,0.0,3838.04444845487,6.9,8493.955864106763,20.0,4563.310286170976,8.5,5974.203335692293,13.0,1.0,3.0,0.0
chr2-26516463-26516464-C-A,TWJF-5120-06,0,6.5,19.4,9.0,11.0,0.0,693.453,1.137,2.0,1.515,1050.613,1.682,0.147,0.0,4710.62,257.44,7540.425,105.57,693.452902184873,1.421874999999999,1050.6126642698368,1.6817499999999983,1.1369021739128868,0.3711514864627567,2.241521739130363,0.148584300643797,0.4248264655470848,0.1945003382861614,15068.47,13.56,22239.53,26.98,1.601,14887.82,17.0,16794.9,18.0,8342.39,8.3,11541.43,12.0,6171.64,5.4,7267.63,6.0,0.02376,3.0,0.023423,3.0,0.0,10.0,2365.159660107549,3.3,3343.7015248821103,5.0,8.0,8.0,1.0,0.0,0.139,0.0,0.0,2398.0045345466647,7.6,5899.972671397723,13.0,3249.600702898834,8.9,7813.219044926344,15.0,1.0,3.0,1.0
chr1-1712271-1712272-C-T,TWJF-10146-MO011-0024,1,0.775,2.2,1.737,7.81,15.766,23.14,0.44,2.0,2.786,64.46,0.97,0.137,0.0,276.136,89.67,1103.758,567.3,93.44221909826751,0.6141249999999996,362.2751334100354,1.3369999999999995,0.8108152173911805,0.5046665814368299,1.7730978260868966,0.2109222150530599,0.0288615152239799,0.0227001346647739,23.14,0.44,64.46,0.97,3.997,1575.83,3.8,4716.42,6.8,28.62,0.62,120.03,1.7,458.83,2.1,1845.24,4.1,0.445367,0.74,0.192613,1.7,2.0,11.0,1347.454232446704,1.6,3167.6169136018457,4.3,3.0,0.0,0.0,1350.0,156.103,0.101,0.0,276.136,5.2215978114464034,1103.758,7.1832940969147945,276.136,5.358792933096045,1103.758,7.493054576427154,1.0,3.0,0.0
chr19-621322-621323-C-T,TWJF-5120-05,1,0.566,1.26,0.663,0.65,14.976,70.002,0.22,2.0,1.092,76.438,0.126,0.216,0.0,196.09,10.46,213.39,6.72,70.00191675215423,0.5662500000000003,76.43835057353144,0.6631250000000004,0.2196739130434792,0.837056736406061,0.1255163043478404,0.8970716129609277,0.4068228304386139,0.5803762674331665,341.81,24.09,213.39,19.040000000000003,1.088,196.09,0.9294676108619384,213.39,0.2190894104731688,196.09,1.2,260.09,1.6,144.37,0.41,105.36,0.32,0.194879,0.5,0.186838,0.53,4.0,9.0,3272.1225681968112,4.2,2936.5666561709572,3.4,1.0,0.0,0.0,210.0,49.921,0.3,0.0,196.09,8.486755425409202,213.39,7.896165250794337,196.09,9.023189242167106,213.39,8.447020446408457,1.0,3.0,0.0
chr12-25245349-25245350-C-T,mcdb046,1,1.75,1.97,0.79,2.82,23.593,71.073,0.169,2.0,0.743,52.818,0.138,0.199,1.0,764.565,118.33,385.03,153.65,71.07346331785615,0.2798749999999999,52.81845540457714,0.18025,0.1687500000000028,0.870748332520783,0.1383423913043628,0.8897733687469718,0.4876163750886917,0.4572294689714908,5462.48,2.3800000000000003,4535.29,0.77,0.504,938.8,2.6,396.16,1.4,1445.63,3.0,466.68,1.6,590.33,1.2,373.9,0.78,0.289601,0.67,0.375303,0.53,3.0,10.0,1967.7864831100464,2.7,1422.3578464915408,1.7,6.0,0.0,0.0,401.0,75.137,0.314,0.0,242.2144228575121,1.8,89.78421709097265,0.9,209.44500141028144,1.7,76.39589092823972,0.8,1.0,3.0,0.0
chrX-107639355-107639356-G-A,mcdb048,0,1.14,4.15,2.2,5.87,0.0,85.736,0.145,2.0,6.195,531.144,1.208,0.094,0.0,1546.105,393.72,3069.11,515.0,85.7359444327549,0.3299999999999998,531.1437768176437,1.6283750000000006,0.1447826086956638,0.8852748705613456,1.2077717391303224,0.3471746800552476,0.5774810090661049,0.3221695818938315,7944.44,1.73,23462.6,11.34,1.985,2301.24,0.55,4660.97,1.3,1276.5,2.2,1477.25,2.4,1815.71,0.4,6712.27,2.0,0.081722,0.28,0.013589,1.3,0.0,9.0,4335.136567304628,15.0,8297.380065516365,29.0,1.0,0.0,0.0,4.0,43.08,0.0,0.0,495.6441675254095,20.0,185.85318154246613,8.8,434.180185645419,18.0,165.83263441953554,8.0,1.0,3.0,0.0
chr7-24289537-24289539-CC-AA,TWJF-10146-MO011-0021,0,0.751,2.01,0.835,2.2,0.0445641130267855,23.81,0.3,2.0,0.806,19.18,0.4,0.04,0.0,75.07,114.05,60.285,121.74,153.12242976241652,0.8724999999999995,179.89210013167636,0.9492499999999996,0.9103260869564024,0.4603052426988339,1.1225271739129,0.3762281982732107,0.1142075469251722,0.0605150586925447,81.81,1.0699999999999998,70.81,0.98,0.803,68.33,0.63,49.76,0.5,23.81,0.45,19.18,0.35,42.61,0.39,35.84,0.32,0.331444,0.5,0.239377,0.72,1.0,10.0,36.70768628566371,0.3,40.90220409919967,0.4,0.0,0.0,1.0,440.75559979720583,0.02,0.1140601557330642,0.0,216.72549322787128,4.0,123.56913313095536,2.2,314.2606467858067,5.5,189.36076524671577,3.5,1.0,3.0,0.0
chr1-150470674-150470675-G-C,mcdb041_new,0,4.25,4.08,2.799,5.23,3.481,2065.97,2.2,2.0,0.561,1158.05,1.5,0.059,0.0,4059.003,33.9,2147.331,43.29,9701.38758932463,3.4803750000000004,6503.62764128769,2.597500000000001,22.19230978260869,0.0104531582785429,13.500896739130424,0.0174803119774139,0.0120937153697013,0.0496404096484184,7644.4,4.93,5116.64,3.58,0.529,5775.09,4.6,2955.6,3.0,2065.97,2.7,1158.05,1.9,4055.36,2.6,1601.59,1.4,0.017882,2.2,0.037628,1.5,0.0,10.0,4062.6458292605503,3.9,2693.0728595832916,2.4,1.0,0.0,0.0,1222.0,41.44,0.084,0.0,2727.1561170511704,7.8,1136.867889142478,4.3,2957.0590696717773,8.2,1284.8723992516625,4.6,1.0,3.0,0.0
chr12-132621736-132621737-C-G,TWJF-5120-11,0,0.199,1.6,0.217,2.21,0.0,17.61,0.06,2.0,1.663,29.28,0.12,0.135,0.0,50.488,122.91,55.662,154.47,66.04131304284066,0.197625,73.62255372736225,0.2339999999999999,0.0834782608695547,0.9249948495616253,0.1624999999999943,0.8744843214717706,0.638348538428545,0.5067903622984886,711.21,1.82,344.37,1.08,1.102,17.61,0.06,29.28,0.12,19.92,0.24,23.81,0.27,20.34,0.06,28.85,0.09,0.709225,0.12,0.625571,0.16,7.0,9.0,52.45936406565868,0.2,54.19009739953378,0.2,4.0,0.0,0.0,8.0,0.074,0.0,0.0,48.51655997398647,0.4,57.133390840046935,0.5,54.84789948324551,0.5,72.30361308945282,0.5,1.0,3.0,0.0
chr6-26204666-26204667-G-A,mcdb041_new,0,1.6,31.34,35.0,51.34,203.006,105.544,0.26,2.0,223.141,23551.283,9.295,0.088,0.0,1300.423,643.93,21458.651,1893.99,105.5442071497428,0.2604999999999998,23551.282512161968,9.295125,0.8024184782607193,0.508706823742275,62.74467391304348,0.0042864469579595,0.066865149885416,0.00187524035573,6290.59,7.01,19366.02,21.52,16.501,1746.06,2.0,37744.46,36.0,1407.05,1.7,40489.28,62.0,3051.79,1.5,40313.56,61.0,0.16403,0.69,4.9e-05,36.0,1.0,10.0,1017.0464840378708,1.2,17316.93169471617,23.0,2.0,0.0,0.0,3929.0,1677.738,0.121,0.0,710.7060296095962,2.7,8967.884371610018,28.0,1193.7956718281891,4.8,12131.932910500953,34.0,6.0,3.0,0.0
chr3-87245870-87245871-A-C,TWJF-10146-MO011-0026,1,0.827,0.04,1.884,0.02,2.941,138.155,0.26,2.0,3.124,431.56,0.46,0.101,0.0,267.92,20.7,557.56,17.34,138.15510852639343,0.7324999999999998,431.55999629439566,1.529625,0.8271195652172736,0.4973993456408233,1.8842934782608007,0.1924857163417524,0.127999304793775,0.0383654794422909,5120.99,16.09,7495.74,19.99,2.081,267.92,-0.0031644252924439,557.56,0.1626379904186972,229.44,2.4,483.87,3.3,267.92,0.37,557.56,0.59,0.267254,0.26,0.145415,0.46,2.0,9.0,2010.8325794908649,6.0,2390.8891056788234,7.6,6.0,0.0,0.0,1570.0,23.53,0.125,0.0,267.92,6.969655913196768,557.56,9.354609394681104,267.92,7.707538195949668,557.56,9.168468470301582,1.0,3.0,0.0
chr20-14326247-14326248-G-C,mcdb045,0,2.622,3.97,1.67,3.64,4.032,304.37,1.0,2.0,0.707,215.3,0.77,0.073,0.0,3461.705,33.06,3589.762,30.63,485.8334889803897,2.143500000000001,249.69030602716052,1.4408750000000008,2.0198097826086183,0.1737575163459914,1.165135869565077,0.3609322798574097,0.0354761481285095,0.1319484412670135,4961.13,13.21,6531.48,17.24,1.037,19910.75,8.2,17943.69,6.9,304.37,1.3,215.3,0.83,1962.28,1.0,1497.84,0.77,0.015803,3.1,0.038225,1.9,0.0,10.0,5743.4917749851775,5.8,5681.683446584433,5.6,5.0,5.0,1.0,81.0,12.109,0.333,0.0,3461.705,11.984967726322433,3589.762,12.34993190156928,3461.705,13.741261998758624,3589.762,12.736791758858011,1.0,3.0,1.0
chr5-178932403-178932404-C-T,mcdb046,0,1.978,11.0,1.036,17.0,0.0,4.74,0.25,2.0,0.954,4.52,0.22,0.052,0.0,195.085,86.665,84.225,256.265,369.7067226852951,2.0552500000000005,181.4007029075046,1.2873750000000006,1.7490489130433955,0.2149361252878412,1.092445652173765,0.386680930030801,0.0350444205105304,0.0753294564783573,4.74,0.25,4.52,0.22,0.432,246.68,0.35,116.56,0.2,143.49,1.9,51.89,0.83,966.28,1.2,267.94,0.45,0.0138,2.2,0.046873,0.98,2.0,9.0,4478.160896660665,9.8,3167.6169136018457,5.3,2.0,0.0,0.0,14.0,2.435,0.0,0.0,12.337012364600426,14.0,15.42446111474935,18.0,23.303974693168097,31.0,19.83489930266093,25.0,1.0,3.0,0.0
chr1-156843447-156843448-C-G,mcdb041_new,1,0.057,8.94,0.082,15.48,0.818,7.847,0.02,2.0,2.333,18.311,0.03,0.101,0.0,13.515,80.13,18.614,176.3,33.296038781756884,0.02375,34.18740586726631,0.02725,0.0631249999999994,0.9398196164323744,0.1131793478261045,0.9057903798822158,0.5170659683644772,0.3872250914573669,215.1,0.5,330.71,0.65,1.377,15.24,0.05,16.43,0.05,10.24,0.03,11.91,0.03,11.79,0.03,14.0,0.04,0.919135,0.02,0.854698,0.03,5.0,10.0,326.54944676299664,0.3,344.7019992860435,0.3,8.0,0.0,0.0,68.0,3.481,0.235,0.0,7.847114687939715,0.2,18.310913034216597,0.2,11.242425025827536,0.2,18.917336974489473,0.2,1.0,3.0,0.0
chr12-9163708-9163709-T-A,TWJF-10146-MO011-0021,0,3.997,27.0,2.719,26.0,0.0,127.635,1.9,2.0,0.399,50.93,0.97,0.057,0.0,3731.985,99.675,924.945,133.0,5582.577438897014,3.2937500000000006,3913.7734637623857,2.627625000000001,9.494239130434764,0.0254096455700543,7.558260869565203,0.0323304885825606,0.1157267059898004,0.0883206262951716,305.79,2.26,507.12,2.81,0.248,4556.21,4.7,794.15,1.4,6262.79,19.0,1904.94,8.4,2907.76,6.6,1055.74,3.1,0.080293,1.9,0.161753,0.97,0.0,9.0,5044.1543035179475,16.0,4830.504415176101,15.0,1.0,0.0,0.0,3024.0,124.154,0.0,0.0,127.63506385874736,1.9,50.92956889422243,0.9,179.22970913866007,2.7,81.73536380244231,1.3,1.0,3.0,0.0
chr2-201209461-201209462-G-A,TWJF-5120-07,1,0.076,0.92,0.08,5.83,4.558,35.06,0.02,2.0,1.11,38.91,0.04,0.144,0.0,102.165,67.02,106.995,277.63,50.25957396071436,0.081,56.69287402732868,0.12225,0.0978804347825956,0.91554670404118,0.0538586956521953,0.9457545315450104,0.5269435457885265,0.6943025812506676,741.65,0.0699999999999999,821.13,0.09,1.047,38.12,0.03,38.17,0.03,36.91,0.07,40.9,0.07,35.06,0.03,38.91,0.04,0.951661,0.02,0.88325,0.04,7.0,9.0,241.20027143288027,0.2,319.55896973281943,0.3,8.0,0.0,0.0,475.0,26.657,0.171,0.0,167.2977114233505,0.3,166.5290482613157,0.3,154.0706802284476,0.3,157.2968407269223,0.3,1.0,3.0,0.0
chr19-45676958-45676959-C-A,TWJF-5120-06,0,25.953,26.07,24.0,28.68,4.749,5893.19,6.9,2.0,1.019,6002.37,6.1,0.155,0.0,11609.18,446.5,15104.33,539.32,19901.444852520788,19.896750000000004,19104.22200366004,18.495125000000005,46.22467391304348,0.005045626281455,37.35904891304347,0.0060643204497122,0.0019493401050567,0.0429917275905609,5893.19,16.79,6002.37,41.81,1.301,11447.91,12.0,14441.99,15.0,25426.37,33.0,21617.22,24.0,11770.45,6.9,10612.77,6.1,0.000129,44.0,0.000627,24.0,1.0,10.0,6195.392041023354,12.0,13501.892124781842,23.0,10.0,0.0,0.0,202.0,16.546,0.287,0.0,22408.356233390496,49.0,23410.462836525505,51.0,10733.466372433772,32.0,15766.670804674754,41.0,1.0,3.0,0.0
chr7-44226559-44226560-G-A,TWJF-5120-11,0,0.475,44.67,7.3,60.06,0.0,89.14,0.12,2.0,94.095,8387.64,2.2,0.167,0.0,189.203,5954.13,7795.65,12529.23,97.14329642382263,0.33325,7152.70855593841,2.9988750000000013,0.8515489130433593,0.4856903811171387,17.305597826086952,0.0139689006647547,0.0180677250027656,0.0113706216216087,2132.7,3.7,25790.12,32.98,41.203,215.02,0.59,13143.56,9.9,89.14,0.36,8387.64,4.7,126.9,0.26,7203.66,3.9,0.69877,0.12,0.029613,2.2,6.0,8.0,163.3860118481957,0.3,1804.6218566100913,3.0,8.0,0.0,0.0,6.0,1.277,0.0,1.0,23823.743249232113,42.0,34198.73169720319,50.0,5183.701678753012,16.0,6451.1924822719775,19.0,1.0,3.0,0.0
chr2-84733461-84733462-G-A,mcdb041_new,0,0.7,22.16,0.43,23.25,0.0,63.909,0.08,2.0,0.817,52.233,0.05,0.058,0.0,579.289,328.35,210.073,358.94,63.90924194977404,0.09825,52.23271178510981,0.046125,0.4736956521738733,0.6794316273736064,0.1687500000000028,0.8703375999632916,0.1315986216068267,0.402027003467083,904.22,1.86,127.1,0.53,0.363,403.75,0.58,183.76,0.26,1164.33,2.0,771.82,1.5,1508.33,0.8,662.54,0.46,0.722071,0.08,0.82616,0.05,1.0,9.0,631.8094575737812,2.0,461.6533511488992,1.3,8.0,0.0,0.0,44.0,1.595,0.0,0.0,150.3868975425538,0.6,95.10645629761235,0.4,526.7687463705964,1.9,236.38504649466057,0.9,5.0,3.0,0.0
chr19-48720892-48720893-C-T,TWJF-5120-11,1,0.47,1.85,10.828,4.45,0.585,7.07,0.07,2.0,1365.028,9650.75,5.2,0.097,0.0,44.188,40.81,4328.551,89.51,83.1400262646533,0.190875,4345.352066972568,2.8148750000000016,0.7985869565216035,0.5111133491259875,10.655842391304333,0.0223000493763598,0.004080981016159,0.0091472044587135,7.07,0.3,9650.75,13.750000000000002,97.959,11.58,0.07,5113.17,5.2,15.2,0.28,4311.75,15.0,67.86,0.34,4917.94,11.0,0.20671,0.72,0.009849,8.4,6.0,9.0,759.396537558375,0.6,2873.7032767929295,6.8,1.0,0.0,0.0,173.0,11.256,0.052,0.0,45.1824732350109,0.8,1782.255649337088,17.0,43.19266490351755,0.7,1473.703109914145,15.0,1.0,3.0,0.0
chr1-158256276-158256277-G-A,JLF-100-042,0,2.58,1.41,2.91,5.01,0.0,185.067,0.756,2.0,2.411,446.237,1.17,0.389,0.0,883.78,113.38,1160.365,297.42,185.0674272570325,0.7559999999999999,446.2366842840544,1.169749999999999,1.2627173913042355,0.3300406085346212,2.042934783,0.1704457537192924,0.011092849,0.00556631,678.56,2.46,875.1,2.72,1.313,1649.61,4.2,1461.18,3.9,1619.56,3.8,1445.63,3.7,1089.0,2.1,2238.43,3.2,0.21616,0.84,0.081636,1.6,1.0,9.0,2416.898449635213,8.9,2240.6066112583476,8.1,6.0,0.0,0.0,0.0,0.0,0.0,0.0,517.9645056050349,2.7,522.7571722,2.7,619.4838660282772,3.1,626.6571511196967,3.1,1.0,3.0,0.0
chr2-163610504-163610505-G-T,TWJF-10146-MO011-0020,0,0.19,21.0,0.2,22.0,0.06,38.33,0.049,2.0,0.893,34.21,0.098,0.225,0.0,72.195,115.83,103.503,188.14,41.3525783068401,0.048875,49.02624056953307,0.097625,0.2053804347825973,0.8467959673406894,0.3301902173912765,0.7673927877875476,0.2829977571964264,0.1838784217834472,91.01,0.33,183.13,0.64,1.434,51.32,0.18,54.44,0.2,38.33,0.14,34.21,0.1,53.38,0.13,78.23,0.18,0.871179,0.05,0.785545,0.09,4.0,8.0,131.59381328434915,0.2,128.77677121554015,0.2,4.0,0.0,0.0,29.0,0.866,0.069,0.0,153.1122716679572,0.6,139.3188881935492,0.5,506.5706222808555,1.8,378.1290120485592,1.4,1.0,3.0,0.0
chr5-176577693-176577694-C-T,TWJF-10146-MO011-0026,0,0.18,8.5,0.21,6.5,0.008,8.47,0.026,2.0,2.213,18.74,0.035,0.1,0.0,11.798,101.735,20.916,82.89,27.08401372012356,0.0265,28.232057581254477,0.034625,0.2318750000000022,0.8296569820190145,0.1746467391304236,0.8663308221399767,0.1310646277852356,0.2232110460754484,2145.69,0.22,2325.36,0.24,1.773,8.47,0.06,18.74,0.18,9.44,0.14,17.78,0.37,11.85,0.05,22.56,0.16,0.725754,0.11,0.698633,0.13,8.0,9.0,497.9764243550323,0.6,751.2243258762381,1.0,8.0,0.0,0.0,9.0,0.072,0.111,0.0,11.07822037095876,0.3,18.34298453892976,0.4,11.746811507440398,0.3,19.271698826809377,0.4,1.0,3.0,0.0
chr10-50009070-50009071-T-C,TWJF-10146-MO011-0026,0,3.733,7.01,4.314,6.81,27.093,163.56,1.4,2.0,0.302,49.38,1.8,0.073,0.0,1867.73,133.09,2972.88,128.0,2926.6985211386127,3.733249999999998,3863.386341598474,4.314124999999997,7.147065217391287,0.0341395560616847,9.494239130434764,0.0254309161023258,0.0244495331426151,0.0149099170230329,163.56,1.9,49.38,0.4599999999999999,1.592,1867.73,2.20715308112266,2972.88,0.994213090920322,1641.33,6.6,2115.99,7.5,1867.73,1.4,2972.88,1.8,0.024404,1.5,0.006315,2.9,0.0,9.0,2145.7036159277955,6.6,4106.841418464271,17.0,6.0,0.0,0.0,2389.0,180.621,0.15,0.0,1867.73,6.681964278197911,2972.88,11.31520140288748,1867.73,7.323484574166309,2972.88,12.442770086117983,1.0,3.0,0.0
chr2-189078561-189078562-C-T,JLF-100-042,1,1.258,1.04,3.692,1.09,7.898,24.45,0.12,2.0,11.421,279.25,0.9,0.259,0.0,234.944,38.77,2512.327,40.81,180.9862653,0.7417499999999999,1214.9056998351164,1.7808749999999984,1.0168206521737773,0.4162534393387861,3.1845108695651163,0.088106794,0.1094975299201905,0.067287801,205.75,1.5,5465.45,5.98,10.693,36.48,0.21,506.78,2.2,888.39,3.5,5071.52,6.6,24.45,0.12,279.25,0.9,0.211769,0.85,0.030304,2.7,2.0,10.0,2416.898449635213,3.4,2842.778048235646,4.2,10.0,0.0,0.0,117.0,61.707,0.128,0.0,396.1411883051048,3.0,3458.199152295998,9.1,264.13746166644717,2.3,2181.875672414728,7.3,1.0,3.0,0.0
chr7-1236735-1236736-C-T,TWJF-5120-07,0,0.265,1.52,0.115,1.66,0.0,18.37,0.024,2.0,0.645,11.85,0.011,0.145,0.0,34.681,199.01,16.867,215.92,36.4831797065092,0.02425,33.57703790274844,0.0105,0.3460869565217166,0.7568084175522792,0.3426902173912793,0.7594300379311386,0.0862488560378551,0.0675004459917545,173.61,0.61,43.45,0.12,0.486,19.82,0.07,11.79,0.04,18.37,0.23,11.85,0.11,20.54,0.06,13.42,0.04,0.944472,0.04,0.97665,0.02,8.0,9.0,90.10969543481804,0.4,87.231755348375,0.4,1.0,0.0,0.0,0.0,0.0,0.0,1.0,35.309372534667,0.3,16.745186929134004,0.2,34.05336238171019,0.3,16.98869423808956,0.2,1.0,3.0,0.0
chr11-124038758-124038759-C-A,TWJF-5120-04,0,2.141,3.301,1.5,6.0,0.0,96.868,0.489,2.0,0.619,59.949,0.293,0.139,0.0,621.645,12.035,405.213,18.665,96.86758356439088,0.4895,59.94938832555075,0.2929999999999999,0.6294836956520982,0.5929203632318789,0.4753260869564855,0.6785670068010731,0.1397547796368599,0.1129170395433902,614.55,2.3800000000000003,596.22,2.35,0.652,729.97,2.7,377.79,1.8,618.28,2.8,257.38,2.0,319.89,0.97,162.09,0.64,0.272516,0.65,0.303161,0.59,2.0,9.0,625.0102685141759,1.9,432.6355196637657,1.2,1.0,0.0,0.0,0.0,0.0,0.0,0.0,783.9710037491986,3.6,466.9818485578379,2.5,845.3372369710967,3.7,540.7916782210615,2.8,6.0,3.0,0.0
chr4-118700586-118700587-G-A,mcdb046,1,0.955,2.97,0.335,1.99,22.22,30.84,0.05,2.0,3.006,92.69,0.01,0.172,0.0,61.119,193.03,66.93,143.92,52.26081629223145,0.184625,43.48890766471417,0.088375,0.0761684782608824,0.9304219841649052,0.0255434782608858,0.9657615403030084,0.5969789028167725,0.757487565279007,30.84,5.11,92.69,11.74,1.095,318.87,0.41,74.49,0.14,96.68,1.5,32.77,0.53,40.47,0.1,16.1,0.04,0.547571,0.05,0.774794,0.01,5.0,9.0,8758.623007239306,28.0,7775.837276083438,24.0,5.0,0.0,0.0,387.0,104.809,0.212,0.0,58.64216559786527,80.0,60.84291317289072,82.0,63.59602918877658,84.0,73.0180112259153,90.0,1.0,3.0,0.0
chr16-79211917-79211918-G-C,mcdb045,0,7.703,41.0,21.79,28.0,0.0,55.772,2.2,2.0,6.427,358.443,3.3,0.092,0.0,5229.989,324.05,17395.397,166.0,4778.294418393722,6.4056250000000015,10552.533439805356,10.772875,12.187228260869546,0.0198897294302021,24.57923913043477,0.0092752616618179,0.0021967627108097,0.0010553859174251,3508.83,9.69,24742.28,88.06,3.326,9815.79,2.9,28139.94,17.0,12584.95,21.0,24747.82,38.0,8655.66,4.1,17285.48,9.4,0.030155,2.2,0.014177,3.3,0.0,9.0,5681.683446584433,23.0,17505.314347699696,57.0,3.0,0.0,0.0,30.0,33.005,0.0,0.0,55.772485596307206,3.5,358.4429145698702,19.0,147.5061065904946,9.0,1041.8615244584996,33.0,1.0,3.0,0.0
chr6-149968653-149968654-C-G,TWJF-10146-MO011-0029,0,0.385,4.7,0.4,14.23,0.0,46.04,0.09,2.0,1.229,56.58,0.05,0.424,0.0,97.21,310.26,121.43,774.95,68.39703238788326,0.38525,70.06859585913901,0.400375,0.4426086956521544,0.6970067712562459,0.4933152173912845,0.6682183544060017,0.1733848191797733,0.1424381993710994,6656.31,4.31,12418.91,8.98,1.249,97.21,0.799629965198858,121.43,1.035890264770175,46.04,0.3,56.58,0.36,97.21,0.13,121.43,0.16,0.866536,0.09,0.911565,0.05,4.0,11.0,1485.2677558853384,1.7,1437.8310001273976,1.6,7.0,0.0,0.0,3.0,0.294,0.0,0.0,97.21,6.825865278823568,121.43,6.669733372811687,97.21,6.826471203759167,121.43,6.269857405268976,1.0,3.0,0.0
chr22-37922138-37922139-C-A,TWJF-10146-MD017-0016,0,15.0,6.969,5.1,7.3,111.072,427.98,2.841,2.0,0.328,140.42,1.125,0.146,0.0,4527.187,472.67,1381.685,508.68,3231.365075627373,2.8405,329.17792209493706,1.1248749999999994,8.545326086956507,0.0287172477790593,1.6983695652173054,0.2234045639521806,0.0011704862117767,0.017154611647129,5649.43,93.83,5595.45,59.18,0.305,8555.84,17.0,2149.0,6.7,13212.86,19.0,2635.42,7.6,15669.07,20.0,2481.45,5.2,0.007914,5.6,0.100647,1.4,0.0,9.0,427.97973197836103,8.2,140.42010452677667,3.9,3.0,0.0,0.0,3427.0,336.582,0.33,0.0,3404.9442069156603,15.0,548.4158524894244,5.0,3391.7981580823857,15.0,614.3699989807945,5.4,1.0,3.0,0.0
chr1-40463367-40463368-C-G,TWJF-10146-MO011-0021,0,0.442,3.0,0.477,2.0,0.649,61.02,0.14,2.0,0.82,50.05,0.12,0.059,0.0,135.38,10.29,91.746,7.515,85.9771566857542,0.4416249999999997,91.74626288385228,0.4774999999999998,0.2334510869565207,0.8284469503077044,0.2427989130434582,0.8219394456195495,0.4457815196365118,0.450859747827053,135.38,1.5699999999999998,85.73,0.94,0.678,135.38,0.2221003894719609,91.746,0.4502883157821369,441.14,3.3,232.2,2.4,61.02,0.14,50.05,0.12,0.304527,0.23,0.298337,0.24,5.0,9.0,1249.169100192773,2.7,1109.0025961138124,2.2,7.0,0.0,0.0,219.0,4.301,0.151,0.0,135.38,6.953400331532402,91.746,6.942529517415182,135.38,7.0012816049441176,91.746,6.863784492578708,1.0,3.0,0.0
chr11-18291725-18291727-TC-AT,TWJF-10146-MO011-0020,1,0.115,17.97,0.265,33.2,6.2448895706255545,11.66,0.02,2.0,1.88,21.92,0.03,0.407,0.0,37.01,1001.1,40.838,2670.71,38.95460435509037,0.038375,45.04220434879576,0.072375,0.099510869565222,0.9141172100348806,0.37358695652172,0.7403685019822706,0.451804369688034,0.1194119900465011,164.41,0.58,155.99,0.5599999999999999,1.103,21.66,0.09,30.25,0.12,13.35,0.13,19.28,0.23,11.66,0.04,21.92,0.07,0.977259,0.02,0.948885,0.03,8.0,9.0,79.13778339438852,0.3,107.1408387393906,0.5,8.0,0.0,0.0,544.1062188006089,35.821,0.2818611781289984,0.0,35.066304523851144,0.3,36.63447734942107,0.3,47.11508728227662,0.4,48.99592937963574,0.4,1.0,3.0,0.0
chr4-168276157-168276158-T-C,mcdb046,1,1.362,0.63,1.265,0.63,39.105,5.511,0.17,2.0,1.007,5.549,0.19,0.258,0.0,100.77,15.97,94.777,15.425,57.62780395822902,0.246,59.37308283639034,0.26875,0.4232336956521578,0.7090695309600563,0.3698097826086837,0.7426719827157261,0.1426816545426845,0.1986475810408592,86.34,11.2,13.77,2.08,0.941,282.46,0.38,386.36,0.45,314.41,3.2,379.96,3.7,115.2,0.24,130.18,0.26,0.300949,0.17,0.279081,0.19,5.0,9.0,3066.448979894378,4.9,3133.5287466619466,5.1,7.0,0.0,0.0,344.0,115.014,0.34,0.0,5.510740999430568,2.3,5.54893963116668,2.4,5.668002067607821,2.5,5.813397238638925,2.6,1.0,3.0,0.0
chr17-7674220-7674221-G-A,mcdb041_original,1,1.214,6.82,18.0,7.5,0.688,216.681,0.479,2.0,83.404,18072.008,7.247,0.07,1.0,876.659,57.78,14605.85,64.59,216.6814884164626,0.4791249999999994,18072.00842022505,7.247250000000002,1.1986684782607568,0.3496722167780215,20.2322554347826,0.011568655259049,0.0791263952851295,0.2118595466017723,977.31,1.23,13722.33,8.540000000000001,16.661,542.06,1.0,15489.37,12.0,989.9,2.0,22330.41,24.0,671.33,0.74,24414.57,17.0,0.154969,0.54,0.001574,6.8,2.0,9.0,776.0086328378046,1.6,10992.948761900088,24.0,2.0,0.0,0.0,366.0,10.431,0.066,0.0,1178.7725122500904,2.8,13690.8370038596,19.0,1071.9388222844614,2.6,12887.539221182798,19.0,1.0,3.0,0.0
chr18-51065548-51065549-G-A,TWJF-5120-04,0,1.33,9.5,1.5,9.4,25.916,110.173,0.052,2.0,1.421,156.559,0.079,0.317,1.0,1871.495,1679.84,2086.503,1654.15,110.17281018462516,0.327,156.55940660703635,0.44025,0.0523369565217564,0.9461708291465406,0.0794021739130386,0.9281381435058702,0.8790082782506943,0.8883767053484917,5876.21,11.59,5850.77,11.17,1.115,6037.57,4.5,4761.49,3.7,534.26,1.9,487.32,1.8,3208.73,1.8,4460.12,2.2,0.128594,0.86,0.086613,1.2,0.0,10.0,3380.0760613847024,4.3,3685.6851539916497,4.8,9.0,0.0,0.0,1120.0,52.462,0.494,0.0,227.45736305361973,0.4,171.35626996864443,0.3,354.93595860246364,0.6,295.90343043180724,0.5,5.0,3.0,0.0
chr20-41365064-41365065-C-G,mcdb041_new,0,0.193,22.12,0.27,23.07,0.44,28.78,0.07,2.0,0.978,28.16,0.07,0.051,0.0,237.115,327.46,335.72,353.64,78.35738315641396,0.225875,99.7277202929295,0.3103749999999999,0.2556793478260744,0.814201977322307,0.4426086956521544,0.6973379596190487,0.3928566724061966,0.2773606181144714,745.29,0.0699999999999999,721.66,0.0699999999999999,1.416,247.23,0.36,273.73,0.4,28.78,0.09,28.16,0.09,227.0,0.16,397.71,0.23,0.674781,0.15,0.593389,0.19,3.0,8.0,134.47247924652447,0.1,196.3800481231358,0.1,7.0,6.0,0.0,47.0,1.215,0.362,0.0,5988.802623214531,12.0,4368.577050936102,7.7,8762.539727935522,15.0,6755.072274080381,13.0,1.0,3.0,1.0
chr1-182575564-182575565-T-A,TWJF-10146-MO011-0020,0,1.065,22.0,5.05,19.0,2.735,63.832,0.11,2.0,3.678,234.769,0.99,0.291,0.0,500.506,59.335,3576.195,44.835,63.831548258561405,0.20875,234.76908431543615,1.3502500000000006,0.3657336956521533,0.7450653454540368,0.8697826086955587,0.4776742337252124,0.2220763936638832,0.2512498460710048,72.26,13.12,2425.28,66.81,7.145,3102.46,0.63,10029.43,2.8,814.73,1.5,4727.1,7.0,1279.8,0.41,8518.98,3.1,0.2964,0.11,0.031656,0.99,2.0,9.0,2751.9848781733217,5.5,6330.918656946314,17.0,2.0,0.0,0.0,240.0,8.093,0.338,0.0,186.2816173734564,9.9,418.95752953631103,28.0,122.07591833051836,5.1,409.85477576805994,28.0,1.0,3.0,0.0
chr2-226797680-226797681-C-T,mcdb041_new,0,19.5,17.42,9.298,17.82,0.207,1989.803,2.9,2.0,0.254,504.441,2.0,0.072,0.0,15481.728,213.92,11470.424,222.21,5228.501949019468,8.919625000000002,4456.183895639239,7.941000000000002,12.805461956521723,0.0183950866923648,10.655842391304333,0.0220276892016694,0.0044064186513423,0.0125098079442977,28017.78,54.620000000000005,21535.74,40.18,0.741,32832.36,24.0,18965.77,7.9,33324.12,45.0,27426.93,34.0,23017.52,12.0,17786.35,6.5,0.009561,2.9,0.018662,2.0,0.0,9.0,7945.936747596634,28.0,5154.497145169031,18.0,7.0,0.0,0.0,298.0,3.837,0.054,0.0,1989.8026274618528,15.0,504.4405609918504,5.7,7237.1904260742995,29.0,2901.148770944144,18.0,1.0,3.0,0.0
chr20-58221390-58221393-ATAC-A,TWJF-5120-06,0,0.49,0.92,0.483,2.92,0.0,28.39,0.07,2.0,1.033,29.32,0.1,0.166,0.0,87.78,11.85,130.64,25.42,43.77941336274533,0.12025,43.20852972583939,0.115,0.4901902173912731,0.6698287962729466,0.4825271739129988,0.6737762728106527,0.015375230461359,0.0168319605290889,28.39,4.72,29.32,4.88,1.488,87.78,0.4662367717700981,130.64,0.1879721964915124,97.42,0.76,146.41,1.2,87.78,0.07,130.64,0.1,0.43127,0.11,0.407801,0.12,9.0,9.0,1422.3578464915408,2.0,1485.2677558853384,2.2,0.0,0.0,1.0,0.0,0.084,0.0,0.0,87.78,7.255371476822053,130.64,6.854880777678867,87.78,7.0503754354524775,130.64,7.63266073494121,5.0,1.0,0.0
chr9-128705376-128705377-C-G,TWJF-10146-MO011-0021,1,3.85,35.0,6.415,33.0,0.059,74.419,0.079,2.0,1.879,139.821,0.113,0.102,0.0,307.942,161.06,737.924,204.045,74.41889334587113,0.5506249999999997,139.82105650305155,0.8344999999999996,0.0794021739130386,0.9284440307540608,0.1131793478261045,0.9053821572021872,0.6854940354824066,0.772564984858036,1307.66,5.35,2359.31,7.630000000000001,2.396,876.81,3.6,1620.61,5.2,173.4,4.1,1050.6,9.0,121.89,0.9,672.85,3.1,0.731021,0.1,0.609026,0.16,4.0,9.0,174.34467692156656,4.2,605.0485751856643,9.8,2.0,0.0,0.0,107.0,3.107,0.019,0.0,465.1039201519697,12.0,763.0447348763379,15.0,441.5399458009233,11.0,712.803789684423,15.0,1.0,3.0,0.0
chr19-12353010-12353011-G-T,TWJF-5120-04,0,0.81,0.66,1.55,0.7,1.112,310.178,0.17,2.0,2.56,794.121,0.24,0.263,0.0,867.71,215.54,1173.65,159.725,310.1777919573849,1.1502500000000002,794.1210592695737,2.028750000000001,0.3167663043477944,0.7754434885694078,1.0704619565215978,0.3951209146821067,0.7032497264444828,0.4907123520970344,1792.71,0.3399999999999999,1260.45,0.2299999999999999,1.353,631.41,0.17,967.37,0.24,874.09,1.6,3254.47,4.2,2088.83,0.46,3446.66,0.85,0.045688,0.47,0.035256,0.6,1.0,9.0,2390.8891056788234,6.6,2664.091477136258,7.6,5.0,0.0,0.0,16.0,3.563,0.312,1.0,861.3308450904487,29.0,1086.8509767273797,33.0,449.4382180982393,19.0,599.3354962672964,23.0,2.0,3.0,0.0
chr6-97041587-97041588-T-G,TWJF-10146-MO011-0020,0,0.916,26.0,0.4,20.0,0.0,151.727,0.064,2.0,0.497,75.35,0.019,0.259,0.0,333.99,107.835,116.355,54.16,151.7271087395436,0.43275,75.34986632031436,0.2157499999999999,0.0643206521739188,0.9387412769571708,0.018722826087,0.9701932698326996,0.9280996322631836,0.9488555341959,4044.21,1.73,3130.59,0.74,0.348,234.59,0.42,81.65,0.2,592.1,3.2,205.07,2.0,433.39,0.43,118.27,0.18,0.349567,0.37,0.417615,0.3,1.0,9.0,579.4211750802284,1.4,246.47662139274465,0.5,3.0,0.0,0.0,1.0,0.13,0.0,0.0,226.2455261047606,2.7,114.44056677165727,1.6,193.48174695605016,2.4,94.32786395604852,1.3,2.0,3.0,0.0
chr19-8978361-8978362-G-A,TWJF-5120-13,0,0.595,6.8,0.917,10.2,5.3,8.85,0.21,2.0,1.903,16.84,0.38,0.125,0.0,623.15,39.68,1213.08,62.77,64.41427217666187,0.3383749999999999,100.77057321763635,0.6117499999999999,0.6692119565216643,0.5733209898111933,0.903559782608582,0.4632953831125724,0.0049493515471112,0.0027432709393906,796.85,16.11,1233.48,18.8,1.947,23861.95,12.0,23907.18,12.0,8.85,0.21,16.84,0.38,449.45,0.52,1192.68,0.93,0.06273,0.87,0.033227,1.3,1.0,11.0,1318.6091434272448,0.4,1864.1597343160688,0.8,1.0,0.0,0.0,118.0,10.252,0.517,0.0,623.15,10.70826716250429,1213.08,14.137426152820254,623.15,10.970482272014578,1213.08,12.46019141584178,5.0,3.0,0.0
chr3-155914534-155914535-G-A,TWJF-10146-MO011-0021,1,0.4,6.5,15.0,6.5,7.139,7.73,0.09,2.0,136.649,1056.3,5.5,0.109,0.0,110.094,21.04,14625.118,24.885,104.83863775413776,0.2508749999999999,21091.375424732956,12.048500000000004,0.7682608695650828,0.5247715013272284,62.74467391304348,0.0048401868514916,0.0832074070349335,0.0060852498427266,36.45,0.8500000000000001,21252.78,29.97,132.842,1233.25,1.8,22915.39,33.0,7.73,0.09,1056.3,5.5,115.35,0.55,8158.86,17.0,0.419478,0.22,0.004589,13.0,2.0,11.0,883.5969186971492,0.2,5382.47700914843,4.2,11.0,0.0,0.0,1478.0,44.898,0.159,0.0,110.094,-0.1741374838498602,14625.118,20.89839653123672,110.094,-1.1560567130860653,14625.118,16.79069745034508,1.0,3.0,0.0
chr15-51480857-51480858-G-C,TWJF-10146-MO011-0020,1,2.605,29.0,2.065,26.0,14.298,102.603,0.57,2.0,1.067,109.485,0.48,0.245,0.0,436.91,140.9,400.715,73.94,198.943446520626,0.8909999999999991,202.70438578709604,0.8999999999999991,0.7659510869564059,0.5260263617356986,0.6800271739129755,0.5678550639194088,0.2604987099766731,0.31337895616889,5454.83,2.21,5302.29,1.43,0.917,554.05,3.0,469.54,2.7,369.82,3.7,331.89,3.6,113.35,0.82,87.02,0.66,0.289318,0.57,0.33389,0.48,2.0,9.0,102.60278798674848,3.1,109.4845863513817,3.2,8.0,0.0,0.0,465.0,70.78,0.202,0.0,548.4158524894244,5.0,539.6472894250526,5.0,503.9993774538023,4.8,494.80035209862314,4.7,1.0,3.0,0.0
chr19-39314605-39314606-G-A,TWJF-10146-MO011-0029,0,5.3,26.0,31.822,32.0,7.404,220.84,0.523,2.0,15.363,3392.67,8.096,0.18,0.0,1501.815,382.315,12106.93,706.195,244.2681837805532,0.5231249999999995,17082.778389173203,8.096124999999997,0.984076086956378,0.4284469232568565,31.64317934782608,0.0078675799585902,0.205943439155817,0.0863788425922393,220.84,26.28,3392.67,78.17,8.062,17132.43,5.0,34306.79,29.0,19088.05,20.0,40708.92,86.0,19976.13,5.6,42160.86,50.0,0.056553,1.1,0.000501,11.0,0.0,9.0,1062.0297506032605,4.6,7131.081559054952,32.0,9.0,0.0,0.0,706.0,37.967,0.195,0.0,1941.601058108038,32.0,2673.991362040897,43.0,783.4657218652947,14.0,1199.5545434056137,21.0,1.0,3.0,0.0
chr19-37885566-37885567-T-C,TWJF-5120-09,0,2.6,0.59,0.5,0.94,0.0,684.778,1.3,2.0,0.124,84.83,0.07,0.052,0.0,1343.857,37.61,128.736,52.75,16247.051259166716,7.3245,10226.609950768803,4.722625,12.805461956521723,0.0182543940787251,9.849456521739114,0.024397293728072,0.3134641386568546,0.2701321989297867,2042.25,3.71,153.21,0.6,0.096,817.93,1.3,25.25,0.07,1354.76,2.4,69.88,0.3,1711.4,1.6,226.29,0.25,0.008399,6.6,0.023629,3.5,8.0,9.0,1332.953664331198,2.8,567.0174473895294,0.6,3.0,0.0,0.0,0.0,0.001,0.0,0.0,684.7783165702142,2.2,84.83010410971933,0.3,734.7337675562266,2.4,104.26294792896276,0.4,2.0,3.0,0.0
chr12-78006701-78006702-C-G,TWJF-10146-MO011-0021,0,0.285,5.73,0.345,5.9,0.0,13.3,0.05,2.0,0.686,9.12,0.071,0.12,0.0,19.275,20.8,21.106,17.67,19.469930981955777,0.094125,17.55041870922519,0.07125,0.049510869565239,0.9486265704254369,0.0931521739130403,0.9184957098993342,0.4171138182282448,0.2490496831014752,85.26,1.1,46.18,0.74,1.095,13.3,0.14,9.12,0.09,19.08,0.94,12.85,0.64,18.38,0.17,20.61,0.19,0.810344,0.07,0.727275,0.1,8.0,9.0,17.973182789352638,0.4,21.602672475893257,0.5,6.0,0.0,0.0,292.0,8.157,0.0,1.0,38.77483871235301,1.3,23.471994784577685,0.8,49.08739666090807,1.7,27.667505184553,0.9,1.0,3.0,0.0
chr19-55500635-55500636-A-G,TWJF-5120-06,0,8.047,24.53,13.5,27.99,0.0,1528.241,0.915,2.0,7.273,11115.268,5.078,0.152,0.0,6118.127,397.13,12361.137,513.88,1528.2411323219435,1.9503749999999984,11115.268222449862,5.078374999999995,0.9152445652172644,0.4582836209303785,6.63130434782606,0.0375102690887738,0.7435199618339539,0.4184066131711006,14102.0,12.5,12735.4,11.14,2.02,7405.75,9.4,11559.8,14.0,16404.99,17.0,17791.74,19.0,8241.99,6.5,16967.88,13.0,0.023226,3.0,0.00325,6.4,0.0,9.0,4830.504415176101,19.0,11986.87464853314,37.0,2.0,0.0,0.0,43.0,5.422,0.0,0.0,3518.0337377370292,8.8,14298.813444813724,22.0,2558.7626338618697,7.3,10496.149309789547,18.0,1.0,3.0,0.0
chr13-37586782-37586783-C-G,TWJF-10146-MO011-0021,0,1.202,0.22,1.029,0.62,0.0,125.25,0.23,2.0,2.197,275.2,0.38,0.113,0.0,229.66,6.51,338.74,9.74,165.86001046044967,0.8403749999999998,151.58679778217285,0.7888749999999998,1.2019836956520606,0.3491302280178661,1.0291576086955132,0.4111538498875851,0.005072637082776,0.0548896875698119,13800.65,29.64,3911.76,13.88,1.475,229.66,0.0195648407254979,338.74,-1.7571075770042548,229.66,2.4,338.74,2.9,125.25,0.23,275.2,0.38,0.029053,1.4,0.023366,1.6,5.0,9.0,784.45046119223,1.1,674.1863303391938,0.9,5.0,0.0,0.0,7262.0,209.452,0.0,0.0,229.66,3.0233224253369957,338.74,6.517977119054485,229.66,3.239723935706911,338.74,4.641104496484663,1.0,3.0,0.0
chr20-32429415-32429416-G-T,TWJF-5120-11,1,0.288,5.4,1.044,7.5,11.374,30.79,0.114,2.0,3.551,109.34,0.647,0.107,0.0,112.009,39.275,316.949,41.235,51.09031256041365,0.114,241.66843779392488,0.6468749999999999,0.235190217391306,0.8271627829323915,1.127717391304202,0.373555821322539,0.3003415502607822,0.1383384354412555,326.62,1.04,530.9,1.49,2.83,30.79,0.12,109.34,0.36,63.39,0.34,326.55,0.89,48.85,0.12,359.1,0.51,0.614823,0.17,0.124593,0.96,5.0,10.0,280.6489180372726,0.5,711.6636646085253,1.3,10.0,0.0,0.0,687.0,89.559,0.127,0.0,160.6275369599789,0.7,251.0845557422137,1.2,192.58834451712323,0.8,307.3477230157206,1.4,1.0,3.0,0.0
chr16-55656739-55656740-G-T,mcdb045,0,4.75,53.0,9.6,53.0,0.0,223.648,1.12,2.0,1.071,239.429,1.256,0.056,0.0,5609.213,626.555,6599.7,634.475,223.6478714036343,1.3351250000000003,239.42926131521776,1.3991250000000006,1.1200271739129022,0.3773739445305122,1.256114130434682,0.3316155468084402,0.1216654367744922,0.08380763605237,7611.64,20.21,6516.55,17.2,1.177,35597.36,31.0,41185.17,50.0,3289.87,7.2,6682.85,13.0,8863.68,4.2,19476.93,13.0,0.005616,5.3,0.004077,6.2,0.0,10.0,3606.785319173851,1.8,4526.876676399949,3.4,1.0,0.0,0.0,0.0,0.139,0.0,0.0,5609.213,14.286118194334842,6599.7,15.842357601456806,5609.213,13.879048732427275,6599.7,12.042806793346651,1.0,3.0,0.0
chr9-5732394-5732395-A-C,mcdb048,0,3.922,0.32,1.917,2.82,0.0,379.463,0.23,2.0,0.684,259.52,1.04,0.062,0.0,2511.447,92.85,1975.465,299.79,5328.304080964216,5.443250000000004,3973.0681886145626,4.614125000000001,6.18413043478256,0.0406526389251738,2.334510869565136,0.1394891232710988,0.2402040022425353,0.538825960829854,1256.17,0.2299999999999999,5106.94,1.04,0.787,5014.39,1.4,1726.82,0.42,1493.32,2.4,788.71,1.5,3548.34,0.87,2224.11,0.5,0.0065,1.9,0.013715,1.3,0.0,9.0,3529.574501098987,12.0,9047.58649483518,32.0,7.0,0.0,0.0,6.0,29.12,0.0,0.0,379.4634928928069,17.0,259.5195025074845,13.0,717.2490802342146,25.0,545.3433228132504,21.0,1.0,3.0,0.0
chr11-100061249-100061250-A-G,mcdb045,0,0.85,7.81,0.585,10.39,0.0,151.97,0.25,2.0,0.808,122.85,0.22,0.061,0.0,382.45,67.65,298.975,97.56,188.94638743483145,0.5026249999999994,97.40972026744916,0.2951249999999998,1.2933423913042643,0.3212383142448156,0.858478260869461,0.4831586732521646,0.0054580718278884,0.0159546546638011,5213.21,2.0,3881.54,0.27,0.782,151.97,0.25,122.85,0.22,264.44,0.67,168.78,0.52,324.72,0.33,154.95,0.19,0.050126,1.3,0.148981,0.65,1.0,9.0,681.5204823560478,1.5,605.0485751856643,1.3,8.0,8.0,1.0,2.0,1.684,0.0,0.0,440.1796897723915,0.8,429.1706362617357,0.8,517.5591607949276,0.9,431.4793342822588,0.8,1.0,3.0,1.0
chr4-39228314-39228315-G-T,TWJF-10146-MO011-0021,0,0.315,18.0,0.88,11.88,1.378,8.86,0.051,2.0,8.956,79.35,0.43,0.066,0.0,18.76,99.725,59.644,127.01,15.76911197898064,0.0505,54.30830723741423,0.4297499999999999,0.1400543478261227,0.8881715099350067,0.5194836956521129,0.6536286938425974,0.1207779834512621,0.0540841079782694,21.75,0.43,27.48,0.52,3.179,13.47,0.14,50.37,0.5,11.53,0.58,55.38,2.1,8.86,0.07,79.35,0.66,0.543941,0.2,0.167697,1.1,4.0,9.0,28.62072964869365,0.7,82.63799313081125,2.2,7.0,0.0,0.0,721.0,25.061,0.055,0.0,30.658436273997825,1.0,63.90723090316767,2.1,34.432614473436814,1.1,73.44631314890161,2.4,1.0,3.0,0.0
chrX-151744493-151744494-C-A,TWJF-5120-11,0,7.356,11.9,11.5,38.44,0.0,448.559,1.9,2.0,2.673,1199.002,4.6,0.215,0.0,8606.825,700.59,13525.08,3591.9,17643.014041559225,6.411875,16661.27608024176,5.99575,46.22467391304348,0.0057173796038257,37.35904891304347,0.0060675977435984,0.0043976195156574,0.0055823996663093,11190.17,11.86,14867.16,15.44,1.571,6040.83,5.5,18547.93,16.0,11172.82,8.3,12183.0,9.0,21624.0,15.0,19165.25,13.0,0.000749,14.0,0.001306,11.0,0.0,10.0,3606.785319173851,6.4,6062.766657073005,12.0,10.0,0.0,0.0,0.0,0.0,0.0,0.0,448.5594390707112,1.9,1199.00225530243,4.6,913.3347884178452,3.6,2310.095850429819,8.4,5.0,3.0,0.0
chr1-244864019-244864020-G-C,mcdb041_new,0,0.3,18.17,0.3,15.18,49.596,47.886,0.028,2.0,1.042,49.918,0.036,0.153,0.0,119.85,229.9,112.2,170.87,47.88577231213706,0.02775,49.917990293974434,0.036375,0.5057608695651794,0.6607742577395419,0.4598913043478063,0.6868786926321673,0.0284957401454448,0.0734892711043357,177.08,0.66,280.68,0.8999999999999999,0.936,84.62,0.13,115.51,0.17,120.68,0.38,108.89,0.34,169.25,0.16,184.37,0.18,0.849658,0.04,0.864213,0.03,4.0,9.0,194.26671306821115,0.3,196.3800481231358,0.3,7.0,0.0,0.0,5478.0,332.862,0.149,1.0,62.11693236200217,0.3,46.04791811814861,0.3,119.02001481841852,0.5,80.652902277398,0.4,1.0,3.0,0.0
chr12-78177209-78177210-A-T,TWJF-5120-04,0,2.4,30.172,18.0,49.02,2.218,510.082,0.68,2.0,25.177,12842.217,6.7,0.264,0.0,1717.324,254.845,13946.862,1334.155,614.451334558788,0.99175,12317.226453111987,5.069500000000003,1.737228260869486,0.2163078031594081,24.57923913043477,0.0091553572915464,0.1768076978623867,0.0397963300347328,4133.48,1.88,5882.87,11.69,8.121,2511.97,2.3,17475.79,15.0,3725.78,8.1,24087.38,35.0,5307.01,2.5,29154.94,20.0,0.174848,0.68,0.002687,6.7,0.0,9.0,922.6778027608818,2.7,4288.484190125121,16.0,9.0,0.0,0.0,100.0,9.642,0.23,0.0,523.0943148415691,4.9,15051.507522823722,33.0,510.08200208455895,4.8,12842.216879133392,32.0,1.0,3.0,0.0
chr3-45095560-45095561-G-C,mcdb045,0,2.15,11.0,1.4,11.0,1.505,256.149,0.341,2.0,0.659,168.731,0.153,0.067,0.0,3123.365,45.935,2180.923,44.725,256.14886323205815,0.6028749999999993,168.73092404371113,0.4802499999999997,0.3412771739129994,0.7599296452157794,0.152717391304364,0.8807689195560885,0.6261134445667267,0.7510221600532532,5375.62,2.25,4497.23,1.16,0.698,8196.11,6.2,5536.58,4.7,2607.06,2.2,1628.34,1.6,3639.67,1.4,3027.22,1.2,0.092461,0.86,0.190178,0.58,0.0,9.0,1276.4951611980568,2.1,1235.7262231072605,2.0,6.0,0.0,0.0,42.0,12.646,0.119,0.0,2309.3512835286747,3.6,1616.1810117351206,2.7,4204.554633255568,5.9,2733.505801749048,4.2,1.0,3.0,0.0
chr8-18075544-18075545-G-T,TWJF-10146-MO011-0029,1,0.05,1.1,0.589,1.36,39.484,7.72,0.02,2.0,5.926,45.75,0.23,0.76,0.0,39.151,97.56,145.14,110.82,39.15117472941604,0.050375,89.04244773645402,0.5891249999999999,0.1369293478260971,0.8904665238154968,0.6467391304347245,0.5845713618311373,0.3770273439586162,0.1068837344646453,18291.43,16.02,10527.86,7.24,3.707,39.151,-1.2165213102213086,145.14,-2.362398140723558,7.72,0.02,45.75,0.23,15.68,0.03,145.14,0.19,0.942443,0.04,0.607665,0.3,26.0,9.0,326.54944676299664,0.5,1109.0025961138124,3.8,1.0,0.0,0.0,746.0,51.748,0.763,0.0,39.151,6.649322011584413,145.14,10.8320748067819,39.151,6.6250476976785615,145.14,10.208074132567818,1.0,3.0,0.0
chr22-41169524-41169525-G-A,mcdb041_new,1,0.02,0.17,0.02,1.5,20.853,4.27,0.0,2.0,1.276,5.45,0.0,0.061,0.0,13.615,11.085,14.915,26.37,20.5441388879663,0.00025,19.69968579104965,0.0,0.0011141304347574,0.990328343199302,0.0008423913043174,0.9916946500206202,0.9159957244992256,0.947907455265522,5.53,0.02,6.35,0.02,1.095,7.03,0.02,7.28,0.02,8.43,0.03,10.13,0.06,4.27,0.02,5.45,0.02,0.993426,0.01,0.996261,0.01,8.0,9.0,74.9702625427557,0.2,57.20246994839306,0.2,4.0,0.0,0.0,2447.0,270.821,0.077,0.0,28.604212780317265,0.3,34.4691044463246,0.3,18.800525995719376,0.2,25.83271187043238,0.2,1.0,3.0,0.0
chr17-39605533-39605534-C-T,TWJF-10146-MO011-0021,0,0.06,5.24,4.05,2.6,0.0,2.33,0.01,2.0,2053.361,4784.33,0.68,0.069,0.0,9.202,43.36,1324.305,23.13,26.689143777846592,0.011125,3557.9810090562187,2.475750000000001,0.2556793478260744,0.8144912297008604,8.545326086956507,0.0282848460800709,0.0977129008388146,0.0231915611657314,2.33,0.0699999999999999,4784.33,8.51,143.922,4.38,0.03,2023.45,2.5,5.35,0.05,784.45,4.8,7.86,0.02,605.05,2.1,0.953674,0.01,0.218276,0.68,6.0,9.0,306.0237497348042,0.2,1864.1597343160688,3.3,9.0,0.0,0.0,6.0,0.004,0.0,0.0,10.543140644403168,0.2,466.62714573966554,6.1,14.771003464386355,0.3,570.702795659014,7.1,1.0,3.0,0.0
chr10-42830383-42830394-GCGGAGACCGGC-G,TWJF-10146-MO011-0029,0,33.785,34.46,21.5,79.5,5.765,168.89,2.1,2.0,1.12,189.16,0.6,0.15,0.0,14055.669,2030.71,4664.775,8326.44,30574.707933726968,42.57025,22124.554250714275,12.77775,99.28660326086955,0.0033161945583256,62.74467391304348,0.0045576481116079,0.0007170095659603,0.0021349601447582,168.89,21.74,189.16,23.64,0.332,22956.84,9.3,5480.85,0.68,34423.54,56.0,23571.74,28.0,45586.49,76.0,40716.85,43.0,9e-06,45.0,7.2e-05,23.0,0.0,9.0,5154.497145169031,25.0,3848.700473704344,20.0,6.0,0.0,0.0,1024.0,47.256,0.122,0.0,256.54290014101906,3.3,234.50926202408533,2.9,198.61863825144167,2.1,86.9000447314361,0.6,1.0,0.0,0.0
chr1-155023915-155023916-G-C,mcdb041_new,0,3.03,14.95,2.469,12.84,0.173,2122.613,1.1,2.0,0.947,2010.833,0.88,0.198,0.0,4186.064,402.085,2724.895,303.475,6996.160972864135,2.2355,8272.58671154224,2.438124999999999,3.0595108695651447,0.0933838271937821,5.671874999999957,0.0444165357098012,0.5660020597279072,0.3871153332293033,5285.2,2.06,4770.32,1.37,0.651,3583.83,3.5,1455.44,1.8,4676.23,3.0,3361.84,2.5,5702.75,1.9,4785.04,1.7,0.065301,1.1,0.088733,0.88,2.0,9.0,2122.6127229763083,4.1,2010.8325794908649,3.8,7.0,0.0,0.0,22.0,1.269,0.136,0.0,2763.6942820251697,4.2,1696.2505441982455,2.8,3695.8981958772497,5.4,2087.949545993139,3.2,1.0,3.0,0.0
chr20-63563894-63563896-CC-TA,mcdb046,0,1.65,1.1,3.55,18.0,14.305910252111069,135.925,0.51,2.0,10.668,1450.012,1.548,0.143,0.0,601.376,16.615,2203.302,311.605,135.92508355363128,0.509625,1450.012020662915,1.547874999999999,0.91285326086944,0.4591163597310931,4.047907608695596,0.0655645170731004,0.0801478177309036,0.0254303514957427,5414.0,2.01,5646.86,69.14,3.664,438.25,1.5,2980.45,5.5,497.98,1.8,3167.62,3.7,541.51,0.97,2762.99,2.8,0.31843,0.62,0.080377,1.7,2.0,9.0,666.9311044693874,2.0,953.1186832043844,3.0,3.0,0.0,0.0,625.834201267902,63.718,0.1606522334070079,0.0,763.4841051830989,2.5,1643.6146363905546,3.9,661.2413440985416,2.3,1378.3515533004058,3.4,1.0,3.0,0.0
chr19-3959985-3959986-T-C,mcdb041_new,0,20.648,13.0,15.708,17.03,9.035,5154.497,5.5,2.0,0.788,4062.646,4.4,0.196,0.0,16199.373,572.2,12510.464,640.47,24530.914638856768,15.295000000000002,22960.915255201216,12.416125,46.22467391304348,0.0055291763197737,27.61739130434782,0.0088447957898804,0.0853701904416084,0.2009352147579193,20723.96,14.35,14360.85,8.98,0.772,34750.98,37.0,29687.81,27.0,8664.37,8.7,4358.65,5.5,18064.66,12.0,11796.71,6.3,6.1e-05,26.0,0.000142,19.0,0.0,11.0,5154.497145169031,5.5,4062.6458292605503,4.4,10.0,0.0,0.0,3.0,27.133,0.333,0.0,14334.08580951221,51.0,13224.218002240514,47.0,9569.957299749833,34.0,8768.190967623414,31.0,3.0,3.0,0.0
chr1-2479949-2479950-T-A,TWJF-10146-MO011-0024,0,1.485,1.72,1.45,3.5,0.083,10.747,0.29,2.0,1.112,11.947,0.22,0.275,0.0,565.508,456.91,475.67,910.26,261.23913264828246,0.925499999999999,248.98966974219408,0.9039999999999992,1.4691847826085933,0.2726961627531559,1.2591847826085996,0.3308355657462001,0.0285756103694438,0.0935615636408329,664.34,7.8,1596.16,12.27,0.841,809.18,0.29,514.0,0.22,719.41,1.3,437.34,0.86,16571.8,5.0,14726.32,4.2,0.019521,2.1,0.017688,2.2,4.0,9.0,466.6754581007161,1.0,531.3768163911138,1.3,7.0,0.0,0.0,31.0,0.857,0.097,0.0,12.872710431110464,1.8,11.420102450183425,1.6,10.74657316980153,1.5,11.947306352421457,1.7,1.0,3.0,0.0
chr14-95457223-95457224-C-A,TWJF-5120-06,0,1.373,3.66,1.285,1.93,0.932,32.96,0.27,2.0,2.214,72.96,0.57,0.123,0.0,207.6,128.76,183.312,60.47,717.3435319743927,1.4467499999999984,195.4262536486605,0.7795,2.012282608695557,0.1742611289705749,1.1706249999998732,0.3587771233307164,0.143451128154993,0.062031727284193,32.96,0.4499999999999999,72.96,0.86,0.883,383.99,1.8,1174.23,3.5,75.79,0.27,120.03,0.57,257.62,0.85,609.31,1.6,0.115483,1.3,0.100028,1.4,3.0,11.0,427.97973197836103,0.3,625.0102685141759,0.5,7.0,5.0,0.0,109.0,12.767,0.073,0.0,148.97040552577107,1.6,142.9223011386095,1.6,157.57960227439236,1.7,171.1985176702857,1.9,1.0,3.0,2.0
chr13-51973942-51973943-A-G,TWJF-10146-MO011-0021,0,0.49,0.29,0.381,0.71,7.842,55.007,0.14,2.0,1.01,55.566,0.13,0.074,0.0,375.81,13.59,343.3,26.91,55.00656073430349,0.2025,55.566442721331,0.2025,0.4901902173912731,0.6697509982876894,0.3806249999999807,0.7357977047523431,0.0779499009950086,0.1703766966238618,624.23,5.1,2638.04,11.28,0.913,375.81,0.7487590525437042,343.3,0.4344825321490022,375.81,3.0,343.3,2.9,61.35,0.14,54.19,0.13,0.295613,0.24,0.299562,0.23,7.0,9.0,828.0572666536243,1.2,846.1713421466491,1.3,3.0,0.0,0.0,1013.0,51.593,0.152,0.0,375.81,6.4062923281140165,343.3,6.199085781660903,375.81,6.3650979282322995,343.3,6.276039558251999,1.0,3.0,0.0
chr6-109979403-109979404-G-A,JLF-100-042,0,2.05,0.08,1.9,0.05,0.0,95.034,0.072,2.0,0.854,81.172,0.06,0.327,0.0,402.159,6.74,324.54,5.48,95.03401867,0.4809999999999999,81.17190328819053,0.4143749999999998,0.07173913,0.9335572474024292,0.06013587,0.9412250075592932,0.7751322537660599,0.7688167840242386,1152.79,3.03,1381.44,3.25,0.807,373.23,1.8,325.78,1.7,317.83,2.3,276.13,2.1,461.69,1.4,323.3,0.98,0.123556,1.3,0.180405,0.95,4.0,10.0,2443.1907368579537,3.5,2032.7074694949488,2.9,4.0,0.0,0.0,0.0,0.0,0.0,0.0,422.52265490576866,3.1,334.07963307973654,2.7,381.79479203656115,2.9,296.36710646223196,2.4,2.0,3.0,0.0
chr8-144442302-144442303-C-G,TWJF-10146-MD017-0016,0,1.179,25.0,0.766,31.0,10.787,159.283,0.59,2.0,0.49,77.98,0.31,0.166,0.0,641.2,249.17,325.33,362.53,159.28330339425514,0.8213749999999997,77.97986614605601,0.3827499999999998,1.1791847826086013,0.3554030686110639,0.7659510869564059,0.525811679355854,0.0017350651323795,0.0031307153403759,17815.28,35.89,4008.34,14.07,0.507,641.2,-0.0976648964391304,325.33,-2.0093957262947626,414.93,3.1,247.39,2.5,641.2,0.64,325.33,0.43,0.111116,0.59,0.225048,0.31,1.0,9.0,1550.9601273084331,3.9,1376.930319032567,3.2,4.0,5.0,0.0,692.0,38.943,0.277,0.0,641.2,7.023800967147099,325.33,7.6836965466226275,641.2,8.521429528340807,325.33,8.220910312790704,1.0,3.0,1.0
chr12-57613484-57613485-G-A,mcdb041_new,0,0.874,7.5,0.998,10.52,0.711,48.637,0.03,2.0,0.903,43.899,0.014,0.09,0.0,806.198,433.04,642.965,612.98,48.63679505988249,0.0299999999999999,43.89859462210881,0.014125,0.5470923913043038,0.6375745354780638,0.5057608695651794,0.6607987891703367,0.0039692185819149,0.0046593472361564,1282.69,2.3,640.3,1.49,0.798,853.0,1.2,1296.13,1.6,2403.86,2.8,1682.07,2.3,605.97,0.44,313.27,0.27,0.829449,0.04,0.914669,0.02,1.0,9.0,759.396537558375,2.4,645.6305357438321,2.0,4.0,0.0,0.0,154.0,4.558,0.156,0.0,128.88726262075062,0.5,121.95791751846654,0.5,1003.737153659918,3.8,782.7444554749139,2.8,1.0,3.0,0.0
chr4-44622456-44622457-C-A,mcdb045,0,0.155,5.1,0.212,28.0,0.0,15.7,0.01,2.0,1.215,19.08,0.02,0.082,0.0,120.453,29.885,90.505,86.65,107.88113659400308,0.3278749999999998,69.13100050069876,0.193125,0.7659510869564059,0.5259907362468949,0.579510869565155,0.618891892703821,0.0924432687461376,0.0778911150991916,1143.05,0.08,3668.92,0.25,0.751,51.69,0.09,56.66,0.1,15.7,0.01,19.08,0.02,66.11,0.11,64.54,0.1,0.688186,0.11,0.444394,0.23,8.0,11.0,133.02535970953303,0.2,111.87960435600128,0.1,4.0,0.0,0.0,0.0,0.433,0.0,0.0,5261.141712770027,17.0,2931.4331854667803,6.1,2109.1623001082926,3.5,2000.3684675208935,3.2,5.0,3.0,0.0
chr8-89772785-89772786-A-C,TWJF-5120-06,1,0.18,3.29,0.22,4.98,6.702,16.75,0.06,2.0,0.878,14.71,0.22,0.205,0.0,101.976,66.72,152.24,100.57,80.81110506270925,0.3616249999999999,166.40917546333705,0.7908750000000002,0.1898369565217166,0.8562748923343014,0.3914402173912776,0.729717084644818,0.4881306253373623,0.4627334214746952,595.21,0.06,1627.21,0.22,1.493,42.64,0.15,57.95,0.21,16.75,0.11,14.71,0.07,123.14,0.21,138.07,0.22,0.846236,0.17,0.724696,0.27,4.0,8.0,180.09663654414555,0.2,186.03836416012683,0.2,6.0,0.0,0.0,321.0,21.759,0.308,0.0,101.976,6.093908188965936,152.24,6.080255851683309,101.976,5.69747498796402,152.24,5.436319952589136,1.0,3.0,0.0
chr6-33069703-33069704-C-G,TWJF-10146-MO011-0026,0,2.17,0.4,1.87,1.48,0.296,1133.262,1.7,2.0,0.797,902.926,1.4,0.075,0.0,2063.165,18.62,2157.104,34.92,10265.13865760605,2.0394999999999968,1786.0984413884908,1.0239999999999985,7.778097826086963,0.0315430282174481,1.8393206521738392,0.1998963962555685,0.3458457812666893,0.4415982589125633,1590.24,1.7399999999999998,3696.23,2.69,1.046,2536.09,2.5,2528.11,2.5,1369.5,1.7,907.82,1.4,6202.17,2.3,4840.86,1.9,0.010421,2.8,0.016042,2.3,0.0,11.0,1133.2624602040687,1.7,902.925945728536,1.3,11.0,0.0,0.0,5509.0,296.37,0.001,0.0,2063.165,3.082896673270716,2157.104,4.783113738389528,2063.165,3.286607726032434,2157.104,5.060753460764691,6.0,3.0,0.0
chr2-9993240-9993241-A-G,mcdb048,0,9.849,8.8,8.7,4.3,0.0,5529.04,2.24,2.0,1.0,5529.82,2.323,0.08,0.0,10791.316,660.955,11315.128,442.05,10791.315772558426,2.240375,11315.12831778109,2.32325,9.849456521739114,0.0249187475763426,17.305597826086952,0.0131822568540148,0.2910165986977517,0.120680215768516,5529.04,98.24,5529.82,98.27,1.049,10791.316,9.160520341342298,11315.128,5.666205779435836,18462.73,10.0,17638.79,9.2,25702.69,13.0,23186.75,8.7,0.00311,5.1,0.005569,3.6,2.0,10.0,5869.132896433324,4.9,6262.788760577156,5.4,5.0,0.0,0.0,0.0,7.395,0.0,0.0,10791.316,9.142797685739431,11315.128,7.935664839675687,10791.316,7.473025861941614,11315.128,7.776200545062947,1.0,3.0,0.0
chr7-150996872-150996873-C-A,JLF-100-042,0,4.296,70.0,3.0,44.0,0.0,696.429,0.6,2.0,1.056,735.143,0.6,0.189,0.0,1558.397,1155.935,884.205,377.625,1742.2061043713695,2.06625,456.9114764209708,1.1811249999999989,4.391929347826036,0.059714629,1.425407608695565,0.2837331296881711,0.047651954,0.1975931087508797,3931.0,5.050000000000001,2351.64,4.01,0.567,4985.34,7.5,3228.44,6.0,1461.36,4.2,883.6,3.4,1420.19,2.4,721.85,1.7,0.019543,3.2,0.03192,2.6,0.0,10.0,696.4290085710637,0.6,735.1427907623246,0.6,8.0,0.0,0.0,7.0,7.632,0.0,0.0,1461.6722435554334,6.0,884.8099545173616,4.7,1655.1219565955337,6.4,1039.5131796952785,5.1,1.0,3.0,0.0
chr14-64070737-64070738-G-C,TWJF-10146-MO011-0021,0,2.065,8.41,1.81,13.18,16.146,82.963,0.2,2.0,1.026,85.113,0.23,0.06,0.0,370.154,74.15,207.085,136.8,82.96255352353637,0.5972499999999996,85.11313177443914,0.6128749999999997,0.6911141304346842,0.56246018396056,0.7247282608694405,0.5462007993199438,0.0619127341778948,0.0503354545217007,223.83,1.93,221.43,1.92,0.559,269.24,1.7,124.92,0.97,659.75,7.5,226.04,4.7,399.61,2.2,267.33,1.7,0.550012,0.2,0.521125,0.23,3.0,9.0,784.45046119223,13.0,759.396537558375,13.0,8.0,0.0,0.0,1503.0,148.126,0.109,0.0,378.9221562626966,9.2,175.61030613977928,5.2,361.38489819299946,8.9,192.73917690856783,5.5,1.0,3.0,0.0
chr4-99652412-99652413-G-A,JLF-100-042,0,5.165,3.4,3.7,0.98,0.0,35.82,1.256,2.0,3.104,111.17,0.461,0.249,0.0,613.634,50.41,396.345,76.245,187.9777815010093,1.3223750000000003,76.77537241833974,0.461,1.256114130434682,0.3315434842770489,0.6095380434781958,0.6026265199409953,0.017295442,0.087345172,35.82,5.83,111.17,13.16,0.646,2586.16,1.6,2609.4,1.6,1039.29,6.9,681.52,5.4,4599.45,3.6,2266.11,2.0,0.003575,4.5,0.077986,0.66,3.0,9.0,7131.081559054952,21.0,6399.789706012268,18.0,5.0,5.0,1.0,0.0,0.012,0.0,0.0,58.37272932134044,80.0,57.30730694,79.0,53.38632180549765,76.0,69.73165936677917,88.0,1.0,3.0,1.0
