ID,patient_id,Evaluation,%ile MT class1,%ile MT class2,%ile WT class1,%ile WT class2,Allele Expr,Best MT IC50 Score,Best MT Percentile,Biotype,Corresponding Fold Change,Corresponding WT IC50 Score,Corresponding WT Percentile,DNA VAF,Gene of Interest,IC50 MT class1,IC50 MT class2,IC50 WT class1,IC50 WT class2,MHCflurry MT IC50 Score,MHCflurry MT Percentile,MHCflurry WT IC50 Score,MHCflurry WT Percentile,MHCflurryEL Presentation MT Percentile,MHCflurryEL Presentation MT Score,MHCflurryEL Presentation WT Percentile,MHCflurryEL Presentation WT Score,MHCflurryEL Processing MT Score,MHCflurryEL Processing WT Score,MHCnuggetsI MT IC50 Score,MHCnuggetsI MT Percentile,MHCnuggetsI WT IC50 Score,MHCnuggetsI WT Percentile,Median Fold Change,NetMHC MT IC50 Score,NetMHC MT Percentile,NetMHC WT IC50 Score,NetMHC WT Percentile,NetMHCcons MT IC50 Score,NetMHCcons MT Percentile,NetMHCcons WT IC50 Score,NetMHCcons WT Percentile,NetMHCpan MT IC50 Score,NetMHCpan MT Percentile,NetMHCpan WT IC50 Score,NetMHCpan WT Percentile,NetMHCpanEL MT IC50 Score,NetMHCpanEL MT Percentile,NetMHCpanEL WT IC50 Score,NetMHCpanEL WT Percentile,Num Passing Peptides,Peptide Length,PickPocket MT IC50 Score,PickPocket MT Percentile,PickPocket WT IC50 Score,PickPocket WT Percentile,Pos,Prob Pos,Prob match,RNA Depth,RNA Expr,RNA VAF,Ref Match,SMM MT IC50 Score,SMM MT Percentile,SMM WT IC50 Score,SMM WT Percentile,SMMPMBEC MT IC50 Score,SMMPMBEC MT Percentile,SMMPMBEC WT IC50 Score,SMMPMBEC WT Percentile,TSL,Variant Type,cysteine_count
chr1-11833944-11833945-G-A,TWJF-5120-04,Accept,3.051,9.602,7.35,17.38,5.552,341.326,0.26,2.0,5.675,1937.18,1.3,0.298,0.0,1522.761,42.93,4826.556,75.19,685.830680854402,1.871,739.040276459037,1.945125,1.86442934782602,0.195231751242213,2.37850543478253,0.135586101539451,0.170504830777645,0.0677678622305393,27025.29,17.32,31945.66,33.66,3.17,10615.98,3.1,18074.05,6.7,2054.82,3.0,6539.79,8.0,1240.9,0.26,4663.24,1.3,0.040142,0.52,0.008741,1.6,2.0,9.0,1804.62185661009,4.6,4989.871863861,17.0,2.0,0.0,0.0,218.0,15.729,0.353,0.0,341.32649413602,15.0,1937.1801042991,46.0,882.409144306058,29.0,2408.07495015789,51.0,1.0,3.0,0.0
chr1-159440212-159440213-G-A,TWJF-5120-04,Pending,0.36,2.0,0.482,1.8,0.0,14.01,0.04,2.0,3.717,52.07,0.22,0.212,0.0,115.346,8.105,165.07,6.995,106.368734518066,0.19675,225.016677674887,0.464875,0.751385869565098,0.53343029184562,1.06298913043464,0.398207803661068,0.0970079191029071,0.148147854954004,14.01,0.04,52.07,0.22,1.431,52.75,0.15,70.48,0.18,98.79,0.47,108.31,0.5,124.34,0.15,171.45,0.2,0.38874,0.25,0.312129,0.33,10.0,9.0,2751.98487817332,8.6,3066.44897989438,9.8,8.0,0.0,0.0,0.0,0.01,0.0,0.0,124.322575926064,0.5,158.690160723423,0.6,151.053224327085,0.6,173.432306549923,0.6,6.0,3.0,0.0
chr11-124038758-124038759-C-A,TWJF-5120-04,Pending,2.141,3.301,1.5,6.0,0.0,96.868,0.489,2.0,0.619,59.949,0.293,0.139,0.0,621.645,12.035,405.213,18.665,96.8675835643909,0.4895,59.9493883255507,0.293,0.629483695652098,0.592920363231879,0.475326086956485,0.678567006801073,0.13975477963686,0.11291703954339,614.55,2.38,596.22,2.35,0.652,729.97,2.7,377.79,1.8,618.28,2.8,257.38,2.0,319.89,0.97,162.09,0.64,0.272516,0.65,0.303161,0.59,2.0,9.0,625.010268514176,1.9,432.635519663766,1.2,1.0,0.0,0.0,0.0,0.0,0.0,0.0,783.971003749199,3.6,466.981848557838,2.5,845.337236971097,3.7,540.791678221061,2.8,6.0,3.0,0.0
chr12-25245349-25245350-C-T,TWJF-5120-04,Accept,1.3,16.0,0.94,9.1,7.439,81.565,0.35,2.0,0.678,55.326,0.18,0.184,1.0,179.625,59.25,123.766,44.7,81.564573794462,0.41875,55.3261041760184,0.26125,0.669211956521664,0.573319723537239,0.413396739130434,0.715147814530708,0.0697554238140583,0.139871384948492,207.82,1.51,211.63,1.52,0.689,368.19,1.8,154.38,0.88,187.05,1.8,120.68,1.5,172.2,0.66,83.45,0.4,0.450869,0.35,0.638055,0.18,3.0,9.0,810.330961006521,2.6,625.010268514176,1.9,5.0,0.0,0.0,569.0,21.814,0.341,0.0,155.704082590184,1.3,126.852783125758,1.2,148.603829063009,1.3,112.2095963268,1.0,1.0,3.0,0.0
chr12-78177209-78177210-A-T,TWJF-5120-04,Reject,2.4,30.172,18.0,49.02,2.218,510.082,0.68,2.0,25.177,12842.217,6.7,0.264,0.0,1717.324,254.845,13946.862,1334.155,614.451334558788,0.99175,12317.226453112,5.0695,1.73722826086949,0.216307803159408,24.5792391304348,0.0091553572915464,0.176807697862387,0.0397963300347328,4133.48,1.88,5882.87,11.69,8.121,2511.97,2.3,17475.79,15.0,3725.78,8.1,24087.38,35.0,5307.01,2.5,29154.94,20.0,0.174848,0.68,0.002687,6.7,0.0,9.0,922.677802760882,2.7,4288.48419012512,16.0,9.0,0.0,0.0,100.0,9.642,0.23,0.0,523.094314841569,4.9,15051.5075228237,33.0,510.082002084559,4.8,12842.2168791334,32.0,1.0,3.0,0.0
chr13-23324425-23324426-C-G,TWJF-5120-04,Pending,0.43,14.289,21.5,17.08,0.0,12.755,0.03,2.0,119.399,1522.895,3.9,0.124,0.0,263.015,865.94,16006.702,1076.11,52.3363565026574,0.123125,7037.44356752624,6.4205,0.514374999999959,0.655745430837838,11.1157880434782,0.0214674880914177,0.0465763956308364,0.1305181235075,35973.75,62.96,35689.6,60.22,60.859,282.21,0.09,18502.23,7.0,243.82,0.46,17130.58,23.0,620.68,0.14,26790.77,20.0,0.340864,0.03,0.001969,3.9,2.0,9.0,359.94793166265,0.4,14882.8246136173,48.0,2.0,0.0,0.0,4.0,0.078,0.0,0.0,26.0717390104213,1.4,3091.50533289281,56.0,12.7546927124986,0.6,1522.89513748205,40.0,1.0,3.0,0.0
chr14-104948557-104948558-G-A,TWJF-5120-04,Accept,0.451,29.0,0.535,34.0,256.27,39.854,0.039,2.0,0.92,36.673,0.021,0.289,0.0,522.255,197.15,654.37,222.945,39.8537165706477,0.038625,36.6726803131061,0.021375,0.231875000000002,0.82956177497149,0.152717391304364,0.880305085612167,0.236920859664678,0.330754932016134,26366.46,15.98,27940.61,19.43,1.253,727.82,0.19,1036.96,0.26,352.24,0.67,474.31,0.81,692.27,0.15,834.43,0.18,0.28072,0.05,0.330855,0.04,1.0,9.0,1158.05301827804,2.4,1039.29477233106,1.9,1.0,0.0,0.0,5120.0,361.453,0.709,0.0,212.897224665721,9.7,188.005259957193,8.9,186.496205514249,8.8,195.735680469867,9.2,5.0,3.0,0.0
chr16-57382162-57382163-G-A,TWJF-5120-04,Accept,0.155,27.0,8.0,38.0,11.301,8.91,0.002,2.0,1424.3,12690.51,4.73,0.24,0.0,20.82,183.795,7295.689,249.6,23.9682036163443,0.0126249999999999,9988.49506834538,4.73,0.0020652173913049,0.987157838035722,8.83929347826086,0.0278275813783769,0.877273514866829,0.301842007786035,20.89,0.26,3969.28,5.07,350.413,26.15,0.14,15776.58,17.0,17.21,0.17,15290.89,16.0,8.91,0.02,12690.51,8.8,0.980551,0.01,0.010085,4.1,5.0,9.0,108.306372899854,0.2,1785.20149967003,6.2,9.0,0.0,0.0,964.0,26.653,0.424,0.0,17.918431880502,0.3,2525.22453344769,7.2,20.750568523535,0.3,4602.88368077245,12.0,1.0,3.0,0.0
chr16-74467835-74467836-G-A,TWJF-5120-04,Reject,5.027,1.78,2.95,1.34,42.922,411.244,1.957,2.0,0.92,378.53,1.284,0.198,0.0,2893.355,222.72,1276.73,188.09,1529.84757877182,1.957125,548.053500986129,1.28375,4.45459239130432,0.0586274696927737,1.9055434782608,0.190097297169796,0.0064466595649719,0.0996072925627231,443.19,2.09,185.47,1.43,0.441,9625.64,12.0,4270.15,6.9,1989.19,3.7,1103.02,3.0,6501.34,5.6,1942.25,2.9,0.003258,6.4,0.0909,1.5,0.0,11.0,7775.83727608344,13.0,4778.52115918281,6.9,1.0,1.0,1.0,2596.0,139.811,0.307,0.0,411.244402726608,4.1,378.529734375596,3.8,3797.51938971333,26.0,1450.440774305,13.0,1.0,3.0,2.0
chr17-7674229-7674230-C-T,TWJF-5120-04,Accept,0.165,4.102,0.75,4.12,36.197,23.96,0.077,2.0,3.154,75.56,0.426,0.295,1.0,136.265,251.5,685.065,252.51,63.3209177509089,0.077,205.267022309828,0.426125,0.244565217391283,0.820909717580352,0.929673913043359,0.452286253012693,0.347073707729578,0.185531854629517,23.96,0.09,75.56,0.33,5.027,82.52,0.21,402.59,0.72,176.24,0.08,784.45,0.5,96.29,0.12,886.75,0.78,0.61866,0.09,0.180283,0.65,8.0,8.0,1844.09866318303,0.9,2693.07285958329,1.8,1.0,0.0,0.0,1434.0,58.953,0.614,0.0,1273.59105453143,8.8,1270.66187638984,8.8,784.62113074783,6.0,585.67946886902,4.6,1.0,3.0,0.0
chr18-51065548-51065549-G-A,TWJF-5120-04,Reject,1.33,9.5,1.5,9.4,25.916,110.173,0.052,2.0,1.421,156.559,0.079,0.317,1.0,1871.495,1679.84,2086.503,1654.15,110.172810184625,0.327,156.559406607036,0.44025,0.0523369565217564,0.946170829146541,0.0794021739130386,0.92813814350587,0.879008278250694,0.888376705348492,5876.21,11.59,5850.77,11.17,1.115,6037.57,4.5,4761.49,3.7,534.26,1.9,487.32,1.8,3208.73,1.8,4460.12,2.2,0.128594,0.86,0.086613,1.2,0.0,10.0,3380.0760613847,4.3,3685.68515399165,4.8,9.0,0.0,0.0,1120.0,52.462,0.494,0.0,227.45736305362,0.4,171.356269968644,0.3,354.935958602464,0.6,295.903430431807,0.5,5.0,3.0,0.0
chr19-12353010-12353011-G-T,TWJF-5120-04,Reject,0.81,0.66,1.55,0.7,1.112,310.178,0.17,2.0,2.56,794.121,0.24,0.263,0.0,867.71,215.54,1173.65,159.725,310.177791957385,1.15025,794.121059269574,2.02875,0.316766304347794,0.775443488569408,1.0704619565216,0.395120914682107,0.703249726444483,0.490712352097034,1792.71,0.34,1260.45,0.23,1.353,631.41,0.17,967.37,0.24,874.09,1.6,3254.47,4.2,2088.83,0.46,3446.66,0.85,0.045688,0.47,0.035256,0.6,1.0,9.0,2390.88910567882,6.6,2664.09147713626,7.6,5.0,0.0,0.0,16.0,3.563,0.312,1.0,861.330845090449,29.0,1086.85097672738,33.0,449.438218098239,19.0,599.335496267296,23.0,2.0,3.0,0.0
chr19-30445503-30445504-G-A,TWJF-5120-04,Pending,0.203,27.0,0.566,17.0,0.0,12.68,0.02,2.0,3.771,47.82,0.1,0.225,0.0,21.126,84.405,87.355,73.225,29.2320621018128,0.05,38.1200190056001,0.1255,0.295978260869518,0.788099198076412,0.42125,0.710681027785195,0.0757935047149658,0.0314357988536357,41.87,0.55,119.39,1.14,4.135,13.25,0.04,55.32,0.34,15.87,0.11,53.61,0.71,12.68,0.05,47.82,0.23,0.889118,0.02,0.747991,0.1,8.0,9.0,184.036320672013,0.4,759.396537558375,2.4,3.0,0.0,0.0,2.0,0.214,0.0,0.0,19.9664106949792,0.3,124.824547392454,1.2,22.2858908943381,0.3,130.325680113347,1.2,1.0,3.0,0.0
chr19-30549358-30549359-G-A,TWJF-5120-04,Pending,0.91,17.0,0.705,18.84,0.0,84.11,0.572,2.0,0.865,72.753,0.135,0.2,0.0,149.3,147.145,96.946,91.835,167.260505578833,0.707125,99.9117609368622,0.49975,0.572255434782562,0.623461368115313,0.135353260869579,0.891755922850245,0.325947910547256,0.637986589223146,131.34,1.2,57.52,0.72,0.649,94.14,0.59,93.98,0.59,212.98,1.9,142.72,1.5,243.01,0.82,185.95,0.69,0.281611,0.63,0.363381,0.48,2.0,10.0,4288.48419012512,6.4,3646.02181898492,5.3,7.0,0.0,0.0,2.0,0.214,0.0,0.0,84.1104584239002,1.0,72.7528481701903,0.9,97.6854766598821,1.0,74.4440513468234,0.9,1.0,3.0,0.0
chr19-37635217-37635218-C-G,TWJF-5120-04,Pending,9.797,0.07,21.0,0.03,4.688,2341.963,2.972,2.0,7.112,16656.356,3.622,0.18,0.0,5724.122,15.58,16638.35,11.26,5905.9044387511,2.97175,8077.30072528681,3.621875,14.2770380434783,0.0163347464713853,18.6179891304348,0.0121871326895816,0.0036862641572952,0.0056687369942665,5542.34,7.54,6156.4,18.15,2.907,8030.55,5.7,21041.47,19.0,11052.58,17.0,23828.16,34.0,20288.05,9.8,30540.13,23.0,0.005274,4.9,0.001443,8.6,0.0,9.0,2842.77804823565,9.8,7366.34938550802,24.0,3.0,2.0,0.0,302.0,15.89,0.295,1.0,2341.9628409359,14.0,16656.3562094756,35.0,2550.58616712479,14.0,16620.3436799733,35.0,1.0,3.0,2.0
chr19-46648819-46648820-C-T,TWJF-5120-04,Pending,6.301,54.0,13.1,44.0,0.0,166.79,1.8,2.0,2.661,443.782,4.0,0.306,0.0,7102.305,462.1,8189.323,286.105,1389.50923174925,2.71375,1569.77098927964,2.884375,3.94624999999994,0.0675387428876774,4.39192934782604,0.0594380418582948,0.0227118134498596,0.0176435858011245,33921.83,45.42,34743.72,51.78,1.153,13933.32,4.5,20275.99,8.2,16053.81,22.0,19932.31,27.0,12815.1,4.6,14741.47,5.7,0.00017,14.0,8.6e-05,18.0,0.0,9.0,953.118683204384,1.8,1637.17642763048,4.0,8.0,7.0,0.0,54.0,3.589,0.0,0.0,166.789996665784,8.0,443.782323852411,19.0,307.376032090797,14.0,823.512128986221,28.0,1.0,3.0,1.0
chr2-209817035-209817036-C-T,TWJF-5120-04,Reject,0.061,0.24,0.164,0.15,0.0,5.44,0.01,2.0,2.167,11.79,0.02,0.209,0.0,15.242,28.3,32.265,22.05,29.1944670896235,0.02125,33.8648482216765,0.03975,0.0165760869565616,0.972120434370842,0.1272282608696,0.896001115310991,0.708000428974628,0.353610623627901,2570.56,0.42,2815.42,0.54,2.117,7.71,0.02,16.07,0.05,5.44,0.1,11.79,0.26,5.98,0.02,18.21,0.05,0.973402,0.01,0.947306,0.02,3.0,9.0,54.77960566194,0.2,82.6379931308113,0.2,3.0,0.0,0.0,51.0,1.418,0.0,0.0,16.2397747063683,0.4,36.1892847719019,0.6,14.2442635344725,0.3,30.6647903616128,0.6,5.0,3.0,0.0
chr2-219477924-219477925-G-A,TWJF-5120-04,Pending,2.809,0.02,3.45,1.24,0.0,213.86,0.7,2.0,1.14,243.86,0.7,0.197,0.0,820.804,7.57,774.193,65.61,4602.52159545682,3.1155,7638.49525958006,4.01225,3.89864130434776,0.0686103573359717,4.39192934782604,0.0592435950727371,0.356288306415081,0.451053522527218,213.86,1.52,243.86,1.62,0.943,1881.75,4.5,1258.24,3.6,405.44,2.5,340.99,2.3,873.95,1.9,1003.87,2.0,0.035708,2.5,0.018841,3.3,2.0,10.0,767.657650839511,0.7,776.008632837805,0.7,5.0,0.0,0.0,25.0,16.614,0.0,0.0,714.249590399296,4.1,704.44971863132,4.1,884.769208451355,4.7,772.378186609445,4.4,5.0,3.0,0.0
chr2-25161160-25161161-T-C,TWJF-5120-04,Pending,0.834,1.08,1.95,1.01,0.0,270.85,0.39,2.0,4.033,1092.32,1.2,0.205,0.0,772.95,58.96,1665.8,55.64,636.609572271025,0.968375,4412.89645559846,2.721375,2.41345108695644,0.132476361004054,10.6558423913043,0.022689727963563,0.0192349851131439,0.0183907002210617,909.29,2.16,2351.48,4.09,2.155,270.85,0.51,1092.32,1.6,361.9,0.39,1067.79,1.2,625.6,0.6,2184.45,1.9,0.191909,0.61,0.054698,1.9,2.0,10.0,1567.83228391243,0.7,3491.59114386168,3.0,2.0,0.0,0.0,43.0,2.101,0.0,0.0,1320.14002948748,2.6,1147.14944674147,2.0,921.55232681078,1.5,994.305862375765,1.7,1.0,3.0,0.0
chr2-25750342-25750343-G-A,TWJF-5120-04,Accept,0.6,11.812,0.61,27.57,38.709,56.17,0.09,2.0,1.306,73.35,0.24,0.174,0.0,157.983,694.91,225.031,2086.35,144.108705399666,0.29475,253.928351297428,0.5115,0.954891304347697,0.440882151571817,1.28616847826078,0.323126057385894,0.0753732770681381,0.0890518091619014,1055.96,2.39,651.0,1.73,1.424,56.17,0.15,73.35,0.19,149.03,0.63,148.23,0.62,515.79,0.51,555.07,0.54,0.615434,0.09,0.394294,0.24,3.0,9.0,1183.38587947348,2.3,984.563865690705,1.6,8.0,0.0,0.0,1623.0,137.753,0.281,0.0,166.935998831921,0.6,196.132696859012,0.7,148.980696392253,0.6,156.001940300831,0.6,1.0,3.0,0.0
chr2-33293191-33293192-G-A,TWJF-5120-04,Pending,10.461,9.133,12.246,10.73,3.353,518.299,4.2,2.0,1.596,827.142,6.3,0.185,0.0,5628.19,527.15,7297.18,625.99,22175.575166143,11.222875,22219.0018402254,11.49175,62.7446739130435,0.0045352792051795,62.7446739130435,0.0045118822358556,0.0013704001903533,0.0004390079211589,5559.8,7.69,5655.94,8.66,1.297,5696.58,4.2,8938.42,6.3,15208.39,22.0,18279.56,25.0,20128.88,9.7,22413.19,13.0,0.000113,23.0,5.7e-05,30.0,0.0,9.0,5154.49714516903,18.0,4989.871863861,18.0,6.0,5.0,0.0,1251.0,51.589,0.065,0.0,518.298557336822,4.9,827.141859696716,6.4,613.253449844711,5.4,990.010954260172,7.2,1.0,3.0,1.0
chr2-55175836-55175837-A-G,TWJF-5120-04,Accept,1.65,6.199,22.0,4.6,2.955,372.045,0.769,2.0,33.721,12545.613,5.172,0.223,0.0,1282.611,26.155,18511.052,19.08,372.044734215001,0.769125,12545.6133762387,5.17175,0.933614130434663,0.450283078315111,27.6173913043478,0.0089852828308962,0.346514269709587,0.0394919663667678,3623.48,1.17,6152.13,18.0,14.432,2499.42,2.3,21428.83,19.0,621.64,2.1,16763.86,20.0,5991.81,2.8,32407.44,26.0,0.06336,1.4,0.000294,17.0,1.0,10.0,1550.96012730843,1.4,17695.7463258507,24.0,2.0,0.0,0.0,133.0,8.927,0.331,0.0,1006.69984095796,1.9,19856.3765474869,26.0,1014.26163880612,1.9,19326.3571048209,26.0,1.0,3.0,0.0
chr20-32157967-32157968-G-A,TWJF-5120-04,Accept,0.21,3.699,0.95,3.4,46.265,15.68,0.04,2.0,11.259,176.54,0.23,0.22,0.0,37.941,16.645,191.78,19.325,276.117324018279,0.5425,1306.17358380397,1.427,0.429538043478246,0.705474033902222,1.8524184782608,0.197924708365047,0.567926094867289,0.352189160883427,50.16,0.22,3292.85,5.19,5.055,15.68,0.05,176.54,0.38,18.87,0.06,155.62,0.66,29.97,0.04,207.02,0.23,0.384967,0.25,0.100445,1.2,6.0,9.0,963.487207450801,1.6,1672.99030017259,4.2,8.0,0.0,0.0,2267.0,108.348,0.427,0.0,36.6058082126292,0.2,174.803450074296,0.7,39.2762485781018,0.2,158.90223291016,0.6,1.0,3.0,0.0
chr20-64105933-64105934-C-T,TWJF-5120-04,Pending,1.2,8.102,1.34,11.0,0.0,52.74,0.44,2.0,0.922,48.63,0.41,0.171,0.0,130.876,19.92,170.05,25.01,1301.96884521635,1.840625,1373.83378248288,1.8795,3.13263586956514,0.0901230846215175,3.15885869565209,0.0895008824115211,0.0933096669614315,0.105908703058958,78.08,0.9,126.87,1.18,1.299,80.14,0.49,75.88,0.47,52.74,0.51,48.63,0.45,93.93,0.44,87.13,0.41,0.08708,1.5,0.092428,1.5,3.0,10.0,874.08813019978,0.8,855.376437201731,0.8,4.0,0.0,0.0,0.0,0.0,0.0,0.0,167.822427987964,1.6,213.230831274732,2.0,179.403123474133,1.7,239.2379101498,2.2,6.0,3.0,0.0
chr22-29310718-29310719-C-G,TWJF-5120-04,Pending,4.949,6.719,6.05,9.36,1.403,442.222,1.9,2.0,1.422,628.985,3.0,0.116,0.0,2403.895,388.49,4111.615,541.72,3020.20229782866,2.089875,7561.60953571282,3.4705,8.01565217391304,0.0308913156424535,18.6179891304348,0.0129523684573158,0.0038761980831623,0.004987359046936,5829.78,10.84,6030.54,14.66,1.71,1816.57,1.9,3521.64,3.0,2416.9,6.6,4701.59,9.3,7585.87,3.3,8992.64,3.9,0.008989,3.9,0.005722,4.7,0.0,9.0,2390.88910567882,8.2,2781.92241107235,9.6,4.0,3.0,0.0,252.0,12.638,0.111,0.0,643.546599739082,5.6,878.172837613093,6.7,442.221649317736,4.3,628.984582113548,5.4,1.0,3.0,2.0
chr22-41877282-41877283-C-T,TWJF-5120-04,Accept,1.25,41.0,2.25,40.0,81.653,87.14,0.21,2.0,4.11,358.11,0.66,0.221,0.0,701.513,337.795,1080.29,319.5,14261.1000657049,6.341,13648.5374979066,6.073875,27.6173913043478,0.0080228386831894,31.6431793478261,0.0076008963149995,0.04238236322999,0.014939360320568,371.93,1.18,338.84,1.1,1.54,87.14,0.21,358.11,0.66,1017.05,1.2,1567.83,1.7,202.43,0.23,550.47,0.53,0.028591,3.1,0.028887,3.1,3.0,10.0,4018.92584890218,3.9,5932.98039812903,6.9,8.0,0.0,0.0,3397.0,194.877,0.419,0.0,842.597177480372,1.3,1408.05623493214,2.8,560.428225443479,0.6,752.523384358175,1.0,1.0,3.0,0.0
chr3-107789801-107789802-A-C,TWJF-5120-04,Accept,0.255,20.0,0.443,19.0,49.478,21.41,0.07,2.0,2.179,46.65,0.1,0.212,0.0,51.907,77.98,102.415,77.555,60.6548453057934,0.300875,71.3943540204523,0.366125,0.191467391304343,0.85569073866957,0.516521739130397,0.655536163908179,0.408022116869688,0.131566226482391,21.41,0.26,46.65,0.61,1.973,43.16,0.25,126.89,0.76,30.87,0.07,42.25,0.1,31.08,0.15,77.94,0.37,0.746489,0.1,0.82302,0.06,6.0,11.0,371.823292618383,0.3,503.393672721951,0.3,10.0,0.0,0.0,962.0,110.195,0.449,0.0,67.0038873807756,0.7,263.087370321467,2.8,393.097244907467,4.0,574.77781884552,5.4,1.0,3.0,0.0
chr3-126988836-126988837-C-T,TWJF-5120-04,Accept,5.984,0.25,23.82,0.13,26.995,525.581,2.3,2.0,11.508,6048.393,12.0,0.211,0.0,3292.233,4.46,11361.119,3.98,16350.6679740502,6.8195,23046.4628393662,12.378875,37.3590489130435,0.0066148733410961,62.7446739130435,0.0044689950650231,0.0249794460833072,0.0077657774090766,5381.89,6.27,6331.44,25.64,3.451,2349.42,2.3,14243.35,12.0,3416.85,7.7,20478.82,29.0,6213.85,2.8,22853.73,13.0,0.007441,4.2,0.000745,12.0,0.0,9.0,3167.61691360185,12.0,8478.88848885099,26.0,1.0,0.0,0.0,906.0,77.349,0.349,0.0,672.326144758215,5.7,8101.77168085262,26.0,525.581415235,4.9,6048.39297074406,22.0,1.0,3.0,0.0
chr3-46579845-46579846-C-T,TWJF-5120-04,Pending,6.102,15.898,5.3,24.18,0.086,449.047,1.17,2.0,0.751,337.08,1.027,0.183,0.0,3565.629,1344.47,3382.834,2275.25,449.046722514073,1.16975,337.080095484147,1.026875,1.96823369565207,0.180351938625246,1.63717391304338,0.235987866760827,0.0266520678997039,0.0437716580927372,6323.18,6.49,3632.14,4.88,0.949,6022.43,8.4,6830.37,9.0,4288.48,5.9,4701.59,6.1,5769.96,5.2,5716.03,5.2,0.015182,3.6,0.021626,3.1,0.0,9.0,2842.77804823565,12.0,3133.52874666195,13.0,8.0,3.0,1.0,6.0,0.512,0.167,0.0,1964.71698660473,6.3,1630.42189928256,5.4,2285.75669240066,6.8,1811.46521988216,5.9,1.0,3.0,2.0
chr5-168371434-168371435-C-T,TWJF-5120-04,Accept,0.55,2.24,10.9,16.07,66.436,53.935,0.02,2.0,48.881,2636.36,2.0,0.147,0.0,239.245,109.99,8208.14,1336.17,53.934750912807,0.044375,2636.36024525227,2.0545,0.031548913043494,0.961608021981911,2.930679347826,0.0998480405957004,0.783007636666298,0.319002252072096,4085.13,6.05,22990.6,33.54,34.309,190.64,0.4,7170.77,7.4,271.69,0.88,9245.51,13.0,298.43,0.32,14985.59,16.0,0.898915,0.02,0.054188,2.0,4.0,9.0,902.925945728536,1.4,9972.94614226821,33.0,9.0,0.0,0.0,1344.0,152.376,0.436,0.0,206.799745522021,0.8,4748.42956110369,12.0,186.264460992539,0.7,4396.73205788,9.8,1.0,3.0,0.0
chr6-138433077-138433078-C-T,TWJF-5120-04,Accept,1.783,12.0,33.0,14.0,0.361,12.64,0.02,2.0,860.336,10874.65,12.0,0.064,0.0,692.772,51.85,30022.3,61.35,1547.91870471581,1.966,31320.3756686551,36.63775,4.5192663043478,0.0576331768722415,99.2866032608696,0.0032495252411847,0.0045377761125564,0.0015732757747173,195.18,1.47,10994.04,9.65,43.336,496.84,2.1,28884.3,35.0,12.64,0.02,10874.65,12.0,592.56,1.6,31160.3,31.0,0.202876,0.88,0.000137,19.0,2.0,8.0,792.984124177032,0.7,13070.6662017418,22.0,8.0,0.0,0.0,180.0,16.408,0.022,0.0,5724.79579648071,9.5,78299.6823149661,72.0,11133.9688005816,17.0,145094.182532424,89.0,5.0,3.0,0.0
chr6-2836159-2836160-T-C,TWJF-5120-04,Accept,1.35,13.0,0.305,13.0,93.693,75.335,0.388,2.0,0.396,29.855,0.055,0.172,0.0,266.304,55.405,34.065,52.975,75.3348134617399,0.3885,29.8551039124161,0.05525,0.524483695652137,0.649790843673729,0.21024456521738,0.843353722235304,0.139152202755213,0.18612752109766,227.18,1.56,34.1,0.46,0.128,250.75,1.4,31.87,0.18,286.79,2.1,34.03,0.42,245.78,0.83,22.81,0.11,0.239202,0.76,0.676924,0.16,4.0,9.0,471.752198162359,1.3,401.078500327613,1.0,9.0,0.0,0.0,4953.0,255.294,0.367,0.0,323.072505689288,2.1,40.9543464644396,0.5,281.857762498457,2.0,39.1768938612639,0.4,1.0,3.0,0.0
chr6-56568539-56568540-C-T,TWJF-5120-04,Pending,2.801,28.0,4.36,32.0,17.594,218.702,0.891,2.0,1.418,310.182,1.058,0.056,0.0,3323.25,216.3,4626.089,188.8,218.702205120557,0.891125,310.182162784884,1.15025,1.06777173913029,0.396232564921626,1.05760869565204,0.40008963489583,0.138001907616854,0.238488417118788,19996.33,7.68,17129.88,5.62,1.392,6200.76,1.8,10382.54,3.1,2920.72,3.8,7092.61,8.8,5029.93,1.4,5361.61,1.5,0.018556,0.98,0.01754,1.1,0.0,9.0,3725.77996753086,13.0,3890.56865327316,13.0,5.0,0.0,0.0,721.0,126.577,0.139,0.0,494.504217573377,20.0,937.929077535309,30.0,759.748760118076,26.0,976.494946288466,31.0,1.0,3.0,0.0
chr7-4877991-4877992-C-T,TWJF-5120-04,Pending,7.75,19.0,5.685,19.0,0.0,1360.317,2.34,2.0,0.597,812.157,1.378,0.2,0.0,4522.316,136.87,3255.774,140.555,3767.3626414784,2.340125,1220.98072982968,1.377625,9.49423913043476,0.0258143635983719,3.5994836956521,0.0754603743017564,0.0123410746455192,0.0209723860025405,5277.27,5.57,5322.83,5.87,0.72,6895.94,5.0,4478.84,3.6,12930.01,19.0,8297.38,14.0,17760.38,8.1,12840.23,5.5,0.008131,4.1,0.030343,2.1,0.0,9.0,2192.64171894287,7.4,2032.70746949495,6.8,4.0,0.0,0.0,20.0,1.229,0.0,0.0,1724.16966556594,12.0,1024.66051236867,7.4,1360.31660687567,9.1,812.157015230768,6.4,4.0,3.0,0.0
chr7-95587796-95587797-T-A,TWJF-5120-04,Pending,0.609,12.0,17.831,14.0,0.779,142.03,0.29,2.0,139.007,19743.249,18.0,0.151,0.0,1768.117,35.07,22549.645,40.77,142.030215716756,0.608375,19743.2491477232,17.66275,0.874891304347713,0.475734027088187,46.2246739130435,0.0052415309246147,0.11107873916626,0.0105800740420818,33942.31,45.56,32376.72,35.85,12.753,5323.34,1.5,25356.04,14.0,233.5,0.29,13872.1,18.0,2188.78,0.49,26397.15,20.0,0.034385,0.61,0.000202,13.0,0.0,8.0,1347.4542324467,0.5,2122.61272297631,1.1,8.0,0.0,0.0,288.0,5.773,0.135,1.0,1768.117,0.609,22549.645,17.831,1768.117,0.609,22549.645,17.831,1.0,3.0,0.0
chr9-108855046-108855047-C-T,TWJF-5120-04,Reject,0.84,52.0,3.25,37.0,0.037,97.735,0.34,2.0,4.536,443.369,1.164,0.209,0.0,286.94,672.345,1439.805,473.645,97.7345553428294,0.492375,443.368780953012,1.164,0.339782608695643,0.761752006098202,1.19521739130424,0.351303303084849,0.364425100386143,0.277713846415281,450.5,2.1,4087.1,5.15,5.018,144.68,0.85,1457.25,3.9,149.03,1.7,1422.36,3.7,247.33,0.83,1502.81,2.5,0.336617,0.53,0.111067,1.3,2.0,9.0,326.549446762997,0.7,893.209148776166,2.8,7.0,0.0,0.0,2.0,0.075,0.5,0.0,365.847422793972,2.2,1245.37458900073,4.5,416.898180781792,2.4,1503.24580304489,5.1,6.0,3.0,0.0
chr9-110549967-110549968-A-G,TWJF-5120-04,Pending,3.375,1.96,3.245,2.34,0.0,487.316,0.3,2.0,0.85,414.311,0.3,0.215,0.0,2090.523,124.68,2308.501,145.98,1841.67072683586,2.114375,2277.62527058414,2.29725,1.83263586956514,0.20058784342656,2.83290760869558,0.104803933825211,0.451230317354202,0.294098366051912,1494.95,3.35,1429.12,3.29,1.104,9245.31,12.0,8363.36,11.0,1628.34,3.4,1276.5,3.2,2733.97,3.5,2584.51,3.4,0.024476,3.0,0.021277,3.1,0.0,11.0,487.31619267946,0.3,414.310836296246,0.3,5.0,0.0,0.0,368.0,21.893,0.0,0.0,2339.37583784156,18.0,2339.37583784156,18.0,2514.7800129956,19.0,2676.08559319933,20.0,1.0,3.0,0.0
chr9-133255670-133255671-G-T,TWJF-5120-04,Pending,26.078,48.0,34.434,49.0,15.671,576.992,6.5,2.0,1.0,576.992,8.6,0.194,0.0,21110.584,415.19,23510.446,802.05,24440.7883481674,27.1565,26091.5928152293,32.86875,62.7446739130435,0.0041249309955202,99.2866032608696,0.0038996433748966,0.0011516958475112,0.0031575672328472,38501.25,89.6,37250.12,76.51,1.114,17780.38,6.5,20929.3,8.6,26407.71,38.0,34610.27,58.0,32260.5,33.0,38475.52,55.0,4e-05,25.0,1.4e-05,36.0,0.0,9.0,6903.32775987199,24.0,8758.62300723931,31.0,9.0,0.0,0.0,112.0,39.875,0.393,0.0,576.992276741823,22.0,576.992276741823,22.0,616.126658208499,23.0,652.634457888387,24.0,5.0,3.0,0.0
chr9-134818664-134818665-G-A,TWJF-5120-04,Accept,0.615,36.375,3.82,41.46,10.724,30.25,0.01,2.0,34.398,1040.53,0.51,0.17,0.0,93.49,3261.66,1557.917,4113.25,32.6733034198733,0.075625,94.8603639119734,0.481,0.338559782608684,0.7625904908334,0.849211956521643,0.487455320631606,0.0649213679134845,0.0135356411337852,38.84,0.52,1482.67,3.34,16.664,115.19,0.71,2454.9,5.2,71.79,0.98,2122.61,4.3,30.25,0.15,1040.53,2.1,0.938074,0.01,0.347891,0.51,1.0,9.0,837.065307307968,2.6,3307.718431318,14.0,2.0,0.0,0.0,5892.0,345.932,0.031,0.0,159.330896584039,1.3,1420.03811054215,4.9,199.081085457941,1.5,1633.16475902278,5.4,1.0,3.0,0.0
chr9-21971035-21971046-ATCGCGCACGTC-A,TWJF-5120-04,Reject,0.675,1.7,7.224371555059246,5.1194468216465445,100.636,47.07,0.08,2.0,68.89102200903426,2704.8629541099776,3.808071727596215,0.245,0.0,145.744,7.69,3821.671025046473,130.18699743795906,1048.94433867023,1.273375,4953.907920830965,4.693310012175263,2.40228260869556,0.133287946912706,10.04584726682087,0.09227296621924774,0.158325664699078,0.18015890456055475,204.49,0.75,3371.1999476917417,10.15122751088145,13.068434836662036,47.07,0.12,4584.880047645818,6.363518250457972,93.08,0.47,4473.317395966209,8.781057024394844,68.67,0.08,4881.5817290845425,6.213377798469275,0.087889,1.3,0.14411179287305986,6.862030988855829,13.0,9.0,2192.64171894287,6.2,5269.558613974197,12.140210197300354,0.0,0.0,1.0,1419.0,108.913,0.924,0.0,140.782930137055,0.6,5282.769731747139,8.692507550301029,150.705811551735,0.6,6094.7142257350915,8.67873581174233,1.0,0.0,0.0
chr1-152812485-152812486-C-T,mcdb044,Pending,7.051,23.625,7.85,22.76,0.0,444.485,1.3,2.0,1.577,701.103,1.1,0.161,0.0,3817.321,1298.11,4164.38,1246.23,444.485178056953,1.8715,701.103021104781,2.8585,2.02769021739122,0.172491755829308,2.43758152173903,0.130429313261884,0.0085570625960826,0.0406599380075931,33231.99,40.18,33807.71,43.69,1.091,9106.51,13.0,8530.33,12.0,4830.5,4.7,5182.46,4.9,13625.17,12.0,13191.0,12.0,0.002812,7.4,0.001145,11.0,0.0,10.0,1437.8310001274,1.3,1304.4189904398,1.1,9.0,5.0,0.0,0.0,0.0,0.0,0.0,1955.55484242028,6.7,1816.64471611318,6.4,2804.14198545369,8.5,3146.29905616198,9.3,6.0,3.0,1.0
chr1-155033676-155033677-C-A,mcdb044,Pending,0.285,6.18,0.79,14.14,0.0,53.794,0.034,2.0,1.815,97.657,0.16,0.144,0.0,144.285,380.09,363.112,770.45,53.7940010916901,0.041875,97.6567318132558,0.17675,0.0344021739130369,0.959187093914988,0.159619565217383,0.876619520477256,0.764294706285,0.589888148009777,288.03,0.98,813.93,2.01,2.517,168.03,0.37,616.91,0.98,168.78,0.68,412.08,1.3,58.28,0.07,187.63,0.21,0.698261,0.07,0.320406,0.32,2.0,9.0,209.55169696951,0.2,531.376816391114,0.6,9.0,0.0,0.0,0.0,0.602,0.0,0.0,101.753650765697,0.4,284.806567697786,1.0,120.539670507711,0.5,314.144890209369,1.1,1.0,3.0,0.0
chr1-23362761-23362762-G-C,mcdb044,Reject,0.86,3.561,0.78,6.85,6.429,3.38,0.28,2.0,1.228,4.15,0.36,0.647,0.0,91.819,253.75,85.152,412.19,279.257324083389,0.338999999999999,280.516962439144,0.338999999999999,1.58396739130428,0.246644755182218,1.56595108695645,0.250553092755108,0.0085608176887035,0.0157100185751914,3.38,0.28,4.15,0.36,0.927,93.03,0.29,52.75,0.22,76.61,1.4,70.64,1.3,40.65,0.29,33.67,0.25,0.340428,0.62,0.559435,0.32,3.0,9.0,492.617473462751,1.1,514.405605540615,1.2,6.0,6.0,1.0,16.0,10.286,0.625,0.0,92.7982956580288,1.7,99.6643870200355,1.7,90.8406012420653,1.6,100.99037852614,1.7,1.0,3.0,1.0
chr1-2374507-2374508-C-T,mcdb044,Pending,0.19,9.883,7.52,12.0,0.0,2.67,0.04,2.0,3128.075,8351.96,5.7,0.1,0.0,22.285,154.955,10233.11,209.24,465.124862568741,0.434374999999999,22460.4566114304,7.739125,1.4729891304347,0.271703328323293,62.7446739130435,0.0046673326895038,0.185532171279192,0.0130242724644631,2.67,0.2,8351.96,5.75,459.193,25.17,0.14,15318.21,8.4,4.29,0.04,3167.62,5.7,19.4,0.18,12114.26,8.4,0.740329,0.18,0.003171,7.3,7.0,11.0,296.249906725841,0.3,5500.22079186674,6.4,2.0,0.0,0.0,3.0,3.121,0.0,0.0,22.285,0.19,10233.11,7.52,22.285,0.19,10233.11,7.52,1.0,3.0,0.0
chr12-52951766-52951767-G-T,mcdb044,Pending,13.0,1.5,15.005,1.19,0.0,243.316,1.9,2.0,1.663,404.734,3.4,0.076,0.0,6723.034,147.13,9959.664,129.4,20962.2523439294,19.43325,21287.0528551178,20.272625,62.7446739130435,0.0048309636306193,62.7446739130435,0.0048596357500688,0.0038576275110244,0.0097595043480396,26820.02,16.89,24643.34,13.01,1.481,6690.52,1.9,11254.96,3.4,5411.67,6.6,8163.8,12.0,12228.7,4.2,12816.49,4.6,0.000829,6.2,0.00053,7.8,0.0,9.0,6755.54752439606,24.0,8664.36747969986,30.0,7.0,0.0,0.0,13.0,4.583,0.0,0.0,243.315625607324,12.0,404.734289667954,17.0,315.26081939744,14.0,523.20272830003,21.0,1.0,3.0,0.0
chr14-101980528-101980529-G-A,mcdb044,Accept,0.115,3.5,0.135,5.2,173.656,34.59,0.001,2.0,1.05,36.31,0.001,0.324,0.0,54.914,170.895,55.404,255.025,50.0188838153636,0.001125,50.472291381957,0.001125,0.0383152173913146,0.956458195206101,0.0369565217391425,0.9574206565715,0.725220616906881,0.734299827367067,45.5,0.14,47.66,0.15,1.009,34.89,0.1,43.7,0.12,34.59,0.09,36.31,0.09,59.81,0.13,72.22,0.16,0.990717,0.01,0.989486,0.01,5.0,9.0,319.558969732819,0.6,319.558969732819,0.6,7.0,0.0,0.0,403.0,424.588,0.409,0.0,64.0575021743666,0.3,64.3531781701614,0.3,60.196328009797,0.3,60.335094877275,0.3,1.0,3.0,0.0
chr15-71994487-71994488-T-A,mcdb044,Accept,0.6,0.35,1.4,0.62,4.605,91.937,0.417,2.0,1.846,169.749,0.843,0.051,0.0,1121.067,64.405,2469.9,58.065,91.9368750577662,0.416875,169.749446768945,0.842625,0.473695652173873,0.679165606932148,1.07304347826071,0.393520425903201,0.231086235493421,0.0652292482554912,680.23,5.36,2469.9,10.89,2.203,1121.067,0.6,2469.9,1.4,6029.47,3.9,10850.55,13.0,3516.42,0.6,8614.82,1.8,0.150671,0.43,0.03858,1.4,1.0,9.0,1121.06690721145,0.7,1407.05120650257,1.1,8.0,0.0,0.0,80.0,184.189,0.025,0.0,1121.067,0.6,2469.9,1.4,1121.067,0.6,2469.9,1.4,1.0,3.0,0.0
chr15-96332298-96332299-G-T,mcdb044,Review,16.453,38.594,52.85,53.59,0.0,994.551,2.615,2.0,10.401,10344.231,9.282,0.193,0.0,8950.221,2355.96,27489.07,3816.95,994.550897897717,2.615375,10344.2305242453,9.28212500000001,3.29679347826078,0.0849967476922315,24.5792391304348,0.0094265096438472,0.0012249946594238,0.0001966954641829,5341.61,16.46,27489.07,52.85,3.071,8950.221,16.453,27489.07,52.85,29926.85,32.0,46623.88,72.0,33578.19,20.0,45988.25,73.0,0.000134,21.0,1e-06,81.0,0.0,10.0,8950.22129972122,6.6,16946.2263866992,19.0,10.0,0.0,0.0,10.0,38.598,0.0,0.0,8950.221,16.453,27489.07,52.85,8950.221,16.453,27489.07,52.85,1.0,3.0,0.0
chr16-26136141-26136142-C-A,mcdb044,Pending,2.4,1.8,2.7,5.85,0.0,273.067,1.9,2.0,1.064,290.583,1.1,0.068,0.0,4367.196,91.985,4761.594,356.28,514.340593634688,2.1485,310.649916899356,1.364875,1.93385869565208,0.185458351893632,1.51595108695643,0.261307098578992,0.0735806412994861,0.0596847273409366,11887.4,7.57,14844.09,9.11,1.09,7763.23,12.0,9357.11,13.0,6469.41,5.5,7208.66,6.0,14103.96,13.0,14017.85,13.0,0.064051,1.9,0.157077,1.1,0.0,10.0,2264.98110352767,2.2,2314.52844807955,2.3,5.0,0.0,0.0,0.0,0.043,0.0,0.0,273.067491026542,2.3,290.582864079926,2.4,322.700768751553,2.5,433.311285211838,3.0,1.0,3.0,0.0
chr17-5007292-5007293-G-A,mcdb044,Accept,8.25,4.52,27.5,2.6,33.158,575.844,1.773,2.0,2.599,1496.481,2.852,0.263,0.0,7739.962,300.93,25179.65,205.21,575.843962626627,2.379125,1496.48050996234,5.451125,1.7730978260869,0.211142502396326,2.85152173913036,0.103349117164574,0.150304280221462,0.174377597868443,21649.68,13.92,35946.45,62.69,3.253,10368.17,14.0,21109.64,25.0,11112.54,8.9,23828.16,37.0,11732.18,9.4,26531.14,31.0,0.015923,3.6,0.001568,9.4,0.0,9.0,4625.90386831785,13.0,10992.9487619001,26.0,1.0,0.0,0.0,127.0,95.833,0.346,0.0,4938.21506458215,7.4,39045.4111203188,31.0,5111.75464148013,7.6,35364.7017671457,29.0,1.0,3.0,0.0
chr17-51154442-51154443-G-A,mcdb044,Reject,2.4,4.531,48.615,7.0,38.477,216.937,0.997,2.0,15.386,3337.745,8.545,0.232,0.0,783.438,420.68,31431.405,597.42,216.936600823462,0.996625,3337.74454540023,10.03625,1.39152173913034,0.292708553985682,8.54532608695651,0.0280654635549097,0.0054597556591033,0.0033845826983451,586.11,1.26,34035.66,45.23,40.12,2570.84,4.8,28827.15,41.0,3975.68,4.3,28178.94,56.0,2295.62,2.8,34462.68,59.0,0.047636,2.2,1.8e-05,53.0,2.0,9.0,543.000891385649,1.1,8950.22129972122,22.0,2.0,7.0,0.0,20.0,64.129,0.6,0.0,732.099314158322,2.6,109539.309764596,53.0,834.776087442702,2.8,106554.059467955,52.0,1.0,3.0,1.0
chr17-75589953-75589954-GC-G,mcdb044,Review,0.241,25.0,6.338557606049122,28.81565772993396,0.0,20.383,0.07,2.0,105.88775477204814,2833.3365270218196,3.9907355062482064,0.054,0.0,63.642,361.095,3832.621564670345,607.4055706384313,75.5475375041576,0.212375,4119.545504061889,4.056087215501106,0.208940217391273,0.844232879005912,10.82909640982019,0.6500992795300924,0.442896120250225,0.42042551616089907,202.22,0.6,3376.770952487762,7.293003052212568,15.60894790926285,27.92,0.07,4748.729195691676,6.500422518392247,38.54,0.11,4467.392041888048,7.782835948189655,120.06,0.27,5036.923430801105,6.714536059802036,0.646248,0.19,0.5699274902889566,6.536308945070629,11.0,10.0,1262.75821593613,1.0,4271.9871196276,6.923333732630492,0.0,0.0,1.0,5.0,63.254,0.0,0.0,20.3830889638914,0.3,5887.433279364181,5.768049567400703,51.736852007306,0.5,6722.706764812179,7.030182169813695,5.0,0.0,0.0
chr17-75589954-75589955-C-A,mcdb044,Review,7.449,9.023,10.15,4.55,0.0,6062.767,1.582,2.0,1.102,6682.848,1.473,0.057,0.0,10920.63,515.9,14217.89,302.39,6571.4231240972,1.582,5900.46801718819,1.472875,3.03728260869558,0.09437791612503,3.80744565217384,0.0707251460828876,0.552110269665718,0.433713834732771,30645.75,27.09,32832.17,37.27,1.302,32965.5,34.0,35556.17,42.0,9654.43,13.0,11793.9,16.0,12186.83,8.4,16641.88,13.0,0.060721,2.0,0.06784,1.9,0.0,10.0,6062.766657073,6.5,6682.84800356916,7.3,6.0,0.0,0.0,5.0,63.254,0.0,0.0,10920.63,7.449,14217.89,10.15,10920.63,7.449,14217.89,10.15,5.0,3.0,0.0
chr18-45925850-45925851-C-T,mcdb044,Accept,0.378,0.1,0.569,0.07,6.136,2.1,0.07,2.0,1.419,2.98,0.13,0.055,0.0,34.109,43.71,58.333,38.91,243.101823394431,0.315124999999999,411.419601888689,0.407999999999999,1.23980978260856,0.336375558308421,1.52951086956512,0.258749367359536,0.094034906476736,0.133058477193117,2.1,0.12,2.98,0.23,1.71,9.03,0.07,22.06,0.13,11.35,0.44,20.24,0.73,26.67,0.23,40.76,0.29,0.673915,0.23,0.561077,0.32,2.0,9.0,409.852248866677,1.0,537.157411716568,1.3,6.0,0.0,0.0,133.0,51.135,0.12,0.0,41.5470315709913,1.0,77.542535938565,1.5,52.3938123108117,1.2,75.906680575811,1.5,1.0,3.0,0.0
chr19-9213945-9213946-T-C,mcdb044,Pending,2.35,1.1,2.35,6.9,0.0,174.562,0.829,2.0,0.824,143.843,0.695,0.087,0.0,1326.65,124.53,991.14,414.51,174.562396187316,0.82925,143.842988194875,0.695,1.20198369565206,0.349117797811608,1.080733695652,0.391339265901347,0.0190965682268142,0.0171797610819339,5717.29,4.62,3035.56,3.24,0.747,1770.56,3.8,1204.92,2.9,995.27,2.0,823.59,1.7,1658.03,2.3,1158.69,1.9,0.072494,1.7,0.077648,1.7,1.0,10.0,3890.56865327316,3.9,5044.15430351795,5.4,7.0,0.0,0.0,0.0,0.061,0.0,0.0,433.780475017966,3.0,383.945869678236,2.8,305.351459394028,2.4,385.30087919083,2.8,6.0,3.0,0.0
chr2-171813469-171813470-A-G,mcdb044,Accept,1.15,1.39,1.5,6.21,43.873,113.71,0.39,2.0,1.05,119.38,0.51,0.346,0.0,758.319,141.19,1259.162,381.11,376.500792843696,0.391124999999999,1945.63554829277,0.814999999999998,0.639239130434703,0.587907109866103,2.03478260869558,0.171455859765691,0.506602298468351,0.411837324500084,1127.36,2.69,1444.74,2.9,1.66,17941.75,10.0,20714.14,13.0,113.71,1.4,119.38,1.4,603.89,1.5,711.09,1.6,0.486218,0.39,0.397228,0.51,2.0,11.0,912.748447087475,0.9,1073.58306648468,1.2,4.0,0.0,0.0,114.0,113.66,0.386,0.0,758.319,1.15,1259.162,1.5,758.319,1.15,1259.162,1.5,1.0,3.0,0.0
chr2-209694768-209694769-C-A,mcdb044,Reject,0.185,6.199,0.075,7.3,15.812,35.4,0.009,2.0,0.861,30.486,0.003,0.413,0.0,715.776,400.405,206.265,400.725,35.4000297739447,0.00925,30.486383532397,0.00325,0.284103260869543,0.796003057734533,0.140054347826123,0.888237446705815,0.141917292028665,0.301948960870504,2509.98,0.12,348.48,0.01,0.288,193.76,0.27,46.39,0.1,40.46,0.05,9.19,0.02,346.29,0.17,64.05,0.05,0.839421,0.05,0.944075,0.02,1.0,11.0,1085.26206538749,0.2,427.979731978361,0.2,9.0,0.0,0.0,18.0,28.438,0.556,0.0,3467.52818642271,5.6,1798.95375810337,3.2,6183.01072751713,12.0,4387.3269513253,7.2,1.0,3.0,0.0
chr2-209694769-209694770-T-G,mcdb044,Review,0.185,6.199,0.075,7.3,16.466,35.4,0.009,2.0,0.861,30.486,0.003,0.417,0.0,715.776,400.405,206.265,400.725,35.4000297739447,0.00925,30.486383532397,0.00325,0.284103260869543,0.796003057734533,0.140054347826123,0.888237446705815,0.141917292028665,0.301948960870504,2509.98,0.12,348.48,0.01,0.288,193.76,0.27,46.39,0.1,40.46,0.05,9.19,0.02,346.29,0.17,64.05,0.05,0.839421,0.05,0.944075,0.02,1.0,11.0,1085.26206538749,0.2,427.979731978361,0.2,9.0,0.0,0.0,19.0,28.438,0.579,0.0,3467.52818642271,5.6,1798.95375810337,3.2,6183.01072751713,12.0,4387.3269513253,7.2,1.0,3.0,0.0
chr2-209694772-209694800-GGCTACTGTGTGTTCAATAAGTACACAGT-G,mcdb044,Review,0.045,2.6,6.439911081786499,6.179270556132469,0.0,3.14,0.01,2.0,109.44096097454661,2953.671631822243,4.223185457739559,0.428,0.0,5.982,69.915,3798.9699644960347,272.15280102320094,32.9515056351435,0.017875,4203.473852407324,4.415649415181445,0.0153804347826422,0.973481670087803,10.05011286982267,0.7544027646960407,0.755779050290585,0.6373079618520641,3.14,0.25,3314.475367793644,8.999892466196847,16.21291604640703,3.77,0.03,4789.533660903093,6.281050796156641,3.49,0.06,4472.255773970568,8.216460834262463,3.25,0.02,5050.181154792511,6.450113185156476,0.982964,0.01,0.8347340512521721,6.199890461912697,17.0,9.0,60.3822972317625,0.2,3097.1796495899744,7.013921175817618,0.0,0.0,1.0,8.0,28.438,0.0,0.0,8.19483096887046,0.3,6396.965223189356,6.932900961307785,8.85686448950309,0.4,7185.201980572297,8.004577220202705,1.0,0.0,0.0
chr2-216432769-216432770-G-C,mcdb044,Pending,1.185,0.09,6.85,2.4,0.0,223.869,0.46,2.0,42.709,9561.139,4.495,0.061,0.0,520.662,14.525,5369.775,69.66,223.869305776622,0.45975,9561.13885756816,4.4945,0.459891304347806,0.687636740634764,8.83929347826086,0.0275480963181679,0.486480999737978,0.286903005093336,328.64,1.07,5214.46,7.33,10.313,839.92,1.4,5525.09,5.8,471.75,1.4,6829.04,8.4,1475.02,1.4,13601.01,14.0,0.150491,0.78,0.00884,6.4,6.0,9.0,592.096239149258,0.7,1844.09866318303,4.8,3.0,0.0,0.0,9.0,14.177,0.0,0.0,569.573794959779,1.9,2867.80752511885,7.3,375.949922816616,1.3,1973.01324174486,5.5,1.0,3.0,0.0
chr21-44573942-44573943-G-T,mcdb044,Pending,37.0,3.25,5.575,8.41,0.0,11225.499,5.106,2.0,0.102,1139.716,1.326,0.215,0.0,23340.244,238.87,4299.369,486.35,11225.498959496,5.10625,1139.71568994757,1.326,18.6179891304348,0.0122754376488312,3.42187499999991,0.0808162357424492,0.0980934649705886,0.0230858027935028,27567.69,46.35,3441.78,5.35,0.184,22379.51,33.0,4899.35,5.2,22209.93,40.0,6610.93,8.1,24300.98,34.0,7177.06,5.8,0.002241,14.0,0.045575,2.2,0.0,9.0,17316.9316947162,48.0,18082.847674707,50.0,5.0,0.0,0.0,0.0,0.0,0.0,0.0,58958.9852198442,41.0,3635.38156013809,8.7,55351.5771651519,40.0,3699.38899261591,8.8,5.0,3.0,0.0
chr22-39663731-39663732-G-T,mcdb044,Pending,0.44,4.398,1.01,9.3,0.0,2.95,0.11,2.0,1.953,5.76,0.38,0.075,0.0,27.725,102.835,82.516,142.45,160.775069018919,0.24725,374.482326837202,0.391124999999999,0.692907608695563,0.560599618312264,1.45222826086948,0.276973334121991,0.241416361182928,0.13350498303771,2.95,0.23,5.76,0.48,2.976,17.15,0.11,159.41,0.38,14.01,0.54,49.7,1.2,20.25,0.18,55.65,0.36,0.5462,0.34,0.245423,0.82,13.0,9.0,537.157411716568,1.3,801.610620817419,1.9,6.0,0.0,0.0,0.0,0.043,0.0,0.0,35.1997841231086,0.9,78.08003511962,1.6,39.7447710892698,1.0,86.9520849417642,1.6,1.0,3.0,0.0
chr3-150972569-150972570-C-T,mcdb044,Pending,0.47,1.85,0.455,0.83,0.0,43.366,0.085,2.0,1.078,46.729,0.104,0.059,0.0,2685.04,166.14,2542.13,107.38,43.36602246455,0.085375,46.7291509985003,0.10375,0.388016304347801,0.731260976437347,0.454836956521717,0.690644718419356,0.0957575850188732,0.0603314451873302,562.9,4.78,1408.44,8.09,0.947,2685.04,0.47,2542.13,0.455,6535.05,4.5,5359.41,3.2,2685.04,0.47,2542.13,0.44,0.187624,0.33,0.20852,0.27,0.0,9.0,3272.12256819681,6.2,2664.09147713626,4.2,2.0,0.0,0.0,0.0,0.0,0.0,0.0,2685.04,0.47,2542.13,0.455,2685.04,0.47,2542.13,0.455,1.0,3.0,0.0
chr3-15645182-15645183-T-G,mcdb044,Accept,0.85,0.55,0.739,3.27,2.193,19.31,0.57,2.0,0.659,12.73,0.32,0.283,0.0,535.419,87.7,282.125,239.77,3578.52069096732,1.10175,1602.81289144135,0.747624999999998,8.54532608695651,0.0282545238847868,4.32959239130432,0.0606723781048521,0.0244598984718322,0.0295428000390529,19.31,0.86,12.73,0.73,0.527,2355.02,2.2,516.75,0.76,33.85,0.68,19.28,0.49,117.72,0.57,47.5,0.32,0.238794,0.84,0.272159,0.76,2.0,10.0,953.118683204384,0.7,666.931104469387,0.6,7.0,0.0,0.0,34.0,9.334,0.235,0.0,535.419,0.85,282.125,0.739,535.419,0.85,282.125,0.739,1.0,3.0,0.0
chr5-138391528-138391529-C-T,mcdb044,Accept,2.322,0.54,14.341,7.38,21.424,309.507,0.13,2.0,1.459,451.513,3.6,0.185,0.0,1791.195,147.63,13190.535,880.12,1229.98930339006,2.54325,15686.2903587899,12.682125,1.7317391304347,0.21779466033292,37.3590489130435,0.0068608972096753,0.369818899780512,0.0239822901785373,4240.68,0.83,9514.7,2.21,7.364,7293.54,2.1,20654.84,8.4,2352.4,3.2,15541.08,21.0,585.28,0.13,10839.99,3.6,0.025956,0.77,0.000503,8.0,0.0,9.0,6755.54752439606,24.0,21269.2107221157,60.0,1.0,0.0,0.0,132.0,94.38,0.227,0.0,311.293462411402,14.0,348.473694698981,16.0,309.506660958232,14.0,451.512730656076,19.0,1.0,3.0,0.0
chr6-26055824-26055839-ACCTTGGGCTTAGCGG-A,mcdb044,Review,6.352,19.0,4.95,17.0,0.0,256.27,0.89,2.0,0.685,175.57,0.67,0.079,0.0,7357.935,411.62,5425.295,308.94,11320.982482605,5.10625,11371.4954959166,5.154125,12.8054619565217,0.0180312786680462,20.2322554347826,0.0113846231621414,0.21074603870511,0.0800934359431266,256.27,0.89,175.57,0.67,0.737,6104.5,6.3,3743.56,4.1,5530.06,5.8,4727.1,5.0,8611.37,7.1,6123.49,4.9,0.028154,3.1,0.024546,3.4,0.0,10.0,5620.54026572972,6.4,4429.96936959386,4.4,8.0,0.0,0.0,360.0,814.738,0.0,1.0,38514.1218429108,63.0,8523.53992956529,23.0,47810.1383024506,69.0,20726.2150513246,44.0,6.0,1.0,0.0
chr6-27249106-27249107-C-A,mcdb044,Pending,0.822,0.97,1.181,1.35,0.0,104.623,0.485,1.0,1.689,176.755,0.836,0.079,0.0,283.445,116.4,264.17,139.14,104.623064434954,0.4845,176.754538259249,0.83575,0.804293478260718,0.508506130472921,1.16173913043464,0.361922444329805,0.0642316229641437,0.0383190475404262,319.6,0.84,762.45,1.48,0.932,247.29,0.74,70.52,0.21,427.98,1.2,350.34,0.94,242.31,0.56,178.0,0.41,0.391339,0.49,0.136638,1.2,4.0,10.0,1967.78648311005,1.9,1534.26953965883,1.4,9.0,0.0,0.0,0.0,0.453,0.0,0.0,179.171941618276,1.6,162.655967032959,1.5,423.447916169207,3.0,414.762993229921,3.0,4.0,3.0,0.0
chr6-43186383-43186384-G-T,mcdb044,Accept,0.625,1.21,1.159,2.44,1.945,9.82,0.308,2.0,3.729,36.62,0.577,0.069,0.0,177.173,130.86,294.626,197.02,276.822081393755,0.336499999999999,884.872951123223,0.577249999999999,0.307527173913016,0.780995814713092,1.1172826086955,0.377652466222247,0.681108009070158,0.49959297478199,9.82,0.65,36.62,1.06,1.663,147.05,0.36,425.55,0.68,58.14,1.2,164.27,1.6,130.7,0.6,408.24,1.2,0.193057,1.1,0.124426,1.4,4.0,9.0,207.296615807971,0.5,337.322928728272,0.8,5.0,0.0,0.0,29.0,28.192,0.069,0.0,222.607606453384,2.8,241.84660766302,2.9,250.195791369393,3.0,251.930065743281,3.0,1.0,3.0,0.0
chr6-46856757-46856758-T-C,mcdb044,Accept,1.023,3.801,0.702,3.3,0.0,61.42,0.12,2.0,0.568,34.91,0.16,0.068,0.0,552.909,93.53,274.512,93.9,463.668022729153,0.793375,344.283417727511,0.6445,1.25293478260861,0.332724296226826,0.962065217391199,0.4380573246539,0.26666583865881,0.311227142810821,820.85,2.02,204.74,0.76,0.496,61.42,0.17,34.91,0.09,642.15,0.46,692.67,0.48,136.67,0.16,157.87,0.18,0.561866,0.12,0.488833,0.16,2.0,8.0,2289.62075429042,1.3,2664.09147713626,1.8,4.0,0.0,0.0,16.0,28.684,0.0,0.0,161.075689848001,1.6,109.151573308029,1.0,2191.08890637452,14.0,1793.32911754031,13.0,1.0,3.0,0.0
chr7-133274995-133274996-G-T,mcdb044,Accept,3.98,0.28,30.5,3.7,33.218,1322.02,2.1,2.0,22.25,29414.45,27.0,0.168,0.0,2667.451,87.19,26653.433,362.05,10156.6421625879,2.22175,29219.4854823321,27.69475,3.56269021739122,0.0769430846811615,62.7446739130435,0.0046048671773508,0.608528450131416,0.0814238227903842,20191.64,11.29,30947.04,28.17,9.992,2905.15,2.5,21792.18,14.0,2111.16,4.4,24087.38,36.0,1322.02,2.1,29414.45,27.0,0.047169,2.3,5.4e-05,31.0,0.0,9.0,2635.42197653288,6.6,32085.7528693959,50.0,9.0,0.0,0.0,278.0,156.688,0.212,0.0,2440.84386771758,11.0,17845.9634836915,30.0,2699.47929013705,12.0,24059.1344980726,35.0,1.0,3.0,0.0
chr7-27199437-27199438-C-T,mcdb044,Pending,1.835,0.08,2.65,0.04,0.0,118.179,1.1,2.0,1.866,220.567,1.5,0.119,0.0,569.124,40.88,1073.25,31.46,5444.19354561344,1.406625,6601.88228627679,1.59325,9.15535326086956,0.0261006549618821,12.8054619565217,0.0190107265570169,0.116619538515806,0.0779186710715293,238.25,1.77,652.48,2.3,1.886,1030.98,1.3,2906.41,2.5,645.63,2.6,1567.83,3.9,882.35,1.7,1494.02,2.3,0.019648,3.5,0.011739,4.3,1.0,9.0,492.617473462751,1.1,645.630535743832,1.5,6.0,0.0,0.0,0.0,0.0,0.0,0.0,118.178915433595,1.9,220.56672765013,2.8,173.892159160102,2.4,251.930065743281,3.0,1.0,3.0,0.0
chr7-98241127-98241128-TG-T,mcdb044,Accept,0.115,7.07,6.538457164743312,10.70421196577261,2.817,11.57,0.02,2.0,104.14953232949185,2904.2979381305395,4.130130990864446,0.159,0.0,49.846,141.9,3820.237335576103,350.59795428904874,66.8024589267403,0.100625,4193.265807467593,3.8421626709986705,0.415271739130446,0.714707942145561,10.157615599110015,0.5775562752431893,0.191010549664497,0.23757662587306563,43.81,0.13,3306.0155756561862,8.82310946358765,15.88359481254244,15.9,0.03,4760.247788829897,6.392486363366199,28.78,0.06,4461.187307543539,8.014408195096452,11.57,0.02,5000.611211250203,6.511327137865955,0.916795,0.03,0.7960266028490992,6.042336432467525,10.0,10.0,487.31619267946,0.2,3513.27561062747,6.503841972865454,0.0,0.0,1.0,29.0,27.348,0.103,1.0,55.881750247513,0.5,6264.404113685476,6.764318556851971,60.9256259749656,0.5,7067.18736075736,7.59772857880864,1.0,0.0,0.0
chr8-10611723-10611724-G-C,mcdb044,Pending,14.0,8.367,14.0,4.63,0.0,2048.71,4.263,2.0,1.37,2807.22,5.547,0.221,0.0,9146.011,484.83,9972.946,306.45,2724.72376772505,4.262625,4606.47145094929,5.54675,7.14706521739129,0.0347144522512869,11.6303260869565,0.0209400332515629,0.0097059495747089,0.0069899931550025,2048.71,9.88,2807.22,11.65,1.09,9146.011,14.0,9972.946,14.0,38775.59,78.0,38842.34,78.0,32061.47,18.0,33299.96,20.0,0.000416,14.0,0.000441,14.0,0.0,9.0,9146.0108795381,29.0,9972.94614226821,32.0,5.0,0.0,0.0,0.0,0.296,0.0,0.0,9146.011,14.0,9972.946,14.0,9146.011,14.0,9972.946,14.0,1.0,3.0,0.0
chr8-99861922-99861923-C-T,mcdb044,Accept,0.7,0.27,0.79,2.73,6.614,30.45,0.08,2.0,2.369,72.15,0.24,0.162,0.0,76.839,108.71,134.308,712.09,268.355543717063,1.204375,162.907165736851,0.78,1.28616847826078,0.323056555000008,1.06013586956507,0.39866005341727,0.104133162647486,0.060006808489561,30.45,0.08,72.15,0.24,1.748,50.38,0.14,67.8,0.2,137.41,0.42,245.15,0.72,68.21,0.15,120.09,0.27,0.080392,1.7,0.078849,1.7,10.0,10.0,2842.77804823565,2.8,2722.36951668803,2.6,6.0,0.0,0.0,17.0,112.106,0.059,0.0,66.1104327494629,0.6,87.3514261660506,0.8,85.4673030766976,0.8,148.525150117659,1.3,1.0,3.0,0.0
chr9-133057893-133057905-GGAGGAGGAGGAA-G,mcdb044,Pending,25.0,6.57,65.0,27.45,0.0,2127.736,1.291,2.0,6.099,12977.677,4.073,0.225,0.0,20519.07,398.32,27637.475,1538.4,2127.73577591949,1.291,12977.6770580927,4.073,5.91374999999996,0.0424058319423614,31.6431793478261,0.0075752524558544,0.0006349535233312,0.0001396939687765,5461.49,87.79,5458.87,86.21,1.347,42403.33,100.0,45309.63,100.0,22451.54,19.0,30726.73,78.0,42326.34,86.0,48436.62,100.0,0.000488,23.0,8e-06,90.0,0.0,11.0,10527.3321026536,12.0,50000.0,52.0,8.0,0.0,0.0,47.0,26.206,0.0,1.0,69186.283164616,60.0,24548.2196181113,33.0,18586.6020268854,27.0,16641.7885661658,25.0,1.0,1.0,0.0
chr9-133652278-133652279-C-T,mcdb044,Pending,0.575,0.7,11.925,0.33,0.0,3.06,0.13,2.0,6377.085,19513.88,5.7,0.299,0.0,201.428,157.09,18065.64,107.555,11045.0594750496,2.413625,26210.4514435774,13.87225,11.1157880434782,0.0214574106458703,62.7446739130435,0.0043098657346462,0.254127569496632,0.032791431993246,3.06,0.24,19513.88,10.85,89.688,210.68,0.45,26635.84,20.0,6.16,0.13,3646.02,5.7,317.49,0.97,16617.4,13.0,0.299953,0.7,0.005621,5.9,3.0,8.0,192.176120573425,0.2,3529.57450109899,3.7,2.0,0.0,0.0,0.0,0.0,0.0,0.0,201.428,0.575,18065.64,11.925,201.428,0.575,18065.64,11.925,1.0,3.0,0.0
chrX-49249246-49249247-T-G,mcdb044,Reject,0.88,0.16,0.985,0.41,0.0,39.39,0.57,2.0,3.02,118.96,0.62,0.17,0.0,669.173,79.83,672.786,127.01,2052.84838294261,0.835499999999998,1626.68342198892,0.751624999999998,3.03728260869558,0.0947070593944688,1.7611684782608,0.212597533946459,0.233770694583654,0.437864985316992,39.39,1.09,118.96,1.48,1.005,14057.79,7.8,16252.53,8.9,63.39,0.86,85.36,0.97,154.96,0.66,136.3,0.62,0.360634,0.57,0.338402,0.62,2.0,10.0,1183.38587947348,0.9,1209.27290688257,1.0,6.0,0.0,0.0,121.0,9.762,0.0,0.0,669.173,0.88,672.786,0.985,669.173,0.88,672.786,0.985,1.0,3.0,0.0
chrX-66032554-66032555-T-C,mcdb044,Pending,0.965,0.1,0.71,0.28,0.0,140.152,0.22,2.0,0.656,91.96,0.22,0.199,0.0,618.81,42.88,464.28,64.72,140.151886577009,0.28775,91.9599747378885,0.160625,0.223885869565194,0.833983483476011,0.323505434782604,0.771138639590343,0.591087978333235,0.362527407705784,233.04,0.83,163.56,0.63,0.75,639.08,1.1,464.4,0.79,598.54,1.5,464.16,1.4,414.2,0.42,350.25,0.37,0.416247,0.22,0.413832,0.22,1.0,9.0,3099.80741799732,9.9,1967.78648311005,5.4,9.0,0.0,0.0,356.0,80.825,0.0,1.0,825.182482654404,2.7,650.953550323524,2.2,871.224339791288,2.8,663.941782378188,2.2,1.0,3.0,0.0
chr1-24391568-24391569-G-A,TWJF-10146-MD017-0016,Review,0.385,1.37,0.435,3.0,6.349,22.031,0.09,2.0,1.5,33.039,0.09,0.349,0.0,261.759,41.84,182.834,101.57,90.350535523395,0.154375,98.870513730889,0.179125,0.199375000000003,0.84987769949274,0.757336956521598,0.530495943396174,0.504336722195148,0.0736079476773738,849.89,2.07,455.6,1.36,0.698,275.97,0.52,148.51,0.34,184.04,0.09,193.22,0.09,610.82,0.59,550.14,0.53,0.385008,0.25,0.395985,0.24,1.0,8.0,3380.0760613847,2.7,2635.42197653288,1.8,3.0,0.0,0.0,177.0,9.767,0.65,0.0,22.0307864107848,0.2,33.0392362944458,0.3,247.548329510683,2.2,172.448729860971,1.7,2.0,3.0,0.0
chr1-46184995-46184996-G-A,TWJF-10146-MD017-0016,Pending,2.301,1.8,1.949,1.8,2.04,322.21,0.81,2.0,1.139,366.91,0.48,0.103,0.0,1041.857,282.645,704.836,444.015,1041.8574649171,2.32725,704.835725635678,1.94875,2.29201086956516,0.144072357231322,1.9055434782608,0.189642713973486,0.181993506848812,0.167843703180552,6114.41,17.77,3943.57,13.94,0.677,1041.857,2.301,704.836,1.949,322.21,2.3,366.91,2.5,926.41,0.81,390.49,0.48,0.039865,1.2,0.092703,0.69,1.0,10.0,7446.48439236199,9.3,7208.65719926761,8.8,5.0,0.0,0.0,146.0,9.949,0.205,0.0,1041.857,2.301,704.836,1.949,1041.857,2.301,704.836,1.949,1.0,3.0,0.0
chr1-46194620-46194621-G-T,TWJF-10146-MD017-0016,Review,1.1,0.12,0.685,0.3,8.614,54.78,0.2,1.0,0.979,53.607,0.12,0.131,0.0,161.38,6.41,82.89,11.47,121.99049344555,0.682749999999999,49.6766068360119,0.35225,0.565706521739074,0.627005415169351,0.238179347826076,0.82558810211584,0.24357583001256,0.289535850286484,1453.02,0.2,921.61,0.12,0.514,125.92,1.0,80.65,0.72,165.16,2.7,80.87,2.0,157.6,1.2,84.91,0.65,0.524183,0.25,0.724445,0.12,2.0,9.0,54.77960566194,1.8,53.606933103778,1.8,5.0,0.0,0.0,1191.0,93.628,0.092,0.0,369.071066661647,4.1,275.492639474665,3.4,375.344451218561,4.1,282.767830642082,3.5,6.0,3.0,0.0
chr10-17590435-17590436-T-A,TWJF-10146-MD017-0016,Accept,0.055,0.03,0.113,0.03,5.724,5.95,0.02,2.0,1.765,10.5,0.32,0.108,0.0,36.343,10.69,66.651,10.69,63.3683381969308,0.077,61.5213516700469,0.071,0.0601358695652436,0.941578449386415,0.12551630434784,0.897771148409121,0.702650554478168,0.522921614348888,9.13,0.02,71.78,0.32,1.834,5.95,0.02,10.5,0.04,15.78,0.05,27.11,0.1,18.47,0.03,34.07,0.04,0.851608,0.03,0.763716,0.05,8.0,9.0,198.51637314368,0.2,293.061826679596,0.2,3.0,0.0,0.0,395.0,45.068,0.127,0.0,58.0162962407333,0.2,95.6202775595795,0.4,54.216315509843,0.2,103.307059476707,0.4,1.0,3.0,0.0
chr10-7381807-7381808-G-T,TWJF-10146-MD017-0016,Pending,6.199,0.17,7.5,0.24,5.258,973.969,1.5,2.0,1.151,1121.067,2.3,0.113,0.0,2602.52,158.15,3589.67,182.21,1908.28698808213,3.057625,2753.55518630815,3.639375,5.05404891304345,0.0501565874487414,6.96279891304346,0.0352444320610784,0.0204919800162315,0.017033252865076,2602.52,11.2,3589.67,13.27,1.379,2602.52,6.199,3589.67,7.5,20194.97,29.0,19461.13,28.0,27758.61,16.0,28464.53,17.0,0.001017,6.2,0.00062,7.5,0.0,9.0,973.968525934644,1.5,1121.06690721145,2.3,1.0,0.0,0.0,1032.0,35.526,0.148,0.0,2602.52,6.199,3589.67,7.5,2602.52,6.199,3589.67,7.5,1.0,3.0,0.0
chr10-8013756-8013757-C-G,TWJF-10146-MD017-0016,Pending,1.3,4.449,4.0,6.82,2.462,115.92,0.7,2.0,5.018,581.71,1.7,0.1,0.0,1765.99,415.15,9246.21,584.85,2328.84152536768,3.353,10728.6218287439,8.26275,1.98277173913036,0.179123334762429,5.91374999999996,0.0424190857485076,0.476187162101269,0.44489136710763,6579.51,18.52,20105.11,39.62,5.236,1765.99,1.3,9246.21,4.0,115.92,1.2,581.71,3.2,1698.23,1.3,9246.21,4.0,0.053326,0.96,0.004982,3.3,0.0,11.0,1765.99013402768,0.7,2635.42197653288,1.7,11.0,0.0,0.0,169.0,15.387,0.16,0.0,1765.99,1.3,9246.21,4.0,1765.99,1.3,9246.21,4.0,1.0,3.0,0.0
chr11-64226860-64226861-C-T,TWJF-10146-MD017-0016,Accept,0.68,0.06,18.153,0.12,9.023,43.67,0.214,2.0,196.949,8600.708,4.871,0.133,0.0,96.346,4.67,6990.96,6.65,43.6697245813818,0.309625,8600.70760946297,4.870625,0.213750000000004,0.841476852907086,17.305597826087,0.0132243358421604,0.286538369953632,0.0462881401181221,2309.3,0.29,5711.58,97.26,72.561,90.09,0.79,12503.24,23.0,77.86,2.0,13797.25,19.0,74.18,0.57,7489.15,12.0,0.563214,0.23,0.012269,4.5,7.0,9.0,102.602787986748,3.1,828.057266653624,14.0,9.0,0.0,0.0,588.0,49.038,0.184,0.0,233.942970458104,3.1,6296.65647122033,19.0,239.568657957037,3.1,6492.76972058481,20.0,1.0,3.0,0.0
chr11-68042843-68042844-G-A,TWJF-10146-MD017-0016,Pending,3.449,0.54,5.7,0.97,1.245,274.641,0.53,2.0,2.795,767.658,4.2,0.181,0.0,942.646,17.68,2219.394,29.9,329.555664262919,1.124875,2037.30200566286,2.312125,1.17062499999987,0.358902811217536,3.35877717391296,0.0822126179755937,0.205649640411139,0.187822390347719,4036.23,0.53,5526.47,4.2,2.354,3294.75,8.7,4384.76,12.0,563.96,3.8,3083.08,7.7,1382.23,3.8,2014.06,4.7,0.272152,0.6,0.202703,0.77,1.0,10.0,274.64103826736,3.1,767.657650839511,6.7,3.0,0.0,0.0,529.0,113.153,0.011,0.0,1087.62704940107,8.3,2401.48567283694,15.0,797.664014678055,6.5,1878.53806655717,13.0,1.0,3.0,0.0
chr11-89047531-89047532-C-T,TWJF-10146-MD017-0016,Pending,2.699,0.03,2.273,0.05,0.0,777.6,2.043,2.0,0.655,509.12,1.715,0.182,0.0,1158.47,76.12,987.823,100.52,1026.75698207558,2.31525,987.823426254726,2.27275,2.04293478260864,0.170633101696357,1.71461956521732,0.220424287688641,0.234716724604368,0.313968274742365,777.6,5.8,509.12,4.48,0.853,1158.47,2.699,987.823,2.273,1158.47,4.7,489.43,2.9,5708.12,2.7,2889.32,1.7,0.008297,2.6,0.015254,1.9,1.0,10.0,4727.09731866074,4.4,4429.96936959386,4.1,7.0,0.0,0.0,6.0,0.128,0.0,0.0,1158.47,2.699,987.823,2.273,1158.47,2.699,987.823,2.273,1.0,3.0,0.0
chr12-120324986-120324987-G-A,TWJF-10146-MD017-0016,Pending,0.39,1.43,0.595,5.8,0.0,10.22,0.09,2.0,3.857,39.42,0.35,0.323,0.0,49.252,89.25,70.473,276.35,46.6100727023199,0.33,50.9319078094933,0.358625,0.440923913043463,0.698207792206969,0.333152173913007,0.765484253711295,0.0697048902511596,0.191334307193756,5167.7,1.17,4667.96,0.76,1.431,15.85,0.15,67.92,0.62,11.47,0.24,22.44,0.57,10.22,0.09,39.42,0.35,0.419047,0.34,0.427287,0.33,5.0,10.0,51.894824978829,0.7,95.118802004836,1.3,6.0,0.0,0.0,0.0,0.023,0.0,0.0,59.3581012146138,0.9,73.0264182190599,1.1,67.2697788595796,1.0,88.6788392828402,1.3,1.0,3.0,0.0
chr12-131138194-131138195-G-A,TWJF-10146-MD017-0016,Pending,1.9,0.63,5.87,1.76,2.572,109.98,0.76,2.0,3.929,432.07,1.4,0.173,0.0,865.239,24.56,5805.972,69.0,865.238709780736,2.1405,6627.95061744914,5.86975,2.97065217391297,0.0979133487220726,16.1575543478261,0.0145911457355131,0.0069882608950138,0.0029480829834938,30695.06,59.51,37933.87,77.12,6.71,865.239,1.9,5805.972,5.87,109.98,1.2,432.07,2.7,856.58,0.76,2038.48,1.4,0.016728,1.9,0.004527,3.4,1.0,10.0,2664.09147713626,1.6,5805.97248675531,6.2,3.0,0.0,0.0,44.0,5.392,0.477,0.0,865.239,1.9,5805.972,5.87,865.239,1.9,5805.972,5.87,1.0,3.0,0.0
chr12-71584400-71584401-T-G,TWJF-10146-MD017-0016,Review,1.3,0.04,0.185,0.06,0.371,69.269,0.16,2.0,0.345,23.907,0.06,0.061,0.0,197.285,13.13,29.341,15.87,69.2685872620776,0.4645,23.9069474161577,0.139875,0.277826086956495,0.800142487348008,0.1272282608696,0.896539617923028,0.333469361066818,0.259651042521,1101.76,0.16,689.3,0.06,0.149,165.49,1.4,19.81,0.18,226.04,3.1,20.69,0.78,168.53,1.2,21.47,0.19,0.273604,0.6,0.642667,0.17,5.0,9.0,126.02003385118,3.6,34.7746014625987,1.1,6.0,0.0,0.0,14.0,0.864,0.429,0.0,242.164233319404,3.2,77.4657981707607,1.4,263.894294073757,3.3,79.1461875760719,1.4,1.0,3.0,0.0
chr13-48456232-48456239-AAAAAAGG-A,TWJF-10146-MD017-0016,Accept,0.168,19.062,6.175385135636903,50.0,9.694,4.596,0.04,2.0,73.19701022421725,2362.7257425227363,2.6468035696029935,0.193,1.0,73.25,165.915,3730.6993943231746,568.56,45.2006406728196,0.12,3926.37740082997,3.472675397414139,0.135353260869579,0.890936532408107,7.772829118058807,0.7138558216774777,0.41783782467246,0.31050420149995883,61.14,0.24,2868.6599507776405,5.484714033195631,13.292487781744626,106.36,0.06,4688.428828738499,4.688162450875875,85.36,0.34,4440.782511637339,8.235165853603188,141.22,0.09,4839.405254100649,4.616295758849692,0.717054,0.04,0.5505972592274141,5.307829716936513,2.0,9.0,4625.90386831785,18.0,7685.771451686245,22.505419939705153,5.0,0.0,0.0,252.0,30.579,0.317,0.0,4.59642311489304,0.2,4526.869890088032,7.19975114404836,11.8252409869324,0.3,5548.783347176735,7.002828955023468,1.0,0.0,0.0
chr14-53055810-53055811-C-T,TWJF-10146-MD017-0016,Pending,0.126,4.102,0.17,8.4,1.144,209.187,0.06,2.0,1.687,352.837,0.09,0.05,0.0,748.744,80.85,808.549,163.62,209.18737393791,0.33075,352.836770581254,0.487625,0.121195652173924,0.900453206595997,0.221249999999983,0.836262975738172,0.867271929979324,0.849242761731148,1436.83,0.13,1552.32,0.14,1.08,534.0,0.07,356.68,0.05,398.91,0.1,365.84,0.09,532.88,0.06,704.35,0.09,0.714113,0.07,0.598811,0.13,2.0,10.0,963.487207450801,0.5,912.748447087475,0.5,6.0,0.0,0.0,455.0,21.583,0.053,0.0,1455.62665614733,0.2,1462.34552351574,0.2,1696.09432094401,0.3,1751.66075520206,0.3,1.0,3.0,0.0
chr14-70523334-70523335-G-A,TWJF-10146-MD017-0016,Pending,20.0,7.539,21.5,10.7,3.049,837.065,5.793,2.0,0.989,828.057,6.612,0.156,0.0,8191.923,636.75,9100.078,881.14,10778.5369816229,5.793125,12595.3859979303,6.61175,24.5792391304348,0.0091921516295112,24.5792391304348,0.0091339168372407,0.0043054521083831,0.0452584773302078,5605.31,74.09,5604.77,73.38,1.111,10896.55,20.0,13770.71,24.0,17505.31,23.0,20478.82,27.0,18696.82,23.0,19020.84,24.0,0.000431,20.0,0.000495,19.0,0.0,9.0,837.065307307968,14.0,828.057266653624,14.0,3.0,6.0,0.0,257.0,10.064,0.303,0.0,2249.62432834059,13.0,3335.10875154925,15.0,2120.45958783998,12.0,3129.17606732296,15.0,1.0,3.0,1.0
chr15-52611230-52611231-C-G,TWJF-10146-MD017-0016,Review,0.24,0.63,0.23,0.31,14.71,38.2,0.028,2.0,1.06,40.474,0.045,0.157,0.0,130.44,53.11,129.24,35.2,38.1999267096658,0.057625,40.4742724732941,0.073625,0.0282065217391647,0.963050154304754,0.0451630434782828,0.951046205300429,0.699552718549967,0.63237539678812,62.72,0.63,102.6,1.16,0.991,130.44,0.24,129.24,0.23,181.7,2.1,240.65,2.4,130.44,0.24,129.24,0.23,0.618479,0.07,0.590834,0.07,4.0,9.0,1654.98649030649,4.4,2314.52844807955,7.3,4.0,0.0,0.0,393.0,48.23,0.305,1.0,130.44,0.24,129.24,0.23,130.44,0.24,129.24,0.23,1.0,3.0,0.0
chr16-52439880-52439881-T-C,TWJF-10146-MD017-0016,Review,1.1,1.48,0.742,0.21,11.247,109.97,0.24,2.0,0.953,104.85,0.16,0.311,0.0,161.995,91.42,104.85,28.87,161.994603508217,0.82775,80.5357471141016,0.4015,1.10002717391288,0.384226911468893,0.74154891304336,0.538427833210551,0.0413386262953281,0.026307675987482,1600.91,8.67,1226.04,7.53,0.647,161.995,1.1,104.85,0.742,109.97,1.5,104.85,1.5,130.58,0.24,69.93,0.16,0.074908,0.79,0.125556,0.52,2.0,9.0,1422.35784649154,3.3,1290.38154414547,2.9,6.0,0.0,0.0,170.0,21.713,0.518,0.0,161.995,1.1,104.85,0.742,161.995,1.1,104.85,0.742,2.0,3.0,0.0
chr17-50536769-50536770-C-T,TWJF-10146-MD017-0016,Pending,1.85,0.92,0.78,2.96,11.014,324.0,0.5,2.0,0.632,204.83,0.2,0.16,0.0,1037.05,34.52,478.81,132.95,14360.7283642337,6.341,13509.536732198,6.01275,31.6431793478261,0.0078607237550786,22.1923097826087,0.0104166234973252,0.0384778305888175,0.10200085118413,324.0,1.06,204.83,0.76,0.462,2133.99,2.6,468.88,0.8,902.93,0.91,365.84,0.39,603.54,0.58,488.74,0.48,0.035477,2.7,0.033531,2.8,1.0,10.0,2551.25138296514,1.6,2314.52844807955,1.4,2.0,0.0,0.0,457.0,39.335,0.28,0.0,1171.17016389179,2.1,493.878363033046,0.5,508.768248748919,0.5,234.163930916164,0.2,2.0,3.0,0.0
chr17-75570397-75570398-G-A,TWJF-10146-MD017-0016,Accept,0.715,1.81,0.22,3.4,225.148,69.884,0.063,2.0,0.707,49.44,0.029,0.3,0.0,218.041,70.91,88.294,161.34,69.8842733843372,0.096,49.4403345696691,0.02925,0.0631249999999994,0.939403124429496,0.0298641304348024,0.962528587780861,0.71853493526578,0.766250528395176,210.07,0.77,83.45,0.36,0.405,93.57,0.23,28.41,0.08,198.52,0.75,59.09,0.24,720.61,0.68,170.01,0.2,0.626509,0.08,0.861555,0.02,5.0,9.0,1485.26775588534,3.5,1824.25347836465,4.8,5.0,0.0,0.0,2214.0,356.811,0.631,0.0,248.056150645133,0.9,106.549152585163,0.4,226.011220206215,0.8,93.1386631351415,0.3,1.0,3.0,0.0
chr17-7673802-7673803-G-T,TWJF-10146-MD017-0016,Accept,2.604,12.211,3.328,15.1,137.542,56.587,0.7,2.0,1.151,65.133,0.8,0.395,1.0,1321.71,610.27,1696.166,795.4,4081.69073864891,3.165,4801.05698103434,3.435375,9.15535326086956,0.0269210968952277,8.01565217391304,0.0305315651140003,0.0465276017785072,0.127712532877922,5438.64,2.04,5505.38,3.22,1.283,936.63,4.1,2109.47,6.6,88.66,0.93,150.65,1.5,143.63,0.97,417.1,2.1,0.106873,1.3,0.061498,1.9,1.0,11.0,56.5868881409458,0.7,65.133200907097,0.8,10.0,0.0,0.0,1937.0,146.947,0.936,0.0,3621.67937614955,29.0,3220.40134979526,27.0,1706.7896475378,18.0,1282.86217436268,15.0,1.0,3.0,0.0
chr17-78451527-78451528-C-T,TWJF-10146-MD017-0016,Pending,0.678,0.79,0.767,2.04,0.531,59.41,0.34,2.0,0.771,45.82,0.27,0.104,0.0,108.969,30.02,79.96,81.59,82.0033171000256,0.526624999999999,91.1338621880151,0.5715,0.63521739130428,0.590374865442663,0.833967391304242,0.493880206954316,0.0910428538918495,0.0097993165254592,2755.88,0.34,2113.73,0.27,0.734,80.61,0.72,78.67,0.7,59.41,1.3,45.82,1.2,80.22,0.61,75.01,0.58,0.365605,0.41,0.345694,0.46,3.0,10.0,135.93534130779,1.9,74.1634734344795,1.1,3.0,0.0,0.0,12.0,1.595,0.333,1.0,153.278061758156,1.9,88.6094416563998,1.3,154.106160398253,1.9,81.249369591174,1.1,5.0,3.0,0.0
chr18-10705437-10705438-C-T,TWJF-10146-MD017-0016,Accept,0.773,6.051,1.0,22.97,2.665,78.539,0.37,2.0,1.515,118.976,0.81,0.136,0.0,269.32,378.06,932.55,3483.05,78.5389929829676,0.38275,118.976308944778,0.63625,0.772581521738999,0.523183772728105,0.999320652173779,0.42254946653968,0.0021140612661838,0.0016373768448829,3433.53,12.97,6355.1,18.17,3.463,269.32,0.773,932.55,1.0,269.32,2.5,754.47,4.2,263.49,0.37,932.55,0.81,0.140911,0.48,0.048668,1.0,1.0,9.0,1196.25937088688,2.5,1804.62185661009,5.1,6.0,0.0,0.0,108.0,16.975,0.157,0.0,269.32,0.773,932.55,1.0,269.32,0.773,932.55,1.0,1.0,3.0,0.0
chr18-58607355-58607356-C-G,TWJF-10146-MD017-0016,Pending,0.795,1.06,8.5,1.53,0.0,25.715,0.006,2.0,28.834,741.478,0.569,0.166,0.0,60.821,75.51,3447.951,101.45,25.7154969842872,0.15575,741.477973127186,1.559625,0.006168478260875,0.981908157278791,0.568586956521685,0.625444008739853,0.798217698931694,0.737150959670544,5353.65,1.59,5605.98,74.95,56.69,74.05,0.68,8991.18,18.0,26.25,0.91,7131.08,13.0,27.72,0.26,5565.11,8.6,0.813553,0.07,0.045305,2.2,2.0,9.0,47.5918176110943,1.6,442.099590302049,8.4,2.0,0.0,0.0,0.0,2.636,0.0,0.0,74.4920626757942,1.4,1330.79144395407,8.6,74.7188191977565,1.4,1087.50183891737,7.6,1.0,3.0,0.0
chr19-15227556-15227559-AGCG-A,TWJF-10146-MD017-0016,Accept,0.41,1.61,13.0,3.35,1.415,20.14,0.18,2.0,346.496,6978.43,9.1,0.255,0.0,39.93,61.76,3955.418,157.83,39.8342032336926,0.28175,1630.2901060861,2.112375,0.450978260869562,0.692120997827899,3.01372282608688,0.0951258397093025,0.0184589698910713,0.171875480562449,1362.9,0.19,5606.85,76.03,99.058,36.18,0.32,9435.4,19.0,20.14,0.52,6978.43,13.0,20.19,0.18,6115.94,9.1,0.397652,0.37,0.014717,4.1,4.0,10.0,40.0266064796863,0.6,1709.58761513716,13.0,8.0,0.0,0.0,59.0,2.256,0.627,0.0,88.4056455958709,1.3,2303.98687109623,14.0,81.0625012266564,1.1,2112.6132534364,14.0,1.0,1.0,0.0
chr19-49653599-49653605-GGAGGAC-G,TWJF-10146-MD017-0016,Pending,3.5,4.898,20.232,23.54,61.387,67.35,0.301,2.0,237.752,16012.486,12.284,0.373,0.0,1422.358,206.4,16012.486,2775.4,67.3496343398682,0.3015,16012.4860647205,12.28425,0.400054347826085,0.72272386054225,20.2322554347826,0.0111433151018105,0.204457383602858,0.167932640761137,3882.07,13.82,8782.34,22.02,11.258,1422.358,3.5,16012.486,20.232,1157.39,4.7,40682.73,62.0,17570.02,7.7,40387.78,39.0,0.004239,3.5,0.000179,12.0,1.0,11.0,1422.35784649154,0.5,9146.0108795381,14.0,2.0,0.0,0.0,952.0,89.747,0.684,0.0,1422.358,3.5,16012.486,20.232,1422.358,3.5,16012.486,20.232,2.0,1.0,0.0
chr19-6213066-6213067-C-T,TWJF-10146-MD017-0016,Pending,40.5,51.0,35.5,46.0,8.722,485.758,12.0,2.0,3.221,1564.66,12.0,0.1,0.0,21186.881,636.185,19318.66,536.03,24713.7114245834,32.785125,24312.9457075715,31.956,62.7446739130435,0.004326141296766,62.7446739130435,0.0045062664296799,0.0177184902131557,0.0248106563522014,19626.84,66.27,16902.84,53.72,0.912,22746.92,12.0,22907.46,12.0,27725.29,44.0,21734.48,34.0,42983.97,65.0,37261.59,41.0,1.1e-05,49.0,0.0001,26.0,4.0,9.0,9550.53265102175,37.0,9550.53265102175,37.0,9.0,0.0,0.0,1067.0,60.568,0.144,0.0,485.758042757335,23.0,1564.66007164058,39.0,707.63613209629,27.0,563.391123261606,24.0,1.0,3.0,0.0
chr20-59868526-59868527-C-T,TWJF-10146-MD017-0016,Pending,4.469,0.0,8.949,0.21,8.919,50.399,0.67,2.0,0.849,42.798,1.4,0.083,0.0,2048.77,2.08,4876.42,8.89,1866.97005770564,4.0335,7833.36590777678,8.597625,5.2477717391304,0.048188375220427,17.305597826087,0.0131672877837538,0.0025830417871475,0.0193936750292778,255.13,1.12,913.8,3.23,2.38,2230.57,0.67,4570.38,1.4,2952.5,7.4,5182.46,12.0,14049.42,7.1,25569.55,19.0,0.006544,4.9,0.001583,9.3,0.0,9.0,4106.84141846427,16.0,5681.68344658443,23.0,1.0,0.0,0.0,1472.0,133.113,0.067,0.0,50.3987772572877,3.0,42.7976576125929,2.5,64.5371822791707,3.9,64.2406608612895,3.9,1.0,3.0,0.0
chr21-36278028-36278029-G-C,TWJF-10146-MD017-0016,Accept,0.33,0.28,0.16,0.42,15.38,47.937,0.07,2.0,0.795,38.109,0.03,0.114,0.0,223.67,33.49,69.47,41.79,47.9371689396146,0.138,38.1093043701126,0.057625,0.148016304347834,0.882912321351504,0.0918750000000017,0.91948127730939,0.411352958530188,0.465663261711597,223.67,2.48,266.6,2.84,0.311,223.67,0.33,69.47,0.16,178.87,2.1,69.47,1.2,233.65,0.33,68.93,0.16,0.594587,0.07,0.761916,0.03,6.0,9.0,1422.35784649154,3.3,1407.05120650257,3.3,3.0,0.0,0.0,509.0,62.018,0.248,0.0,223.67,0.33,69.47,0.16,223.67,0.33,69.47,0.16,1.0,3.0,0.0
chr21-43690353-43690354-T-C,TWJF-10146-MD017-0016,Pending,0.446,0.54,0.509,0.85,8.434,87.185,0.17,2.0,1.117,97.429,0.2,0.162,0.0,575.98,47.98,183.49,63.66,87.1849338925154,0.44625,97.4288478187753,0.509,0.184021739130444,0.860437125829403,0.382173913043459,0.734967979022267,0.518649220466614,0.32333679497242,575.98,4.85,183.49,2.1,0.319,575.98,0.446,183.49,0.509,801.48,4.3,648.9,3.9,138.27,0.24,107.22,0.21,0.39113,0.17,0.351684,0.2,3.0,9.0,4576.12241190687,19.0,3033.44952712265,12.0,4.0,0.0,0.0,1169.0,33.736,0.25,0.0,575.98,0.446,183.49,0.509,575.98,0.446,183.49,0.509,1.0,3.0,0.0
chr22-29050111-29050112-G-T,TWJF-10146-MD017-0016,Accept,3.699,4.129,41.0,5.71,9.769,171.54,0.56,2.0,117.46,20149.14,31.0,0.142,0.0,4539.528,213.16,24371.733,346.26,5023.445235599,6.561875,28594.3255095126,50.901375,12.8054619565217,0.0189920547982709,99.2866032608696,0.0035436966577677,0.0026209503412246,0.001150656491518,4055.61,11.0,11442.69,32.07,5.369,10497.88,3.2,42625.05,57.0,171.54,0.56,20149.14,31.0,8838.88,4.2,39387.86,49.0,0.017245,3.0,4.8e-05,33.0,0.0,8.0,3848.70047370434,2.4,9972.94614226821,16.0,8.0,0.0,0.0,426.0,31.014,0.315,0.0,4539.528,3.699,24371.733,41.0,4539.528,3.699,24371.733,41.0,1.0,3.0,0.0
chr22-37922138-37922139-C-A,TWJF-10146-MD017-0016,Pending,15.0,6.969,5.1,7.3,111.072,427.98,2.841,2.0,0.328,140.42,1.125,0.146,0.0,4527.187,472.67,1381.685,508.68,3231.36507562737,2.8405,329.177922094937,1.124875,8.54532608695651,0.0287172477790593,1.69836956521731,0.223404563952181,0.0011704862117767,0.017154611647129,5649.43,93.83,5595.45,59.18,0.305,8555.84,17.0,2149.0,6.7,13212.86,19.0,2635.42,7.6,15669.07,20.0,2481.45,5.2,0.007914,5.6,0.100647,1.4,0.0,9.0,427.979731978361,8.2,140.420104526777,3.9,3.0,0.0,0.0,3427.0,336.582,0.33,0.0,3404.94420691566,15.0,548.415852489424,5.0,3391.79815808239,15.0,614.369998980795,5.4,1.0,3.0,0.0
chr3-126157408-126157409-C-A,TWJF-10146-MD017-0016,Pending,2.35,33.0,4.2,69.0,0.214,9.791,0.09,1.0,1.014,9.927,0.3,0.154,0.0,1427.69,393.49,2294.181,1356.23,4057.4798149574,5.87425,8881.90439833302,9.425875,9.84945652173911,0.0243100203469345,20.2322554347826,0.0110261795345431,0.015302013605833,0.0031123347580432,8188.89,21.82,12374.88,35.4,1.607,200.37,0.09,843.05,0.3,1304.42,4.7,3150.53,7.6,1899.77,0.97,5783.65,2.7,0.040677,1.8,0.004842,5.7,1.0,9.0,1550.96012730843,2.9,1437.8310001274,2.3,5.0,0.0,0.0,5.0,0.535,0.4,0.0,17.7590610416267,0.7,18.4255304689344,0.7,9.79061560914062,0.3,9.92681663947893,0.3,2.0,3.0,0.0
chr3-39411905-39411906-A-C,TWJF-10146-MD017-0016,Pending,8.727,1.4,32.5,3.13,6.331,36.543,2.0,2.0,8.017,292.961,16.0,0.05,0.0,6333.171,201.15,17834.741,382.99,3887.13194295709,5.745375,7298.37251248086,8.2395,9.84945652173911,0.0243258558732777,17.305597826087,0.0136946672080628,0.0037155635654926,0.0112229995429515,17401.88,55.95,23116.15,81.86,2.816,8779.21,2.6,23016.27,12.0,13648.77,22.0,34798.02,59.0,29311.19,24.0,44907.97,77.0,0.000485,16.0,2e-05,42.0,0.0,9.0,2635.42197653288,7.6,12653.2128518332,46.0,2.0,0.0,0.0,7320.0,575.582,0.011,1.0,39.7575853550153,2.3,477.99130878601,23.0,36.5434882102898,2.0,292.961128578556,16.0,1.0,3.0,0.0
chr4-168221799-168221800-T-C,TWJF-10146-MD017-0016,Accept,0.5,0.65,0.281,0.95,1.204,47.563,0.02,2.0,1.025,48.735,0.02,0.156,0.0,185.11,20.91,101.95,29.17,47.5634567172708,0.024625,48.7350110448619,0.027,0.10138586956522,0.913487645628443,0.261956521739123,0.809833684524289,0.504361864179373,0.254394501447678,355.92,1.14,26.89,0.11,0.551,280.51,0.53,128.8,0.3,203.96,0.77,114.33,0.52,166.26,0.19,102.01,0.13,0.870621,0.02,0.859783,0.02,4.0,9.0,1050.60076521104,1.9,1158.05301827804,2.2,7.0,0.0,0.0,449.0,15.44,0.078,0.0,123.751365575901,0.5,100.588886357072,0.4,127.095449078651,0.5,101.88963348276,0.4,1.0,3.0,0.0
chr4-42588303-42588304-C-T,TWJF-10146-MD017-0016,Pending,2.35,9.25,10.55,18.74,4.314,102.554,0.646,2.0,14.829,1520.749,3.674,0.147,0.0,2749.521,440.4,6998.626,1244.16,102.55362936928,0.645625,1520.74941306208,3.674125,0.794456521738994,0.513321289372512,3.7201086956521,0.0729082697535454,0.0641932189464569,0.0707436762750148,1566.15,4.97,6469.76,17.08,2.545,33879.26,27.0,38983.4,41.0,545.95,2.3,4174.04,8.7,12020.51,5.9,31924.38,29.0,0.038553,1.9,0.001012,12.0,2.0,11.0,3932.89229682844,2.4,7527.49114979243,9.1,1.0,0.0,0.0,239.0,12.577,0.343,0.0,2749.521,2.35,6998.626,10.55,2749.521,2.35,6998.626,10.55,1.0,3.0,0.0
chr5-141403339-141403340-G-A,TWJF-10146-MD017-0016,Pending,0.545,4.898,1.35,5.69,3.158,56.436,0.014,2.0,1.182,66.694,0.013,0.159,0.0,646.048,236.91,870.075,270.89,56.4357060705443,0.053625,66.6943257863996,0.08575,0.0141576086956831,0.974322468168739,0.0130978260869767,0.975010902808339,0.912849172949791,0.966582760214806,2796.42,4.6,3404.46,5.32,1.347,256.76,0.49,933.75,1.5,731.18,1.7,1202.75,2.3,345.64,0.37,597.37,0.58,0.793587,0.04,0.721325,0.06,2.0,9.0,560.91551463325,0.6,776.008632837805,1.2,1.0,0.0,0.0,125.0,9.628,0.328,0.0,737.140036835831,2.4,806.399036130603,2.6,914.386909485563,2.9,1159.12427192537,3.5,1.0,3.0,0.0
chr6-142367779-142367780-G-C,TWJF-10146-MD017-0016,Pending,12.5,2.029,13.0,1.43,3.705,471.752,2.797,2.0,1.126,531.377,2.824,0.26,0.0,4322.381,588.09,4423.63,470.21,3151.14107814162,2.796875,3223.15034167565,2.824125,8.26921195652172,0.0295934664642514,8.54532608695651,0.0289676702236074,0.0030184611678123,0.0029985234141349,5619.47,86.99,5624.11,89.11,1.023,5493.62,13.0,6651.04,15.0,5965.16,12.0,5712.5,12.0,9823.13,14.0,9673.88,14.0,0.02009,3.5,0.028154,3.0,0.0,9.0,471.752198162359,8.7,531.376816391114,9.3,6.0,0.0,0.0,105.0,6.952,0.533,0.0,2582.91431959175,13.0,2704.64332121398,14.0,2886.88843024867,14.0,2967.76835716838,14.0,1.0,3.0,0.0
chr7-102822182-102822183-C-G,TWJF-10146-MD017-0016,Accept,1.5,0.28,0.42,0.87,11.24,29.094,0.15,2.0,0.525,15.269,0.05,0.154,0.0,283.75,87.48,89.84,148.65,185.346741673946,1.1625,56.6312790312858,0.236375,1.23336956521727,0.338819798295061,0.459891304347806,0.687616565219162,0.0226549729704856,0.109100829809904,213.65,0.96,87.92,0.38,0.317,353.85,0.15,91.76,0.05,727.23,3.2,182.06,0.88,3197.75,1.6,616.99,0.35,0.052295,1.6,0.380608,0.21,4.0,9.0,2169.04570370701,5.6,1602.12922627967,3.1,8.0,0.0,0.0,279.0,16.776,0.67,0.0,57.2031572836814,3.5,22.5642030923088,1.1,29.0944398354873,1.4,15.2689790774519,0.5,1.0,3.0,0.0
chr8-144436857-144436858-C-T,TWJF-10146-MD017-0016,Pending,4.398,1.76,8.4,10.7,13.319,1946.87,2.6,2.0,3.608,7025.033,6.2,0.148,0.0,3454.017,54.46,7025.033,544.12,1946.87018251898,3.0895,7025.03329914432,6.075875,3.29679347826078,0.0843859407007615,9.49423913043476,0.0253432613695413,0.183402016758919,0.17806513234973,9179.07,22.66,11980.52,26.88,2.034,3454.017,4.398,7025.033,8.4,2481.82,7.0,5344.22,13.0,10506.28,4.5,18960.85,8.4,0.002496,4.4,0.001554,5.2,0.0,10.0,3454.01654281483,2.6,5805.97248675531,6.2,1.0,0.0,0.0,549.0,38.943,0.342,0.0,3454.017,4.398,7025.033,8.4,3454.017,4.398,7025.033,8.4,1.0,3.0,0.0
chr8-144440436-144440437-C-T,TWJF-10146-MD017-0016,Accept,1.545,0.08,12.0,0.28,11.683,48.113,0.149,2.0,5.456,262.526,1.436,0.157,0.0,708.641,14.99,4096.666,28.3,48.1128902106141,0.1495,262.525846794102,1.49375,0.493315217391284,0.668495392053383,1.43584239130423,0.280567830392944,0.0395856313407421,0.0410432033240795,544.33,2.14,4625.36,12.36,5.781,1680.54,0.52,9399.02,2.8,763.52,3.3,5530.06,12.0,1858.86,0.95,18380.71,12.0,0.199987,0.51,0.007649,4.5,2.0,9.0,1864.15973431607,4.1,3567.97106119069,13.0,1.0,0.0,0.0,333.0,38.943,0.3,0.0,653.762491410912,26.0,923.464064384024,31.0,505.603416581086,23.0,1056.35526200945,33.0,1.0,3.0,0.0
chr8-144442302-144442303-C-G,TWJF-10146-MD017-0016,Reject,1.179,25.0,0.766,31.0,10.787,159.283,0.59,2.0,0.49,77.98,0.31,0.166,0.0,641.2,249.17,325.33,362.53,159.283303394255,0.821375,77.979866146056,0.38275,1.1791847826086,0.355403068611064,0.765951086956406,0.525811679355854,0.0017350651323795,0.0031307153403759,17815.28,35.89,4008.34,14.07,0.507,641.2,1.179,325.33,0.766,414.93,3.1,247.39,2.5,641.2,0.64,325.33,0.43,0.111116,0.59,0.225048,0.31,1.0,9.0,1550.96012730843,3.9,1376.93031903257,3.2,4.0,5.0,0.0,692.0,38.943,0.277,0.0,641.2,1.179,325.33,0.766,641.2,1.179,325.33,0.766,1.0,3.0,1.0
chr8-144443168-144443169-C-G,TWJF-10146-MD017-0016,Accept,0.08,0.01,0.04,0.01,10.787,6.79,0.019,2.0,4.077,27.68,0.011,0.137,0.0,31.291,59.4,28.961,63.03,31.2906897770928,0.0195,28.961487282858,0.01075,0.249918478260838,0.818622393269494,0.0214130434782759,0.968460144612374,0.149177212268114,0.669869229197502,200.0,2.26,256.23,2.75,0.926,31.291,0.08,28.961,0.04,6.79,0.08,27.68,0.5,7.62,0.03,12.7,0.04,0.738823,0.04,0.812934,0.03,5.0,9.0,423.37404734272,0.3,503.393672721951,0.5,5.0,0.0,0.0,566.0,38.943,0.277,0.0,31.291,0.08,28.961,0.04,31.291,0.08,28.961,0.04,1.0,3.0,0.0
chr8-144881803-144881804-G-C,TWJF-10146-MD017-0016,Reject,0.509,1.64,0.199,0.83,23.591,35.73,0.07,2.0,0.313,11.17,0.02,0.29,0.0,74.82,50.52,39.085,25.91,61.5818431525255,0.25675,39.0845792634702,0.063625,0.509429347826057,0.658994007283349,0.199375000000003,0.849957453918116,0.0953136757016182,0.274458583444357,2283.28,10.46,2175.62,10.2,0.522,74.82,0.509,39.085,0.199,74.82,1.3,17.68,0.3,35.73,0.1,11.17,0.04,0.600338,0.07,0.891077,0.02,3.0,9.0,598.537372158204,0.7,437.341955446153,0.4,8.0,8.0,1.0,437.0,43.526,0.542,0.0,74.82,0.509,39.085,0.199,74.82,0.509,39.085,0.199,1.0,3.0,1.0
chr8-22601039-22601040-C-T,TWJF-10146-MD017-0016,Review,0.275,1.11,1.11,4.24,5.635,10.36,0.067,2.0,15.588,161.49,0.317,0.166,0.0,16.612,75.38,111.117,208.24,17.1347970481286,0.067,44.3622653683452,0.317125,0.140054347826123,0.88797513780312,0.507717391304325,0.660493482420948,0.143022302538157,0.0071590095758438,4728.82,0.79,5041.05,1.02,6.689,16.09,0.15,136.5,1.2,10.69,0.41,83.09,2.0,10.36,0.09,161.49,1.2,0.686743,0.14,0.333188,0.48,6.0,9.0,13.7135767371574,0.4,29.5649814848543,0.9,5.0,0.0,0.0,413.0,18.782,0.3,0.0,23.9392202263121,0.5,103.54043852073,1.7,24.9706587724982,0.5,118.694337295661,1.9,2.0,3.0,0.0
chr8-38976734-38976735-C-T,TWJF-10146-MD017-0016,Pending,4.949,0.06,4.35,0.3,5.064,136.66,0.94,2.0,6.065,828.82,3.0,0.477,0.0,512.972,13.22,845.815,29.04,12351.5989417302,6.478375,5073.15325567167,3.5365,27.6173913043478,0.008098243941697,12.1872282608695,0.0191225717281223,0.0055829435586929,0.0072974972426891,5600.05,66.64,5603.24,71.3,1.649,206.66,1.6,862.81,3.9,1332.95,5.5,1073.58,5.1,136.66,0.94,828.82,3.0,0.024087,3.2,0.006291,6.2,4.0,10.0,560.91551463325,5.6,423.37404734272,4.4,4.0,0.0,0.0,152.0,6.994,0.724,0.0,465.028960298455,4.4,446.149078183536,4.3,382.66610861489,3.7,357.948049302332,3.5,1.0,3.0,0.0
chr8-47837381-47837391-AACCTAGTTTC-A,TWJF-10146-MD017-0016,Accept,0.55,0.85,15.5,13.61,28.207,401.08,0.27,2.0,56.281,22573.33,16.0,0.066,0.0,856.632,63.44,15967.68,695.78,10258.5294770485,1.563125,31977.6728401931,29.65775,15.1609510869565,0.015645374027824,99.2866032608696,0.0032297925216082,0.142889644950628,0.0055480599403381,8475.78,7.61,9175.41,11.1,18.64,597.14,0.29,23226.41,15.0,401.08,0.31,22573.33,18.0,926.06,0.27,29551.62,16.0,0.06597,0.99,2.5e-05,47.0,2.0,10.0,912.748447087475,0.3,5869.13289643332,7.7,10.0,0.0,0.0,2981.0,348.232,0.081,0.0,712.344376211245,0.5,7739.0918315541,9.0,800.515969341273,0.6,9362.02938646301,12.0,1.0,0.0,0.0
chr8-52674011-52674012-T-C,TWJF-10146-MD017-0016,Pending,42.281,10.289,29.365,10.14,9.649,228.46,13.0,2.0,0.604,137.978,8.7,0.104,0.0,17599.762,1977.41,15642.846,1951.99,20933.3334064198,23.513625,20234.7518666125,22.245375,62.7446739130435,0.0047822844915526,62.7446739130435,0.0049553747233736,0.0006023794412612,0.0013822838664054,14266.19,42.54,11050.94,30.73,0.889,24179.3,13.0,20699.13,8.7,30893.41,50.0,30068.96,48.0,41573.34,58.0,39688.61,50.0,2e-05,42.0,8.4e-05,28.0,0.0,9.0,11604.0356333116,43.0,8758.62300723931,34.0,7.0,0.0,0.0,1497.0,52.442,0.184,0.0,821.145278351918,30.0,573.350241800278,24.0,228.459909278435,14.0,137.978049076163,8.5,1.0,3.0,0.0
chr8-73046128-73046129-G-A,TWJF-10146-MD017-0016,Pending,31.0,2.189,25.5,2.7,3.496,1145.591,13.857,2.0,0.755,864.682,11.316,0.102,0.0,18858.771,55.035,13052.525,71.955,21520.7137108473,13.856625,19321.922754755,11.31575,62.7446739130435,0.0048925448192346,46.2246739130435,0.0053198457342,0.0146734826266765,0.008871853351593,5646.93,93.57,5693.9,96.61,0.692,32634.03,63.0,25932.04,45.0,26694.99,39.0,21500.59,29.0,26185.21,34.0,22163.61,28.0,0.0002,26.0,0.00029,23.0,0.0,9.0,1145.59068280975,16.0,864.681670102131,14.0,8.0,0.0,0.0,600.0,27.312,0.128,0.0,11617.4282786777,25.0,5024.69841158535,18.0,16196.8291082257,28.0,6783.12780583953,20.0,1.0,3.0,0.0
chr8-73081207-73081208-G-A,TWJF-10146-MD017-0016,Reject,0.664,0.13,0.499,0.4,0.082,31.14,0.09,2.0,1.241,38.63,0.13,0.104,0.0,404.441,20.77,455.54,38.4,147.222417524148,0.9475,96.4508093421572,0.596125,1.03413043478248,0.409279295633647,0.427663043478233,0.705910001424642,0.044679470360279,0.279761634767056,31.14,0.09,38.63,0.13,1.126,4915.02,1.4,6712.05,1.9,113.71,0.26,163.39,0.57,661.66,0.38,747.69,0.42,0.038773,1.9,0.042507,1.8,2.0,10.0,1567.83228391243,0.2,1584.88798467302,0.2,7.0,3.0,0.0,26.0,0.353,0.231,0.0,404.441,0.664,455.54,0.499,404.441,0.664,455.54,0.499,1.0,3.0,2.0
chr9-124799324-124799324-A-AATTC,TWJF-10146-MD017-0016,Pending,1.55,18.75,4.0189165160716716,16.72,0.0,1255.481,0.583,2.0,31.57580734287544,2864.1295982357137,1.6962660456130993,0.405,0.0,3089.702,124.56,4651.81512962659,116.29,2702.29396359118,0.583374999999999,4098.582040108569,1.8127629015228828,3.7201086956521,0.0721891821743696,8.173082901138194,0.10639803081110188,0.225554749369621,0.21292108689109848,11799.77,43.47,12478.32434480881,39.904985957019534,7.522042429478571,4043.04,1.4,5977.024406627552,3.0574440789444575,6095.65,3.1,7343.487345446735,6.634874670686788,3477.11,0.73,5643.025221170416,1.8304031938206444,0.070323,0.93,0.08230770092175105,2.920798956394641,0.0,9.0,1785.20149967003,5.3,3035.35467959405,7.810651325563654,4.0,0.0,0.0,111.0,5.382,0.0,0.0,1299.00253919232,1.6,6671.836741270497,4.655160270079072,1255.48058186304,1.5,6468.908903039976,4.106381006080386,1.0,0.0,0.0
chr1-152303555-152303556-G-A,TWJF-5120-06,Pending,2.393,7.01,3.701,18.93,0.0,384.22,0.87,2.0,2.33,895.35,1.3,0.149,0.0,993.258,145.92,1603.809,557.59,793.382390993732,1.50825,1479.43226466622,1.924125,1.86442934782602,0.195727142502997,4.10201086956516,0.0647545100037382,0.211388420313597,0.0271864719688892,1055.73,2.92,2609.5,4.2,1.615,1172.43,3.5,1954.12,4.6,645.63,3.0,814.73,3.3,384.22,1.2,895.35,1.9,0.208026,0.87,0.113077,1.3,1.0,10.0,1262.75821593613,1.4,1728.18540463734,2.3,7.0,0.0,0.0,19.0,0.554,0.0,0.0,930.786337731521,4.8,1098.62632180721,5.2,1544.64968433631,6.2,1769.41620340701,6.6,1.0,3.0,0.0
chr1-182884613-182884625-GATTAAACTGCAA-G,TWJF-5120-06,Accept,1.65,4.06,2.7,14.18,43.932,779.797,0.731,2.0,0.94,733.159,0.708,0.1,0.0,3642.255,146.66,4756.104,815.76,779.797041005752,0.731374999999999,733.159484009094,0.707999999999999,1.230081521739,0.339608459473299,2.20225543478251,0.152192599315241,0.418108001351357,0.103712804615498,5492.87,96.11,5532.97,98.36,1.306,3618.71,1.9,13848.25,5.9,3665.8,1.4,7527.49,2.6,4612.26,1.3,6159.23,1.6,0.056675,1.4,0.021806,2.5,0.0,10.0,4106.84141846427,3.2,3766.31095345203,2.8,6.0,0.0,0.0,1373.0,185.369,0.237,0.0,2279.29217743375,2.1,3979.23877634225,3.5,2491.95387811864,2.3,3225.0763461463,2.8,1.0,1.0,0.0
chr1-200617860-200617861-G-A,TWJF-5120-06,Accept,0.635,14.33,1.45,32.0,1.725,47.481,0.08,2.0,1.167,55.409,0.17,0.162,0.0,90.565,134.03,219.629,391.575,47.4807913780953,0.203875,55.409312498672,0.26125,0.302798913043446,0.784256116516704,0.598206521739087,0.60861934681548,0.202499352395534,0.0048998743295669,88.44,0.97,569.19,2.31,2.425,76.02,0.47,224.46,1.3,105.42,1.5,371.82,2.3,70.55,0.34,164.32,0.65,0.785303,0.08,0.647785,0.17,4.0,9.0,688.934419119916,2.1,1437.8310001274,4.9,7.0,0.0,0.0,44.0,3.299,0.523,0.0,95.1261675037113,0.9,210.523218047523,1.6,92.6893848726731,0.8,214.797884612802,1.6,1.0,3.0,0.0
chr1-22953946-22953947-C-A,TWJF-5120-06,Pending,0.245,2.56,0.365,20.92,0.0,37.31,0.037,2.0,1.051,39.216,0.048,0.199,0.0,111.717,53.29,166.645,654.45,37.309625030977,0.03725,39.2157591983536,0.04775,0.177472826086941,0.863987115074686,0.0808423913043441,0.927459279272458,0.294072218239307,0.505452994257212,2032.72,0.25,2948.79,0.35,1.492,111.59,0.37,163.6,0.47,99.33,0.24,169.69,0.4,119.17,0.2,292.42,0.38,0.94178,0.07,0.909841,0.1,2.0,9.0,299.472668376634,0.6,423.37404734272,1.1,8.0,0.0,0.0,0.0,0.0,0.0,0.0,69.9551995869384,0.3,92.6445764158151,0.3,111.843307031652,0.3,132.315279948173,0.4,5.0,3.0,0.0
chr1-31065758-31065759-GC-G,TWJF-5120-06,Review,2.346,17.61,7.84874655823149,21.11590186984367,83.021,128.443,0.601,2.0,71.83360875122497,2776.4181397524308,3.7019125353987588,0.152,0.0,658.104,217.93,4199.059686398823,449.113905864751,128.44251011082,0.60075,4040.2525564771577,3.687706923730369,0.8910054347825,0.468468827881863,8.943069939437837,0.33351262039025803,0.0752321667969226,0.08026569793316651,446.0,2.09,3445.570110706863,9.437776327361007,14.307349009078283,938.45,3.1,5434.5714029457795,8.540158484867664,495.29,2.6,4681.915488493128,9.036576919973639,321.55,0.97,5083.7206126804385,5.790139321315741,0.217199,0.83,0.17077613801895672,5.494229824054111,1.0,9.0,883.596918697149,2.8,3767.7819330885513,8.553945414745947,1.0,0.0,0.0,10.0,118.602,0.7,0.0,820.918418869902,3.6,6568.090220415203,9.63657086953206,863.038162272147,3.7,7266.696209012214,9.950690947032705,1.0,0.0,0.0
chr1-50200979-50200980-G-T,TWJF-5120-06,Pending,1.281,0.81,2.967,1.53,0.0,31.76,0.456,2.0,0.637,20.22,1.195,0.226,0.0,738.9,25.13,1947.71,46.77,128.790434879676,1.28075,381.591331308698,2.967375,0.456331521739102,0.689007234996064,1.19521739130424,0.350771255353074,0.336500745266676,0.235858775675297,31.76,5.24,20.22,3.33,2.636,738.9,1.281,1947.71,2.967,762.34,3.8,1947.71,7.2,738.9,0.48,2361.38,1.5,0.055117,1.1,0.013833,2.8,1.0,9.0,3606.78531917385,9.9,4989.871863861,17.0,1.0,0.0,0.0,2.0,0.478,0.0,0.0,738.9,1.281,1947.71,2.967,738.9,1.281,1947.71,2.967,1.0,3.0,0.0
chr10-1048269-1048270-G-C,TWJF-5120-06,Pending,2.6,2.1,6.963,2.21,11.209,229.639,1.084,2.0,8.182,1878.978,3.39,0.169,0.0,992.7,29.495,2312.43,30.765,229.63924295307,2.110875,1878.97778917241,6.9625,1.08366847826071,0.389935422976581,3.38978260869555,0.0812876310174322,0.143938582390547,0.162129923701286,783.77,35.09,508.6,29.02,2.329,992.7,2.6,2312.43,6.963,992.7,4.1,2312.43,7.6,2265.18,1.4,5200.55,3.0,0.014869,2.6,0.003032,6.1,2.0,10.0,8950.22129972122,8.6,15208.3922035136,20.0,2.0,0.0,0.0,22.0,20.567,0.545,0.0,992.7,2.6,2312.43,6.963,992.7,2.6,2312.43,6.963,2.0,3.0,0.0
chr10-35607880-35607881-G-A,TWJF-5120-06,Pending,46.0,82.98,53.0,57.06,0.0,17424.76,20.0,2.0,1.7,29625.81,19.0,0.158,0.0,21040.322,6616.34,29625.81,2426.8,18511.4189837054,24.31125,12562.2602671914,14.9175,46.2246739130435,0.0056358758541956,27.6173913043478,0.0083163755588781,0.0135073699057102,0.0178002305328845,17424.76,27.52,29625.81,63.17,1.408,21040.322,46.0,29625.81,53.0,40886.36,66.0,40862.48,66.0,42341.9,73.0,43081.3,78.0,0.001766,20.0,0.002088,19.0,1.0,9.0,21040.3230675947,46.0,25017.04006358,53.0,9.0,0.0,0.0,0.0,0.033,0.0,0.0,21040.322,46.0,29625.81,53.0,21040.322,46.0,29625.81,53.0,1.0,3.0,0.0
chr10-71807899-71807900-A-G,TWJF-5120-06,Pending,5.0,0.78,7.7,1.83,0.0,128.15,0.746,2.0,10.653,1365.241,3.014,0.158,0.0,1560.09,22.47,8911.2,40.53,128.149985053437,1.28075,1365.2408510498,5.96225,0.745597826086836,0.535841657536117,3.01372282608688,0.0957733742051847,0.150890924036503,0.125284627079964,1560.09,46.34,8911.2,83.82,5.712,1560.09,5.0,8911.2,7.7,1251.28,5.0,12510.39,26.0,8865.51,5.1,14378.68,9.3,0.004579,5.0,0.003213,6.0,0.0,10.0,5681.68344658443,4.0,8208.08818314808,7.7,2.0,0.0,0.0,15.0,7.621,0.0,0.0,1560.09,5.0,8911.2,7.7,1560.09,5.0,8911.2,7.7,1.0,3.0,0.0
chr11-10799328-10799329-T-A,TWJF-5120-06,Pending,2.0,1.27,3.0,1.2,216.182,26.97,0.17,2.0,1.268,34.21,0.26,0.133,0.0,1027.406,30.83,1226.101,29.77,8943.70176907275,4.40825,10543.6659569006,4.893375,20.2322554347826,0.0115804715421026,16.1575543478261,0.0142613841728057,0.0190369561314582,0.123841617256403,81.36,0.92,176.93,1.4,1.193,921.55,3.0,1072.93,3.3,26.97,0.17,34.21,0.26,1306.01,2.3,2382.99,3.3,0.026406,2.9,0.015953,3.5,1.0,8.0,1133.26246020407,1.2,1989.19309513165,2.7,2.0,0.0,0.0,4992.0,573.427,0.377,0.0,209.778028701651,0.3,207.376719464049,0.3,1163.18823261412,1.7,1379.27225446962,2.0,1.0,3.0,0.0
chr11-1598140-1598141-C-T,TWJF-5120-06,Pending,46.0,18.46,47.0,10.43,0.033,5471.041,5.197,2.0,0.991,5420.883,4.769,0.144,0.0,8943.293,236.02,8466.26,98.01,6936.94273301188,5.196875,6108.21561102797,4.76875,17.305597826087,0.0138390659956266,15.1609510869565,0.0156286788599006,0.0002850501250577,0.000241719898895,6052.97,83.24,6051.46,82.27,0.947,28015.99,46.0,29235.5,51.0,33686.63,51.0,32965.5,47.0,36996.46,60.0,36289.96,57.0,0.000109,46.0,0.000104,47.0,0.0,11.0,5743.49177498518,9.4,5805.97248675531,9.5,6.0,7.0,0.0,101.0,0.058,0.574,0.0,10949.6440146674,62.0,10824.3044760913,62.0,5471.04138556025,45.0,5420.88257664349,45.0,6.0,3.0,2.0
chr11-46307835-46307836-G-A,TWJF-5120-06,Pending,2.635,17.16,2.093,11.84,27.117,1247.747,1.9,2.0,0.8,998.738,1.9,0.146,0.0,1653.613,208.68,1101.173,116.97,1247.74698307723,2.25475,998.737667802439,2.0555,2.31233695652166,0.141142905274428,2.08619565217384,0.165657230896803,0.224730469286442,0.217065494507551,5638.48,2.77,5567.67,2.25,0.666,1597.92,2.1,714.56,1.3,3745.99,3.2,2145.7,2.2,6375.67,3.6,4961.82,2.9,0.104584,1.9,0.110521,1.9,0.0,9.0,1550.96012730843,5.8,1006.1015840455,3.4,4.0,0.0,0.0,739.0,57.696,0.47,0.0,1709.3067199053,2.8,1196.24462663863,2.1,1512.2026681441,2.5,911.19221377745,1.6,1.0,3.0,0.0
chr11-47245483-47245484-G-A,TWJF-5120-06,Accept,0.091,0.36,0.25,2.71,26.799,2.41,0.0,2.0,2.564,6.18,0.03,0.182,0.0,52.235,14.64,185.569,55.8,58.6699061396598,0.09275,80.7182515902386,0.212,0.194701086956513,0.853762555343039,0.288179347826059,0.793192272818868,0.394498489797115,0.363338820636272,2.41,0.0,6.18,0.03,3.553,45.8,0.03,388.13,0.14,85.36,0.09,492.62,0.67,60.07,0.02,290.42,0.07,0.539438,0.04,0.350367,0.13,5.0,9.0,379.957072084836,0.4,618.284248621816,0.7,1.0,0.0,0.0,703.0,102.285,0.262,0.0,5.48037151053313,0.2,11.5827051217448,0.3,10.8785246460172,0.3,23.5814225295537,0.4,1.0,3.0,0.0
chr11-57542697-57542698-C-T,TWJF-5120-06,Pending,9.031,5.34,8.758,4.95,0.0,3133.529,1.2,2.0,0.937,2936.567,1.0,0.17,0.0,3296.109,44.23,3064.701,40.93,3296.10901604968,9.035375,3064.7010556775,8.758,7.5582608695652,0.0321878117711062,7.77809782608696,0.0318427370445762,0.0398743413388729,0.0167427919805049,18135.49,97.53,16873.98,96.57,0.93,3296.109,9.031,3064.701,8.758,3143.31,8.7,2691.74,7.8,30490.26,35.0,31603.04,37.0,0.000903,11.0,0.000903,11.0,0.0,8.0,3133.52874666195,1.2,2936.56665617096,1.0,3.0,0.0,0.0,7.0,0.024,0.0,0.0,3296.109,9.031,3064.701,8.758,3296.109,9.031,3064.701,8.758,5.0,3.0,0.0
chr11-78814364-78814365-T-C,TWJF-5120-06,Pending,37.5,15.71,17.5,27.96,15.907,1592.465,6.497,2.0,1.127,1795.023,2.493,0.174,0.0,9716.866,180.4,6627.23,512.93,9131.76045504192,6.496875,1591.00481696389,2.493,22.1923097826087,0.0107125616825214,3.56269021739122,0.0765115773804623,0.0024835690855979,0.0978775098919868,6081.64,95.12,6000.57,40.56,0.682,36187.23,83.0,34049.04,73.0,35367.39,63.0,14963.56,8.4,32755.02,43.0,24309.92,22.0,0.000295,32.0,0.009156,6.6,0.0,11.0,10301.9724397232,18.0,7054.34074560516,13.0,11.0,6.0,1.0,114.0,46.512,0.342,0.0,6200.11864208725,49.0,6200.11864208725,49.0,1592.4653814601,20.0,1795.02292702939,22.0,5.0,3.0,3.0
chr11-92844677-92844678-C-T,TWJF-5120-06,Pending,0.762,1.48,0.795,1.31,0.0,28.32,0.2,2.0,0.638,18.06,0.15,0.151,0.0,91.887,15.63,136.492,14.5,288.681128111069,0.954749999999999,413.906393840392,1.128875,1.26271739130424,0.329722467069083,0.984076086956378,0.429311944877271,0.132746651768684,0.351725872606039,28.32,0.37,18.06,0.21,1.485,90.77,0.57,98.64,0.63,67.28,0.2,52.46,0.15,44.01,0.21,43.4,0.21,0.118201,1.3,0.176989,0.96,8.0,11.0,159.888390969646,0.2,174.344676921567,0.2,4.0,4.0,1.0,2.0,1.635,0.0,0.0,388.239751205763,3.9,394.548139683301,4.0,93.003651475396,1.1,185.994456322257,2.0,2.0,3.0,2.0
chr12-121827820-121827821-G-T,TWJF-5120-06,Accept,0.232,2.6,0.2,1.76,5.616,10.31,0.066,2.0,1.005,10.36,0.12,0.114,0.0,70.09,53.97,65.59,39.34,39.1986007536229,0.06625,43.7176533107608,0.12025,0.231875000000002,0.8288827176089,0.331766304347795,0.766443456828152,0.23101520165801,0.150914259254932,10.31,1.36,10.36,1.38,0.936,70.09,0.232,65.59,0.2,70.09,0.32,65.59,0.28,228.15,0.18,246.2,0.19,0.471225,0.1,0.345735,0.15,7.0,10.0,1550.96012730843,0.3,1422.35784649154,0.2,6.0,0.0,0.0,209.0,23.498,0.239,0.0,70.09,0.232,65.59,0.2,70.09,0.232,65.59,0.2,1.0,3.0,0.0
chr12-20680202-20680203-A-C,TWJF-5120-06,Pending,2.801,1.12,4.2,6.68,0.084,151.9,0.668,2.0,0.905,137.542,0.629,0.13,0.0,886.35,98.08,2088.745,386.75,151.90000570788,0.66775,137.542114191795,0.6295,1.15008152173898,0.365584663240863,1.080733695652,0.390989975071452,0.0011879913508892,0.0044680461287498,2036.92,3.77,3141.73,4.57,2.357,716.4,2.6,2234.39,4.9,1056.3,3.3,2192.64,4.4,2075.83,3.0,1984.85,3.0,0.165056,1.1,0.210483,0.86,1.0,9.0,1967.78648311005,7.0,3380.0760613847,14.0,3.0,0.0,0.0,111.0,4.644,0.018,0.0,434.810476892728,2.5,975.663369370954,4.0,629.549669105719,3.1,1312.29054570779,4.7,1.0,3.0,0.0
chr12-25245350-25245351-C-G,TWJF-5120-06,Review,0.905,3.41,0.94,3.26,5.256,64.82,0.326,2.0,0.854,55.326,0.261,0.113,1.0,114.695,28.85,123.766,27.81,64.8195103816736,0.326,55.3261041760184,0.26125,0.61907608695644,0.597662427787535,0.413396739130434,0.715147814530708,0.0350253097712993,0.139871384948492,161.71,1.34,211.63,1.52,1.079,163.14,0.91,154.38,0.88,103.16,1.5,120.68,1.5,107.32,0.49,83.45,0.4,0.480429,0.33,0.638055,0.18,3.0,9.0,688.934419119916,2.1,625.010268514176,1.9,5.0,0.0,0.0,381.0,15.644,0.336,1.0,121.983193800869,1.1,126.852783125758,1.2,107.406360346401,0.9,112.2095963268,1.0,1.0,3.0,0.0
chr12-48833300-48833301-C-A,TWJF-5120-06,Accept,0.83,14.15,0.885,11.88,64.008,53.972,0.253,2.0,1.041,56.191,0.265,0.151,0.0,106.042,360.08,116.734,282.5,53.9719537303739,0.253125,56.1910134393709,0.264875,0.549130434782555,0.635737941380727,0.547092391304304,0.63753433610628,0.0303003787994384,0.0435569770634174,190.89,1.45,177.66,1.4,1.101,101.21,0.64,106.46,0.67,59.09,0.57,60.06,0.57,170.82,0.66,175.03,0.66,0.070664,1.7,0.08168,1.6,4.0,10.0,1437.8310001274,1.7,1362.11254533707,1.6,7.0,0.0,0.0,1187.0,164.968,0.388,0.0,88.074462205314,1.0,102.529773979537,1.1,110.874072543072,1.2,127.00768496886,1.3,1.0,3.0,0.0
chr12-50732530-50732530-T-TAGCA,TWJF-5120-06,Pending,43.0,2.67,24.226873717849397,2.92,0.0,678.85,26.0,2.0,-183.11271658268302,-8123.793971110936,19.320932972145332,0.089,0.0,26266.574,23.6,17951.507328771262,25.41,26266.5748097983,44.612625,19253.9342659033,41.36807813618977,62.7446739130435,0.0048122478332822,53.328177208527066,0.19158211780282292,0.0646839700639247,0.13963322294316702,678.85,33.02,-6720.210285335877,16.284928062896153,-30.932114060800743,26266.574,43.0,16967.125564974805,23.16773915638634,12730.75,26.0,3959.995205331836,11.394680181425842,33704.85,43.0,21622.53139852999,25.392574517046235,6.9e-05,28.0,0.06410652677046755,21.362844042910897,4.0,8.0,40708.9193881324,52.0,36754.88348750651,43.46575048024478,1.0,0.0,0.0,678.0,117.725,0.0,0.0,26266.574,43.0,-8965.121488417131,16.85226041496054,26266.574,43.0,-10121.395422658283,20.805692118983508,5.0,0.0,0.0
chr12-50732530-50732531-T-A,TWJF-5120-06,Pending,26.0,40.44,25.0,36.78,0.0,5359.33,11.0,2.0,0.891,4773.72,14.0,0.09,0.0,11527.641,1109.25,12897.658,902.56,11527.6414172149,13.7705,12897.6578379519,15.243375,27.6173913043478,0.0085283540861862,31.6431793478261,0.0076433719132777,0.0013781227171421,0.0009912736713886,5359.33,11.49,4773.72,10.75,1.119,11527.641,26.0,12897.658,25.0,41897.56,71.0,41142.43,67.0,29506.58,27.0,29555.14,27.0,0.006892,11.0,0.004126,14.0,1.0,9.0,11233.4238012277,26.0,10874.6486382493,25.0,1.0,0.0,0.0,675.0,117.725,0.0,0.0,11527.641,26.0,12897.658,25.0,11527.641,26.0,12897.658,25.0,5.0,3.0,0.0
chr12-56599004-56599005-G-C,TWJF-5120-06,Pending,20.0,18.52,20.0,17.69,76.959,100.33,6.4,2.0,0.485,48.71,8.9,0.179,0.0,9028.44,237.52,11643.65,219.46,16737.2861256186,23.764375,12755.9483289266,19.039375,37.3590489130435,0.0069242373653205,20.2322554347826,0.0117359208085612,0.0444019809365272,0.120324525982141,100.33,12.35,48.71,7.48,1.29,9028.44,20.0,11643.65,20.0,9028.44,20.0,11643.65,25.0,24072.27,22.0,29319.45,32.0,0.000211,19.0,0.000203,20.0,1.0,8.0,7446.48439236199,6.4,9146.0108795381,8.9,1.0,0.0,0.0,558.0,218.014,0.353,0.0,9028.44,20.0,11643.65,20.0,9028.44,20.0,11643.65,20.0,1.0,3.0,0.0
chr12-81109603-81109604-G-A,TWJF-5120-06,Pending,1.73,18.17,1.65,23.33,0.0,101.451,0.31,2.0,1.217,123.456,0.4,0.132,0.0,234.329,523.27,210.743,784.65,101.450511199346,0.504875,123.456121656664,0.583625,0.874891304347713,0.47614857383151,0.962065217391199,0.437926323203481,0.019174825400114,0.02951555326581,334.32,1.86,204.79,1.5,0.899,516.83,2.2,449.27,2.0,159.89,1.6,191.14,1.8,150.31,0.61,145.31,0.59,0.48923,0.31,0.416034,0.4,1.0,10.0,1864.15973431607,2.6,1864.15973431607,2.6,4.0,0.0,0.0,57.0,5.156,0.0,0.0,206.942647076169,1.9,216.695553562679,2.0,261.715834862004,2.3,267.811979783196,2.3,1.0,3.0,0.0
chr12-95943480-95943481-CG-C,TWJF-5120-06,Accept,0.655,10.41,6.811880549061278,13.961213040937688,1.391,23.07,0.11,2.0,99.14331414828658,2880.1781639140245,3.9562108915496297,0.169,0.0,134.31,97.76,3853.036636005865,299.7140158471658,41.428937064368,0.151,4127.323566699453,4.088609401786738,0.318369565217367,0.774710551985998,9.702906310470617,0.587130308889978,0.149369589984417,0.1929105102251262,485.23,2.16,3662.663882610441,9.877875153849592,15.628761750242315,90.78,0.57,4773.35344920983,6.536780795318047,56.59,0.74,4417.301642455382,8.51999558616364,23.07,0.11,4958.207922611379,6.101367948740255,0.391184,0.43,0.4043162560864584,5.995011528142512,11.0,9.0,537.157411716568,1.5,3536.583529647095,8.103720319707655,0.0,0.0,1.0,9.0,2.502,0.556,0.0,196.924612701455,1.5,6309.66603467546,8.005978003210735,177.840225347156,1.4,7089.273132403744,8.585833248040778,1.0,0.0,0.0
chr13-59833220-59833221-G-C,TWJF-5120-06,Pending,1.74,2.96,1.926,2.63,0.0,79.09,0.91,2.0,1.336,105.68,1.07,0.089,0.0,319.22,60.44,319.492,54.47,647.012635782556,1.3805,1008.18326410848,1.651875,2.24152173913036,0.148872248457017,2.77845108695644,0.107829884177,0.0620569847524166,0.0793557167053222,79.09,0.91,105.68,1.07,1.001,735.1,2.7,685.96,2.6,277.63,1.2,185.03,0.8,360.81,1.2,287.92,0.92,0.132018,1.2,0.11973,1.3,2.0,11.0,1765.99013402768,2.4,1691.18996491218,2.2,6.0,0.0,0.0,23.0,3.581,0.0,0.0,188.842612522343,2.1,328.170848544525,3.4,252.05771796391,2.7,310.813590273947,3.2,1.0,3.0,0.0
chr14-95457223-95457224-C-A,TWJF-5120-06,Reject,1.373,3.66,1.285,1.93,0.932,32.96,0.27,2.0,2.214,72.96,0.57,0.123,0.0,207.6,128.76,183.312,60.47,717.343531974393,1.44675,195.42625364866,0.7795,2.01228260869556,0.174261128970575,1.17062499999987,0.358777123330716,0.143451128154993,0.062031727284193,32.96,0.45,72.96,0.86,0.883,383.99,1.8,1174.23,3.5,75.79,0.27,120.03,0.57,257.62,0.85,609.31,1.6,0.115483,1.3,0.100028,1.4,3.0,11.0,427.979731978361,0.3,625.010268514176,0.5,7.0,5.0,0.0,109.0,12.767,0.073,0.0,148.970405525771,1.6,142.92230113861,1.6,157.579602274392,1.7,171.198517670286,1.9,1.0,3.0,2.0
chr14-96534521-96534522-C-T,TWJF-5120-06,Pending,70.0,8.01,84.0,38.26,19.732,3437.92,49.194,2.0,0.404,1388.21,49.194,0.14,0.0,27370.312,171.01,42051.983,1956.39,27370.3118705432,49.193875,27451.6357722133,49.193875,99.2866032608696,0.0037001471902304,99.2866032608696,0.0037211909577119,0.0013945959508419,0.0038179494440555,3437.92,61.99,1388.21,44.31,1.536,27370.312,70.0,42051.983,84.0,45442.69,95.0,46513.18,98.0,44317.14,89.0,45496.79,94.0,6e-06,57.0,5e-06,59.0,0.0,9.0,26694.9888676587,70.0,42051.9833963597,84.0,7.0,0.0,0.0,952.0,109.625,0.18,0.0,27370.312,70.0,42051.983,84.0,27370.312,70.0,42051.983,84.0,1.0,3.0,0.0
chr15-31484610-31484611-A-C,TWJF-5120-06,Pending,3.551,90.0,3.25,85.42,0.0,121.367,1.3,2.0,1.0,121.367,1.3,0.16,0.0,2243.46,8881.94,1928.115,7290.96,781.776013098568,1.50125,364.717838394324,1.065125,2.83290760869558,0.104763424350576,1.85812499999992,0.197089562345024,0.0004065533657922,0.0004618614912033,5614.33,6.07,4444.86,5.37,0.859,9066.6,12.0,3085.22,5.8,2043.73,3.7,1756.46,3.5,8232.46,6.5,5881.15,5.3,0.022484,3.0,0.027004,2.8,3.0,11.0,2443.19073685795,3.4,2099.77032163072,3.0,5.0,0.0,0.0,1.0,0.856,0.0,0.0,121.366827574168,1.3,121.366827574168,1.3,681.553574726704,6.4,617.305291888683,5.9,1.0,3.0,0.0
chr15-33831025-33831026-C-T,TWJF-5120-06,Pending,1.6,0.05,2.55,4.32,0.0,16.28,0.24,2.0,0.99,16.12,1.2,0.162,0.0,220.896,6.025,1524.46,56.52,220.895652576444,2.059375,528.806819776478,3.619125,0.312364130434759,0.778105449236639,0.8910054347825,0.469263605311513,0.614395186305046,0.46464528888464,16.28,2.58,16.12,2.55,6.901,220.896,1.6,1524.46,2.55,220.21,1.6,1524.46,6.2,321.17,0.24,1833.0,1.2,0.144439,0.46,0.051645,1.2,3.0,9.0,2551.25138296514,6.0,4196.6801753809,14.0,1.0,0.0,0.0,3.0,0.127,0.0,0.0,220.896,1.6,1524.46,2.55,220.896,1.6,1524.46,2.55,1.0,3.0,0.0
chr15-60442465-60442466-C-T,TWJF-5120-06,Accept,0.238,0.41,1.46,0.69,8.255,19.267,0.04,2.0,4.853,93.5,0.16,0.124,0.0,64.561,38.73,396.058,55.11,73.8625273037126,0.17675,256.243420473037,0.92675,0.534701086956474,0.644460891552374,1.5202989130434,0.260441850174375,0.127136696130037,0.0055571123957633,27.4,0.3,323.35,2.03,6.135,55.26,0.04,433.55,0.16,116.83,0.13,1354.76,1.6,137.18,0.04,1018.76,0.24,0.488637,0.05,0.069577,0.76,4.0,9.0,659.753955386447,0.8,1145.59068280975,2.0,1.0,0.0,0.0,257.0,36.526,0.226,0.0,19.2668182250176,0.4,93.4996531931502,1.4,50.9999793204995,0.9,358.566737748911,4.4,1.0,3.0,0.0
chr16-2763205-2763206-G-T,TWJF-5120-06,Accept,0.6,15.24,3.995,28.39,60.16,41.097,0.02,2.0,4.286,176.137,0.64,0.112,0.0,83.382,172.04,2098.405,528.57,41.0972547269544,0.151,176.137350401426,0.7325,0.0904347826086962,0.920476215971781,1.20198369565206,0.348750675946152,0.490206059068441,0.0211056917905807,86.5,0.96,2314.03,3.99,25.166,80.46,0.5,2150.84,4.8,92.58,1.4,3786.74,5.5,67.42,0.32,2045.97,3.0,0.905231,0.02,0.275469,0.64,3.0,9.0,846.171342146649,2.6,4625.90386831785,18.0,2.0,0.0,0.0,1778.0,265.023,0.227,0.0,71.4990053160002,0.7,977.912505721242,4.0,86.3038162272147,0.8,1089.00531655753,4.2,1.0,3.0,0.0
chr16-68234084-68234085-T-C,TWJF-5120-06,Accept,1.324,0.6,3.304,2.81,39.578,133.121,0.744,2.0,3.385,450.611,1.384,0.159,0.0,256.87,9.58,450.611,24.57,133.120608544598,1.32425,450.610744117763,3.30375,0.743749999999878,0.537514898591434,1.38434782608688,0.294708913296367,0.163240179419517,0.208872579038143,251.27,20.72,97.46,12.12,1.754,256.87,1.324,450.611,3.304,256.87,1.3,372.56,1.8,1955.12,1.3,4462.25,2.6,0.025314,1.9,0.004104,5.3,3.0,11.0,6262.78876057716,4.5,6399.78970601227,4.6,8.0,0.0,0.0,651.0,109.029,0.363,0.0,256.87,1.324,450.611,3.304,256.87,1.324,450.611,3.304,1.0,3.0,0.0
chr17-12752926-12752927-A-G,TWJF-5120-06,Pending,1.885,4.92,1.8,2.86,0.0,117.97,0.54,2.0,1.022,120.52,0.85,0.172,0.0,562.905,99.51,805.779,58.57,496.193939733347,1.228625,1043.90097736896,1.674375,1.87081521739124,0.194360960003408,3.13263586956514,0.0907200350117958,0.0800774656236171,0.0347119346261024,117.97,1.13,120.52,1.15,1.431,725.86,2.7,984.8,3.1,531.38,1.9,495.29,1.8,337.27,1.0,411.5,1.3,0.334929,0.54,0.213988,0.85,1.0,11.0,1709.58761513716,2.2,1422.35784649154,1.8,7.0,0.0,0.0,2.0,0.505,0.0,0.0,594.429015197695,5.6,626.75816445921,6.0,934.329368257315,8.1,1001.15195553817,8.5,1.0,3.0,0.0
chr17-28490390-28490391-C-T,TWJF-5120-06,Pending,0.323,0.88,1.5,1.61,1.784,39.91,0.055,2.0,2.184,87.164,0.399,0.179,0.0,185.829,11.6,907.26,16.52,39.9104246960238,0.055375,87.1635311477372,0.398625,0.366983695652166,0.744450091139093,0.675788043478207,0.570148989325589,0.0922355316579341,0.0843223258852958,2316.06,0.28,5507.56,1.93,4.882,111.48,0.37,886.84,1.5,88.18,0.22,927.68,1.5,66.99,0.14,886.33,0.78,0.878631,0.14,0.257138,1.1,2.0,9.0,260.17800677216,0.5,666.931104469387,1.9,9.0,0.0,0.0,6.0,5.356,0.333,0.0,343.415584550554,0.7,1431.59443005694,2.4,369.496220120866,0.8,1620.35435234823,2.7,2.0,3.0,0.0
chr17-42125874-42125875-G-A,TWJF-5120-06,Pending,4.102,13.78,20.8,15.61,50.429,1011.146,1.652,2.0,17.928,18127.33,7.889,0.09,0.0,1575.524,146.61,19095.53,178.67,1011.14608775602,1.651875,18127.330272719,7.88899999999999,3.18451086956512,0.0881638740102213,46.2246739130435,0.0055263155078969,0.0170881785452365,0.0021714903414249,2949.44,4.43,19633.35,20.6,12.12,1336.25,3.8,21170.94,23.0,1672.99,4.4,19191.6,18.0,1638.08,2.6,18999.46,14.0,0.053548,2.0,0.000407,13.0,0.0,10.0,3307.718431318,4.9,13356.5921199808,21.0,1.0,0.0,0.0,2106.0,165.885,0.304,0.0,1224.19330484977,5.5,15340.8703639485,21.0,1512.96889677213,6.1,20884.7845793783,24.0,1.0,3.0,0.0
chr17-44915473-44915474-G-A,TWJF-5120-06,Pending,3.082,1.84,17.113,2.99,0.0,599.037,0.94,2.0,31.582,18918.814,0.96,0.093,0.0,2547.798,18.02,4555.45,25.92,599.037161691953,1.656125,18918.8141044244,18.067875,2.16448369565209,0.157083402615283,16.1575543478261,0.0142102570303203,0.0588200725615024,0.283315848559141,5965.99,24.81,6005.84,44.31,1.788,1208.14,1.8,1204.09,1.8,7406.31,4.0,16673.41,9.7,2663.0,1.8,2815.41,1.9,0.292356,0.94,0.284323,0.96,0.0,11.0,10301.9724397232,18.0,26123.5265413555,35.0,2.0,2.0,1.0,0.0,0.145,0.0,0.0,1453.44967791831,19.0,2015.57981282519,24.0,2432.5960656376,28.0,3105.06002434162,33.0,1.0,3.0,1.0
chr19-15191975-15191976-G-C,TWJF-5120-06,Pending,27.609,18.36,48.0,21.67,18.11,1264.95,17.0,2.0,0.377,476.62,50.0,0.115,0.0,15396.904,233.77,24632.326,314.89,15396.9035473922,22.209125,24632.3263484821,39.219125,27.6173913043478,0.0089197061575103,62.7446739130435,0.0046208602692371,0.0936271995306015,0.0355236306786537,1264.95,42.7,476.62,28.17,1.6,15396.904,27.609,24632.326,48.0,33615.27,63.0,36708.98,70.0,26282.02,26.0,35355.53,48.0,0.000291,17.0,1e-05,50.0,1.0,9.0,11233.4238012277,39.0,12930.0068153155,44.0,9.0,0.0,0.0,841.0,71.581,0.253,1.0,15396.904,27.609,24632.326,48.0,15396.904,27.609,24632.326,48.0,1.0,3.0,0.0
chr19-15525497-15525516-GCCGGCTGCGCTGCTTCCCC-G,TWJF-5120-06,Pending,0.17,3.17,7.251817618661553,6.507461136699314,0.0,10.52,0.02,2.0,110.82770793478062,2932.4684621160636,5.01570393197748,0.09,0.0,134.37,28.0,3869.686672153606,222.35506858100757,61.4440010286465,0.223875,4188.595318150839,4.952383184550964,0.391440217391278,0.729417435192109,11.001811099764916,0.49303413939341645,0.18877488002181,0.1929208111743734,550.12,0.04,3762.6460509402455,8.303582750479762,16.137987995509686,10.52,0.03,4736.425687792188,7.383304784258852,42.25,0.02,4425.61014089157,9.858108351740329,23.51,0.06,5002.323945983819,8.411424175283075,0.873823,0.14,0.7564695391767462,8.473049613089238,39.0,10.0,207.296615807971,0.2,3212.1881757348856,6.647567450055297,0.0,0.0,1.0,3.0,0.351,0.0,0.0,288.675548718453,0.5,6459.239608937587,7.835304968988592,241.401519815056,0.4,7210.925610192135,9.146882889917718,2.0,0.0,0.0
chr19-1979009-1979023-ACCAAGAAGCACATC-A,TWJF-5120-06,Review,0.31,1.31,6.636255346577221,5.053886865881701,9.001,11.371,0.04,2.0,104.51442037913017,2810.7793200245105,4.123858354754043,0.123,0.0,84.86,39.68,3793.759303242329,213.78814477232245,73.0312011797722,0.1715,4126.560323345359,4.304927703170686,0.732880434782487,0.542045054810638,10.314021012863005,0.42023633452223264,0.0035699382424354,0.09495456238488265,574.83,2.95,3787.1900777308083,11.994495688820964,14.75077677253174,76.64,0.04,4726.696747003838,5.550671927108571,93.08,0.1,4605.762683573645,8.3658884247418,665.19,0.15,5573.984316514545,6.2871074277565215,0.176754,0.32,0.25102058205189404,6.098859644411981,8.0,9.0,973.968525934644,1.6,4004.169307457433,8.811509036412076,0.0,0.0,1.0,935.0,108.446,0.083,1.0,11.37129692788,0.3,5446.986029765478,6.679501141541739,18.3895033375175,0.4,6223.167061948929,7.594381535882416,1.0,0.0,0.0
chr19-41976544-41976545-G-C,TWJF-5120-06,Pending,3.545,21.0,3.049,21.31,0.679,97.73,0.5,2.0,0.823,80.43,0.4,0.101,0.0,1447.367,549.69,1965.523,550.175,5827.18937113094,3.4905,3054.45686438446,2.597875,12.1872282608695,0.0193166111442891,7.3480163043478,0.033322110223007,0.0482503287494182,0.0290907584130764,486.36,2.17,316.35,1.82,1.358,1232.24,3.6,3069.44,5.8,97.73,1.2,80.43,0.8,3933.96,4.2,4712.13,4.7,0.008216,4.5,0.012556,3.8,3.0,8.0,2607.06100147072,3.8,2365.15966010755,3.5,2.0,0.0,0.0,18.0,2.04,0.333,0.0,1662.49366851629,2.5,1565.88549066059,2.3,415.575561170973,0.5,313.797876247903,0.4,2.0,3.0,0.0
chr19-45676958-45676959-C-A,TWJF-5120-06,Pending,25.953,26.07,24.0,28.68,4.749,5893.19,6.9,2.0,1.019,6002.37,6.1,0.155,0.0,11609.18,446.5,15104.33,539.32,19901.4448525208,19.89675,19104.22200366,18.495125,46.2246739130435,0.005045626281455,37.3590489130435,0.0060643204497122,0.0019493401050567,0.0429917275905609,5893.19,16.79,6002.37,41.81,1.301,11447.91,12.0,14441.99,15.0,25426.37,33.0,21617.22,24.0,11770.45,6.9,10612.77,6.1,0.000129,44.0,0.000627,24.0,1.0,10.0,6195.39204102335,12.0,13501.8921247818,23.0,10.0,0.0,0.0,202.0,16.546,0.287,0.0,22408.3562333905,49.0,23410.4628365255,51.0,10733.4663724338,32.0,15766.6708046748,41.0,1.0,3.0,0.0
chr19-50667773-50667774-A-C,TWJF-5120-06,Pending,4.852,3.68,8.411,3.85,0.0,243.51,1.4,2.0,2.202,536.24,2.3,0.095,0.0,902.832,74.14,2823.712,77.4,902.832220434227,4.851375,2823.71242648766,8.410625,3.03728260869558,0.0947334263475886,7.5582608695652,0.0330061758520311,0.0083387084305286,0.0047410689294338,249.3,20.64,580.53,30.82,3.128,902.832,4.852,2823.712,8.411,243.51,1.4,536.24,2.3,5303.74,3.0,8913.02,5.1,0.003092,6.1,0.001383,8.9,1.0,10.0,15881.0489318526,21.0,29745.3747041878,40.0,2.0,0.0,0.0,0.0,0.323,0.0,0.0,902.832,4.852,2823.712,8.411,902.832,4.852,2823.712,8.411,1.0,3.0,0.0
chr19-5151450-5151451-C-G,TWJF-5120-06,Accept,0.192,1.41,0.298,1.57,8.988,32.298,0.005,2.0,1.11,35.836,0.01,0.105,0.0,447.65,33.29,1362.551,36.02,32.2983394197326,0.005,35.8362193966449,0.01,0.2636413043478,0.809604760318758,0.386603260869563,0.73233208145368,0.141034342348576,0.0449407845735549,537.9,0.05,4111.02,0.18,3.044,357.4,0.42,410.07,0.45,77.44,0.08,92.58,0.09,219.15,0.12,460.12,0.21,0.969696,0.01,0.910452,0.03,3.0,11.0,1864.15973431607,0.6,2264.98110352767,0.9,10.0,0.0,0.0,304.0,76.171,0.118,0.0,3184.34416281757,5.2,3169.71343038032,5.2,14066.9518206104,22.0,17147.4679579013,26.0,1.0,3.0,0.0
chr19-55500635-55500636-A-G,TWJF-5120-06,Pending,8.047,24.53,13.5,27.99,0.0,1528.241,0.915,2.0,7.273,11115.268,5.078,0.152,0.0,6118.127,397.13,12361.137,513.88,1528.24113232194,1.950375,11115.2682224499,5.078375,0.915244565217264,0.458283620930378,6.63130434782606,0.0375102690887738,0.743519961833954,0.418406613171101,14102.0,12.5,12735.4,11.14,2.02,7405.75,9.4,11559.8,14.0,16404.99,17.0,17791.74,19.0,8241.99,6.5,16967.88,13.0,0.023226,3.0,0.00325,6.4,0.0,9.0,4830.5044151761,19.0,11986.8746485331,37.0,2.0,0.0,0.0,43.0,5.422,0.0,0.0,3518.03373773703,8.8,14298.8134448137,22.0,2558.76263386187,7.3,10496.1493097895,18.0,1.0,3.0,0.0
chr19-8951067-8951068-G-T,TWJF-5120-06,Pending,0.2,0.14,2.7,0.18,27.192,37.93,0.04,2.0,69.559,2638.39,1.7,0.159,0.0,92.36,5.64,2197.06,6.05,40.9293433954089,0.08525,561.706251588467,3.7615,0.394103260869556,0.726740851147036,2.31233695652166,0.141289800948936,0.0734145045280456,0.0059592016041278,593.41,31.13,5886.6,74.07,23.788,92.36,0.2,2197.06,2.7,92.36,0.71,2197.06,7.9,37.93,0.04,2638.39,1.7,0.446477,0.11,0.014496,2.7,8.0,9.0,319.558969732819,0.2,674.186330339194,0.4,1.0,0.0,0.0,250.0,70.082,0.388,0.0,92.36,0.2,2197.06,2.7,92.36,0.2,2197.06,2.7,5.0,3.0,0.0
chr2-219168197-219168198-A-G,TWJF-5120-06,Pending,3.0,2.6,1.5,2.0,3.384,500.3,1.2,2.0,0.393,196.43,0.86,0.159,0.0,975.525,69.125,351.695,62.345,500.30001926096,1.228625,196.429819460189,0.7795,1.74320652173904,0.215851662771449,1.08913043478243,0.387704752242128,0.119622934609651,0.0984014049172401,7010.94,6.9,932.12,2.79,0.361,903.85,3.0,216.95,1.3,755.3,3.0,163.39,1.7,745.85,1.7,155.63,0.63,0.145729,1.2,0.208917,0.86,2.0,9.0,1073.58306648468,3.4,735.142790762325,2.3,8.0,0.0,0.0,81.0,9.453,0.358,1.0,1052.6887943825,4.1,553.732481981212,2.8,1047.20088362681,4.1,486.440806671413,2.7,1.0,3.0,0.0
chr2-232407646-232407652-ACCTGTG-A,TWJF-5120-06,Pending,0.315,0.98,13.25,0.78,0.18,21.51,0.013,2.0,884.289,19021.05,7.079,0.135,0.0,40.804,12.31,13905.585,10.92,30.5028599223283,0.059375,16509.7671982341,7.07937499999999,0.0130978260869767,0.975792031335851,31.6431793478261,0.0071034247585859,0.76101354137063,0.0479165129363536,26.57,0.35,14093.41,12.5,340.786,48.09,0.28,13717.76,16.0,40.68,0.59,14485.65,15.0,21.51,0.1,19021.05,14.0,0.685901,0.15,0.000118,20.0,5.0,9.0,283.701963961855,0.6,1304.4189904398,4.4,6.0,0.0,0.0,36.0,1.622,0.111,0.0,41.1433831387081,0.5,4702.18812091843,12.0,40.9288931431296,0.5,3027.12252709536,8.1,1.0,1.0,0.0
chr2-26516463-26516464-C-A,TWJF-5120-06,Pending,6.5,19.4,9.0,11.0,0.0,693.453,1.137,2.0,1.515,1050.613,1.682,0.147,0.0,4710.62,257.44,7540.425,105.57,693.452902184873,1.421875,1050.61266426984,1.68175,1.13690217391289,0.371151486462757,2.24152173913036,0.148584300643797,0.424826465547085,0.194500338286161,15068.47,13.56,22239.53,26.98,1.601,14887.82,17.0,16794.9,18.0,8342.39,8.3,11541.43,12.0,6171.64,5.4,7267.63,6.0,0.02376,3.0,0.023423,3.0,0.0,10.0,2365.15966010755,3.3,3343.70152488211,5.0,8.0,8.0,1.0,0.0,0.139,0.0,0.0,2398.00453454666,7.6,5899.97267139772,13.0,3249.60070289883,8.9,7813.21904492634,15.0,1.0,3.0,1.0
chr2-27277869-27277870-A-G,TWJF-5120-06,Pending,1.3,0.2,0.4,2.84,0.0,7.64,0.306,2.0,1.165,8.9,0.019,0.168,0.0,2102.07,8.63,587.2,95.04,136.005354966897,1.34975,48.7966678416999,0.1875,0.305706521739097,0.782672547463936,0.018722826087,0.97087674637107,0.488777060061693,0.836329355835915,7.64,0.8,8.9,1.06,0.279,2102.07,1.3,587.2,0.4,2624.58,8.9,1151.46,5.1,2102.07,1.3,587.2,0.4,0.052947,1.2,0.282845,0.2,0.0,9.0,2416.89844963521,5.4,1989.19309513165,3.9,8.0,0.0,0.0,0.0,0.0,0.0,0.0,2102.07,1.3,587.2,0.4,2102.07,1.3,587.2,0.4,1.0,3.0,0.0
chr2-74047424-74047425-C-T,TWJF-5120-06,Accept,2.178,0.87,2.6,2.23,9.301,149.55,0.74,2.0,1.213,181.4,0.92,0.163,0.0,319.8,11.53,818.21,20.63,239.826184568999,2.17725,138.49545175489,1.379,1.4729891304347,0.271863711341998,1.09244565217377,0.387161007501932,0.0039091557264328,0.0018114633858203,319.8,23.35,818.21,35.72,2.559,319.8,2.178,818.21,2.6,149.55,0.74,181.4,0.92,2875.23,1.8,4562.73,2.6,0.003892,5.4,0.004871,4.8,4.0,10.0,10992.9487619001,13.0,13070.6662017418,17.0,7.0,0.0,0.0,282.0,35.912,0.259,0.0,319.8,2.178,818.21,2.6,319.8,2.178,818.21,2.6,1.0,3.0,0.0
chr20-58221390-58221393-ATAC-A,TWJF-5120-06,Pending,0.49,0.92,0.483,2.92,0.0,28.39,0.07,2.0,1.033,29.32,0.1,0.166,0.0,87.78,11.85,130.64,25.42,43.7794133627453,0.12025,43.2085297258394,0.115,0.490190217391273,0.669828796272947,0.482527173912999,0.673776272810653,0.015375230461359,0.0168319605290889,28.39,4.72,29.32,4.88,1.488,87.78,0.49,130.64,0.483,97.42,0.76,146.41,1.2,87.78,0.07,130.64,0.1,0.43127,0.11,0.407801,0.12,9.0,9.0,1422.35784649154,2.0,1485.26775588534,2.2,0.0,0.0,1.0,0.0,0.084,0.0,0.0,87.78,0.49,130.64,0.483,87.78,0.49,130.64,0.483,5.0,1.0,0.0
chr21-46003805-46003806-G-C,TWJF-5120-06,Pending,1.5,8.69,1.496,9.88,62.673,6.64,0.504,2.0,1.48,9.83,0.91,0.175,0.0,1130.21,77.27,945.02,91.22,143.335312471026,1.425,151.145455261326,1.49575,0.503804347826033,0.662138863829794,0.910326086956402,0.460075199966107,0.331213537603617,0.11037814617157,6.64,0.6,9.83,1.26,0.836,1130.21,1.5,945.02,1.496,1130.21,4.6,945.02,3.9,8945.77,5.1,9404.82,5.4,0.007821,3.8,0.006936,4.0,1.0,10.0,3567.97106119069,1.5,3099.80741799732,1.2,8.0,0.0,0.0,1518.0,190.496,0.329,0.0,1130.21,1.5,945.02,1.496,1130.21,1.5,945.02,1.496,1.0,3.0,0.0
chr21-46118626-46118627-G-A,TWJF-5120-06,Pending,15.281,26.36,16.0,30.45,5.168,615.857,1.351,2.0,1.61,991.617,1.646,0.123,0.0,12120.009,456.5,12453.266,607.39,615.856728703816,1.351,991.617387695259,1.64625,2.24152173913036,0.149075044412317,3.05951086956514,0.0934893883430008,0.0489601977169513,0.0299663133919239,17963.18,17.56,24147.49,33.17,1.027,16053.81,18.0,16315.25,18.0,12721.85,13.0,13947.35,14.0,7039.7,5.9,9249.91,7.1,0.071555,1.7,0.053008,2.0,0.0,9.0,4936.17358223685,19.0,5099.02725598475,20.0,6.0,0.0,0.0,2308.0,143.555,0.036,0.0,12597.953470905,20.0,12743.8308968896,20.0,11642.0644716524,19.0,12162.7001470074,20.0,1.0,3.0,0.0
chr22-16966323-16966324-G-A,TWJF-5120-06,Pending,1.6,9.15,2.8,14.98,0.0,919.221,0.97,2.0,1.306,1200.66,1.7,0.129,0.0,2678.477,82.57,4233.717,167.1,1508.29355647171,1.07325,2901.90470056402,1.532875,4.39192934782604,0.0593706675332863,7.5582608695652,0.0321121488999584,0.0063347406685352,0.0042176209390163,6011.92,99.98,5565.53,99.02,1.581,5595.12,2.6,7966.68,3.4,4265.35,1.5,7366.35,2.6,3848.66,0.97,6595.85,1.7,0.010898,3.6,0.015255,3.0,2.0,9.0,1304.4189904398,1.7,2635.42197653288,5.1,7.0,0.0,0.0,0.0,0.046,0.0,0.0,1401.36091329046,1.4,1597.90148367598,1.5,919.221132417316,1.0,1200.65988291908,1.2,1.0,3.0,0.0
chr22-46259556-46259557-C-T,TWJF-5120-06,Pending,1.899,0.06,16.0,1.99,0.0,82.41,0.9,2.0,171.328,14119.11,16.0,0.051,0.0,494.835,7.1,13755.625,43.3,429.799665238144,1.1465,29102.7447967403,24.146625,1.8984782608695,0.190252670679374,99.2866032608696,0.0039864151678962,0.0331647992134094,0.03938714787364,82.41,0.93,14119.11,12.52,27.798,556.77,2.3,14502.9,16.0,257.38,2.0,21852.38,22.0,506.8,1.4,10192.43,7.5,0.061501,1.9,0.000695,11.0,2.0,10.0,973.968525934644,0.9,9865.62273093003,16.0,10.0,0.0,0.0,17.0,0.354,0.0,0.0,545.569395552689,3.6,13392.1405938808,19.0,482.869750763827,3.4,8807.04063198299,16.0,6.0,3.0,0.0
chr3-140403646-140403658-AAGATCCATGGCC-A,TWJF-5120-06,Pending,0.57,1.54,1.2,10.86,0.064,62.02,0.081,2.0,1.319,81.803,0.142,0.112,0.0,4553.01,47.29,6489.6,555.31,62.0197819651494,0.130875,81.803081430701,0.276125,0.0808423913043441,0.926952617749136,0.141847826086959,0.887504125492732,0.629172913730145,0.570846274495125,21561.5,35.44,25130.01,44.68,1.425,4553.01,0.57,6489.6,1.2,9718.78,4.6,12353.84,7.0,4553.01,0.57,6489.6,1.2,0.277982,0.17,0.209057,0.32,2.0,9.0,2443.19073685795,4.1,2904.96492618402,5.2,1.0,0.0,0.0,41.0,1.306,0.049,0.0,4553.01,0.57,6489.6,1.2,4553.01,0.57,6489.6,1.2,1.0,1.0,0.0
chr3-156677913-156677944-TTTTAGATCTAGGAACCAGAGTACAGATGAGA-T,TWJF-5120-06,Review,0.44,1.45,27.0,31.04,0.0,35.36,0.03,2.0,366.341,12953.899,17.306,0.059,0.0,517.07,15.4,15208.392,631.16,35.3602187428256,0.029625,12953.8991630554,19.345,0.316766304347794,0.775499286581715,17.305597826087,0.013724855202509,0.107163660228252,0.169369291514158,206.01,18.7,69.85,9.7,29.413,517.07,0.44,15208.392,27.0,517.07,2.9,27073.71,50.0,662.74,0.44,31992.15,38.0,0.435189,0.11,8.1e-05,27.0,3.0,9.0,1376.93031903257,1.9,15208.3922035136,50.0,7.0,0.0,0.0,850.0,95.168,0.0,0.0,517.07,0.44,15208.392,27.0,517.07,0.44,15208.392,27.0,1.0,0.0,0.0
chr3-193635499-193635515-GGCATTCATCATAGAAA-G,TWJF-5120-06,Pending,8.859,0.26,33.0,0.35,3.402,1327.7,2.35,2.0,4.355,5782.292,10.932,0.106,0.0,6395.731,98.41,23466.421,147.34,2405.1671337036,2.349625,22583.4317827562,10.931875,3.76459239130428,0.071548906839933,46.2246739130435,0.0052247308073058,0.190863072872162,0.0465672872960567,10023.73,8.92,25543.7,38.78,3.669,27028.05,31.0,41562.56,88.0,9447.76,8.8,24349.41,32.0,18131.04,14.0,40243.4,69.0,0.001556,8.2,3.9e-05,30.0,0.0,11.0,3343.70152488211,4.9,16583.4568046996,25.0,10.0,0.0,0.0,559.0,136.068,0.025,0.0,1327.70013679008,12.0,5782.29174266033,34.0,2016.04397066436,16.0,4087.89752111119,27.0,1.0,0.0,0.0
chr3-196827293-196827294-G-A,TWJF-5120-06,Pending,8.406,10.11,7.775,13.62,33.623,2889.7,3.4,2.0,0.594,1717.5,3.5,0.276,0.0,7217.865,499.62,7302.338,769.82,6775.81091151309,3.772125,7684.38699893694,4.0375,16.1575543478261,0.0149621680382105,17.305597826087,0.0138597841748678,0.0162087455391883,0.0288071893155574,7659.92,7.31,6920.29,6.85,1.012,2889.7,5.7,1717.5,4.3,21734.48,22.0,16583.46,15.0,4398.16,4.5,3313.81,3.9,0.016791,3.4,0.016548,3.5,1.0,10.0,21734.4829976123,32.0,15044.7277748717,24.0,1.0,0.0,0.0,1132.0,89.187,0.377,0.0,17654.2795815782,22.0,13894.7264147812,20.0,3765.56371106494,9.5,3089.08600564445,8.7,2.0,3.0,0.0
chr3-36737597-36737598-GC-G,TWJF-5120-06,Pending,0.16,0.86,0.18,18.79,0.0,32.11,0.09,2.0,6.509,208.99,0.18,0.173,0.0,120.25,26.63,228.71,1250.08,43.7871444431612,0.12025,38.4313534149047,0.057625,0.133586956521754,0.892693225231128,0.130217391304356,0.894845371757602,0.414261680096388,0.384850267320871,32.11,5.29,208.99,18.83,1.902,120.25,0.16,228.71,0.18,175.98,1.4,2713.61,9.2,120.25,0.09,228.71,0.18,0.338372,0.16,0.68234,0.03,9.0,9.0,973.968525934644,0.9,2416.89844963521,5.4,7.0,0.0,0.0,4.0,0.211,0.0,0.0,120.25,0.16,228.71,0.18,120.25,0.16,228.71,0.18,5.0,0.0,0.0
chr3-47916056-47916057-T-A,TWJF-5120-06,Pending,5.0,1.23,7.1,3.14,1.908,75.046,0.526,2.0,1.114,83.625,0.502,0.053,0.0,2571.12,103.4,4676.227,201.63,75.0455466395848,0.599125,83.6245986116405,0.728125,0.526358695652135,0.649355954260219,0.501929347826035,0.663119321407624,0.137556031346321,0.184518251568079,1493.02,45.55,219.3,19.32,1.819,2571.12,5.0,4676.227,7.1,2571.12,8.8,6020.47,17.0,8772.28,5.0,11698.83,7.1,0.020724,2.2,0.020355,2.2,0.0,9.0,3236.90976835553,8.6,4676.22687348547,16.0,7.0,0.0,0.0,941.0,76.339,0.025,0.0,2571.12,5.0,4676.227,7.1,2571.12,5.0,4676.227,7.1,1.0,3.0,0.0
chr4-112186758-112186759-C-G,TWJF-5120-06,Pending,0.265,0.9,0.14,0.36,0.427,19.02,0.04,2.0,0.549,10.44,0.01,0.186,0.0,35.956,66.67,26.704,35.77,39.2725321226908,0.1315,33.5675071052887,0.084,0.0396467391304469,0.955695124586236,0.0096467391304457,0.978590567614933,0.653680648654699,0.822828590869904,32.64,0.44,19.84,0.24,0.743,29.89,0.16,18.83,0.09,29.41,0.37,18.17,0.19,19.02,0.09,10.44,0.03,0.842807,0.05,0.910127,0.02,4.0,9.0,537.157411716568,1.5,356.074368186113,0.9,3.0,0.0,0.0,343.0,1.164,0.367,0.0,93.389919274143,0.8,55.5008967183646,0.6,101.866175228476,0.9,60.2601210853625,0.6,1.0,3.0,0.0
chr4-3127335-3127336-A-G,TWJF-5120-06,Pending,2.029,1.96,10.62,2.47,11.419,95.603,0.485,2.0,63.367,6058.078,3.568,0.166,0.0,1001.202,18.79,10609.465,22.19,95.6028332017321,0.485125,6058.07780269428,3.567625,0.772581521738999,0.52317598477201,15.1609510869565,0.0159530281137322,0.0560815185308456,0.0038777031004428,382.22,1.96,9079.61,8.24,10.597,1034.46,3.2,12139.32,14.0,692.67,3.1,8032.38,8.2,1094.44,2.1,17308.87,13.0,0.15559,1.1,0.004204,5.8,1.0,10.0,1469.28411373604,1.8,5099.02725598475,7.6,10.0,0.0,0.0,598.0,38.974,0.293,0.0,967.943482685187,4.9,20933.892999241,24.0,1071.09995237415,5.1,20836.750907766,24.0,1.0,3.0,0.0
chr4-72548693-72548713-GCTTTAGTCGCAGATGAAAAT-G,TWJF-5120-06,Pending,0.15,0.08,5.59126386959498,2.22,0.0,26.87,0.02,2.0,90.63819886133567,2820.724615106624,3.765045664644292,0.097,0.0,139.823,7.57,3792.5150230652143,47.34,38.7748941592468,0.04525,3955.3998998342945,3.2577960637853147,0.347961956521715,0.755819377902513,9.396853229807439,0.5759449009395232,0.101457476615906,0.11998969987323771,2712.13,0.32,5570.233014978357,9.902607314875677,14.64670309646942,26.87,0.09,4594.419176936307,5.992617642801791,39.38,0.02,4261.932987034819,6.504007451417911,43.61,0.1,4863.76424777826,5.184628687834891,0.945611,0.06,0.7250880534405794,5.311096616189932,1.0,10.0,236.036872830194,0.2,3108.033124197475,5.70151621919508,2.0,0.0,0.0,15.0,0.363,0.0,0.0,304.375715877294,0.6,6157.568019647413,6.007100090151619,439.278552877213,1.0,6987.58873220225,7.021756067925087,1.0,0.0,0.0
chr5-170248715-170248716-T-G,TWJF-5120-06,Pending,14.0,7.87,18.0,12.37,0.0,228.11,6.479,2.0,2.422,552.5,16.769,0.136,0.0,5115.48,68.31,10544.999,124.73,2432.39910477138,7.82825,10544.9987834135,16.769125,6.47915760869564,0.0389198471221338,24.5792391304348,0.0096173656855323,0.0121017023921012,0.0111938305199146,228.11,19.72,552.5,30.15,2.061,5115.48,14.0,10544.999,18.0,5115.48,14.0,7750.67,18.0,19656.67,16.0,20810.96,17.0,0.001981,7.5,0.000854,11.0,2.0,8.0,18279.5623628811,25.0,22209.9332855032,30.0,4.0,0.0,0.0,584.0,59.2,0.0,0.0,5115.48,14.0,10544.999,18.0,5115.48,14.0,10544.999,18.0,1.0,3.0,0.0
chr5-172194214-172194215-G-A,TWJF-5120-06,Pending,0.535,0.86,0.89,0.73,0.0,22.327,0.3,2.0,1.738,38.8,0.5,0.174,0.0,47.585,27.95,87.87,24.115,1422.43674858541,1.900625,3539.80620264556,2.768125,3.996902173913,0.0662198693839167,9.15535326086956,0.0267644143826629,0.0231684483587741,0.0057272389531135,43.41,0.57,84.16,0.94,1.847,51.76,0.31,91.58,0.57,34.03,0.36,76.61,0.8,98.02,0.46,255.83,0.84,0.037785,2.4,0.009447,4.3,4.0,10.0,1765.99013402768,2.4,2416.89844963521,3.4,9.0,0.0,0.0,0.0,0.011,0.0,0.0,33.5621674602317,0.5,61.2138929912485,0.7,22.3269808560986,0.3,38.7998458351995,0.5,3.0,3.0,0.0
chr6-109445274-109445275-G-C,TWJF-5120-06,Review,1.53,4.18,3.18,3.54,12.353,95.322,0.303,2.0,3.524,335.953,0.61,0.152,0.0,595.675,151.89,1846.572,123.96,95.3220742046038,0.481,335.953098197444,1.026875,0.302798913043446,0.784355126851963,0.609538043478196,0.603525599087121,0.394000679254532,0.493649825453758,437.28,2.08,1503.81,3.36,3.1,754.07,2.7,2604.95,5.4,331.89,2.3,1469.28,4.2,323.97,0.98,1547.44,2.6,0.290592,0.61,0.048429,2.1,2.0,10.0,922.677802760882,0.9,2145.7036159278,3.0,2.0,0.0,0.0,799.0,64.674,0.191,0.0,1326.93607109123,5.7,3161.18563675496,8.8,1587.92505039365,6.3,3688.33194440654,9.4,1.0,3.0,0.0
chr6-112172741-112172742-C-T,TWJF-5120-06,Accept,0.845,0.67,0.665,2.2,2.215,67.25,0.02,2.0,0.839,56.402,0.02,0.158,0.0,419.732,20.57,433.29,47.06,67.2496358204902,0.13875,56.4019917066951,0.0845,0.159619565217383,0.87599473062964,0.0717391304347785,0.933463581706324,0.485843189060688,0.631470572203398,718.34,3.39,613.87,3.08,1.032,3196.3,1.0,2731.49,0.85,522.82,0.69,344.7,0.48,177.91,0.05,131.13,0.04,0.70421,0.02,0.779379,0.02,3.0,9.0,2968.51216632858,8.4,3236.90976835553,9.4,8.0,0.0,0.0,250.0,34.611,0.064,0.0,200.821404448884,2.8,300.476145843382,3.8,316.643079064717,3.9,521.879214451304,5.8,1.0,3.0,0.0
chr6-43141790-43141791-G-C,TWJF-5120-06,Pending,1.06,5.9,1.02,8.41,28.861,47.009,0.018,2.0,1.43,67.207,0.092,0.146,0.0,1925.662,49.12,2314.528,74.04,47.0092610017676,0.039125,67.2067826725026,0.166875,0.0176630434782936,0.971282237823443,0.0918750000000017,0.919683561968416,0.830165170133114,0.622186467051506,63.53,1.06,60.1,1.02,1.202,1925.662,1.06,2314.528,1.02,14346.21,9.1,17241.59,14.0,6571.99,1.2,8988.65,2.1,0.44856,0.04,0.260956,0.21,0.0,9.0,1925.66187886762,2.9,2314.52844807955,3.7,4.0,0.0,0.0,637.0,85.388,0.338,0.0,1925.662,1.06,2314.528,1.02,1925.662,1.06,2314.528,1.02,1.0,3.0,0.0
chr6-43299100-43299101-G-C,TWJF-5120-06,Pending,1.251,0.46,26.344,0.83,0.0,103.84,0.85,2.0,136.871,14212.72,45.0,0.133,0.0,226.369,16.47,20657.135,23.32,240.908272692418,0.868,28777.0914833169,21.688875,1.20198369565206,0.348384329756087,99.2866032608696,0.0036192584462273,0.106622062623501,0.0088845118880271,103.84,1.06,14212.72,12.62,91.254,340.56,1.7,27101.55,32.0,211.83,1.9,27131.77,34.0,435.1,1.3,31169.74,31.0,0.212141,0.85,1.2e-05,45.0,6.0,10.0,1145.59068280975,1.2,11604.0356333116,19.0,10.0,0.0,0.0,0.0,0.063,0.0,0.0,135.472142733298,1.4,3325.44676594381,8.9,130.866955781334,1.3,2386.8767822523,7.6,5.0,3.0,0.0
chr6-43507509-43507510-C-T,TWJF-5120-06,Pending,5.648,27.04,32.0,22.63,0.308,266.422,1.7,2.0,49.659,13230.309,32.0,0.16,0.0,4298.856,480.13,25032.861,341.31,3780.83295721635,7.113625,13887.1633858015,21.20675,9.84945652173911,0.0248971218910033,31.6431793478261,0.0072040307033412,0.0028295367956161,0.00442835688591,12457.67,23.75,28793.64,56.56,5.823,4816.88,1.7,36643.08,32.0,14175.55,15.0,39622.53,67.0,17528.81,6.3,33998.61,30.0,0.003461,5.0,0.000191,18.0,0.0,9.0,1183.38587947348,2.1,9146.0108795381,32.0,2.0,0.0,0.0,36.0,0.925,0.333,0.0,281.715018330275,3.6,21272.0820757816,44.0,266.421948360629,3.5,13230.3093821726,37.0,1.0,3.0,0.0
chr7-151236425-151236426-AT-A,TWJF-5120-06,Accept,0.765,16.0,1.092,18.668367363621392,9.79,29.09,0.16,2.0,1.654,48.11,0.32,0.134,0.0,80.734,159.36,135.618,287.7322290483601,181.072436577044,0.745875,295.289477104853,0.967125,1.02394021739116,0.412422538739731,1.21771739130423,0.343606894602702,0.105166230350733,0.156534370034933,60.81,0.75,189.55,1.44,1.68,59.84,0.37,75.31,0.47,29.09,0.31,48.11,0.43,32.15,0.16,65.66,0.32,0.23577,0.78,0.269333,0.67,6.0,10.0,953.118683204384,0.9,1437.8310001274,1.7,6.0,0.0,0.0,516.0,53.793,0.182,0.0,100.658394702714,1.1,122.701536187082,1.3,102.761397072444,1.1,148.535410225925,1.5,1.0,0.0,0.0
chr8-142229554-142229555-A-G,TWJF-5120-06,Pending,9.867,8.8,13.0,27.0,25.897,445.49,2.795,2.0,1.42,632.77,11.132,0.145,0.0,4580.95,399.475,5323.4,1023.245,3935.39358559237,9.864375,5055.03890080479,11.132375,2.79543478260862,0.106415454487565,11.6303260869565,0.0206638654379031,0.449059512466192,0.0286690071225166,445.49,27.31,632.77,32.01,1.162,4580.95,9.867,5323.4,13.0,4580.95,14.0,5323.4,15.0,6361.68,3.6,6496.77,3.7,0.00154,8.5,0.000654,13.0,1.0,10.0,11730.2704107223,14.0,13797.2512781836,18.0,1.0,0.0,0.0,4.0,51.794,0.5,0.0,4580.95,9.867,5323.4,13.0,4580.95,9.867,5323.4,13.0,1.0,3.0,0.0
chr8-143810979-143810980-G-A,TWJF-5120-06,Pending,8.0,6.18,7.9,17.81,44.088,16.04,0.16,2.0,0.688,11.03,0.1,0.17,0.0,1655.658,126.75,1316.29,506.98,11227.0486655427,16.855375,12250.4717802262,18.4755,27.6173913043478,0.008946950894694,27.6173913043478,0.008366850581998,0.0077865272760391,0.0126249603927135,16.04,0.16,11.03,0.1,0.795,2607.31,0.83,2007.57,0.62,17130.58,18.0,18985.07,20.0,25718.84,15.0,25828.14,15.0,0.000141,21.0,0.000183,19.0,0.0,9.0,704.005128091668,1.0,625.010268514176,0.7,5.0,0.0,0.0,689.0,108.059,0.408,0.0,43.4320171362478,0.8,25.3986129556709,0.5,55.7917520574056,1.0,46.1923439157104,0.8,1.0,3.0,0.0
chr8-144052005-144052006-C-G,TWJF-5120-06,Accept,0.265,0.44,0.44,1.89,1.272,37.92,0.02,2.0,2.999,113.71,0.13,0.065,0.0,272.727,16.22,519.275,41.77,101.563794702611,0.322625,115.871370366351,0.389,0.78812499999988,0.51611030723979,0.849211956521643,0.486569100918791,0.0646863766014576,0.0674613043665885,53.09,0.55,79.12,0.76,1.904,470.38,0.17,3581.55,1.2,37.92,0.02,113.71,0.13,443.89,0.1,1874.09,0.41,0.229676,0.23,0.117037,0.47,2.0,11.0,837.065307307968,0.3,922.677802760882,0.3,5.0,0.0,0.0,140.0,25.43,0.05,0.0,272.727,0.265,519.275,0.44,272.727,0.265,519.275,0.44,1.0,3.0,0.0
chr8-69832120-69832121-C-T,TWJF-5120-06,Accept,1.5,0.27,1.5,0.21,1.009,82.7,0.2,2.0,1.008,83.37,0.2,0.177,0.0,294.686,12.77,280.739,11.35,539.383589974216,1.271125,514.703654439453,1.247875,2.08619565217384,0.165571230249845,1.98970108695644,0.177874260476128,0.047755904495716,0.0593539662659168,82.7,0.93,83.37,0.94,0.953,218.17,1.3,215.08,1.3,184.04,1.7,175.29,1.7,296.31,0.93,274.69,0.89,0.017714,3.4,0.019596,3.2,6.0,10.0,293.061826679596,0.2,286.788222519084,0.2,4.0,0.0,0.0,13.0,1.875,0.538,0.0,1054.02278694187,5.1,1339.21405938808,5.7,932.889059721572,4.8,1244.02755496941,5.5,1.0,3.0,0.0
chr8-8376948-8376968-CGTCCGATGGTCCTCTTCCGG-C,TWJF-5120-06,Pending,3.1,0.13,27.0,1.14,1.977,302.583,1.598,2.0,52.916,16011.4,22.846,0.137,0.0,1425.69,5.5,16011.4,13.34,302.58256765179,2.5715,16011.4002598581,22.845625,1.59771739130426,0.244113757400702,37.3590489130435,0.0062855725966481,0.0267211869359016,0.0046969056129455,521.64,29.35,290.54,22.28,11.231,1425.69,3.1,16011.4,27.0,1425.69,5.9,17029.86,33.0,2726.61,1.7,18441.27,15.0,0.011316,3.1,8.3e-05,27.0,1.0,9.0,2842.77804823565,7.1,8664.36747969986,31.0,8.0,0.0,0.0,143.0,9.415,0.21,0.0,1425.69,3.1,16011.4,27.0,1425.69,3.1,16011.4,27.0,2.0,0.0,0.0
chr8-89772785-89772786-A-C,TWJF-5120-06,Accept,0.18,3.29,0.22,4.98,6.702,16.75,0.06,2.0,0.878,14.71,0.22,0.205,0.0,101.976,66.72,152.24,100.57,80.8111050627092,0.361625,166.409175463337,0.790875,0.189836956521717,0.856274892334301,0.391440217391278,0.729717084644818,0.488130625337362,0.462733421474695,595.21,0.06,1627.21,0.22,1.493,42.64,0.15,57.95,0.21,16.75,0.11,14.71,0.07,123.14,0.21,138.07,0.22,0.846236,0.17,0.724696,0.27,4.0,8.0,180.096636544146,0.2,186.038364160127,0.2,6.0,0.0,0.0,321.0,21.759,0.308,0.0,101.976,0.18,152.24,0.22,101.976,0.18,152.24,0.22,1.0,3.0,0.0
chr8-97931162-97931163-C-T,TWJF-5120-06,Pending,1.976,1.88,2.097,7.64,7.218,99.86,0.2,2.0,2.364,236.04,0.3,0.093,0.0,706.439,58.58,729.005,336.06,1720.61534086801,2.045875,474.517526979443,1.198125,1.9055434782608,0.189237213547999,1.74320652173904,0.215765369742629,0.412115506827831,0.104953143745661,526.5,2.24,666.42,2.45,1.032,1700.97,4.3,4732.11,7.3,99.86,0.42,236.04,0.94,742.84,1.7,1487.66,2.5,0.136207,1.2,0.209003,0.86,3.0,11.0,280.648918037273,0.2,503.393672721951,0.3,7.0,0.0,0.0,234.0,21.356,0.338,0.0,670.038873807757,6.3,942.106499588191,8.1,791.58945462426,7.1,791.58945462426,7.1,1.0,3.0,0.0
chr9-136500655-136500656-C-A,TWJF-5120-06,Review,0.275,2.28,0.325,1.95,7.736,11.825,0.01,2.0,1.95,23.057,0.01,0.151,0.0,190.205,73.52,155.915,61.05,48.2009269700369,0.047875,44.5344164995194,0.035,0.523070652173885,0.650957991818654,0.447499999999977,0.693928947332625,0.0180038288235664,0.0514819510281086,222.19,1.58,161.95,1.27,0.82,225.07,0.1,311.29,0.12,189.08,0.25,189.08,0.25,191.33,0.05,149.88,0.04,0.809033,0.01,0.844384,0.01,3.0,9.0,767.657650839511,1.1,1006.1015840455,1.7,6.0,0.0,0.0,440.0,54.099,0.143,0.0,11.8252409869324,0.3,23.0573822792077,0.4,23.3114882180032,0.4,39.4975356724454,0.7,6.0,3.0,0.0
chr9-19423941-19423947-GCATCTA-G,TWJF-5120-06,Review,1.044,8.49,3.19,20.22,18.417,4.02,0.14,2.0,4.843,19.47,3.19,0.194,0.0,505.28,74.97,1861.6,277.34,217.075787351803,2.024375,1699.28231120581,6.611625,1.04445652173899,0.404924137555221,2.7082880434782,0.11127573528341,0.146183621138334,0.232664693146944,4.02,0.14,19.47,3.19,3.684,505.28,1.044,1861.6,3.19,505.28,2.8,1861.6,7.0,519.12,0.36,2835.56,1.8,0.146361,0.45,0.020899,2.1,6.0,9.0,3807.28285666677,12.0,2722.36951668803,6.6,4.0,0.0,0.0,647.0,27.989,0.658,0.0,505.28,1.044,1861.6,3.19,505.28,1.044,1861.6,3.19,1.0,1.0,0.0
chr9-711126-711127-C-T,TWJF-5120-06,Pending,1.7,1.15,1.4,2.64,8.328,56.634,0.308,2.0,0.725,41.072,0.091,0.15,0.0,1279.35,13.38,906.31,23.43,56.6342848736179,0.30825,41.0721021882942,0.091125,0.482527173912999,0.673835980330914,0.346086956521717,0.757260463597452,0.0911924764513969,0.119470208883285,351.54,24.42,64.85,9.22,0.708,1279.35,1.7,906.31,1.4,1279.35,4.5,906.31,3.4,10099.67,5.9,8759.95,5.0,0.031005,1.7,0.086021,0.75,1.0,8.0,3932.89229682844,1.7,3567.97106119069,1.4,4.0,0.0,0.0,352.0,21.859,0.381,0.0,1279.35,1.7,906.31,1.4,1279.35,1.7,906.31,1.4,1.0,3.0,0.0
chr9-89042183-89042184-C-A,TWJF-5120-06,Pending,2.762,17.01,2.181,16.26,1.062,131.465,0.74,2.0,1.419,186.556,0.46,0.148,0.0,1320.765,205.71,1292.275,190.86,968.539114103719,2.723625,630.53359140531,1.97475,2.69225543478254,0.113091133355608,2.26105978260864,0.146520527449257,0.083478394895792,0.049693789333105,593.94,3.01,1948.44,6.28,0.978,2334.78,0.74,1413.9,0.46,11172.82,12.0,6128.72,5.6,8986.61,2.4,7552.05,2.0,0.010318,2.8,0.020836,1.9,1.0,9.0,1672.99030017259,3.7,1170.65092555888,2.1,4.0,0.0,0.0,46.0,2.717,0.391,0.0,131.464955879235,2.0,186.556334478952,2.6,203.502617688336,2.8,165.413137776355,2.4,1.0,3.0,0.0
chr1-4712048-4712049-C-T,TWJF-5120-07,Review,0.255,0.27,2.4,0.87,0.0,45.765,0.04,2.0,50.077,2291.748,0.82,0.14,0.0,150.422,43.54,1640.832,84.61,45.7648683981154,0.07925,2291.7479087538,1.733875,0.114918478260876,0.904478265648295,3.63918478260862,0.0745805090110442,0.462977878749371,0.190254762768745,177.96,0.63,11536.44,12.17,10.908,135.68,0.42,665.43,1.4,50.51,0.19,7208.66,4.2,95.67,0.21,1457.41,1.4,0.904617,0.04,0.157507,0.82,11.0,8.0,165.163410461008,0.3,1824.25347836465,3.1,8.0,0.0,0.0,34.0,1.107,0.0,0.0,414.963597414295,1.5,595.675859314641,2.0,730.533271022729,2.3,909.159330172931,2.8,1.0,3.0,0.0
chr11-61281088-61281089-C-T,TWJF-5120-07,Accept,0.514,9.828,0.7,9.71,0.394,22.86,0.03,2.0,1.857,42.45,0.11,0.14,0.0,235.896,498.82,332.639,491.83,147.12122188766,0.47775,91.4524033130433,0.309,0.994157608695517,0.424961852166397,0.730353260869435,0.543095309305904,0.0627230852842331,0.0665184594690799,22.86,0.03,42.45,0.11,1.41,258.09,0.66,3542.24,3.9,181.07,0.91,260.18,1.2,401.73,0.55,3390.99,2.3,0.426114,0.32,0.208364,0.67,7.0,11.0,666.931104469387,1.2,625.010268514176,1.2,5.0,0.0,0.0,23.0,2.265,0.174,0.0,213.702695454282,0.2,212.720820757816,0.2,348.78676747944,0.4,405.097907614849,0.4,1.0,3.0,0.0
chr11-64117177-64117178-A-G,TWJF-5120-07,Review,0.399,6.199,0.42,5.85,0.111,19.26,0.06,2.0,1.01,19.45,0.06,0.109,0.0,315.34,360.98,184.92,341.92,41.6735291983612,0.122,44.2872086394226,0.15175,0.398695652173913,0.724586448238918,0.419565217391295,0.710783902604578,0.0753026902675628,0.0727460272610187,628.72,31.92,184.92,17.62,0.586,315.34,0.399,184.92,0.42,315.34,1.7,290.54,1.7,19.26,0.06,19.45,0.06,0.554431,0.12,0.535566,0.13,4.0,9.0,4018.92584890218,6.5,4196.6801753809,7.2,4.0,0.0,0.0,46.0,0.299,0.37,0.0,315.34,0.399,184.92,0.42,315.34,0.399,184.92,0.42,1.0,3.0,0.0
chr12-113315471-113315472-G-A,TWJF-5120-07,Accept,0.74,0.03,22.093,0.04,13.432,9.21,0.372,2.0,1.725,15.89,22.093,0.119,0.0,331.44,12.22,17478.395,14.19,59.4656449830069,0.39975,17478.3947841408,22.092875,0.371739130434761,0.740779044804043,24.5792391304348,0.0098463733699855,0.19628245383501,0.156638566404581,9.21,1.13,15.89,2.51,52.735,331.44,0.74,17478.395,22.093,4032.39,9.9,36763.42,59.0,331.44,0.74,24862.7,27.0,0.239555,0.4,0.000237,17.0,3.0,9.0,4883.05317225511,9.8,7208.65719926761,20.0,9.0,0.0,0.0,780.0,63.96,0.21,0.0,331.44,0.74,17478.395,22.093,331.44,0.74,17478.395,22.093,1.0,3.0,0.0
chr12-25245350-25245351-C-A,TWJF-5120-07,Reject,0.8,1.49,0.94,2.26,3.269,51.657,0.236,2.0,1.071,55.326,0.261,0.082,1.0,111.723,97.69,123.766,130.78,51.6574848066992,0.235875,55.3261041760184,0.26125,0.500163043478224,0.664593431166967,0.413396739130434,0.715147814530708,0.0541393272578716,0.139871384948492,172.97,1.38,211.63,1.52,1.108,134.97,0.81,154.38,0.88,62.71,0.79,120.68,1.5,72.99,0.35,83.45,0.4,0.339549,0.52,0.638055,0.18,3.0,9.0,585.724422103472,1.7,625.010268514176,1.9,5.0,5.0,1.0,507.0,18.575,0.176,0.0,119.206517313275,1.1,126.852783125758,1.2,104.238943261743,0.9,112.2095963268,1.0,1.0,3.0,1.0
chr13-113444558-113444559-T-C,TWJF-5120-07,Accept,15.398,0.1,19.95,0.53,1.781,2054.82,2.8,2.0,1.445,2968.512,4.4,0.129,0.0,15356.081,58.43,15672.609,176.79,17606.200416053,7.60012499999999,19218.0338108984,8.46549999999999,3.21203804347816,0.0879417741545456,22.1923097826087,0.0102239958053828,0.800709098577499,0.193432357162237,16064.78,14.79,20239.26,21.9,1.021,33766.92,50.0,34987.17,55.0,6434.51,7.4,8433.14,8.5,27344.85,24.0,31601.01,32.0,0.000164,18.0,7.9e-05,23.0,4.0,8.0,2054.82032600981,2.8,2968.51216632858,4.4,5.0,0.0,0.0,149.0,10.602,0.168,0.0,14647.3817302924,21.0,12127.1849224988,18.0,9697.28143701359,16.0,6189.42065655918,11.0,1.0,3.0,0.0
chr14-41887219-41887220-C-T,TWJF-5120-07,Pending,0.307,1.04,0.699,0.74,0.0,17.31,0.08,2.0,1.199,20.75,0.1,0.093,0.0,42.007,74.0,108.96,57.89,35.1688463314503,0.09725,57.2623712945492,0.27375,0.344510869565198,0.758751433956516,0.518124999999955,0.653971544743113,0.0791677758097648,0.0690535753965377,49.36,0.64,148.06,1.28,2.594,24.05,0.13,25.79,0.14,24.33,0.27,89.14,0.88,17.31,0.08,20.75,0.1,0.726938,0.12,0.705615,0.14,5.0,10.0,645.630535743832,0.6,1785.20149967003,2.5,3.0,0.0,0.0,24.0,0.759,0.0,0.0,52.8262764767504,0.6,128.780468289161,1.3,48.8461118956287,0.6,153.401639070272,1.5,1.0,3.0,0.0
chr15-33533325-33533326-A-T,TWJF-5120-07,Pending,0.55,15.68,0.675,18.81,0.0,43.381,0.18,2.0,1.361,59.061,0.36,0.136,0.0,57.093,834.47,105.32,1068.12,55.8457294663862,0.264875,81.5439775574327,0.41875,0.609538043478196,0.603259366075811,0.794456521738994,0.512939997245998,0.0007091611623764,0.0008256845176219,58.34,0.72,301.21,1.78,1.845,53.37,0.33,97.54,0.61,59.09,0.75,113.1,1.5,71.05,0.34,166.95,0.65,0.638285,0.18,0.442347,0.36,2.0,9.0,543.000891385649,1.5,727.231584685427,2.3,1.0,0.0,0.0,6.0,0.458,0.0,0.0,43.381044054659,0.5,59.0608917480366,0.6,52.7266282429329,0.6,73.45646083301,0.7,1.0,3.0,0.0
chr17-7674220-7674221-G-A,TWJF-5120-07,Accept,1.31,0.57,0.545,2.57,19.897,27.01,0.37,2.0,0.796,21.5,0.37,0.143,1.0,759.21,187.01,737.09,666.98,271.178063091623,1.520125,96.3380968071724,0.498375,0.997065217391153,0.423637951118939,0.18548913043476,0.859095596076317,0.229076780378819,0.542912218719721,27.01,3.64,21.5,2.25,0.971,19964.9,7.7,21162.46,8.5,352.24,0.63,323.04,0.59,1166.18,0.37,1151.14,0.37,0.029036,1.1,0.072976,0.5,3.0,10.0,5997.52246638931,3.2,6128.72060823562,3.4,1.0,0.0,0.0,1033.0,45.845,0.434,0.0,759.21,1.31,737.09,0.545,759.21,1.31,737.09,0.545,1.0,3.0,0.0
chr17-79106774-79106775-G-A,TWJF-5120-07,Pending,0.467,4.551,0.67,6.84,0.0,58.34,0.2,2.0,3.693,215.45,0.54,0.12,0.0,691.97,421.94,963.487,586.04,63.6251985586037,0.466625,76.0487565989555,0.65175,0.648804347826015,0.583092210118282,0.743749999999878,0.536562546404696,0.0128896981477737,0.0084486305713653,691.97,33.29,1199.23,41.8,1.392,691.97,0.467,963.487,0.67,1669.54,5.4,3140.28,8.4,58.34,0.2,215.45,0.54,0.257923,0.36,0.140482,0.67,1.0,9.0,942.861739365281,0.3,963.487207450801,0.3,1.0,0.0,0.0,19.0,0.88,0.0,0.0,691.97,0.467,963.487,0.67,691.97,0.467,963.487,0.67,2.0,3.0,0.0
chr18-49974596-49974597-T-A,TWJF-5120-07,Reject,2.691,0.53,0.901,0.76,28.658,102.5,0.19,2.0,2.32,237.84,0.08,0.165,0.0,445.62,47.62,230.085,59.37,856.076239232981,3.120875,265.561794160087,1.495875,2.26105978260864,0.147096359708881,0.305706521739097,0.782232153213734,0.134945131838322,0.671754263341427,102.5,17.37,237.84,28.96,0.516,1480.81,0.28,1235.08,0.23,323.04,0.59,166.06,0.3,568.2,0.19,222.33,0.08,0.018639,1.4,0.159063,0.23,4.0,9.0,3236.90976835553,6.8,3416.84629914709,7.4,4.0,4.0,1.0,783.0,97.477,0.294,0.0,103.078953318486,3.9,61.8258363501862,1.7,163.919265732948,8.3,108.051300898776,4.2,1.0,3.0,2.0
chr2-201209461-201209462-G-A,TWJF-5120-07,Accept,0.076,0.92,0.08,5.83,4.558,35.06,0.02,2.0,1.11,38.91,0.04,0.144,0.0,102.165,67.02,106.995,277.63,50.2595739607144,0.081,56.6928740273287,0.12225,0.0978804347825956,0.91554670404118,0.0538586956521953,0.94575453154501,0.526943545788527,0.694302581250668,741.65,0.0699999999999999,821.13,0.09,1.047,38.12,0.03,38.17,0.03,36.91,0.07,40.9,0.07,35.06,0.03,38.91,0.04,0.951661,0.02,0.88325,0.04,7.0,9.0,241.20027143288,0.2,319.558969732819,0.3,8.0,0.0,0.0,475.0,26.657,0.171,0.0,167.29771142335,0.3,166.529048261316,0.3,154.070680228448,0.3,157.296840726922,0.3,1.0,3.0,0.0
chr2-209696094-209696095-G-A,TWJF-5120-07,Accept,0.36,0.19,1.407,0.24,0.777,37.9,0.13,2.0,3.658,138.62,0.4,0.127,0.0,134.299,72.75,142.68,81.66,134.299128870481,1.330125,142.680473656396,1.40725,0.297798913043437,0.786944676969674,0.586820652173856,0.615138271047156,0.492460900917649,0.272333484143019,170.94,16.88,109.93,13.07,1.062,134.299,0.36,142.68,1.407,115.53,0.36,759.77,2.4,37.9,0.13,138.62,0.4,0.402925,0.21,0.270704,0.35,3.0,8.0,5869.13289643332,1.7,17888.2499228017,18.0,3.0,0.0,0.0,76.0,14.659,0.053,0.0,134.299,0.36,142.68,1.407,134.299,0.36,142.68,1.407,1.0,3.0,0.0
chr2-209839391-209839392-G-A,TWJF-5120-07,Review,0.245,4.301,0.262,6.51,0.0,13.95,0.05,2.0,1.767,24.65,0.07,0.129,0.0,39.091,48.685,42.47,95.755,58.3323705293067,0.156625,84.468686107677,0.283375,0.42125,0.710356040631053,0.63521739130428,0.58971008675705,0.147782791405916,0.0983982644975185,72.26,0.25,67.09,0.22,1.086,18.36,0.07,20.7,0.08,19.39,0.24,20.35,0.24,13.95,0.05,24.65,0.07,0.793559,0.08,0.664563,0.14,9.0,9.0,573.185760166311,2.6,666.931104469387,3.0,5.0,0.0,0.0,44.0,1.679,0.0,0.0,39.7090959801377,0.3,43.140979363491,0.3,38.4733496997286,0.3,41.7984329401651,0.3,5.0,3.0,0.0
chr20-35653746-35653747-A-G,TWJF-5120-07,Accept,0.2,2.199,0.1,1.7,17.102,34.37,0.01,2.0,0.526,18.09,0.01,0.146,0.0,76.85,97.78,42.401,93.405,40.1655701430681,0.097,42.4012242547203,0.1295,0.401766304347845,0.722424035528743,0.160923913043476,0.875725860724812,0.0621291138231754,0.358517620712519,76.85,10.36,71.9,9.9,0.552,76.85,0.2,42.401,0.1,145.18,0.43,21.7,0.05,34.37,0.12,18.09,0.06,0.845767,0.01,0.866602,0.01,4.0,8.0,1785.20149967003,0.2,1362.11254533707,0.1,3.0,0.0,0.0,1266.0,79.542,0.215,0.0,76.85,0.2,42.401,0.1,76.85,0.2,42.401,0.1,1.0,3.0,0.0
chr3-109005113-109005114-G-T,TWJF-5120-07,Pending,0.855,4.078,4.2,7.58,0.0,66.258,0.21,2.0,19.54,1294.673,2.2,0.116,0.0,115.064,207.72,2174.637,374.8,66.2580069288925,0.333375,1294.67314376341,1.83225,0.282472826086916,0.797751879777144,3.7201086956521,0.0721827522518166,0.31706378236413,0.0235103443264961,176.08,1.39,2203.57,3.9,18.899,117.07,0.71,3465.92,6.2,99.33,1.4,3567.97,5.4,107.62,0.49,2767.03,3.5,0.592147,0.21,0.044652,2.2,4.0,9.0,711.663664608525,2.3,2145.7036159278,7.7,1.0,0.0,0.0,5.0,0.267,0.0,0.0,113.057661965708,1.0,1259.7953470905,4.5,132.138690920799,1.2,1592.31871673243,5.4,1.0,3.0,0.0
chr4-182653851-182653852-C-A,TWJF-5120-07,Pending,1.6,15.961,0.96,19.41,0.0,58.367,0.38,2.0,0.814,47.521,0.203,0.12,0.0,918.24,990.34,502.22,1269.71,58.3673705252147,0.38025,47.5205231593045,0.202875,0.392527173913038,0.728496486044247,0.239565217391274,0.824258075691554,0.173354636877775,0.27475106716156,4425.06,67.61,5234.9,71.38,0.547,918.24,1.6,502.22,0.96,677.53,3.0,229.41,1.4,918.24,1.6,502.22,0.96,0.056335,1.4,0.101691,0.89,1.0,9.0,15044.7277748717,48.0,13356.5921199808,42.0,1.0,0.0,0.0,171.0,20.214,0.0,0.0,918.24,1.6,502.22,0.96,918.24,1.6,502.22,0.96,5.0,3.0,0.0
chr6-32217007-32217008-C-T,TWJF-5120-07,Reject,0.8,0.92,1.081,0.94,0.0,60.648,0.3,2.0,1.799,109.099,0.5,0.132,0.0,318.331,87.37,395.188,88.41,146.977734014627,0.47775,176.84359304406,0.537875,1.12491847826072,0.374653684473023,1.25293478260861,0.33278076230353,0.0031395219266414,0.0021090619266033,1030.03,2.32,2195.16,3.77,1.241,552.9,1.2,761.69,1.5,239.9,0.8,333.69,0.91,594.2,0.69,759.15,0.82,0.031394,2.2,0.022182,2.6,2.0,10.0,396.762312086394,0.7,456.685289375157,0.8,3.0,1.0,0.0,226.0,16.888,0.0,0.0,60.6484910529325,0.3,109.098806601569,0.5,180.563514796007,0.8,303.130754165869,1.4,1.0,3.0,2.0
chr7-101318157-101318158-C-T,TWJF-5120-07,Reject,1.55,12.133,34.0,15.74,7.981,85.38,0.634,2.0,247.474,21129.37,8.59,0.109,0.0,282.315,631.26,21550.146,822.8,138.77943553348,0.634125,19485.3585715136,8.59049999999999,1.07567934782594,0.39287423839508,46.2246739130435,0.0051336705171914,0.0091613680124282,0.0010629668831825,85.38,0.95,21129.37,23.98,76.334,822.2,2.9,35687.21,58.0,333.69,1.4,25702.97,37.0,1074.58,2.1,37839.73,55.0,0.066392,1.8,1.4e-05,42.0,2.0,11.0,1332.9536643312,1.7,21970.9220874289,31.0,11.0,10.0,0.0,793.0,35.003,0.228,0.0,90.5941177549061,1.0,4540.46152604847,29.0,230.940445891927,2.5,4661.22428001887,30.0,1.0,3.0,1.0
chr7-1236735-1236736-C-T,TWJF-5120-07,Reject,0.265,1.52,0.115,1.66,0.0,18.37,0.024,2.0,0.645,11.85,0.011,0.145,0.0,34.681,199.01,16.867,215.92,36.4831797065092,0.02425,33.5770379027484,0.0105,0.346086956521717,0.756808417552279,0.342690217391279,0.759430037931139,0.0862488560378551,0.0675004459917545,173.61,0.61,43.45,0.12,0.486,19.82,0.07,11.79,0.04,18.37,0.23,11.85,0.11,20.54,0.06,13.42,0.04,0.944472,0.04,0.97665,0.02,8.0,9.0,90.109695434818,0.4,87.231755348375,0.4,1.0,0.0,0.0,0.0,0.0,0.0,1.0,35.309372534667,0.3,16.745186929134,0.2,34.0533623817102,0.3,16.9886942380896,0.2,1.0,3.0,0.0
chr7-98953346-98953347-G-A,TWJF-5120-07,Reject,1.55,0.07,3.1,0.1,10.514,236.037,0.4,2.0,3.081,727.232,1.4,0.123,0.0,370.293,23.68,1592.955,27.19,384.645948765224,0.820125,2220.96406925677,1.707875,1.8842934782608,0.192193137864695,6.18413043478256,0.0409269094787666,0.0062383636832237,0.0019387975335121,4228.23,5.73,6794.83,7.98,4.302,321.85,0.77,1821.95,2.6,780.22,1.6,2289.62,2.8,355.94,0.51,1363.96,1.3,0.038058,2.0,0.008937,4.1,4.0,10.0,236.036872830194,0.4,727.231584685427,1.4,10.0,3.0,0.0,688.0,51.793,0.203,0.0,496.386543803331,2.1,1137.15587646824,4.4,350.453175876085,1.5,852.373619358464,3.4,1.0,3.0,2.0
chr9-21971201-21971201-A-AT,TWJF-5120-07,Review,0.15,0.56,7.102567023041567,4.065893502512518,0.0,8.88,0.03,2.0,112.36257238532949,2985.840456649057,4.6942272557783,0.158,0.0,23.839,65.53,3813.6904296173516,250.6703771108814,42.5399829701624,0.0575,4235.2935024047765,4.677210521256486,0.442608695652154,0.697366950557981,10.663381119971785,0.5235896709456367,0.0434927232563495,0.11044974991220019,23.68,0.03,3404.016230568615,9.136856450627073,16.118527822568556,8.88,0.03,4768.674827443158,6.460592585973362,17.97,0.21,4510.639925052176,9.424889405105898,19.79,0.06,5078.379489137752,7.381548038119908,0.755152,0.1,0.6848700248039205,7.100917505194607,23.0,9.0,124.663874925129,0.5,3182.1486005142033,7.69105022029255,0.0,0.0,1.0,422.0,32.135,0.0,1.0,25.875574443145,0.3,6302.052267763849,7.536733475038977,23.9971684454177,0.2,7071.050707380457,8.45737665072352,1.0,0.0,0.0
chr9-99144765-99144766-CA-C,TWJF-5120-07,Accept,6.473,7.309,5.563,13.53,4.105,677.29,1.8,2.0,5.869,3974.84,1.6,0.131,0.0,2168.654,392.82,3974.84,704.22,2168.65412059966,6.472625,1571.57924353257,5.56325,5.78807065217389,0.0430513651746434,4.5192663043478,0.0571178412039873,0.0103251226246356,0.0060093477368354,677.29,32.99,3974.84,65.18,1.833,2168.654,6.473,3974.84,5.563,32194.94,49.0,31599.64,48.0,12515.96,13.0,9097.55,8.3,0.003022,6.1,0.005602,4.8,0.0,9.0,2122.61272297631,1.8,1989.19309513165,1.6,9.0,0.0,0.0,807.0,61.272,0.067,0.0,2168.654,6.473,3974.84,5.563,2168.654,6.473,3974.84,5.563,1.0,0.0,0.0
chrX-103609526-103609526-G-GA,TWJF-5120-07,Accept,0.4,4.371,13.0,11.835575803711478,0.0,56.799,0.09,2.0,420.982,23911.476,12.0,0.125,0.0,698.141,213.85,12516.543,1182.731853465213,56.7992550541338,0.12225,23911.4757974748,7.515125,0.49855978260868,0.665262569766629,62.7446739130435,0.0042216832726618,0.0810386277735233,0.0017209584329975,1603.24,0.25,6205.59,99.91,17.928,4214.38,3.9,32348.93,27.0,223.61,0.54,13429.05,6.4,557.9,0.29,29822.39,19.0,0.78246,0.09,0.000405,12.0,5.0,11.0,704.005128091668,0.4,11604.0356333116,14.0,7.0,0.0,0.0,1363.0,108.097,0.0,0.0,4932.9873298697,9.4,3963.78417996098,7.2,692.277154646664,0.4,1200.27289828024,1.1,1.0,0.0,0.0
chr1-10256312-10256313-C-G,TWJF-5120-05,Reject,3.051,16.562,2.45,11.08,8.917,379.778,0.92,2.0,1.459,554.026,0.67,0.193,0.0,969.77,291.1,1051.192,139.08,5019.65075363674,3.41025,3141.97833409461,2.746,9.84945652173911,0.0246574542242694,6.47915760869564,0.038996452096802,0.0778348073363304,0.0829549034824594,5452.64,5.12,5215.25,3.09,1.084,621.37,1.3,598.92,1.3,1022.56,2.8,828.06,2.6,916.98,0.92,550.91,0.67,0.009471,3.3,0.039694,1.7,1.0,10.0,3454.01654281483,1.9,3272.12256819681,1.7,9.0,9.0,1.0,556.0,28.13,0.317,0.0,865.52576401042,3.5,1274.32440353017,4.5,379.778172211998,1.7,554.025813364169,2.3,1.0,3.0,1.0
chr1-158291309-158291310-G-A,TWJF-5120-05,Pending,0.364,0.11,0.592,0.23,0.0,18.59,0.06,2.0,4.418,82.13,0.27,0.211,0.0,80.95,14.7,82.13,21.12,39.4405668522042,0.091875,57.1224228055846,0.359,0.363913043478234,0.746667209589216,0.592364130434717,0.612438894068377,0.0922875627875328,0.0177993550896644,80.95,10.73,56.13,8.32,1.015,80.95,0.364,82.13,0.592,669.51,3.0,936.17,3.7,18.59,0.06,82.13,0.27,0.658816,0.07,0.255637,0.37,4.0,9.0,2264.98110352767,2.0,2264.98110352767,2.0,5.0,0.0,0.0,36.0,2.54,0.0,0.0,80.95,0.364,82.13,0.592,80.95,0.364,82.13,0.592,1.0,3.0,0.0
chr1-186399035-186399036-A-G,TWJF-5120-05,Pending,8.352,2.99,9.15,0.4,7.177,1220.484,1.114,2.0,0.854,1042.041,1.051,0.111,0.0,8100.078,184.91,8609.399,38.26,1220.48432213371,1.114375,1042.04111227243,1.051,3.63918478260862,0.0744617152652245,3.29679347826078,0.0841808181028499,0.0167901888489723,0.0110527649521827,6227.21,99.96,6225.85,99.96,1.063,35450.89,32.0,32713.22,28.0,14722.66,7.0,13141.57,6.3,23236.22,9.7,25643.25,13.0,0.020553,2.0,0.015826,2.3,0.0,11.0,9972.94614226821,12.0,10992.9487619001,13.0,5.0,0.0,0.0,664.0,39.654,0.181,0.0,1603.65151910393,1.7,1603.65151910393,1.7,5448.5381986676,12.0,5537.069822452,12.0,1.0,3.0,0.0
chr1-201648728-201648729-G-A,TWJF-5120-05,Pending,4.801,0.08,6.75,0.14,0.0,1822.72,3.0,2.0,1.472,2683.614,4.1,0.102,0.0,5955.73,116.16,7157.365,145.46,17682.031230288,4.59025,19818.8245323659,5.3035,46.2246739130435,0.0056438780959848,46.2246739130435,0.005043696074836,0.0013261325657367,0.0006985366344451,6111.45,79.1,6119.95,86.38,1.202,5800.01,4.8,8194.78,6.2,10757.62,5.2,10815.98,5.2,13736.33,4.5,19661.56,7.3,0.000277,14.0,0.000113,20.0,0.0,9.0,2443.19073685795,4.8,3416.84629914709,7.4,9.0,0.0,0.0,42.0,15.573,0.0,0.0,3217.28845103844,4.8,3585.00693397993,5.2,1822.72017229097,3.0,2683.61369810031,4.1,5.0,3.0,0.0
chr1-70038681-70038682-G-A,TWJF-5120-05,Pending,14.0,5.441,14.454,6.22,0.0,733.33,1.983,2.0,0.608,446.21,2.379,0.226,0.0,14240.38,45.06,10680.0,51.99,6027.71969116783,10.557375,10389.5504819629,14.453625,1.98277173913036,0.178381558868119,2.37850543478253,0.136097218046719,0.735844664275646,0.794659934937954,733.33,34.13,446.21,27.33,0.75,14240.38,14.0,10680.0,14.454,14240.38,24.0,10680.0,20.0,14555.41,14.0,13158.07,13.0,0.000911,10.0,0.000406,14.0,0.0,11.0,30396.0663708854,37.0,27278.9521551115,33.0,1.0,0.0,0.0,8.0,0.362,0.0,0.0,14240.38,14.0,10680.0,14.454,14240.38,14.0,10680.0,14.454,1.0,3.0,0.0
chr10-101132024-101132025-G-T,TWJF-5120-05,Pending,0.684,1.46,0.619,0.85,0.0,104.605,0.08,2.0,1.083,113.282,0.09,0.242,0.0,1128.5,15.5,1003.8,11.43,104.605256621186,0.4965,113.281787726216,0.545125,0.683722826086878,0.565646698519938,0.61907608695644,0.597917251787341,0.129214622080326,0.188592027872801,367.22,3.6,749.38,5.67,0.889,1128.5,0.684,1003.8,0.619,6286.18,1.5,4561.24,0.62,1128.5,0.19,1003.8,0.17,0.530742,0.08,0.489324,0.09,1.0,8.0,3380.0760613847,0.8,3272.12256819681,0.7,7.0,0.0,0.0,0.0,0.041,0.0,0.0,1128.5,0.684,1003.8,0.619,1128.5,0.684,1003.8,0.619,1.0,3.0,0.0
chr11-6682763-6682764-GC-G,TWJF-5120-05,Accept,11.0,1.7,3.8,6.477163093664968,39.117,15.17,1.9,2.0,9.406,142.69,1.5,0.225,0.0,3002.07,39.77,1455.36,349.2753197546534,13294.49200259,17.2625,866.572911634271,4.189875,31.6431793478261,0.0076826355389769,1.31402173913035,0.314443365861852,0.0107702650129795,0.414745315909386,15.17,2.37,142.69,15.25,0.485,3002.07,11.0,1455.36,3.8,10322.28,20.0,5993.63,14.0,3002.07,3.5,1455.36,2.1,0.000749,11.0,0.009235,3.8,0.0,9.0,2216.49442399124,1.9,1925.66187886762,1.5,6.0,0.0,0.0,1583.0,98.781,0.396,0.0,3002.07,11.0,1455.36,3.8,3002.07,11.0,1455.36,3.8,1.0,0.0,0.0
chr12-25245349-25245350-C-T,TWJF-5120-05,Accept,5.199,5.078,7.6,3.26,6.941,235.79,0.9,2.0,4.259,1004.28,2.7,0.206,1.0,1567.832,41.99,2607.061,27.81,1091.24462205365,4.68,734.041305294936,3.866125,3.18451086956512,0.0886957359630195,2.7082880434782,0.111366146676332,0.0398823097348213,0.002476368099451,235.79,20.06,1004.28,38.91,1.663,1567.832,5.199,2607.061,7.6,28498.73,43.0,33929.88,52.0,14840.69,15.0,16778.02,17.0,0.004562,5.2,0.001791,7.6,0.0,9.0,1567.83228391243,0.9,2607.06100147072,2.7,3.0,0.0,0.0,553.0,18.267,0.38,0.0,1567.832,5.199,2607.061,7.6,1567.832,5.199,2607.061,7.6,1.0,3.0,0.0
chr16-30763445-30763446-G-A,TWJF-5120-05,Accept,4.398,14.398,4.429,10.19,39.761,808.574,1.5,2.0,0.748,604.951,1.1,0.24,0.0,5361.975,222.67,4572.087,120.81,6786.71047561467,2.19675,1801.12636100387,1.272875,16.1575543478261,0.014423912400842,4.65758152173908,0.0554412800670329,0.006140574812889,0.034515131264925,5133.73,1.8,5614.6,3.02,0.853,9524.01,7.1,15648.57,12.0,5590.22,3.3,10584.44,5.1,21871.54,8.7,23454.71,9.9,0.002382,5.5,0.004546,4.2,0.0,9.0,4062.64582926055,9.3,3529.57450109899,7.8,9.0,0.0,0.0,1214.0,122.72,0.324,0.0,1885.77554740385,3.0,695.808932923384,1.3,808.574423896466,1.5,604.950722852712,1.1,1.0,3.0,0.0
chr17-41226781-41226782-G-C,TWJF-5120-05,Pending,2.0,1.73,5.451,5.28,0.0,2344.659,0.57,2.0,1.898,4450.423,1.7,0.129,0.0,5267.254,17.37,8212.35,43.67,2344.65914830446,3.962125,4450.42314397852,5.45125,6.47915760869564,0.0387598351758176,11.1157880434782,0.0211582781049641,0.0008042454719543,0.0005220707944317,30439.91,58.96,25606.52,49.22,1.559,5267.254,2.0,8212.35,5.451,7714.19,2.0,12189.71,5.6,3368.61,0.57,8212.35,1.7,0.054659,1.1,0.007709,3.8,0.0,11.0,5267.25377949397,2.0,6829.03790868801,3.7,10.0,4.0,0.0,0.0,0.0,0.0,1.0,5267.254,2.0,8212.35,5.451,5267.254,2.0,8212.35,5.451,6.0,3.0,3.0
chr17-47916212-47916213-C-T,TWJF-5120-05,Pending,10.0,0.23,41.56,3.65,2.078,73.04,0.4,2.0,16.189,1182.43,3.7,0.253,0.0,3236.91,6.59,15404.95,30.66,5514.99018475,10.097375,22366.6724189728,31.0635,10.2319836956522,0.023885441771336,62.7446739130435,0.0046492997840805,0.0944572202861309,0.0107762925326824,73.04,10.0,1182.43,41.56,4.759,3236.91,10.0,15404.95,41.56,863.73,2.7,15404.95,26.0,9558.8,8.7,38830.99,59.0,0.000381,14.0,1e-06,73.0,1.0,11.0,3236.90976835553,0.4,8032.37680934315,3.7,1.0,0.0,0.0,54.0,6.596,0.315,0.0,3236.91,10.0,15404.95,41.56,3236.91,10.0,15404.95,41.56,1.0,3.0,0.0
chr17-5433722-5433723-C-A,TWJF-5120-05,Accept,12.0,4.039,6.4,5.54,67.119,435.574,1.884,2.0,0.508,221.113,1.29,0.308,0.0,5044.154,33.6,3975.676,45.92,435.574137653925,2.970375,221.112886078883,1.970625,1.8842934782608,0.193032380969316,1.28986413043469,0.322270096108954,0.0419002436101436,0.049954604357481,3531.99,62.58,527.53,29.52,0.788,5044.154,12.0,3975.676,6.4,32439.71,49.0,25160.63,37.0,17578.38,17.0,16526.14,16.0,0.011344,3.4,0.009701,3.7,0.0,9.0,5044.15430351795,12.0,3975.67635914596,6.4,1.0,0.0,0.0,1486.0,95.748,0.701,0.0,5044.154,12.0,3975.676,6.4,5044.154,12.0,3975.676,6.4,1.0,3.0,0.0
chr17-7674949-7674950-A-C,TWJF-5120-05,Accept,4.164,13.469,3.7,8.84,42.17,117.55,2.852,2.0,0.498,58.57,1.425,0.318,1.0,1302.87,196.3,923.38,95.61,859.302292295329,4.165125,390.076061621368,2.78475,2.85152173913036,0.103950901331485,1.42540760869556,0.28391316127997,0.0239078588783741,0.154425721615553,117.55,13.62,58.57,8.59,0.709,1302.87,4.164,923.38,3.7,1302.87,4.0,923.38,3.1,5415.48,5.3,3938.26,4.2,0.009514,3.7,0.009493,3.7,1.0,10.0,8853.9038957751,4.4,10191.1082266841,6.0,7.0,0.0,0.0,480.0,53.38,0.79,0.0,1302.87,4.164,923.38,3.7,1302.87,4.164,923.38,3.7,1.0,3.0,0.0
chr18-48859452-48859453-G-A,TWJF-5120-05,Accept,0.24,3.0,0.285,1.4,16.347,52.101,0.04,2.0,1.087,56.653,0.04,0.339,0.0,205.676,42.585,210.988,20.295,52.1011041529356,0.097,56.6534230103949,0.12225,0.11815217391306,0.902576526722489,0.0685597826087018,0.935047924013175,0.492410559207201,0.63998243957758,2289.51,0.38,2301.95,0.38,1.026,128.88,0.17,143.7,0.2,173.4,0.31,203.96,0.37,96.45,0.1,99.6,0.1,0.894259,0.04,0.904573,0.04,5.0,9.0,508.869852753973,0.5,659.753955386447,0.9,7.0,0.0,0.0,119.0,27.02,0.605,1.0,237.952350977197,0.4,218.01681963801,0.4,339.406378655895,0.6,243.623961020287,0.4,1.0,3.0,0.0
chr19-10634850-10634851-G-A,TWJF-5120-05,Accept,0.523,0.41,0.535,0.44,63.299,14.66,0.124,2.0,1.428,20.94,0.067,0.179,0.0,66.913,5.21,68.061,5.35,66.9128947817941,0.522875,68.060853097698,0.5345,0.124184782608722,0.898019544624589,0.0670652173913168,0.936877393611902,0.546750664710999,0.698974043130875,14.66,2.27,20.94,3.46,1.017,66.913,0.523,68.061,0.535,113.51,0.56,119.68,0.62,43.16,0.16,61.51,0.21,0.352767,0.24,0.368371,0.23,5.0,9.0,9972.94614226821,31.0,10527.3321026536,33.0,7.0,0.0,0.0,1631.0,197.193,0.321,0.0,66.913,0.523,68.061,0.535,66.913,0.523,68.061,0.535,1.0,3.0,0.0
chr19-621322-621323-C-T,TWJF-5120-05,Accept,0.566,1.26,0.663,0.65,14.976,70.002,0.22,2.0,1.092,76.438,0.126,0.216,0.0,196.09,10.46,213.39,6.72,70.0019167521542,0.56625,76.4383505735314,0.663125,0.219673913043479,0.837056736406061,0.12551630434784,0.897071612960928,0.406822830438614,0.580376267433167,341.81,24.09,213.39,19.04,1.088,196.09,0.566,213.39,0.663,196.09,1.2,260.09,1.6,144.37,0.41,105.36,0.32,0.194879,0.5,0.186838,0.53,4.0,9.0,3272.12256819681,4.2,2936.56665617096,3.4,1.0,0.0,0.0,210.0,49.921,0.3,0.0,196.09,0.566,213.39,0.663,196.09,0.566,213.39,0.663,1.0,3.0,0.0
chr19-7631789-7631790-C-G,TWJF-5120-05,Accept,1.2,3.6,1.2,1.5,1.065,58.907,0.29,2.0,1.24,73.039,0.48,0.216,0.0,561.0,65.89,563.97,35.2,58.9065629567108,0.390125,73.0391329948297,0.61725,0.607853260869504,0.604036118016112,0.72472826086944,0.54650361926562,0.0162759721279144,0.0086802132427692,119.1,13.73,102.63,12.52,1.005,561.0,1.2,563.97,1.2,8917.65,18.0,7182.42,16.0,561.0,1.2,563.97,1.2,0.305978,0.29,0.202734,0.48,1.0,9.0,2693.07285958329,2.9,2339.70710080751,2.2,6.0,0.0,0.0,76.0,6.229,0.171,0.0,561.0,1.2,563.97,1.2,561.0,1.2,563.97,1.2,1.0,3.0,0.0
chr20-3562427-3562428-C-G,TWJF-5120-05,Accept,0.115,4.219,0.095,6.64,7.339,22.72,0.002,2.0,0.696,15.82,0.002,0.089,0.0,31.615,33.89,31.428,61.92,26.4020032454864,0.02025,27.170720801178,0.02225,0.0016847826086774,0.988308603707759,0.0024999999999977,0.986090640816144,0.930687844753265,0.888835914433002,656.41,0.03,625.28,0.02,0.994,22.72,0.14,15.82,0.1,24.87,0.34,18.77,0.28,26.69,0.09,30.14,0.09,0.928913,0.02,0.892971,0.03,2.0,9.0,645.630535743832,0.4,652.654042870543,0.4,6.0,0.0,0.0,871.0,55.598,0.132,0.0,36.5392812279078,0.3,32.7159849699764,0.3,38.4565216303785,0.3,34.9116198552991,0.3,1.0,3.0,0.0
chr22-41794399-41794400-C-T,TWJF-5120-05,Accept,1.007,3.971,1.95,5.93,1.949,80.19,0.36,2.0,14.724,1180.75,1.9,0.104,0.0,216.252,31.46,731.132,52.66,482.12015650015,1.2245,829.896535061012,1.567125,0.739891304347722,0.538591163514549,0.579510869565155,0.618672823850151,0.517778187990189,0.759938903152943,4963.04,2.1,5308.35,3.68,3.381,80.19,0.36,1180.75,1.9,87.23,0.79,563.96,2.1,205.11,0.36,522.14,0.65,0.217408,0.51,0.214127,0.52,9.0,9.0,3000.80519647765,5.8,3807.28285666677,8.3,5.0,0.0,0.0,162.0,18.563,0.105,0.0,211.719080902618,1.3,424.38497532876,2.0,220.785221472325,1.3,632.368167421979,2.7,1.0,3.0,0.0
chr3-5211128-5211128-A-ACG,TWJF-5120-05,Review,0.635,2.34,7.114262580743939,5.88972100631597,0.069,11.87,0.04,2.0,106.9157563133962,2820.3592367837464,4.471009369507566,0.129,0.0,70.701,28.61,3821.927640851227,169.94486795290527,70.7014368530734,0.579125,4203.750749801786,5.147386417858165,0.63521739130428,0.590038285105983,10.782990126274814,0.43546861109865653,0.049937155097723,0.11747268537328126,15.81,2.49,3303.4594503173366,11.103894446703665,14.898107318018887,70.701,0.635,4746.1504585734365,6.622478600500395,212.51,1.3,4685.547120769685,9.953614165255377,11.87,0.04,4961.1645001187035,6.688901806936695,0.291062,0.32,0.3256242043865981,6.722594631046528,16.0,9.0,1864.15973431607,1.3,4954.636719933447,8.577860158682448,0.0,0.0,1.0,1041.0,69.01,0.001,0.0,70.701,0.635,5575.850453972522,7.200110177193978,70.701,0.635,6409.758815462786,8.31280942464815,1.0,0.0,0.0
chr4-68929851-68929852-T-G,TWJF-5120-05,Pending,14.664,27.0,21.592,26.0,16.734,2784.99,4.7,2.0,1.353,3769.32,6.5,0.194,0.0,11730.27,2074.755,17105.501,2602.085,10599.3330088559,14.661,17105.5013954837,21.592125,9.15535326086956,0.0267279482966895,12.1872282608695,0.0194249072161424,0.30642306804657,0.345502819865942,2784.99,57.53,3769.32,64.0,1.458,11730.27,14.664,17105.501,21.592,24070.19,36.0,32210.62,49.0,12860.25,13.0,19652.64,20.0,0.005929,4.7,0.002631,6.5,2.0,9.0,11730.2704107223,37.0,16228.4530678281,51.0,1.0,0.0,0.0,268.0,30.48,0.549,0.0,11730.27,14.664,17105.501,21.592,11730.27,14.664,17105.501,21.592,1.0,3.0,0.0
chr6-77761624-77761625-C-A,TWJF-5120-05,Pending,0.448,4.719,0.47,5.15,0.0,139.954,0.3,2.0,1.366,191.223,0.3,0.344,0.0,758.922,38.88,864.316,43.52,139.953947278574,0.420375,191.222978573688,0.516375,0.475326086956485,0.678557017861388,0.423233695652158,0.70960152492682,0.345661452040076,0.47270218282938,3659.49,0.73,3506.62,0.68,1.139,964.38,1.4,951.76,1.4,166.06,0.42,141.95,0.38,767.76,0.38,855.44,0.41,0.320625,0.38,0.344367,0.37,2.0,11.0,598.537372158204,0.3,579.421175080228,0.3,6.0,0.0,0.0,37.0,1.052,0.0,1.0,750.084169863506,0.5,873.192506386868,0.6,931.708376457603,0.7,975.618439446911,0.7,5.0,3.0,0.0
chr7-113083825-113083826-C-T,TWJF-5120-05,Review,0.335,2.66,0.21,1.31,0.03,18.52,0.1,2.0,0.407,7.53,0.09,0.24,0.0,44.629,20.26,26.514,10.73,47.7655394215264,0.15725,43.7174841476288,0.134375,0.539918478260844,0.641204403173864,0.507717391304325,0.659986599874529,0.0034562349319458,0.0025008134543895,1542.9,0.2,1528.15,0.2,0.594,18.52,0.12,7.53,0.04,26.97,0.37,12.11,0.22,35.02,0.1,26.92,0.09,0.264059,0.43,0.240879,0.46,6.0,9.0,864.681670102131,0.7,674.186330339194,0.5,7.0,0.0,0.0,15.0,0.45,0.067,0.0,52.0906767832713,0.4,26.1071821947801,0.3,41.4925379614574,0.3,21.1821480909934,0.2,1.0,3.0,0.0
chr7-82953780-82953781-C-T,TWJF-5120-05,Accept,0.68,0.14,0.65,0.12,1.699,51.297,0.264,2.0,1.328,68.136,0.535,0.243,0.0,512.2,7.935,783.87,7.085,51.2966602214494,0.26375,68.1356572236237,0.5345,0.480815217391282,0.674686282171673,0.615380434782537,0.599943283166883,0.0651104131247848,0.0514065362513065,533.38,29.67,915.97,37.48,1.53,512.2,0.68,783.87,0.65,512.2,2.0,783.87,2.6,299.22,0.68,270.87,0.63,0.162287,0.58,0.144366,0.65,4.0,10.0,9346.08343273421,4.9,9146.0108795381,4.7,8.0,0.0,0.0,9.0,3.055,0.556,0.0,512.2,0.68,783.87,0.65,512.2,0.68,783.87,0.65,2.0,3.0,0.0
chr9-107324927-107324928-G-A,TWJF-5120-05,Accept,3.301,4.781,59.217,7.52,75.692,2179.114,1.08,2.0,9.75,21246.138,55.69,0.285,0.0,4437.69,39.47,38628.633,64.75,2373.4352934965,1.408125,24947.9136190254,8.4085,6.32709239130432,0.0395884872364678,62.7446739130435,0.0040358216138136,0.0103757344186306,0.000591973525843,4397.22,1.08,6089.05,55.69,8.705,10508.21,7.7,45638.79,77.0,4288.48,2.6,43675.0,71.0,16186.02,5.5,43793.29,89.0,0.033057,1.6,4.5e-05,30.0,0.0,11.0,4478.16089666066,3.8,50000.0,44.0,2.0,0.0,0.0,1547.0,92.42,0.819,1.0,6153.32707124877,14.0,33582.2662099974,67.0,2179.11424642989,2.8,21246.1380967148,49.0,1.0,3.0,0.0
chr9-135784888-135784889-G-T,TWJF-5120-05,Pending,0.688,5.512,0.465,2.55,0.0,35.8,0.31,2.0,0.841,30.1,0.19,0.084,0.0,130.74,45.73,92.5,22.74,78.1913398696741,0.688375,60.2750917433205,0.41025,0.526358695652135,0.649361275008361,0.464619565217362,0.684541855490523,0.148836202919483,0.122185412794351,35.8,5.83,30.1,5.0,0.708,130.74,0.688,92.5,0.465,2186.15,6.5,2691.65,7.5,130.74,0.39,92.5,0.29,0.295887,0.31,0.431471,0.19,4.0,9.0,5210.57046486107,12.0,5620.54026572972,14.0,5.0,0.0,0.0,6.0,0.21,0.0,0.0,130.74,0.688,92.5,0.465,130.74,0.688,92.5,0.465,1.0,3.0,0.0
chrX-45078502-45078503-T-C,TWJF-5120-05,Accept,5.398,1.02,7.147,0.46,20.494,1099.18,3.3,2.0,0.938,1030.86,5.9,0.33,0.0,2339.707,8.95,3167.617,5.52,1763.8988599199,3.47075,3007.72850284963,4.466,4.58573369565214,0.056476284823784,7.14706521739129,0.0345303978654131,0.0343188196420669,0.0352789424359798,1099.18,7.08,1030.86,6.83,1.354,2339.707,5.398,3167.617,7.147,19463.24,35.0,20746.0,39.0,21229.21,6.5,26293.66,10.0,0.003997,5.4,0.001448,8.5,0.0,9.0,2339.70710080751,3.3,3167.61691360185,5.9,5.0,0.0,0.0,497.0,26.72,0.767,0.0,2339.707,5.398,3167.617,7.147,2339.707,5.398,3167.617,7.147,1.0,3.0,0.0
chr1-156963551-156963552-C-T,mcdb041_original,Reject,2.6,42.156,1.85,48.02,1.858,340.086,0.5,2.0,6.014,2045.295,1.4,0.061,0.0,1641.019,1215.23,1667.838,1623.58,340.08597609947,0.685999999999999,2045.29529425291,1.332125,1.62741847826076,0.237637709956557,5.44942934782604,0.0465893236838567,0.0487890653312206,0.0176155716180801,6055.21,27.56,5865.62,5.11,1.016,5913.95,4.9,4034.92,3.7,1183.39,1.4,1290.38,1.4,9714.89,3.1,18193.93,6.6,0.231041,0.5,0.045082,1.4,0.0,9.0,1584.88798467302,2.7,1062.02975060326,1.7,3.0,0.0,0.0,95.0,8.406,0.221,0.0,1497.92476165552,2.5,646.383110307039,1.2,1697.1491071942,2.8,1065.90868292588,2.0,1.0,3.0,0.0
chr14-32090795-32090796-C-T,mcdb041_original,Reject,5.5,19.484,3.084,26.57,1.284,537.737,0.53,2.0,0.568,305.19,0.43,0.085,0.0,2889.878,259.29,2220.534,463.67,1419.62782559184,3.623875,798.442140144217,2.368,3.45448369565209,0.0791350967530744,1.74320652173904,0.215441322158545,0.0769210122525692,0.247271597385406,19955.05,37.07,15966.28,29.72,0.768,1717.11,0.53,1341.26,0.43,8208.09,7.8,4962.95,4.7,15163.54,5.0,7281.56,1.9,0.006755,3.5,0.028876,1.5,0.0,9.0,4062.64582926055,14.0,3099.80741799732,8.9,3.0,3.0,1.0,238.0,8.734,0.147,0.0,1658.86101162166,14.0,932.846099581929,8.7,537.737099117599,6.0,305.189789732234,3.8,1.0,3.0,1.0
chr17-44911724-44911725-A-G,mcdb041_original,Review,0.648,18.453,0.918,20.4,0.0,25.166,0.1,2.0,2.466,62.06,0.16,0.054,0.0,579.44,1188.74,892.8,1354.75,83.869103040318,0.227625,93.0260410539004,0.276875,0.796711956521605,0.511736023875745,0.735570652173806,0.541171577328794,0.0071823149919509,0.0690118968486785,10795.57,21.0,14030.74,26.38,1.541,231.2,0.1,423.49,0.16,927.68,1.2,1362.11,1.7,1781.65,0.39,2157.25,0.48,0.368601,0.11,0.298344,0.16,2.0,9.0,1391.90928823136,2.8,1376.93031903257,2.7,5.0,0.0,0.0,0.0,4.89,0.0,0.0,25.165757072446,0.5,62.0597468919352,1.1,40.6977125485352,0.8,78.6266912188321,1.3,1.0,3.0,0.0
chr17-75570445-75570446-G-A,mcdb041_original,Accept,0.21,5.801,0.2,16.0,3.542,2.103,0.01,2.0,2.275,4.784,0.01,0.067,0.0,26.775,68.55,36.19,296.77,160.990806469327,0.59075,429.916194355623,1.438375,1.18195652173902,0.354693102392288,2.01228260869556,0.174191269464115,0.0037861391901969,0.0027598366141319,20.61,0.22,9.61,0.08,1.352,16.37,0.01,18.77,0.01,32.94,0.03,53.61,0.05,267.78,0.07,515.89,0.12,0.155461,0.35,0.078015,0.7,4.0,9.0,384.090444123316,0.4,388.268781147746,0.4,5.0,0.0,0.0,63.0,10.149,0.349,0.0,2.10285825658103,0.2,4.78420741682534,0.2,5.45217767328346,0.2,8.02730935385977,0.2,1.0,3.0,0.0
chr17-7674220-7674221-G-A,mcdb041_original,Accept,1.214,6.82,18.0,7.5,0.688,216.681,0.479,2.0,83.404,18072.008,7.247,0.07,1.0,876.659,57.78,14605.85,64.59,216.681488416463,0.479124999999999,18072.008420225,7.24725,1.19866847826076,0.349672216778022,20.2322554347826,0.011568655259049,0.0791263952851295,0.211859546601772,977.31,1.23,13722.33,8.54,16.661,542.06,1.0,15489.37,12.0,989.9,2.0,22330.41,24.0,671.33,0.74,24414.57,17.0,0.154969,0.54,0.001574,6.8,2.0,9.0,776.008632837805,1.6,10992.9487619001,24.0,2.0,0.0,0.0,366.0,10.431,0.066,0.0,1178.77251225009,2.8,13690.8370038596,19.0,1071.93882228446,2.6,12887.5392211828,19.0,1.0,3.0,0.0
chr19-6472935-6472936-G-C,mcdb041_original,Accept,2.5,4.512,2.95,7.15,0.074,922.678,1.1,2.0,1.151,1062.03,1.3,0.058,0.0,1465.854,37.25,2690.245,61.06,1516.0581595091,1.342125,2604.82063094063,1.6805,1.22396739130424,0.341817590492959,1.8016032608695,0.205843075820171,0.603410586714745,0.555583905428648,19546.01,21.79,24772.91,30.98,1.835,1415.65,1.7,2775.67,2.8,7406.31,4.8,8032.38,5.2,8813.66,3.3,8249.49,3.1,0.061663,1.4,0.058192,1.4,1.0,10.0,922.677802760882,1.1,1062.02975060326,1.3,8.0,0.0,0.0,254.0,18.615,0.004,0.0,1323.39655568476,5.3,1314.28635787553,5.3,1333.30651122441,5.3,1315.01286007915,5.3,1.0,3.0,0.0
chr2-27384725-27384726-C-G,mcdb041_original,Pending,7.148,24.0,4.927,28.0,1.967,1804.622,1.1,2.0,0.771,1391.909,0.6,0.094,0.0,5573.156,685.75,5471.482,703.785,3566.83500920033,2.1875,1755.84498987253,1.46375,9.15535326086956,0.0263147584737979,5.05404891304345,0.0507975431597948,0.0028962530195713,0.0014147832989692,7579.42,16.95,6893.29,11.05,0.982,19545.97,6.0,19384.42,5.8,28951.56,54.0,30726.73,60.0,28246.7,15.0,24443.65,8.0,0.001418,8.3,0.003664,4.8,0.0,9.0,1804.62185661009,1.1,1391.90928823136,0.6,3.0,0.0,0.0,800.0,11.435,0.172,0.0,3194.62583877791,3.0,4049.6734052445,3.9,3566.89233042068,3.3,2932.85100184099,2.6,1.0,3.0,0.0
chr2-85542264-85542264-A-ATGCC,mcdb041_original,Review,65.312,11.25,42.145498048266745,14.001635833374882,0.0,8538.92,18.0,2.0,-256.22582322524,-590.9115070817064,11.463923963279683,0.07,0.0,34254.273,108.87,19753.279879588204,527.151532326754,30768.9859258139,57.583375,17910.298401022865,44.38466686506382,99.2866032608696,0.0032935713213873,64.34674730320634,0.3471114569221708,0.0005147923311596,0.18553229490318965,8538.92,28.96,-1123.625258615667,1.9188572477722674,-34.631299442183355,43708.56,93.0,26384.364496408343,68.02169377462405,37739.56,90.0,19300.58215327895,57.485821768122356,41531.99,73.0,23337.54682287283,47.22418969084265,3.9e-05,41.0,0.26872616158720186,30.951169075120696,1.0,8.0,19505.6134755597,18.0,9762.327768695068,1.0009839945588803,0.0,0.0,1.0,285.0,19.164,0.0,0.0,34254.273,65.312,16256.632115711041,30.46300456582099,34254.273,65.312,10816.760662351498,35.08510833936811,1.0,0.0,0.0
chr2-95049657-95049658-G-A,mcdb041_original,Accept,0.72,0.71,0.695,1.12,0.058,124.079,0.3,2.0,0.821,101.859,0.3,0.059,0.0,650.524,10.41,933.942,13.2,124.078918445266,0.383125,101.859370859369,0.318125,0.88326086956512,0.472001426224133,0.759429347825957,0.528606107480449,0.0697510875761509,0.0796402543783187,2892.14,0.51,3531.44,0.69,1.436,2224.16,2.5,2799.89,2.9,850.76,1.2,1249.17,1.4,1160.12,0.53,1324.67,0.57,0.123796,0.74,0.203076,0.55,1.0,9.0,323.035299579482,0.3,359.94793166265,0.3,9.0,0.0,0.0,302.0,8.355,0.007,0.0,450.287612913269,0.8,618.714080971019,1.1,358.69060370235,0.7,408.056217940272,0.7,1.0,3.0,0.0
chr5-140672633-140672634-C-G,mcdb041_original,Pending,19.0,11.0,24.5,12.0,0.001,6326.66,4.3,2.0,1.202,7607.74,4.9,0.063,0.0,22944.021,149.25,27249.166,149.85,13277.0361958476,6.329625,13498.7189302447,6.49425,31.6431793478261,0.0075862116771331,31.6431793478261,0.0075219224200802,0.006812322884798,0.008934661746025,6326.66,7.56,7607.74,17.24,1.188,35816.03,33.0,35948.02,33.0,22695.78,34.0,25702.97,43.0,28217.99,15.0,29330.23,18.0,0.004416,4.3,0.003595,4.9,1.0,11.0,23192.2633609337,23.0,28795.3614360886,31.0,1.0,0.0,0.0,41.0,0.018,0.049,0.0,22944.021,19.0,27249.166,24.5,22944.021,19.0,27249.166,24.5,1.0,3.0,0.0
chr5-140795368-140795369-G-A,mcdb041_original,Pending,1.2,6.551,1.3,7.25,0.0,158.928,0.113,2.0,1.054,167.508,0.162,0.062,0.0,899.54,55.12,993.953,61.96,158.928000488383,0.39225,167.508472356617,0.406125,0.113179347826105,0.904913575983219,0.162499999999994,0.874418992303183,0.806187473237514,0.732315592467785,1219.13,1.4,1966.4,1.87,1.105,1087.42,1.7,1321.05,1.9,711.66,1.7,784.45,1.8,310.96,0.45,290.92,0.43,0.505884,0.16,0.419128,0.21,2.0,9.0,446.908981201792,1.0,363.863633791522,0.8,4.0,0.0,0.0,0.0,0.008,0.0,0.0,1095.04004154047,2.7,1203.45540006541,2.8,1219.46685296424,2.9,1285.78987034898,3.0,1.0,3.0,0.0
chr5-155015366-155015367-A-C,mcdb041_original,Pending,0.16,3.09,3.0,10.06,0.0,63.634,0.1,2.0,13.183,838.861,3.9,0.08,0.0,78.62,26.58,4040.876,93.41,67.3766559485434,0.112625,5403.21234935113,2.272375,0.64290760869558,0.586410009896342,12.8054619565217,0.0187448777045073,0.0324796251952648,0.0188549011945724,80.21,0.36,9613.81,10.06,51.398,70.84,0.12,5583.93,4.5,77.03,0.11,2678.54,2.6,81.82,0.1,10305.42,3.9,0.656472,0.11,0.024474,2.3,3.0,10.0,228.498283614918,0.2,1170.65092555888,1.5,10.0,0.0,0.0,0.0,0.01,0.0,0.0,63.6341137576079,0.2,838.860992630316,3.2,97.9332122998507,0.3,729.339945070221,2.8,6.0,3.0,0.0
chr7-43619695-43619696-G-C,mcdb041_original,Accept,1.1,5.578,1.1,8.52,0.549,96.559,0.225,2.0,0.97,93.7,0.218,0.053,0.0,813.114,46.28,696.331,75.35,96.5586532124334,0.22525,93.7003263966264,0.2185,0.596195652173861,0.609685284317148,0.646739130434725,0.583602524491039,0.158644836395979,0.11975485086441,3298.05,4.35,2432.76,3.53,0.856,1534.05,1.8,1648.77,2.0,522.82,1.2,545.95,1.2,863.06,0.56,834.68,0.54,0.270899,0.43,0.290401,0.4,2.0,9.0,1039.29477233106,3.3,1121.06690721145,3.6,5.0,0.0,0.0,363.0,21.977,0.025,0.0,251.889462686618,1.0,251.889462686618,1.0,763.167733068778,2.8,557.981756900023,2.0,1.0,3.0,0.0
chr7-72728894-72728896-CC-GT,mcdb041_original,Review,0.667,3.25,4.0,4.37,5.943464359771399,147.688,0.1,2.0,23.438,3461.476,0.45,0.035,0.0,608.275,207.71,3197.385,264.96,147.688298489236,0.534375,3461.47644731977,6.699,0.191467391304343,0.855082837418617,2.8138586956521,0.105804276628169,0.65094631165266,0.412010710686445,683.73,3.29,15901.6,29.6,5.256,212.82,0.1,1392.86,0.45,614.95,0.8,3116.62,3.2,601.6,0.14,3278.15,0.76,0.366825,0.11,0.061861,0.82,2.0,9.0,1347.4542324467,2.6,1946.61023738087,4.8,1.0,0.0,0.0,813.0325396148673,3.076,0.06317427315608999,0.0,1765.26536372172,14.0,9137.13412468064,32.0,211.139748544997,2.9,858.163423177347,8.3,1.0,3.0,0.0
chr9-136791740-136791741-C-T,mcdb041_original,Accept,0.042,4.012,1.182,3.09,0.317,6.33,0.014,2.0,4.302,27.23,1.384,0.054,0.0,31.499,33.41,881.346,26.56,39.8288242286236,0.05325,1915.08202655904,1.383625,0.0141576086956831,0.974666704507041,1.43986413043469,0.279536301931767,0.821083903312683,0.585151106119156,8.29,0.03,291.79,0.6,27.98,23.17,0.08,107.75,0.3,15.61,0.03,339.15,0.98,6.33,0.02,27.23,0.07,0.918055,0.02,0.630034,0.1,9.0,11.0,254.608349869884,0.2,4676.22687348547,5.0,2.0,0.0,0.0,182.0,5.291,0.06,0.0,1343.9094259014,1.9,1423.54106568693,2.1,1418.76347709537,2.1,1769.74217193875,3.0,1.0,3.0,0.0
chr1-150262578-150262579-G-A,mcdb041_new,Pending,0.857,5.56,0.464,4.96,0.254,126.02,0.29,2.0,0.874,110.08,0.17,0.065,0.0,782.105,46.12,407.92,40.96,201.749180919359,0.492375,79.8877173652108,0.169375,1.2209510869564,0.343206113996079,0.5279076086956,0.648609050985207,0.0514517426490783,0.153795402497053,999.68,1.97,341.36,1.01,0.522,1150.25,1.5,1104.8,1.5,126.02,0.33,110.08,0.31,564.53,0.42,364.07,0.31,0.380156,0.29,0.51605,0.17,2.0,11.0,471.752198162359,0.4,451.770691174733,0.4,5.0,0.0,0.0,61.0,3.093,0.082,0.0,3848.48678845411,8.7,3857.35846674115,8.7,2544.71998172532,5.9,2544.71998172532,5.9,1.0,3.0,0.0
chr1-150470674-150470675-G-C,mcdb041_new,Pending,4.25,4.08,2.799,5.23,3.481,2065.97,2.2,2.0,0.561,1158.05,1.5,0.059,0.0,4059.003,33.9,2147.331,43.29,9701.38758932463,3.480375,6503.62764128769,2.5975,22.1923097826087,0.0104531582785429,13.5008967391304,0.0174803119774139,0.0120937153697013,0.0496404096484184,7644.4,4.93,5116.64,3.58,0.529,5775.09,4.6,2955.6,3.0,2065.97,2.7,1158.05,1.9,4055.36,2.6,1601.59,1.4,0.017882,2.2,0.037628,1.5,0.0,10.0,4062.64582926055,3.9,2693.07285958329,2.4,1.0,0.0,0.0,1222.0,41.44,0.084,0.0,2727.15611705117,7.8,1136.86788914248,4.3,2957.05906967178,8.2,1284.87239925166,4.6,1.0,3.0,0.0
chr1-152305278-152305279-C-G,mcdb041_new,Pending,41.5,3.37,42.859,8.73,2.643,4135.9,16.0,2.0,1.368,5656.789,18.0,0.067,0.0,19686.637,213.5,20429.182,503.54,25236.2945176459,60.797375,23197.1740217255,50.71775,99.2866032608696,0.0039864591383673,62.7446739130435,0.0043264137500749,0.0002549937148614,0.0003504536621221,14136.98,26.56,17661.19,32.77,1.038,27065.8,16.0,28946.23,18.0,38984.65,64.0,40053.56,69.0,40533.56,55.0,41413.96,60.0,2.2e-05,38.0,2.9e-05,35.0,0.0,9.0,13797.2512781836,45.0,17130.5763131795,53.0,1.0,0.0,0.0,90.0,5.952,0.444,1.0,4224.83740923186,22.0,4986.66277638976,24.0,4135.89971802763,22.0,5656.78926412014,26.0,1.0,3.0,0.0
chr1-155023915-155023916-G-C,mcdb041_new,Pending,3.03,14.95,2.469,12.84,0.173,2122.613,1.1,2.0,0.947,2010.833,0.88,0.198,0.0,4186.064,402.085,2724.895,303.475,6996.16097286414,2.2355,8272.58671154224,2.438125,3.05951086956514,0.0933838271937821,5.67187499999996,0.0444165357098012,0.566002059727907,0.387115333229303,5285.2,2.06,4770.32,1.37,0.651,3583.83,3.5,1455.44,1.8,4676.23,3.0,3361.84,2.5,5702.75,1.9,4785.04,1.7,0.065301,1.1,0.088733,0.88,2.0,9.0,2122.61272297631,4.1,2010.83257949086,3.8,7.0,0.0,0.0,22.0,1.269,0.136,0.0,2763.69428202517,4.2,1696.25054419825,2.8,3695.89819587725,5.4,2087.94954599314,3.2,1.0,3.0,0.0
chr1-155661242-155661243-G-C,mcdb041_new,Pending,8.6,20.13,9.1,31.75,1.689,4028.747,3.668,2.0,1.324,5335.437,3.606,0.075,0.0,10230.38,275.35,8913.005,661.98,10379.3191167649,3.668,10167.4942838162,3.606,11.6303260869565,0.02048691155568,16.1575543478261,0.014833102765713,0.223698448389769,0.125140964984894,21790.16,15.5,24776.3,19.25,0.871,12500.4,8.8,11424.89,8.1,10081.44,9.8,8075.95,8.4,12355.84,6.6,9750.06,5.2,0.004475,4.3,0.00881,3.1,0.0,9.0,5500.22079186674,14.0,5210.57046486107,14.0,7.0,0.0,0.0,74.0,62.549,0.027,0.0,4309.5309097535,8.4,6045.46902043557,12.0,4028.74704523402,8.0,5335.43704679619,9.8,1.0,3.0,0.0
chr1-156843447-156843448-C-G,mcdb041_new,Accept,0.057,8.94,0.082,15.48,0.818,7.847,0.02,2.0,2.333,18.311,0.03,0.101,0.0,13.515,80.13,18.614,176.3,33.2960387817569,0.02375,34.1874058672663,0.02725,0.0631249999999994,0.939819616432374,0.113179347826105,0.905790379882216,0.517065968364477,0.387225091457367,215.1,0.5,330.71,0.65,1.377,15.24,0.05,16.43,0.05,10.24,0.03,11.91,0.03,11.79,0.03,14.0,0.04,0.919135,0.02,0.854698,0.03,5.0,10.0,326.549446762997,0.3,344.701999286043,0.3,8.0,0.0,0.0,68.0,3.481,0.235,0.0,7.84711468793971,0.2,18.3109130342166,0.2,11.2424250258275,0.2,18.9173369744895,0.2,1.0,3.0,0.0
chr1-156963551-156963552-C-T,mcdb041_new,Pending,2.6,42.17,1.85,48.02,1.84,340.086,0.5,2.0,6.014,2045.295,1.4,0.067,0.0,1641.019,1215.23,1667.838,1623.58,340.085954167019,0.685999999999999,2045.29549210733,1.332125,1.62741847826076,0.237637721305422,5.44942934782604,0.0465893195100406,0.0487890653312206,0.0176155716180801,6055.21,27.56,5865.62,5.11,1.016,5913.95,4.9,4034.92,3.7,1183.39,1.4,1290.38,1.4,9714.89,3.1,18193.93,6.6,0.231041,0.5,0.045082,1.4,0.0,9.0,1584.88798467302,2.7,1062.02975060326,1.7,3.0,0.0,0.0,360.0,15.464,0.119,0.0,1497.92476165552,2.5,646.383110307039,1.2,1697.1491071942,2.8,1065.90868292588,2.0,1.0,3.0,0.0
chr1-157097892-157097893-C-G,mcdb041_new,Pending,5.19,4.22,8.8,4.86,0.0,1449.706,1.4,2.0,3.388,4912.245,9.4,0.079,0.0,6456.785,34.97,12219.958,40.19,2648.86836394594,1.469125,2847.70167193591,1.510625,6.47915760869564,0.0389757760877387,6.32709239130432,0.0390567053241074,0.0359296575188636,0.0564107447862625,5972.79,8.99,6110.6,78.29,1.893,21842.93,16.0,32964.43,28.0,6940.78,3.9,16493.98,7.8,26946.3,15.0,30867.34,21.0,0.006777,3.4,0.006852,3.4,0.0,11.0,3066.44897989438,2.3,7945.93674759663,8.2,3.0,0.0,0.0,0.0,0.017,0.0,0.0,17624.2238391005,42.0,31703.7036658774,65.0,1449.70621244659,1.4,4912.24478206225,9.4,2.0,3.0,0.0
chr1-159931472-159931473-G-C,mcdb041_new,Pending,1.71,0.83,1.507,0.6,0.691,123.252,0.4,2.0,0.843,103.862,0.24,0.075,0.0,1233.943,11.29,676.825,9.6,123.251704745769,0.425125,103.86170350843,0.3345,0.765951086956406,0.525579846865809,0.84440217391294,0.489211797046387,0.128545667976141,0.0404105968773365,168.98,1.32,357.84,2.17,0.549,5894.27,2.1,2655.11,0.84,5295.83,5.0,3133.53,3.2,1827.31,0.4,995.81,0.24,0.067024,0.78,0.185396,0.3,1.0,9.0,2054.82032600981,5.1,1290.38154414547,2.4,6.0,6.0,1.0,229.0,7.506,0.092,0.0,534.330543361139,5.9,204.084489771636,2.8,640.575021743664,6.7,220.074639946171,3.0,1.0,3.0,1.0
chr1-161122359-161122360-G-C,mcdb041_new,Pending,0.718,27.55,0.938,27.6,0.849,19.21,0.08,2.0,1.631,31.34,0.23,0.058,0.0,309.745,638.545,848.715,506.04,162.842377427906,0.6,216.65806229688,0.79725,0.836059782608601,0.492940695591476,1.0780978260868,0.392016054379746,0.168093830347061,0.130433060228825,19.21,0.21,31.34,0.34,2.74,184.29,0.08,624.63,0.23,1000.67,1.3,2523.8,2.6,343.07,0.08,804.22,0.19,0.322964,0.14,0.333279,0.13,2.0,9.0,727.231584685427,1.0,893.209148776166,1.5,1.0,0.0,0.0,711.0,16.656,0.051,0.0,1798.08409711716,14.0,10181.4586078261,33.0,276.420342021751,3.5,1716.20830792589,14.0,1.0,3.0,0.0
chr1-166921235-166921236-C-T,mcdb041_new,Accept,0.25,24.72,0.478,25.36,0.935,44.973,0.03,2.0,1.051,47.267,0.04,0.107,0.0,306.033,402.7,485.534,422.9,44.9731286420358,0.04175,47.2666789673265,0.061625,0.144782608695664,0.884975249965648,0.475326086956485,0.678108498227053,0.399513907730579,0.0470666326582431,1801.78,0.29,2430.99,0.41,1.587,254.4,0.37,624.35,0.87,134.47,0.21,249.16,0.48,306.77,0.19,412.74,0.24,0.935888,0.03,0.882292,0.04,1.0,9.0,548.907939487181,0.6,659.753955386447,0.9,4.0,0.0,0.0,31.0,4.137,0.226,0.0,371.099184520046,0.7,459.716403047637,0.8,305.295216756845,0.5,511.352048391824,0.9,1.0,3.0,0.0
chr1-200648501-200648502-C-G,mcdb041_new,Pending,1.368,5.42,7.104,8.47,3.338,174.34,0.53,2.0,10.13,1765.99,3.0,0.1,0.0,1642.096,44.84,5706.503,74.8,991.501260747322,1.038375,15679.0933007372,5.708625,1.69836956521731,0.223696086481177,15.1609510869565,0.0157841564125583,0.320341594517231,0.261889979243279,472.21,0.8,771.48,1.08,3.475,3633.69,3.4,18233.14,14.0,174.34,0.53,1765.99,3.0,2150.93,1.7,15611.87,8.5,0.081348,0.94,0.003616,4.8,0.0,11.0,1133.26246020407,1.0,4883.05317225511,5.2,2.0,0.0,0.0,383.0,20.605,0.162,0.0,2762.93075056514,6.2,3849.1957712166,12.0,3757.59526573722,9.9,6529.95216690287,22.0,1.0,3.0,0.0
chr1-202741610-202741611-C-A,mcdb041_new,Pending,0.98,4.56,0.85,13.41,7.164,38.798,0.199,2.0,1.086,42.151,0.305,0.098,0.0,604.117,274.8,814.121,802.4,78.467395690863,0.198625,98.5498631614782,0.30525,0.599945652173858,0.607794409415317,0.768260869565083,0.524871200676423,0.0994431674480438,0.0663375109434127,158.48,1.26,519.24,2.76,1.348,3769.78,1.3,2939.71,0.9,1534.27,1.8,2157.34,2.3,1304.59,0.3,3180.91,0.73,0.222064,0.24,0.104831,0.52,3.0,9.0,1028.11044838492,1.8,1109.00259611381,1.9,6.0,0.0,0.0,308.0,37.314,0.192,0.0,38.7980590774086,0.7,42.1512055283054,0.8,180.123343557383,2.6,174.811500256023,2.5,1.0,3.0,0.0
chr1-20354146-20354147-G-A,mcdb041_new,Pending,4.6,1.21,3.3,1.55,0.818,253.095,0.572,2.0,0.713,180.391,0.449,0.108,0.0,3620.136,102.7,2421.216,120.15,253.0954577941,0.572375,180.391065351483,0.448875,1.27247282608684,0.326416586078059,1.20198369565206,0.349075563894658,0.0923908129334449,0.0280612111091613,17331.16,18.66,12067.45,12.53,0.669,6780.89,5.2,3483.59,3.3,5071.52,4.0,3435.38,3.3,7558.91,2.9,4221.55,1.8,0.052542,1.5,0.06873,1.3,0.0,9.0,1925.66187886762,6.2,1407.05120650257,4.7,8.0,0.0,0.0,5.0,1.364,0.6,0.0,2168.75253614314,8.1,1371.54480655916,5.2,1988.93229678181,7.5,892.524199069954,3.3,5.0,3.0,0.0
chr1-205321599-205321600-G-C,mcdb041_new,Reject,2.7,15.72,2.565,15.1,0.921,303.21,1.268,2.0,1.397,423.56,1.214,0.156,0.0,914.17,180.6,915.306,169.37,367.464359407662,1.268,347.410492880343,1.214,1.83932065217384,0.200184462045443,1.7490489130434,0.214403489025533,0.0080168284475803,0.0170743316411972,303.21,1.95,423.56,2.43,1.001,8874.72,3.2,11350.34,4.2,11857.88,13.0,8433.14,8.0,9828.76,2.7,4719.99,1.2,0.022832,1.8,0.069207,0.76,2.0,9.0,1376.93031903257,2.7,1407.05120650257,2.8,3.0,3.0,1.0,268.0,6.871,0.134,0.0,441.377306434495,5.2,194.003694287814,2.7,451.408777976239,5.3,288.11774032813,3.7,1.0,3.0,1.0
chr1-228275781-228275782-G-C,mcdb041_new,Pending,2.625,6.11,2.7,14.4,1.068,849.591,1.3,2.0,2.089,1775.048,1.9,0.061,0.0,1718.554,51.04,2075.73,156.74,1687.6471784789,1.400875,1787.47972302892,1.430875,2.45013586956512,0.129416835223265,0.837771739130318,0.492079216154553,0.279293052852154,0.824853636324406,9165.33,9.63,25429.68,32.38,1.208,1749.46,2.0,2363.98,2.5,2228.52,2.8,2523.8,2.9,2615.28,1.3,4575.68,1.9,0.056373,1.5,0.140423,0.8,0.0,9.0,1391.90928823136,4.7,1584.88798467302,5.2,9.0,0.0,0.0,138.0,29.68,0.036,0.0,849.59118949098,3.1,1775.04758501118,6.8,1505.28938817409,5.7,1646.72090927487,6.3,1.0,3.0,0.0
chr1-228275898-228275899-G-C,mcdb041_new,Pending,5.1,1.36,7.2,3.54,1.543,69.389,0.151,2.0,0.865,60.046,0.104,0.091,0.0,4547.097,14.82,4472.988,29.85,69.3892081167446,0.150625,60.04595839893,0.10375,0.524483695652137,0.649764452710438,0.388016304347801,0.730999607271995,0.116549327969551,0.184726003557444,18250.92,33.84,19207.08,35.65,0.984,11248.02,4.1,14453.87,5.5,6539.79,6.1,10470.53,9.9,6189.23,1.6,5491.96,1.4,0.02699,1.6,0.062287,0.81,0.0,9.0,2904.96492618402,8.1,3454.01654281483,12.0,5.0,0.0,0.0,251.0,29.68,0.052,0.0,920.046971268744,8.7,965.628332699611,8.9,1460.73017235466,13.0,1372.68219340677,12.0,1.0,3.0,0.0
chr1-234609427-234609428-G-A,mcdb041_new,Reject,1.12,5.74,0.6,14.13,5.836,52.24,0.16,2.0,0.308,16.1,0.05,0.079,0.0,341.296,47.66,110.37,152.5,3142.92566625041,1.739625,643.537760144254,0.8585,8.26921195652172,0.0295577075800079,2.31233695652166,0.141750911189974,0.0019496306777,0.0443696267902851,97.76,0.3,90.81,0.29,0.323,52.24,0.16,16.1,0.05,137.41,0.43,64.08,0.27,220.36,0.36,21.44,0.06,0.0078,3.3,0.098234,0.82,3.0,10.0,727.231584685427,0.5,427.979731978361,0.4,1.0,1.0,1.0,1081.0,75.794,0.077,0.0,526.877921370175,2.5,129.930168001911,0.8,462.231991390748,2.3,130.274675482007,0.8,1.0,3.0,1.0
chr1-237832578-237832579-G-C,mcdb041_new,Pending,8.655,0.2,9.385,13.63,3.319,330.59,0.3,2.0,1.064,351.795,0.3,0.08,0.0,5033.385,32.68,6705.77,745.87,25375.20840897,12.471375,26977.9871344958,17.128,37.3590489130435,0.006670929737688,46.2246739130435,0.0054484845881085,0.148041240870953,0.107297223061323,6950.15,7.61,10049.7,10.47,1.332,16889.3,13.0,15295.36,12.0,3116.62,3.2,3361.84,3.4,22166.01,9.7,20158.08,8.3,0.000629,12.0,0.000547,13.0,6.0,11.0,2812.1856201345,4.1,2032.70746949495,3.1,11.0,0.0,0.0,280.0,8.155,0.407,0.0,330.590218861695,0.3,351.795273294922,0.3,1826.5854757666,2.6,1912.66979713034,3.0,1.0,3.0,0.0
chr1-244864019-244864020-G-C,mcdb041_new,Reject,0.3,18.17,0.3,15.18,49.596,47.886,0.028,2.0,1.042,49.918,0.036,0.153,0.0,119.85,229.9,112.2,170.87,47.8857723121371,0.02775,49.9179902939744,0.036375,0.505760869565179,0.660774257739542,0.459891304347806,0.686878692632167,0.0284957401454448,0.0734892711043357,177.08,0.66,280.68,0.9,0.936,84.62,0.13,115.51,0.17,120.68,0.38,108.89,0.34,169.25,0.16,184.37,0.18,0.849658,0.04,0.864213,0.03,4.0,9.0,194.266713068211,0.3,196.380048123136,0.3,7.0,0.0,0.0,5478.0,332.862,0.149,1.0,62.1169323620022,0.3,46.0479181181486,0.3,119.020014818419,0.5,80.652902277398,0.4,1.0,3.0,0.0
chr1-247949103-247949104-G-C,mcdb041_new,Pending,0.64,4.75,1.525,8.19,0.0,61.687,0.148,2.0,5.796,357.537,0.474,0.11,0.0,914.332,39.25,1539.69,71.69,61.6865723640171,0.147625,357.537033954005,0.640875,0.27932065217388,0.799417088136033,0.473695652173873,0.67919651127443,0.300363063812256,0.603987336158752,350.39,0.68,1451.77,1.55,1.684,3634.2,3.4,16518.63,13.0,181.07,0.57,1477.25,2.7,1139.73,1.1,5498.55,3.3,0.266099,0.33,0.075201,0.98,2.0,11.0,688.934419119916,0.6,1602.12922627967,1.5,1.0,0.0,0.0,81.0,2.335,0.0,0.0,1248.44668353913,1.6,1211.6299499493,1.5,1376.92409568492,2.0,1782.00943862771,3.1,6.0,3.0,0.0
chr1-37629635-37629636-G-A,mcdb041_new,Pending,5.95,4.1,13.0,5.76,0.0,2293.34,1.887,2.0,5.145,11799.35,2.633,0.075,0.0,4525.157,71.885,11016.83,79.5,3697.98725969314,1.886625,6636.6674093958,2.63325,9.15535326086956,0.0260288174872831,15.1609510869565,0.0157474007169592,0.0096388906240463,0.0251946225762367,2293.34,2.06,11799.35,7.3,2.435,6948.29,5.3,14906.35,12.0,8119.76,8.4,14329.76,15.0,4113.69,2.7,10234.31,5.4,0.016448,2.3,0.005533,3.9,2.0,9.0,5997.52246638931,15.0,8208.08818314808,19.0,1.0,0.0,0.0,10.0,0.21,0.0,0.0,4936.6234286822,9.4,13348.4242104409,19.0,3134.51245608568,6.6,8244.60778343955,14.0,1.0,3.0,0.0
chr1-54678743-54678744-G-A,mcdb041_new,Pending,18.54,16.0,18.524,16.0,0.227,1434.069,6.1,2.0,1.374,1970.471,7.9,0.056,0.0,10708.326,383.825,7544.887,366.4,14206.8824845633,21.76925,12022.094877451,18.048375,37.3590489130435,0.0069444091844095,27.6173913043478,0.0081582379217413,0.0002296150996698,0.0002628192305564,7209.77,15.31,2895.18,8.11,0.705,23191.76,12.0,24003.35,13.0,23699.6,27.0,25702.97,31.0,38980.86,48.0,36011.46,36.0,0.00011,23.0,0.00015,20.0,0.0,9.0,2365.15966010755,6.1,2842.77804823565,7.9,3.0,0.0,0.0,30.0,1.71,0.133,0.0,1573.29441147198,13.0,3067.67961203816,19.0,1434.06884201641,13.0,1970.47078398814,15.0,2.0,3.0,0.0
chr1-62128028-62128029-G-C,mcdb041_new,Pending,3.75,0.1,4.2,0.42,4.454,209.433,0.772,2.0,3.638,761.965,2.277,0.053,0.0,3618.904,28.58,5224.176,56.19,209.432980983777,0.771625,761.964737791125,2.277,1.33062499999993,0.309762365478908,2.760054347826,0.108272299140937,0.018698938190937,0.0037809759378433,40623.66,92.13,35806.91,76.44,1.444,11183.1,4.1,9086.24,3.3,10527.33,10.0,15290.89,16.0,5652.92,1.5,14633.57,4.7,0.032186,1.4,0.004142,4.5,0.0,9.0,1584.88798467302,3.4,1362.11254533707,2.7,8.0,0.0,0.0,205.0,22.271,0.2,0.0,1379.78049076162,12.0,451.658304626174,5.3,563.079867832114,6.2,315.188236267888,3.9,1.0,3.0,0.0
chr1-71080956-71080957-C-G,mcdb041_new,Reject,1.553,16.0,1.9,8.9,8.626,9.31,0.07,2.0,1.807,16.82,0.17,0.118,0.0,634.071,443.75,796.457,801.48,730.921144391483,2.2035,1225.4535035804,3.245875,1.50665760869556,0.263402430422541,3.45448369565209,0.0791134158827362,0.297650847584009,0.0364567376673221,9.31,0.0699999999999999,16.82,0.17,1.256,537.22,0.2,434.86,0.16,1290.38,1.6,1765.99,2.0,2600.24,0.58,2170.92,0.48,0.028715,1.5,0.022908,1.7,1.0,9.0,1290.38154414547,2.4,1158.05301827804,2.1,8.0,8.0,1.0,721.0,58.68,0.147,0.0,299.09558335741,3.8,220.703896172364,3.0,163.519669245731,2.4,118.732605997151,1.8,1.0,3.0,1.0
chr10-70871866-70871867-G-T,mcdb041_new,Accept,0.28,8.6,3.049,8.1,20.038,30.49,0.05,2.0,94.271,2874.33,0.97,0.164,0.0,216.531,89.99,4017.661,81.2,210.982636860783,0.473749999999999,6478.47421947028,2.5975,0.673695652173834,0.570642598674946,4.0479076086956,0.0656980907311196,0.327581018209457,0.437006484717131,30.49,0.13,2874.33,2.41,18.555,33.99,0.11,3743.32,3.5,39.38,0.13,797.29,1.7,222.08,0.36,6012.2,3.5,0.801086,0.05,0.076452,0.97,4.0,8.0,280.648918037273,0.2,2169.04570370701,2.0,8.0,0.0,0.0,1061.0,59.108,0.339,0.0,8879.73489325766,16.0,22407.8402678605,35.0,4042.59281705409,8.5,4292.00283342981,9.0,1.0,3.0,0.0
chr10-73243874-73243875-C-T,mcdb041_new,Pending,2.4,0.91,1.75,0.97,3.368,110.284,0.277,2.0,0.739,81.458,0.177,0.052,0.0,1383.763,86.01,1128.462,89.42,110.283510619783,0.276875,81.4579777196926,0.177,0.851548913043359,0.486365108142983,0.739891304347722,0.53856843875397,0.0536610893905162,0.0295935161411762,5644.03,6.43,1268.94,2.29,0.816,2867.31,2.8,1778.28,2.0,1229.06,2.0,792.98,1.5,2951.54,1.4,2290.88,1.2,0.197088,0.58,0.17278,0.66,1.0,9.0,1222.42801093886,3.9,1062.02975060326,3.4,7.0,0.0,0.0,1251.0,22.161,0.152,0.0,1419.74386275945,5.4,1186.34225683709,4.5,1347.78308012679,5.2,1070.58215482836,4.1,1.0,3.0,0.0
chr10-97863983-97863984-G-C,mcdb041_new,Pending,2.15,7.17,2.15,14.05,0.197,786.49,1.049,2.0,0.635,499.58,1.216,0.094,0.0,1032.167,61.22,1264.467,151.02,1013.73293524106,1.04875,1431.86580558435,1.2155,2.01980978260862,0.173415905952618,3.1065489130434,0.0917779086331753,0.236734185367823,0.125075627118349,786.49,1.09,499.58,0.83,1.225,2884.64,3.0,1742.25,2.2,2327.08,3.3,1437.83,2.4,3525.07,2.4,3750.74,2.5,0.040403,1.4,0.038696,1.5,1.0,9.0,1050.60076521104,2.4,1097.06811455742,2.4,5.0,0.0,0.0,204.0,0.757,0.26,0.0,871.826368153817,2.2,715.20410750244,1.9,818.785230266998,2.1,787.353930783941,2.1,1.0,3.0,0.0
chr11-12293572-12293573-G-A,mcdb041_new,Pending,8.35,7.25,2.45,16.02,15.429,98.947,0.311,2.0,0.599,59.243,0.096,0.079,0.0,3575.923,119.785,2167.603,332.06,98.9474220597342,0.311375,59.2434818484529,0.096125,0.689103260869473,0.562988800007294,0.467499999999944,0.68235533539838,0.110893420875072,0.114589523524046,11423.81,22.04,7699.27,16.06,0.606,12649.93,4.7,5821.51,2.1,13070.67,14.0,6229.0,5.7,2769.55,0.63,2094.6,0.46,0.158224,0.34,0.208195,0.26,0.0,9.0,4382.29645347799,15.0,2240.60661125835,5.8,4.0,0.0,0.0,90.0,49.61,0.311,0.0,1367.13058718644,12.0,203.146806716109,2.8,1444.00933233996,13.0,325.514245967479,4.1,6.0,3.0,0.0
chr11-56105390-56105391-T-C,mcdb041_new,Pending,6.65,2.87,5.7,0.69,0.0,680.284,2.6,2.0,0.646,439.228,1.5,0.113,0.0,7176.839,187.56,7592.33,73.67,22272.7892913535,7.8825,25733.386452393,13.067625,7.3480163043478,0.0333590443871565,37.3590489130435,0.0067585773587487,0.574858121573925,0.155603561550379,4496.18,5.43,9185.71,9.64,1.058,9626.58,6.8,5998.95,4.7,22695.78,12.0,12721.85,6.7,13138.87,4.9,9904.23,3.7,0.001397,8.3,0.000608,12.0,3.0,10.0,4727.09731866074,6.5,2077.17373775978,3.0,2.0,0.0,0.0,0.0,0.0,0.0,0.0,680.283597975803,2.6,439.227981975988,1.5,837.394299234714,3.2,704.579495017471,2.7,6.0,3.0,0.0
chr11-56137665-56137666-G-T,mcdb041_new,Pending,0.09,18.13,3.75,30.95,0.0,46.625,0.045,2.0,149.212,6956.97,2.223,0.059,0.0,118.353,228.87,4825.455,627.31,46.6246898047287,0.053125,6956.97013208387,2.223125,0.0451630434782828,0.951006263614234,12.1872282608695,0.0197458655652412,0.670970268547535,0.103236820548773,702.29,0.06,4030.37,0.88,40.772,54.99,0.06,6349.85,5.1,80.0,0.1,5620.54,3.3,84.48,0.08,6058.17,2.0,0.663525,0.15,0.001761,6.3,3.0,9.0,309.352836369049,0.3,3272.12256819681,7.0,9.0,0.0,0.0,0.0,0.0,0.0,0.0,152.226408105107,0.3,1868.48665326538,3.0,157.296840726923,0.3,2765.15830714957,4.2,6.0,3.0,0.0
chr11-65128674-65128675-C-G,mcdb041_new,Accept,0.363,0.16,0.195,0.15,3.245,54.301,0.054,2.0,0.91,49.417,0.034,0.099,0.0,267.23,5.82,172.965,5.65,54.3014990144706,0.054,49.417080283779,0.034125,0.326820652173893,0.769726273584737,0.136929347826097,0.890068209914861,0.215643025934696,0.439805593341589,177.39,0.66,39.04,0.19,0.647,129.48,0.19,102.2,0.16,356.07,0.5,214.14,0.38,178.39,0.17,167.72,0.16,0.487204,0.19,0.440435,0.22,4.0,10.0,409.852248866677,0.4,302.730488916635,0.2,3.0,0.0,0.0,749.0,47.726,0.068,0.0,486.060131443143,1.7,200.765923109599,0.6,376.643086398255,1.2,178.209150508472,0.6,1.0,3.0,0.0
chr11-66258738-66258739-G-A,mcdb041_new,Pending,6.25,3.73,7.2,24.44,5.166,1386.532,2.5,2.0,1.349,1870.381,2.4,0.182,0.0,11682.055,192.51,10701.106,1793.5,16778.1703228003,4.707375,15517.8820093916,4.273875,37.3590489130435,0.0066996895197257,37.3590489130435,0.0065401124799376,0.0356903187930583,0.0073939599096775,24621.25,30.66,17955.38,19.5,0.916,2376.37,2.5,2295.08,2.4,34798.02,32.0,36141.06,37.0,6585.94,2.6,5884.33,2.3,0.005745,4.6,0.00622,4.4,0.0,10.0,50000.0,54.0,50000.0,54.0,6.0,0.0,0.0,132.0,17.936,0.288,0.0,1822.59426759069,7.0,1926.14953418229,7.3,1386.53232825345,5.5,1870.38064632729,7.1,1.0,3.0,0.0
chr11-83210374-83210375-C-G,mcdb041_new,Pending,3.85,0.71,1.275,0.51,0.572,227.415,0.153,2.0,0.318,72.34,0.166,0.17,0.0,2351.293,75.14,1354.8,62.36,227.414558805383,0.832625,72.3395076866087,0.1655,0.152717391304364,0.880228145588848,0.248152173913041,0.819543461153299,0.831510938704014,0.38101102411747,2205.95,6.79,5187.5,12.05,0.576,11759.37,4.3,3032.14,0.95,4962.95,4.7,1332.95,1.6,10166.55,2.9,1376.65,0.31,0.051831,0.96,0.222653,0.24,0.0,9.0,2496.63648660682,6.6,5382.47700914843,19.0,3.0,0.0,0.0,131.0,4.692,0.122,0.0,252.819169292895,3.4,190.024675687204,2.7,669.221677143409,7.0,441.133459704558,5.2,1.0,3.0,0.0
chr11-85664611-85664612-G-C,mcdb041_new,Pending,0.175,23.91,0.17,22.61,6.494,19.916,0.015,2.0,0.935,18.63,0.015,0.149,0.0,49.547,377.95,44.691,340.92,44.5738041711842,0.01475,44.6823345618906,0.01475,0.493315217391284,0.667791899829801,0.496684782608682,0.666477584273491,0.0177130997180938,0.0167079456150531,117.95,0.5,57.9,0.27,0.902,54.52,0.08,44.7,0.07,41.12,0.15,38.33,0.14,118.09,0.13,69.78,0.09,0.816403,0.05,0.844897,0.04,8.0,9.0,182.055822084847,0.3,137.414117148755,0.2,8.0,0.0,0.0,1341.0,37.539,0.173,0.0,19.9163614764669,0.2,18.6298775334608,0.2,41.9391862930559,0.3,31.0184434139943,0.2,6.0,3.0,0.0
chr12-113191575-113191576-C-G,mcdb041_new,Pending,7.1,9.4,4.25,9.1,0.906,844.909,2.1,2.0,0.403,340.259,1.7,0.082,0.0,5148.199,85.705,4165.508,82.995,1292.18364276392,3.37575,345.781606084003,1.2015,3.80744565217384,0.0707707602617019,1.71461956521732,0.220643988958253,0.0169686153531074,0.0261472351849079,22558.18,42.26,25824.98,49.44,0.809,18905.74,7.9,18379.32,7.6,11294.36,12.0,6161.97,5.6,7879.5,2.1,6547.5,1.7,0.010311,2.8,0.083734,0.64,0.0,9.0,2416.89844963521,6.3,2169.04570370701,5.5,1.0,1.0,1.0,563.0,8.232,0.11,0.0,844.90912401208,8.1,340.259296696667,4.2,1165.65491707105,9.9,346.393712178845,4.3,1.0,3.0,1.0
chr12-120994313-120994313-G-GC,mcdb041_new,Pending,3.25,3.89,4.308145409790276,16.83,0.0,446.84,1.2,2.0,96.69393445537472,1394.8558052149328,3.201971340370902,0.15,0.0,1753.845,32.49,2849.211637327429,202.07,18630.043947842,5.3735,17613.602474729192,7.116762897653227,18.6179891304348,0.0122609486959835,23.863165689248834,0.05039826928883462,0.236833408474922,0.25853137272400173,446.84,1.2,1435.7143412903288,1.2360786361482874,5.130354257689666,1973.42,2.2,3049.8025149440073,1.2059246549622142,6434.51,4.6,6222.999838715774,5.866084868384718,6158.1,2.4,6715.676236787477,0.7118253764210558,0.011906,3.3,0.12869456125726264,4.276417474160644,6.0,9.0,1534.26953965883,5.1,2064.171466811537,7.255807897158677,0.0,0.0,1.0,0.0,0.559,0.0,0.0,869.380710509591,3.2,2471.631994307889,4.843933289102549,858.262228580213,3.2,2048.519560224581,5.901857643729234,1.0,0.0,0.0
chr12-124430678-124430679-C-T,mcdb041_new,Accept,0.19,36.0,0.515,50.0,14.306,37.92,0.09,2.0,5.151,195.32,0.204,0.113,0.0,83.947,1099.78,324.553,2492.575,60.5305030882273,0.141375,144.491257714802,0.36875,0.0904347826086962,0.920831567754498,0.203858695652158,0.846931321583294,0.597883969545364,0.626763708889484,50.38,0.19,688.84,1.01,3.866,120.19,0.31,792.99,1.4,37.92,0.19,195.32,0.53,43.93,0.11,386.13,0.5,0.491536,0.17,0.203422,0.42,3.0,10.0,127.390945784338,0.2,340.992504225032,0.3,1.0,0.0,0.0,2842.0,157.207,0.091,0.0,193.067867642379,1.1,308.112983971934,1.6,107.364325485671,0.7,225.351264840213,1.3,1.0,3.0,0.0
chr12-124795209-124795210-G-C,mcdb041_new,Reject,0.396,4.08,0.48,3.6,1.058,40.664,0.057,2.0,1.158,47.097,0.086,0.064,0.0,105.399,33.88,173.958,30.29,40.6638570432737,0.05725,47.097173606807,0.085875,0.391440217391278,0.728785172655094,0.184021739130444,0.859860426034753,0.0745442733168602,0.348228242248297,326.71,0.65,1086.32,1.31,1.65,83.69,0.25,194.04,0.46,57.82,0.34,108.89,0.5,41.62,0.11,34.45,0.09,0.113031,0.72,0.355432,0.25,1.0,9.0,192.176120573425,0.4,228.498283614918,0.5,5.0,5.0,1.0,453.0,44.091,0.024,0.0,163.466965227677,0.6,224.093882000926,0.7,127.107155541203,0.5,153.875685259091,0.6,1.0,3.0,1.0
chr12-124986118-124986119-C-G,mcdb041_new,Pending,12.5,35.53,10.9,31.85,0.83,3683.749,5.7,2.0,1.064,3920.035,5.8,0.071,0.0,13469.245,837.89,15321.47,665.85,22117.1031594992,7.653875,22559.1916683747,8.1255,20.2322554347826,0.0111004369451841,46.2246739130435,0.005923682172464,0.255501892417669,0.0819573625922203,17439.49,18.79,20723.8,23.63,1.138,27283.67,20.0,26938.71,20.0,9499.0,5.7,9919.14,5.8,31606.81,23.0,29969.9,20.0,0.001244,8.8,0.001806,7.5,0.0,11.0,7692.15795298522,12.0,5560.05507446561,7.3,11.0,0.0,0.0,276.0,9.997,0.083,0.0,3683.74873736481,8.5,3920.0354997594,8.8,6048.39297074405,13.0,6333.44494949649,13.0,1.0,3.0,0.0
chr12-131004262-131004263-A-T,mcdb041_new,Pending,0.159,15.0,0.223,16.0,0.17,29.62,0.03,2.0,1.717,50.87,0.04,0.091,0.0,85.679,298.345,169.561,332.46,55.317224060882,0.12125,70.0559940952676,0.176875,0.1272282608696,0.896389496055405,0.0947826086956382,0.91697040621407,0.489508546888828,0.623360529541969,116.04,0.34,337.91,0.66,1.979,34.14,0.11,51.67,0.16,38.33,0.19,59.73,0.27,29.62,0.08,50.87,0.13,0.880575,0.03,0.8459,0.04,4.0,10.0,727.231584685427,0.5,567.017447389529,0.5,3.0,0.0,0.0,162.0,5.496,0.031,0.0,214.146016425341,1.2,382.569197547934,2.0,169.379169849864,1.0,269.066729545193,1.5,1.0,3.0,0.0
chr12-30680573-30680574-G-T,mcdb041_new,Pending,1.018,1.01,0.652,0.73,4.801,85.34,0.28,2.0,1.83,156.19,0.41,0.063,0.0,660.865,76.57,535.375,63.72,415.1869883037,0.693,320.566343155111,0.603625,1.03660326086944,0.407542768171867,0.507717391304325,0.659766105889749,0.327285498380661,0.549197770655155,85.34,0.28,156.19,0.41,0.81,686.81,1.3,686.97,1.3,517.2,1.2,311.03,0.74,634.92,0.72,383.78,0.5,0.248069,0.35,0.322768,0.27,1.0,10.0,1249.16910019277,1.0,902.925945728536,0.7,7.0,0.0,0.0,479.0,57.155,0.084,0.0,1467.9457300131,5.0,1467.9457300131,5.0,1659.05200604781,5.5,1697.69629161805,5.6,1.0,3.0,0.0
chr12-57613484-57613485-G-A,mcdb041_new,Pending,0.874,7.5,0.998,10.52,0.711,48.637,0.03,2.0,0.903,43.899,0.014,0.09,0.0,806.198,433.04,642.965,612.98,48.6367950598825,0.0299999999999999,43.8985946221088,0.014125,0.547092391304304,0.637574535478064,0.505760869565179,0.660798789170337,0.0039692185819149,0.0046593472361564,1282.69,2.3,640.3,1.49,0.798,853.0,1.2,1296.13,1.6,2403.86,2.8,1682.07,2.3,605.97,0.44,313.27,0.27,0.829449,0.04,0.914669,0.02,1.0,9.0,759.396537558375,2.4,645.630535743832,2.0,4.0,0.0,0.0,154.0,4.558,0.156,0.0,128.887262620751,0.5,121.957917518467,0.5,1003.73715365992,3.8,782.744455474914,2.8,1.0,3.0,0.0
chr12-88087904-88087905-G-C,mcdb041_new,Accept,0.525,26.09,0.525,27.11,1.79,48.646,0.03,2.0,1.081,52.595,0.03,0.097,0.0,331.078,447.35,391.288,482.51,48.646001942851,0.068875,52.5945746252431,0.097,0.419565217391295,0.711649039892707,0.360951086956504,0.748232759549058,0.0997085161507129,0.173648782074451,3471.29,0.67,3648.37,0.73,1.182,305.72,0.46,157.4,0.22,333.69,0.59,401.08,0.69,239.47,0.17,262.11,0.17,0.937823,0.03,0.916611,0.03,2.0,9.0,1222.42801093886,2.0,1262.75821593613,2.0,1.0,0.0,0.0,395.0,12.432,0.144,0.0,328.465681014186,0.6,381.49600990805,0.7,531.765306960655,1.0,614.780381350252,1.1,1.0,3.0,0.0
chr13-102644935-102644936-G-A,mcdb041_new,Pending,0.165,12.0,0.12,13.51,3.164,14.481,0.01,2.0,0.899,13.026,0.01,0.06,0.0,70.02,138.75,87.12,244.335,47.257916001002,0.043875,36.6633324450078,0.011875,0.0200815217391578,0.969708313481951,0.0298641304348024,0.962298036996229,0.816074438393116,0.682365022599697,84.81,0.8,179.25,1.38,1.244,130.75,0.07,125.56,0.06,192.18,0.26,144.27,0.18,55.23,0.02,48.68,0.02,0.846955,0.01,0.919933,0.01,3.0,9.0,371.823292618383,0.4,283.701963961855,0.3,4.0,0.0,0.0,829.0,44.563,0.071,0.0,14.4813816728105,0.3,13.0259677919064,0.3,20.303457465571,0.4,15.0511609530453,0.3,1.0,3.0,0.0
chr14-22604061-22604062-G-A,mcdb041_new,Pending,3.4,3.68,4.65,4.55,1.003,2226.406,1.543,2.0,1.989,4428.403,1.983,0.069,0.0,3931.407,30.89,5117.188,37.64,2226.40587750969,4.961625,4428.4027191929,7.941,1.54323369565208,0.255392671525499,1.98277173913036,0.178627790730961,0.591657713055611,0.651670802384615,2559.94,7.48,2019.96,6.42,1.302,38611.46,38.0,39709.22,42.0,3236.91,2.9,3272.12,2.9,8393.73,2.2,9468.84,2.6,0.009947,2.8,0.005805,3.8,0.0,10.0,4625.90386831785,3.9,5805.97248675531,5.5,9.0,0.0,0.0,320.0,17.004,0.059,0.0,3931.407,3.4,5117.188,4.65,3931.407,3.4,5117.188,4.65,1.0,3.0,0.0
chr14-32090795-32090796-C-T,mcdb041_new,Reject,5.5,20.67,3.084,28.27,9.781,537.737,0.53,2.0,0.568,305.19,0.43,0.117,0.0,2889.878,288.79,2220.534,523.81,1419.62800869802,3.623875,798.442217382604,2.368,3.45448369565209,0.0791350876230764,1.74320652173904,0.215441306275955,0.0769210122525692,0.247271597385406,19955.05,37.07,15966.28,29.72,0.768,1717.11,0.53,1341.26,0.43,8208.09,7.8,4962.95,4.7,15163.54,5.0,7281.56,1.9,0.006755,3.5,0.028876,1.5,0.0,9.0,4062.64582926055,14.0,3099.80741799732,8.9,3.0,3.0,1.0,1330.0,41.095,0.238,0.0,1658.86101162166,14.0,932.846099581929,8.7,537.737099117599,6.0,305.189789732234,3.8,1.0,3.0,1.0
chr14-38254989-38254990-C-T,mcdb041_new,Pending,3.4,12.68,3.3,18.21,0.0,1593.786,0.4,2.0,0.802,1277.703,0.52,0.084,0.0,2593.537,129.33,3262.812,230.77,1926.95655562773,1.39025,3425.81598363908,1.813875,0.895081521739016,0.467379849593619,1.15317934782594,0.364836551571976,0.817505799233913,0.855703338980675,15172.6,9.56,13128.6,8.13,1.258,1882.99,2.3,1605.74,2.1,4478.16,5.2,3869.58,4.7,5334.99,3.2,6235.74,3.6,0.214922,0.4,0.16228,0.52,0.0,9.0,3033.44952712265,7.1,3099.80741799732,7.3,5.0,0.0,0.0,245.0,5.655,0.0,0.0,1593.78597206093,3.6,1277.70325153626,3.0,2153.62458340797,4.8,1766.72925290539,4.0,6.0,3.0,0.0
chr14-44963006-44963007-C-T,mcdb041_new,Accept,0.245,23.37,0.36,34.1,2.48,47.65,0.08,2.0,5.303,252.69,0.38,0.083,0.0,141.906,362.59,333.375,767.6,147.892216926314,0.3785,111.493998287976,0.28,0.313695652173877,0.777031286156316,0.697255434782505,0.559539489176954,0.502493105828762,0.139709390699863,384.8,1.1,1968.04,3.05,2.349,47.65,0.08,252.69,0.38,159.89,0.29,446.91,0.64,135.92,0.14,414.06,0.34,0.608356,0.12,0.629419,0.11,5.0,10.0,537.157411716568,0.6,855.376437201731,0.9,7.0,0.0,0.0,130.0,21.568,0.115,0.0,89.8855748014164,0.2,90.3004677637527,0.3,89.1107297031462,0.2,117.741618115947,0.3,1.0,3.0,0.0
chr14-46957486-46957487-G-C,mcdb041_new,Pending,5.1,6.74,4.25,7.56,0.108,85.62,0.39,2.0,6.055,518.4,1.31,0.081,0.0,3582.64,331.88,3711.605,373.51,15258.1910481294,4.229,7330.39599491204,2.61225,37.3590489130435,0.0067451871583875,11.6303260869565,0.0201470759709295,0.0115453675389289,0.123392127454281,85.62,0.39,518.4,1.31,1.036,4533.74,3.9,4950.29,4.2,6399.79,4.6,6539.79,4.7,16490.24,6.4,11665.09,4.3,0.000364,15.0,0.007289,4.1,0.0,9.0,846.171342146649,2.7,652.654042870543,2.1,1.0,1.0,1.0,5.0,0.271,0.4,0.0,2631.54014677373,9.6,2472.91961860996,9.2,1481.22147534769,5.6,1257.82435606974,4.7,1.0,3.0,1.0
chr14-73272640-73272641-C-T,mcdb041_new,Pending,0.36,22.82,0.518,16.0,0.502,76.46,0.146,2.0,1.329,101.64,0.123,0.068,0.0,170.056,1598.6,374.754,929.57,125.521681700212,0.3295,128.49758149808,0.3365,0.146467391304355,0.884829622733594,0.122663043478283,0.899459875861503,0.680899910628796,0.730365414172411,76.46,0.25,101.64,0.31,2.204,214.59,0.49,506.01,0.96,118.1,0.39,288.34,0.72,103.3,0.19,197.64,0.33,0.472948,0.18,0.493973,0.16,3.0,10.0,688.934419119916,0.5,855.376437201731,0.7,5.0,0.0,0.0,325.0,16.189,0.031,0.0,266.507846493972,1.5,477.210510078446,2.3,285.009935592016,1.5,461.168887311376,2.3,2.0,3.0,0.0
chr14-94380946-94380947-C-T,mcdb041_new,Pending,3.4,6.28,3.65,3.89,0.119,162.381,0.399,2.0,1.338,217.316,0.479,0.091,0.0,2867.339,52.59,3006.154,32.44,162.380898554379,0.399,217.316311439951,0.479124999999999,0.617282608695575,0.59863790779385,0.780815217391179,0.518876323338585,0.28829163685441,0.276649747043848,9823.59,6.15,6124.13,4.1,1.048,4563.96,4.0,4662.48,4.0,2766.91,3.7,3017.08,3.9,3973.27,2.6,5767.78,3.4,0.146221,0.57,0.085007,0.91,0.0,9.0,1407.05120650257,3.1,1133.26246020407,2.5,6.0,0.0,0.0,523.0,14.862,0.008,0.0,2967.76835716839,6.3,2995.22877967926,6.4,2444.38719506583,5.4,2260.32037567535,4.9,1.0,3.0,0.0
chr15-40854428-40854429-C-T,mcdb041_new,Reject,5.4,10.99,6.85,12.73,6.993,616.183,2.3,2.0,2.023,1246.551,3.3,0.102,0.0,4753.741,105.41,8221.625,130.08,5636.24161695927,2.379625,14635.4360003028,5.24575,14.2770380434783,0.0168769496919798,37.3590489130435,0.0067551762826866,0.0002407353240414,0.0005262270569801,3871.24,2.93,6361.81,4.23,1.73,10874.64,7.8,10219.7,7.3,6575.26,5.9,10081.44,8.4,11000.57,5.8,11970.29,6.4,0.000157,18.0,0.000192,16.0,0.0,10.0,2579.00523176605,2.3,3567.97106119069,3.3,3.0,3.0,1.0,307.0,21.063,0.332,0.0,616.183408184234,2.7,1246.55085234005,4.6,1465.07548028992,5.0,2843.54430930215,8.1,1.0,3.0,4.0
chr15-43058400-43058401-G-C,mcdb041_new,Pending,0.15,7.3,0.095,8.3,1.656,29.67,0.02,2.0,0.919,27.27,0.02,0.068,0.0,144.037,139.1,126.919,106.3,49.6229484115038,0.076625,49.6409785751558,0.076625,0.18717391304348,0.858280365571187,0.0861141304347796,0.923784680848873,0.358881555497646,0.555083900690079,1013.34,0.14,797.75,0.09,0.881,29.67,0.02,27.27,0.02,60.71,0.09,69.88,0.1,33.49,0.03,49.87,0.05,0.654442,0.16,0.694104,0.15,6.0,9.0,384.090444123316,0.3,423.37404734272,0.4,4.0,0.0,0.0,403.0,35.227,0.047,0.0,300.946987247074,0.5,252.632953857482,0.4,227.363109399382,0.4,183.958559439486,0.3,1.0,3.0,0.0
chr15-43366696-43366697-C-G,mcdb041_new,Accept,0.34,23.77,3.4,31.04,1.119,52.525,0.046,2.0,3.431,180.225,0.449,0.106,0.0,362.958,373.77,5671.075,631.39,52.5246536153618,0.046125,180.225450118445,0.448875,0.143451086956517,0.886574043425363,1.1116576086955,0.37938690699259,0.446593314409256,0.0648212134838104,699.65,1.58,8965.49,9.44,15.625,203.62,0.29,6757.74,5.2,238.6,0.39,3254.47,3.0,149.82,0.15,5051.58,2.1,0.683993,0.1,0.026998,2.2,1.0,10.0,487.31619267946,0.5,2607.06100147072,3.8,10.0,0.0,0.0,236.0,9.096,0.123,0.0,633.41741562686,2.4,6290.57000808348,22.0,995.244989883516,4.0,6853.77747708419,23.0,1.0,3.0,0.0
chr15-72662433-72662434-G-C,mcdb041_new,Pending,0.55,15.65,0.662,22.86,0.0,74.543,0.146,2.0,1.01,75.3,0.151,0.082,0.0,206.115,965.79,326.635,1585.15,74.5430646061253,0.146375,75.3000935486276,0.15125,0.646739130434725,0.58439013429586,0.663532608695576,0.575883576217949,0.0578773766756057,0.0507805831730365,199.15,0.72,234.12,0.8,1.585,213.08,0.3,419.15,0.6,430.3,0.6,832.55,1.2,515.7,0.39,797.51,0.53,0.185559,0.63,0.174467,0.66,2.0,10.0,1407.05120650257,1.8,1785.20149967003,2.5,3.0,0.0,0.0,0.0,0.061,0.0,0.0,93.258838028605,0.3,141.478354500126,0.4,174.956466939031,0.5,227.473075794316,0.7,1.0,3.0,0.0
chr15-89669985-89669986-C-G,mcdb041_new,Pending,1.5,20.17,1.95,24.22,0.0,481.5,0.48,2.0,0.98,471.68,0.66,0.091,0.0,1630.823,276.24,2216.577,387.25,632.558981298306,0.931999999999999,1404.55323925101,1.301375,2.47728260869556,0.128125126726371,4.10201086956516,0.0647141428269516,0.0066293776035308,0.0127387270331382,481.5,1.25,471.68,1.24,1.359,11938.21,8.2,18314.6,14.0,792.98,1.5,1925.66,2.5,3070.87,1.5,5223.78,2.1,0.240479,0.48,0.172893,0.66,0.0,8.0,1453.47247883281,2.1,1844.09866318303,2.8,3.0,0.0,0.0,8.0,0.26,0.0,0.0,2537.75679909572,1.6,2750.74289578015,1.8,1808.17308333633,0.9,2507.49456292592,1.6,1.0,3.0,0.0
chr16-1397251-1397252-C-T,mcdb041_new,Pending,23.5,53.87,21.0,58.24,1.716,4478.161,3.239,2.0,0.947,4242.334,2.857,0.102,0.0,17829.301,2118.63,15087.51,2548.96,6432.04283109123,3.238625,5415.60690978281,2.857125,15.1609510869565,0.0151035055787508,13.5008967391304,0.0177495055290286,0.0046122707426548,0.0037760064005851,9067.46,37.96,9130.1,39.1,0.846,18581.27,5.3,20006.19,6.2,34237.82,75.0,30726.73,60.0,33926.22,31.0,35372.75,37.0,0.000153,24.0,9.3e-05,30.0,0.0,9.0,4478.16089666066,6.5,4242.33386040426,5.9,7.0,0.0,0.0,158.0,16.994,0.101,0.0,17077.3311501933,23.0,12865.3024357212,18.0,20955.1126574227,30.0,17309.7182926962,24.0,5.0,3.0,0.0
chr16-3233514-3233515-G-C,mcdb041_new,Pending,3.15,25.0,22.0,16.0,0.632,112.988,0.283,2.0,156.214,17650.32,4.972,0.066,0.0,1976.152,210.99,21832.246,115.85,112.98805125254,0.2835,17650.3203193807,4.9715,0.392527173913038,0.728583391135238,27.6173913043478,0.0081566320516319,0.354818485677242,0.105631683021784,9639.6,10.09,31275.93,48.71,11.048,11334.76,7.8,41236.01,48.0,3116.62,3.2,27725.29,15.0,954.49,0.6,17346.74,6.8,0.360288,0.3,0.007713,4.0,0.0,9.0,2032.70746949495,6.5,8664.36747969986,25.0,2.0,0.0,0.0,117.0,6.136,0.103,0.0,1919.59672360051,7.3,26014.1715580714,39.0,852.353992956526,3.1,7338.71462585167,19.0,1.0,3.0,0.0
chr16-411564-411565-C-G,mcdb041_new,Pending,6.0,19.61,8.1,23.13,0.793,1368.674,1.194,2.0,0.939,1284.605,1.16,0.113,0.0,4068.205,262.35,6539.351,355.56,1368.6739207258,1.19375,1284.6048444777,1.16025,2.21184782608688,0.151683553250722,1.7317391304347,0.2179110909926,0.273972675204277,0.381939545273781,17008.49,10.98,15900.44,10.11,1.607,10729.49,7.7,13418.01,9.4,4804.44,5.5,6719.1,7.1,3859.67,2.5,3928.05,2.6,0.033798,1.6,0.074665,0.99,0.0,9.0,3975.67635914596,9.7,3766.31095345203,9.1,6.0,6.0,1.0,216.0,3.811,0.208,0.0,3064.99662052342,6.5,6359.60291887767,12.0,4160.73446189297,8.2,8282.66316389554,15.0,1.0,3.0,1.0
chr16-55528558-55528559-C-G,mcdb041_new,Reject,3.255,2.92,2.03,4.3,1.118,23.868,0.25,2.0,0.403,9.612,0.26,0.082,0.0,685.912,25.41,654.937,35.64,10328.4337878957,15.4965,3574.36441422737,6.8495,24.5792391304348,0.0097665742915017,8.83929347826086,0.0275918906902026,0.0098907276988029,0.0172407813370227,365.7,2.21,283.78,1.86,0.955,682.89,0.25,691.59,0.26,4502.45,4.3,2088.44,2.2,18839.99,7.2,16463.85,5.6,0.000824,9.8,0.009567,2.9,2.0,9.0,688.934419119916,0.9,618.284248621816,0.7,1.0,1.0,1.0,275.0,13.308,0.084,0.0,23.8676686504529,0.4,9.61191673517315,0.3,50.9999793204995,0.9,15.155490616607,0.3,1.0,3.0,1.0
chr16-56408042-56408043-G-A,mcdb041_new,Pending,0.847,25.0,37.48,24.0,4.517,192.2,0.47,2.0,65.578,12604.1,7.81,0.068,0.0,488.565,592.85,28716.671,537.75,533.689410710867,0.784,29406.4416681805,36.960625,2.02769021739122,0.172533504823846,99.2866032608696,0.003475082690913,0.0588521063327789,0.0032936483621597,192.2,0.47,12604.1,7.81,58.778,245.03,0.55,26231.72,22.0,279.13,0.91,28026.9,34.0,474.59,0.58,31188.62,28.0,0.11092,0.74,1.4e-05,43.0,2.0,9.0,1145.59068280975,2.5,26694.9888676587,42.0,9.0,0.0,0.0,804.0,59.436,0.076,0.0,561.603751230409,1.6,49366.234286822,38.0,502.53926472799,1.4,64146.0620450323,43.0,1.0,3.0,0.0
chr16-67187504-67187505-C-T,mcdb041_new,Pending,6.799,3.02,8.87,7.05,0.0,3552.376,1.9,2.0,1.357,4820.663,3.5,0.104,0.0,7786.154,162.34,10347.144,347.04,3552.37616977942,6.798375,4820.66331709906,8.44,8.26921195652172,0.0297564160498182,9.49423913043476,0.0251084756160333,0.0375219509005546,0.0719838738441467,8743.27,17.7,12029.92,23.03,1.329,30125.29,20.0,34491.41,27.0,3725.78,2.8,5154.5,3.9,10972.63,3.2,15364.53,5.1,0.019379,1.9,0.006954,3.5,0.0,8.0,6829.03790868801,6.8,8664.36747969986,9.3,6.0,0.0,0.0,29.0,2.405,0.0,0.0,7786.154,6.799,10347.144,8.87,7786.154,6.799,10347.144,8.87,2.0,3.0,0.0
chr16-68302425-68302426-C-T,mcdb041_new,Pending,0.103,76.32,0.115,71.23,0.678,32.05,0.01,2.0,0.831,26.64,0.01,0.069,0.0,64.393,5129.38,75.825,4237.89,45.4665299913404,0.04525,45.5414413344364,0.04525,0.116820652173914,0.903384074675561,0.058288043478285,0.942522262335087,0.457621041685343,0.616845495998859,674.35,0.06,1011.26,0.14,1.178,120.38,0.16,100.87,0.14,54.19,0.09,50.78,0.09,32.05,0.03,26.64,0.03,0.985973,0.01,0.980806,0.01,1.0,9.0,316.120050253441,0.3,312.718138551361,0.3,8.0,0.0,0.0,432.0,8.587,0.079,0.0,46.6111695259911,0.2,49.3730549552762,0.2,74.5967660215003,0.2,125.522043224121,0.3,1.0,3.0,0.0
chr16-71649237-71649238-C-G,mcdb041_new,Pending,0.805,5.82,1.9,9.36,0.848,70.68,0.09,2.0,8.598,607.69,0.3,0.069,0.0,745.866,48.41,1470.075,84.98,409.602783798789,1.386,650.529935727164,2.022,1.57953804347818,0.24789337316789,2.41345108695644,0.132262951456225,0.115620035678148,0.0246482752263546,70.68,0.69,607.69,3.05,1.971,1082.13,0.38,3962.06,1.4,88.18,0.09,257.38,0.3,3978.69,0.92,7078.12,1.8,0.041236,1.2,0.018205,2.0,3.0,11.0,1158.05301827804,0.4,2289.62075429042,1.2,3.0,0.0,0.0,83.0,8.836,0.096,0.0,745.866,0.805,1470.075,1.9,745.866,0.805,1470.075,1.9,1.0,3.0,0.0
chr17-28353729-28353730-G-C,mcdb041_new,Pending,2.671,16.75,2.727,16.94,1.342,551.353,1.5,2.0,0.931,513.369,1.4,0.08,0.0,2987.28,200.27,2122.155,204.18,4687.98312467517,2.142875,7492.36116498289,2.854,8.01565217391304,0.0303191331591692,12.1872282608695,0.019051211166389,0.119133964180946,0.113268736749887,11992.56,7.42,9459.64,5.94,0.71,3609.4,3.4,2967.81,3.0,2365.16,3.3,1276.5,2.3,5263.09,3.2,4942.0,3.0,0.018191,2.1,0.014555,2.4,0.0,9.0,801.610620817419,1.7,1183.38587947348,2.6,4.0,0.0,0.0,966.0,16.568,0.081,0.0,551.353327562761,1.5,513.369425459081,1.4,762.377376218341,2.0,701.729929454478,1.9,1.0,3.0,0.0
chr17-39730214-39730215-C-G,mcdb041_new,Pending,3.129,4.12,3.05,4.36,1.096,799.319,1.5,2.0,1.493,1193.219,1.8,0.078,0.0,3310.27,34.15,4157.94,36.11,8894.25342242069,2.558375,5789.99514126271,2.0225,18.6179891304348,0.0127341425000541,11.1157880434782,0.0216596669331793,0.0446858443319797,0.0795263536274433,6097.13,64.41,6058.83,29.67,1.256,3912.86,3.7,4824.29,4.2,2707.68,2.2,3491.59,2.6,5083.71,1.8,4885.8,1.7,0.003802,4.5,0.006408,3.5,0.0,9.0,2496.63648660682,4.9,2390.88910567882,4.7,4.0,0.0,0.0,721.0,12.594,0.087,0.0,810.009290312449,1.5,962.697845781024,1.8,799.318749003302,1.5,1193.21855998381,2.1,1.0,3.0,0.0
chr17-41865206-41865207-G-A,mcdb041_new,Pending,2.8,18.18,48.112,13.81,0.414,353.192,0.44,2.0,57.619,20350.378,30.0,0.091,0.0,1825.944,229.99,36138.738,147.02,353.191695719465,0.636375,20350.3778751626,9.166125,1.45663043478253,0.275522950924574,46.2246739130435,0.0051665158038335,0.115384917706251,0.014799740165472,11452.06,7.09,24292.27,18.6,19.792,4206.36,3.7,36910.09,44.0,2134.13,3.0,34798.02,54.0,3195.46,2.2,39805.58,56.0,0.1937,0.44,3.8e-05,30.0,0.0,9.0,1517.75856701751,3.4,35367.3861513542,50.0,9.0,0.0,0.0,178.0,3.692,0.112,0.0,1102.6304964879,2.7,96923.703415728,52.0,1225.09565620898,2.9,156375.964009134,62.0,1.0,3.0,0.0
chr17-44380993-44380994-C-G,mcdb041_new,Pending,2.3,14.77,2.6,18.11,0.293,195.55,0.451,2.0,1.784,348.922,0.634,0.055,0.0,1966.997,163.43,2461.046,228.52,195.549999675345,0.451374999999999,348.921715250644,0.633625,0.456331521739102,0.689063955963944,1.16788043478248,0.360078982760013,0.451231013983488,0.222770154476166,7097.5,4.63,8000.43,5.12,1.251,4250.42,3.8,6952.73,5.3,2904.96,3.8,4242.33,5.0,2929.65,2.1,3587.25,2.4,0.112138,0.73,0.08642,0.89,0.0,9.0,751.224325876238,1.5,953.118683204384,2.1,5.0,0.0,0.0,34.0,2.484,0.118,0.0,1029.03465303725,2.5,1334.84242104409,3.1,988.940129097569,2.5,1178.06702520504,2.8,1.0,3.0,0.0
chr17-44911724-44911725-A-G,mcdb041_new,Pending,0.648,18.46,0.918,20.4,0.0,25.166,0.1,2.0,2.466,62.06,0.16,0.123,0.0,579.44,1188.74,892.8,1354.75,83.8691030403179,0.227625,93.0260170565696,0.276875,0.796711956521605,0.511736023875746,0.735570652173806,0.541171639547495,0.0071823149919509,0.0690118968486785,10795.57,21.0,14030.74,26.38,1.541,231.2,0.1,423.49,0.16,927.68,1.2,1362.11,1.7,1781.65,0.39,2157.25,0.48,0.368601,0.11,0.298344,0.16,2.0,9.0,1391.90928823136,2.8,1376.93031903257,2.7,5.0,0.0,0.0,0.0,0.673,0.0,0.0,25.165757072446,0.5,62.0597468919352,1.1,40.6977125485352,0.8,78.6266912188321,1.3,1.0,3.0,0.0
chr17-50169207-50169208-A-G,mcdb041_new,Pending,3.658,32.29,6.4,61.26,0.0,1821.83,0.81,2.0,3.968,7229.28,1.1,0.133,0.0,5227.186,685.17,9398.165,2880.55,11169.876269423,3.916875,18931.6037636225,7.84675,12.1872282608695,0.0194188987602765,4.80709239130432,0.0540534417770282,0.228410884737968,0.672765322029591,3042.9,2.5,2624.91,2.27,1.798,1821.83,2.3,7229.28,5.5,2678.54,3.4,6330.92,6.6,3323.29,2.3,11567.05,6.2,0.099294,0.81,0.069263,1.1,2.0,8.0,7131.08155905495,8.0,12249.092204073,15.0,2.0,0.0,0.0,21.0,1.929,0.0,0.0,9647.17151896168,17.0,5866.78266401977,13.0,22733.1700194719,36.0,17565.4791117256,28.0,1.0,3.0,0.0
chr17-50606975-50606976-G-T,mcdb041_new,Pending,4.03,11.05,19.675,15.51,0.355,187.332,0.689,2.0,41.995,7867.095,12.205,0.16,0.0,1493.461,106.3,9129.678,176.89,187.332102165368,0.6895,7867.09523310066,12.205125,0.925271739130324,0.453726150758918,17.305597826087,0.0132175114663937,0.162073519080877,0.0216636434197425,961.01,4.06,10392.26,20.35,6.113,19896.97,8.6,37867.18,36.0,9146.01,8.6,36337.11,54.0,10476.54,3.0,31618.09,25.0,0.005221,4.0,0.000182,19.0,1.0,9.0,1485.26775588534,3.1,3646.02181898492,12.0,9.0,0.0,0.0,19.0,1.123,0.316,0.0,575.188242508194,6.3,3067.67961203816,19.0,1501.65442434568,13.0,7039.956894909,28.0,1.0,3.0,0.0
chr17-5373451-5373452-G-C,mcdb041_new,Pending,3.443,20.74,4.75,25.73,4.251,3345.184,0.09,2.0,1.0,3345.184,0.16,0.087,0.0,4606.76,290.81,5017.886,435.09,6310.68190637588,3.185375,5366.06104972563,2.837125,9.84945652173911,0.0249664424577837,9.49423913043476,0.0254986161799427,0.144281450659037,0.10588064044714,4002.95,1.15,4364.25,1.61,1.089,3517.83,0.09,4572.96,0.16,11541.43,5.6,15795.37,16.0,23123.87,6.5,26941.63,13.0,0.007227,3.1,0.003805,4.7,0.0,9.0,5210.57046486107,8.7,5681.68344658443,12.0,6.0,0.0,0.0,903.0,42.087,0.101,0.0,3345.1839161254,3.1,3345.1839161254,3.1,3893.05016519083,3.7,4669.71096027198,4.8,1.0,3.0,0.0
chr17-58270846-58270847-C-T,mcdb041_new,Reject,0.33,0.08,0.3,0.26,0.34,32.939,0.16,2.0,1.0,32.939,0.08,0.082,0.0,81.51,27.08,52.16,44.55,163.930560191524,0.40175,180.322178613153,0.428,0.808749999999876,0.505762650143398,0.945516304347706,0.445159774179499,0.184418875724077,0.141818273812532,40.54,0.16,17.75,0.08,0.64,71.8,0.21,41.39,0.13,93.59,0.36,74.97,0.3,91.22,0.18,62.93,0.14,0.301652,0.29,0.333086,0.26,3.0,10.0,666.931104469387,0.5,525.658428682249,0.5,7.0,0.0,0.0,25.0,0.425,0.8,0.0,32.9389688867048,0.3,32.9389688867048,0.3,43.9399946797335,0.4,40.5377836008544,0.4,1.0,3.0,0.0
chr17-59566766-59566767-C-G,mcdb041_new,Pending,0.26,6.58,6.12,3.82,3.5,53.67,0.09,2.0,537.175,28830.17,2.2,0.068,0.0,132.592,55.4,7066.407,31.96,143.184449519385,0.3665,21530.1805102187,7.239375,0.260380434782604,0.810984938933293,10.6558423913043,0.0224903024030103,0.552392430603504,0.450960896909237,53.67,0.26,28830.17,40.84,53.294,67.84,0.11,4743.44,4.1,122.0,0.21,7692.16,5.0,71.23,0.09,5547.74,2.2,0.480143,0.19,0.007769,4.0,2.0,10.0,418.817926575128,0.4,1785.20149967003,2.5,2.0,0.0,0.0,679.0,27.561,0.127,0.0,626.166746427535,2.4,10320.2448228575,31.0,685.377747708419,2.6,6440.65446063892,22.0,1.0,3.0,0.0
chr17-59685611-59685612-C-T,mcdb041_new,Accept,0.275,4.43,0.421,12.77,15.785,37.82,0.002,2.0,2.143,81.05,0.014,0.146,0.0,102.369,267.95,181.255,758.43,39.683105242687,0.002375,43.8381337118816,0.014125,0.0808423913043441,0.92776111691985,0.442608695652154,0.697139277793983,0.509975861757994,0.0514404252171516,84.34,0.38,182.63,0.67,1.771,131.66,0.19,179.88,0.26,115.57,0.36,202.86,0.53,37.82,0.06,81.05,0.1,0.907968,0.02,0.860206,0.03,2.0,9.0,230.98400762356,0.4,260.17800677216,0.5,3.0,0.0,0.0,1364.0,108.116,0.146,0.0,89.1682000379978,0.4,109.7008518563,0.4,210.193847587955,0.9,264.009770754786,1.0,1.0,3.0,0.0
chr17-64500747-64500748-G-C,mcdb041_new,Accept,0.46,11.0,0.476,11.0,43.559,105.53,0.14,2.0,1.127,118.91,0.16,0.147,0.0,334.642,239.745,418.744,248.465,113.270033553407,0.354375,115.251195723536,0.360625,0.480815217391282,0.67528583752661,0.382173913043459,0.73508833825228,0.283358350396156,0.369631674140692,4577.52,1.2,3181.08,0.58,1.251,105.53,0.14,118.91,0.16,352.24,0.44,474.31,0.57,245.7,0.17,356.98,0.22,0.336813,0.37,0.379671,0.33,2.0,10.0,1728.18540463734,1.2,1534.26953965883,1.0,8.0,0.0,0.0,5688.0,414.848,0.105,0.0,545.845833954929,1.0,545.845833954929,1.0,317.044336790364,0.6,363.178390805379,0.6,1.0,3.0,0.0
chr17-7027598-7027599-C-T,mcdb041_new,Pending,2.098,13.57,9.981,20.26,0.197,229.388,0.15,2.0,6.561,1505.116,6.963,0.096,0.0,2237.08,143.13,9661.882,278.42,308.688536507174,1.0965,9941.81348523031,14.877125,0.14975543478262,0.881926537004589,6.96279891304346,0.0353693321483314,0.919979803264141,0.370537921786308,18582.18,34.45,24055.69,45.48,4.319,1751.79,0.54,9381.95,3.4,4040.73,3.9,20258.44,22.0,2875.63,0.65,14436.2,4.6,0.272116,0.2,0.029812,1.5,0.0,9.0,2722.36951668803,7.4,7775.83727608344,28.0,9.0,0.0,0.0,114.0,5.623,0.035,0.0,290.944398354873,3.7,630.681366588154,6.6,229.38763298335,3.1,1505.11609530453,13.0,1.0,3.0,0.0
chr17-7384625-7384626-G-A,mcdb041_new,Pending,2.35,16.0,1.04,32.0,0.537,180.984,0.66,2.0,0.513,92.809,0.277,0.098,0.0,2113.955,260.115,864.255,643.96,180.98383752162,0.6605,92.8093698752543,0.276875,0.768260869565083,0.525214660593671,0.291249999999962,0.790954356994306,0.233603745698929,0.397819127887487,540.45,2.84,2153.65,6.69,0.409,2735.12,0.85,886.9,0.33,2443.19,2.6,841.61,1.1,7759.45,2.1,4238.75,0.98,0.062147,0.82,0.158593,0.34,0.0,9.0,3807.28285666677,13.0,1946.61023738087,4.8,4.0,0.0,0.0,102.0,4.227,0.127,0.0,1046.67053875453,9.4,155.52850592671,2.3,1784.71962817549,14.0,402.318496853131,4.8,1.0,3.0,0.0
chr17-7501677-7501678-C-G,mcdb041_new,Pending,0.3,2.0,0.11,2.0,13.598,55.418,0.04,2.0,0.954,52.885,0.04,0.069,0.0,255.661,25.14,122.197,28.45,55.4179679413411,0.115625,52.885005496861,0.10025,0.088804347826084,0.921327132860039,0.0141576086956831,0.97476734023471,0.575584523379803,0.900077737867832,2579.26,0.44,2370.2,0.39,0.478,230.96,0.34,81.78,0.11,159.89,0.26,88.18,0.11,103.8,0.1,75.53,0.07,0.910457,0.04,0.899509,0.04,4.0,9.0,432.635519663766,0.4,340.992504225032,0.3,6.0,0.0,0.0,953.0,156.3,0.087,1.0,283.458836392911,0.5,183.861161777959,0.3,280.362549098331,0.5,156.214016891818,0.3,6.0,3.0,0.0
chr17-75570445-75570446-G-A,mcdb041_new,Accept,0.21,5.8,0.2,16.0,5.271,2.103,0.01,2.0,2.275,4.784,0.01,0.178,0.0,26.775,68.55,36.19,296.77,160.990842807881,0.59075,429.916194355623,1.438375,1.18195652173902,0.35469305220858,2.01228260869556,0.174191269464115,0.0037861391901969,0.0027598366141319,20.61,0.22,9.61,0.08,1.352,16.37,0.01,18.77,0.01,32.94,0.03,53.61,0.05,267.78,0.07,515.89,0.12,0.155461,0.35,0.078015,0.7,4.0,9.0,384.090444123316,0.4,388.268781147746,0.4,5.0,0.0,0.0,150.0,12.174,0.433,0.0,2.10285825658103,0.2,4.78420741682534,0.2,5.45217767328346,0.2,8.02730935385977,0.2,1.0,3.0,0.0
chr17-7674220-7674221-G-A,mcdb041_new,Accept,1.214,16.0,18.0,33.0,87.576,216.681,0.479,2.0,83.404,18072.012,7.247,0.161,1.0,876.659,182.615,14605.85,520.2,216.681460468494,0.479124999999999,18072.0119166659,7.24725,1.19866847826076,0.349672245268458,20.2322554347826,0.0115686531100993,0.0791263952851295,0.211859546601772,977.31,1.23,13722.33,8.54,16.661,542.06,1.0,15489.37,12.0,989.9,2.0,22330.41,24.0,671.33,0.74,24414.57,17.0,0.154969,0.54,0.001574,6.8,2.0,9.0,776.008632837805,1.6,10992.9487619001,24.0,2.0,0.0,0.0,4875.0,315.022,0.278,0.0,1178.77251225009,2.8,13690.8370038596,19.0,1071.93882228446,2.6,12887.5392211828,19.0,1.0,3.0,0.0
chr17-8255606-8255607-G-A,mcdb041_new,Pending,4.0,11.5,4.05,19.74,0.695,1055.286,1.2,2.0,1.102,1162.439,1.4,0.085,0.0,5177.27,112.26,4619.264,265.43,5778.41670825012,2.409875,4612.62487171858,2.115875,14.2770380434783,0.0169510174653545,11.6303260869565,0.0207579541703772,0.0083390921354293,0.0048355907201766,17216.83,11.15,19057.14,12.72,0.892,24049.35,19.0,25695.46,21.0,1936.11,3.2,1646.06,2.9,8847.39,4.8,9508.15,5.1,0.009293,3.0,0.008632,3.1,0.0,11.0,4576.12241190687,5.0,4625.90386831785,5.0,5.0,0.0,0.0,336.0,11.21,0.062,0.0,1055.28557090615,1.2,1162.43853914497,1.4,1485.62773979852,2.3,1794.36173794707,3.1,1.0,3.0,0.0
chr19-11245582-11245583-C-T,mcdb041_new,Pending,0.311,0.51,0.319,1.28,0.737,70.26,0.2,2.0,1.476,103.72,0.2,0.107,0.0,186.227,8.9,163.893,14.31,137.562397434506,0.35175,115.204817864975,0.307125,0.269918478260834,0.805349642042333,0.239565217391274,0.823950946195742,0.531121376901865,0.517269887030125,198.11,0.48,143.75,0.38,0.88,964.98,1.5,967.92,1.5,70.26,0.26,103.72,0.33,133.46,0.24,142.11,0.25,0.338418,0.26,0.404832,0.22,5.0,11.0,174.344676921567,0.2,184.036320672013,0.2,6.0,0.0,0.0,225.0,9.701,0.076,0.0,53625.332745387,95.0,53872.8560349488,96.0,14856.2773979852,52.0,15028.3049825875,52.0,1.0,3.0,0.0
chr19-29985287-29985288-C-G,mcdb041_new,Reject,1.01,2.82,0.51,3.76,7.441,39.17,0.13,2.0,1.429,55.98,0.18,0.149,0.0,471.93,185.29,276.785,234.06,2464.16143855785,1.55175,2011.48582355917,1.41675,5.78807065217389,0.0430700077986315,4.88741847826084,0.052991212885279,0.0455238781869411,0.0513342507183551,108.53,0.32,48.36,0.18,0.586,360.84,0.72,282.15,0.61,39.17,0.13,55.98,0.18,583.02,0.67,271.42,0.41,0.049963,1.3,0.277982,0.32,4.0,8.0,238.604605560771,0.2,238.604605560771,0.2,1.0,1.0,1.0,1402.0,49.937,0.149,0.0,7716.13824479373,15.0,9319.65852565841,17.0,4108.27966613969,8.6,3842.90811069208,8.3,1.0,3.0,1.0
chr19-3531761-3531762-G-A,mcdb041_new,Pending,4.0,2.4,5.85,4.9,5.526,650.467,0.862,2.0,0.882,573.844,0.811,0.141,0.0,5015.92,39.66,5796.876,91.14,650.467323494419,0.862125,573.844492778676,0.810875,2.28182065217383,0.144630324725668,1.29997282608689,0.318432203634022,0.0539435558021068,0.306795910000801,18709.97,12.4,22152.92,15.93,1.156,7724.18,5.8,7733.13,5.8,5099.03,5.0,8119.76,6.9,4932.81,3.0,5787.78,3.4,0.015064,2.4,0.020827,2.0,0.0,10.0,3167.61691360185,3.0,5805.97248675531,5.9,3.0,0.0,0.0,451.0,69.081,0.08,0.0,7107.3875958541,16.0,3505.1773768295,9.0,4506.71401827452,12.0,3402.98472750995,8.9,1.0,3.0,0.0
chr19-3959985-3959986-T-C,mcdb041_new,Pending,20.648,13.0,15.708,17.03,9.035,5154.497,5.5,2.0,0.788,4062.646,4.4,0.196,0.0,16199.373,572.2,12510.464,640.47,24530.9146388568,15.295,22960.9152552012,12.416125,46.2246739130435,0.0055291763197737,27.6173913043478,0.0088447957898804,0.0853701904416084,0.200935214757919,20723.96,14.35,14360.85,8.98,0.772,34750.98,37.0,29687.81,27.0,8664.37,8.7,4358.65,5.5,18064.66,12.0,11796.71,6.3,6.1e-05,26.0,0.000142,19.0,0.0,11.0,5154.49714516903,5.5,4062.64582926055,4.4,10.0,0.0,0.0,3.0,27.133,0.333,0.0,14334.0858095122,51.0,13224.2180022405,47.0,9569.95729974983,34.0,8768.19096762341,31.0,3.0,3.0,0.0
chr19-40590328-40590329-C-G,mcdb041_new,Pending,0.75,0.66,1.5,1.64,4.588,154.78,0.18,2.0,0.883,136.67,0.16,0.176,0.0,1838.727,60.5,2008.756,104.47,195.621915631687,0.725125,714.249550365738,2.167625,0.865461956521642,0.480036559782043,2.0051086956521,0.175644004712834,0.203844383358955,0.1449722237885,4074.24,10.23,3877.56,9.89,1.092,2344.5,0.74,2655.4,0.84,154.78,0.18,136.67,0.16,3972.67,0.92,6122.95,1.6,0.06905,0.76,0.031671,1.4,0.0,11.0,1332.9536643312,0.5,1362.11254533707,0.5,6.0,0.0,0.0,487.0,63.72,0.072,0.0,1838.727,0.75,2008.756,1.5,1838.727,0.75,2008.756,1.5,1.0,3.0,0.0
chr19-45392186-45392187-G-A,mcdb041_new,Pending,1.87,7.38,3.05,13.96,1.836,517.916,0.49,2.0,3.005,1556.194,0.59,0.185,0.0,1775.046,364.09,2302.593,770.44,517.916233700347,0.810374999999999,1556.1938662606,1.204625,1.94040760869557,0.185184945534251,3.89864130434776,0.0685716220325405,0.0749707743525505,0.0584178604185581,5918.89,6.35,6023.36,15.83,1.297,5512.37,4.7,7274.87,5.7,1369.5,1.4,2352.4,2.1,5391.86,1.8,8800.7,2.8,0.238685,0.49,0.185325,0.59,0.0,9.0,2054.82032600981,3.8,1824.25347836465,3.3,5.0,0.0,0.0,46.0,7.683,0.239,0.0,856.032000627926,1.6,1092.6724671859,2.0,1495.27130822001,2.5,2252.78631883056,3.5,1.0,3.0,0.0
chr19-51125104-51125105-C-G,mcdb041_new,Pending,1.295,13.97,1.585,17.2,0.0,152.917,0.361,2.0,0.882,134.81,0.196,0.136,0.0,1131.771,149.74,1663.625,209.48,152.916506644988,0.384125,134.810014437487,0.34825,0.360951086956504,0.74804384023361,0.196277173913046,0.852193448655111,0.466374758630991,0.619361639022827,7905.51,5.07,5037.53,3.53,1.47,1964.02,2.4,2104.82,2.5,776.01,1.7,1222.43,2.3,928.7,0.89,876.37,0.87,0.206317,0.42,0.446235,0.2,1.0,9.0,299.472668376634,0.6,299.472668376634,0.6,1.0,1.0,1.0,131.0,5.686,0.0,0.0,1334.84242104409,3.1,2561.12042697795,5.6,1549.42300553651,3.5,2143.72957726572,4.8,1.0,3.0,1.0
chr19-58563114-58563115-C-G,mcdb041_new,Reject,1.95,3.3,1.9,3.4,2.915,206.058,0.495,2.0,0.78,160.738,0.41,0.173,0.0,2274.801,37.45,1749.8,38.7,206.058314072303,0.495375,160.73819757215,0.41025,1.23980978260856,0.33677113745879,1.05244565217376,0.401471041036559,0.0491485670208931,0.0596371926367282,6111.38,6.85,1573.94,2.62,0.769,1766.95,2.0,1477.05,1.8,2416.9,2.5,1925.66,2.2,3836.85,1.7,3065.32,1.5,0.046331,1.6,0.045627,1.7,0.0,10.0,1485.26775588534,1.9,1534.26953965883,2.0,9.0,7.0,0.0,207.0,17.776,0.164,1.0,2745.93340234359,11.0,2475.65430134111,9.1,2132.70113463322,8.0,2192.45152543577,8.2,1.0,3.0,2.0
chr19-6472935-6472936-G-C,mcdb041_new,Pending,2.5,4.51,2.95,7.15,0.0,922.678,1.1,2.0,1.151,1062.03,1.3,0.15,0.0,1465.854,37.25,2690.245,61.06,1516.05820839508,1.342125,2604.82063094063,1.6805,1.22396739130424,0.34181758344625,1.8016032608695,0.205843075820171,0.603410586714745,0.555583905428648,19546.01,21.79,24772.91,30.98,1.835,1415.65,1.7,2775.67,2.8,7406.31,4.8,8032.38,5.2,8813.66,3.3,8249.49,3.1,0.061663,1.4,0.058192,1.4,1.0,10.0,922.677802760882,1.1,1062.02975060326,1.3,8.0,0.0,0.0,379.0,32.779,0.0,0.0,1323.39655568476,5.3,1314.28635787553,5.3,1333.30651122441,5.3,1315.01286007915,5.3,1.0,3.0,0.0
chr2-11580823-11580824-C-T,mcdb041_new,Pending,2.2,3.47,2.75,4.61,1.404,39.394,0.007,2.0,1.176,46.343,0.042,0.078,0.0,3652.136,29.29,3911.543,38.09,39.393785523872,0.0175,46.3425913313669,0.042125,0.0072554347826212,0.979981085804519,0.0745380434782561,0.931203964739189,0.886149793863297,0.567415293306112,16930.4,31.44,20166.67,37.48,1.071,5238.83,1.8,5317.99,1.9,2523.8,2.6,3665.8,3.6,1615.86,0.35,2080.88,0.46,0.324189,0.14,0.2347,0.23,0.0,9.0,6903.32775987199,25.0,6399.78970601227,23.0,7.0,0.0,0.0,117.0,4.557,0.308,0.0,4166.8704668527,22.0,4157.28693071925,22.0,3137.40077866529,19.0,2941.50777057625,18.0,1.0,3.0,0.0
chr2-124417503-124417504-G-C,mcdb041_new,Pending,1.25,0.6,2.1,0.44,0.0,302.511,0.44,2.0,1.924,582.179,0.814,0.064,0.0,654.656,8.42,1359.0,8.395,302.511350578818,0.584875,582.179263853369,0.814125,0.439701086956504,0.69936330553726,1.77850543478256,0.210014560743907,0.584726698696613,0.151390451937914,2534.81,2.21,4801.91,3.4,2.076,540.21,1.0,1566.75,2.1,540.07,1.5,1033.69,2.1,683.52,0.75,1820.98,1.5,0.153354,0.55,0.073007,1.0,3.0,9.0,1422.35784649154,3.1,2099.77032163072,4.8,6.0,0.0,0.0,0.0,0.008,0.0,0.0,625.791990040654,1.7,962.564853345503,2.4,739.894842422365,2.0,1151.25094581105,2.7,1.0,3.0,0.0
chr2-167241861-167241862-G-C,mcdb041_new,Pending,0.826,8.3,2.2,4.5,0.0,256.024,0.2,2.0,3.388,867.521,0.6,0.062,0.0,951.569,152.11,3652.782,79.78,689.51847057467,0.902625,2885.70428078541,1.517625,2.43758152173903,0.130262308933529,6.47915760869564,0.0384472134407952,0.0356693528592586,0.0554256401956081,5593.08,2.93,5867.85,5.15,3.839,1213.62,1.6,6359.41,5.1,471.75,0.74,3017.08,2.2,1901.42,0.75,6763.15,2.2,0.143438,0.68,0.059915,1.2,1.0,11.0,1654.98649030649,1.2,4288.48419012512,3.6,3.0,0.0,0.0,0.0,0.003,0.0,0.0,545.896110529429,0.3,981.996635913319,0.7,256.023600006437,0.2,867.52100695902,0.6,1.0,3.0,0.0
chr2-174572309-174572310-C-A,mcdb041_new,Pending,14.5,31.94,15.0,31.53,1.724,720.165,2.185,2.0,2.094,1508.042,3.765,0.193,0.0,15046.927,670.15,15723.998,651.95,720.165367498045,2.18475,1508.04213133859,3.765125,2.69225543478254,0.113012559235678,4.45459239130432,0.0582997405436188,0.0019089207053184,0.0008226595818996,33014.51,67.98,37737.64,82.64,1.045,26777.14,16.0,28031.15,17.0,25564.3,30.0,29425.27,37.0,20263.48,8.2,28247.01,18.0,0.015912,2.2,0.001868,6.7,0.0,9.0,5869.13289643332,20.0,3416.84629914709,11.0,9.0,0.0,0.0,2612.0,95.799,0.018,0.0,1392.54744245347,13.0,1392.54744245347,13.0,9830.37307124854,33.0,3010.02428837005,19.0,1.0,3.0,0.0
chr2-178547655-178547656-C-G,mcdb041_new,Pending,3.2,6.24,2.85,16.56,0.0,833.622,1.048,2.0,0.767,639.4,0.938,0.109,0.0,2930.353,363.04,2387.239,1036.29,833.621674545092,1.04775,639.400056127645,0.938374999999999,2.87070652173904,0.102374056660919,2.47728260869556,0.127229445365782,0.0107609368860721,0.0073095969855785,4119.53,5.09,1379.53,2.41,0.815,9098.43,6.5,7799.35,5.8,3236.91,3.0,2781.92,2.7,3737.61,1.7,2945.0,1.4,0.011276,3.4,0.011193,3.4,0.0,10.0,2010.83257949086,2.9,2077.17373775978,3.0,9.0,0.0,0.0,397.0,22.296,0.0,0.0,2107.12354531074,7.9,1899.7217718221,7.2,2623.79560341537,9.6,2697.30464326359,10.0,5.0,3.0,0.0
chr2-200389250-200389251-G-A,mcdb041_new,Pending,1.156,12.6,1.13,19.37,6.226,85.71,0.62,2.0,1.447,123.98,0.39,0.11,0.0,3133.702,128.05,2305.762,256.65,245.876274282762,0.89375,219.818870082083,0.804,1.41804347826076,0.28549518118716,1.230081521739,0.339470883386704,0.029918123036623,0.0703056044876575,85.71,0.81,123.98,1.06,0.736,13762.51,5.2,12631.46,4.7,585.72,0.62,323.04,0.39,6483.35,1.7,4809.59,1.2,0.070463,0.75,0.082886,0.65,0.0,8.0,5681.68344658443,5.4,4288.48419012512,3.6,7.0,0.0,0.0,245.0,33.837,0.184,0.0,3133.702,1.156,2305.762,1.13,3133.702,1.156,2305.762,1.13,2.0,3.0,0.0
chr2-203183355-203183356-G-A,mcdb041_new,Pending,1.5,2.82,0.8,27.38,1.711,423.087,0.39,2.0,0.525,222.039,0.25,0.111,0.0,857.765,153.46,303.01,2183.09,550.656988722586,0.7945,238.497261768445,0.508249999999999,2.29201086956516,0.143829512079457,1.46108695652164,0.274521847986275,0.0063774175941944,0.0061673633754253,9205.93,5.8,1846.93,1.8,0.353,922.55,1.5,409.54,0.8,792.98,1.8,299.47,0.93,1131.17,1.0,306.55,0.44,0.216725,0.39,0.359027,0.25,1.0,9.0,1290.38154414547,2.8,883.596918697149,1.9,7.0,0.0,0.0,181.0,19.443,0.088,0.0,423.087310603155,1.2,222.039376941548,0.7,537.242052958425,1.5,273.63396280187,0.8,5.0,3.0,0.0
chr2-21003292-21003293-C-A,mcdb041_new,Pending,4.27,2.3,21.28,1.8,0.0,362.357,0.648,2.0,23.125,8379.577,3.111,0.106,0.0,3390.065,47.99,22677.98,49.57,362.356762820898,0.64825,8379.57732349575,3.111,0.7105706521738,0.553013260457265,6.63130434782606,0.0377878490235731,0.455823741853237,0.343008704483509,3889.49,2.94,23505.9,17.56,6.69,11732.18,8.3,29679.16,27.0,6719.1,7.1,23318.07,26.0,2890.64,2.1,19735.52,13.0,0.084743,0.91,0.002012,6.2,0.0,9.0,5441.03041320878,14.0,18279.5623628811,33.0,9.0,0.0,0.0,0.0,0.054,0.0,0.0,2712.87635290404,5.9,23357.6959029972,26.0,2589.22624214914,5.6,22037.8894420494,25.0,1.0,3.0,0.0
chr2-219029574-219029575-G-A,mcdb041_new,Pending,1.25,25.32,1.306,30.21,0.0,291.266,0.2,2.0,0.979,285.292,0.2,0.086,0.0,1241.655,421.94,1464.665,597.79,292.693842118674,0.627875,1722.51637203473,1.413,0.903559782608582,0.462887624204387,4.39192934782604,0.0594167377717066,0.295015029609203,0.0430285558104515,14062.37,14.68,2930.75,4.02,1.18,1060.95,1.4,672.12,0.92,1422.36,2.2,927.68,1.7,3658.71,1.7,2328.65,1.2,0.127239,0.84,0.094419,1.1,4.0,11.0,922.677802760882,1.1,1864.15973431607,2.8,11.0,0.0,0.0,0.0,0.108,0.0,0.0,291.266139755569,0.2,285.29226697923,0.2,1708.59841834759,2.1,1206.81305606483,0.8,2.0,3.0,0.0
chr2-226797680-226797681-C-T,mcdb041_new,Pending,19.5,17.42,9.298,17.82,0.207,1989.803,2.9,2.0,0.254,504.441,2.0,0.072,0.0,15481.728,213.92,11470.424,222.21,5228.50194901947,8.919625,4456.18389563924,7.941,12.8054619565217,0.0183950866923648,10.6558423913043,0.0220276892016694,0.0044064186513423,0.0125098079442977,28017.78,54.62,21535.74,40.18,0.741,32832.36,24.0,18965.77,7.9,33324.12,45.0,27426.93,34.0,23017.52,12.0,17786.35,6.5,0.009561,2.9,0.018662,2.0,0.0,9.0,7945.93674759663,28.0,5154.49714516903,18.0,7.0,0.0,0.0,298.0,3.837,0.054,0.0,1989.80262746185,15.0,504.44056099185,5.7,7237.1904260743,29.0,2901.14877094414,18.0,1.0,3.0,0.0
chr2-226797822-226797823-C-T,mcdb041_new,Pending,0.503,0.35,0.506,0.3,0.276,18.179,0.07,2.0,1.611,29.28,0.08,0.055,0.0,162.764,7.67,120.02,7.19,165.637865484656,0.605625,120.659326129847,0.41275,1.20198369565206,0.348749841957713,0.994157608695517,0.424723180670819,0.0042314492166042,0.0080099068582057,216.44,1.56,98.67,0.9,0.737,130.52,0.07,167.0,0.08,159.89,0.22,119.38,0.14,446.19,0.1,362.61,0.09,0.320492,0.14,0.3381,0.13,1.0,9.0,810.330961006521,1.2,984.563865690705,1.7,7.0,0.0,0.0,291.0,3.837,0.072,0.0,55.5661107259647,1.0,41.1917269504184,0.8,18.179000433507,0.4,29.279927700132,0.6,1.0,3.0,0.0
chr2-232882260-232882261-C-G,mcdb041_new,Pending,3.25,11.97,0.2,21.85,0.915,698.699,0.5,2.0,0.134,93.603,0.1,0.082,0.0,3122.795,118.85,80.892,319.89,27026.1085957447,17.128,1986.06991196639,1.499,62.7446739130435,0.0042518921417413,4.58573369565214,0.0560861793869428,0.0373606197535991,0.0648117661476135,32948.39,55.31,43.63,0.21,0.026,3700.47,3.4,68.18,0.11,2904.96,3.1,28.93,0.05,3340.63,1.5,35.0,0.06,0.005785,4.5,0.384449,0.29,0.0,11.0,864.681670102131,1.0,202.858996189859,0.2,2.0,0.0,0.0,57.0,1.93,0.474,0.0,698.698804241393,0.5,93.603049957457,0.1,872.248035516512,0.5,225.237137847352,0.2,1.0,3.0,0.0
chr2-27384725-27384726-C-G,mcdb041_new,Pending,7.15,24.0,4.927,28.0,6.695,1804.622,1.1,2.0,0.771,1391.909,0.6,0.142,0.0,5573.156,685.75,5471.482,703.785,3566.83454914353,2.1875,1755.84504649055,1.46375,9.15535326086956,0.0263147616839355,5.05404891304345,0.0507975416495505,0.0028962530195713,0.0014147832989692,7579.42,16.95,6893.29,11.05,0.982,19545.97,6.0,19384.42,5.8,28951.56,54.0,30726.73,60.0,28246.7,15.0,24443.65,8.0,0.001418,8.3,0.003664,4.8,0.0,9.0,1804.62185661009,1.1,1391.90928823136,0.6,3.0,0.0,0.0,1677.0,37.823,0.177,0.0,3194.62583877791,3.0,4049.6734052445,3.9,3566.89233042068,3.3,2932.85100184099,2.6,1.0,3.0,0.0
chr2-38855124-38855125-C-T,mcdb041_new,Pending,0.38,8.06,0.36,5.39,0.427,49.798,0.052,2.0,0.91,45.312,0.049,0.068,0.0,164.753,70.41,140.655,44.64,53.526487065156,0.051625,52.6837817969591,0.048625,0.486548913043436,0.671772933813531,0.526358695652135,0.648687928189933,0.0730493403971195,0.0395988188683986,116.9,0.5,95.3,0.42,0.854,193.76,0.28,135.22,0.2,169.69,0.46,163.39,0.46,204.52,0.19,184.68,0.18,0.74863,0.07,0.759725,0.07,1.0,9.0,302.730488916635,0.7,289.908055013374,0.7,4.0,0.0,0.0,303.0,9.928,0.043,0.0,49.7977820395534,0.3,45.3116628254376,0.3,159.815905572282,0.6,146.089835481182,0.6,1.0,3.0,0.0
chr2-84733461-84733462-G-A,mcdb041_new,Pending,0.7,22.16,0.43,23.25,0.0,63.909,0.08,2.0,0.817,52.233,0.05,0.058,0.0,579.289,328.35,210.073,358.94,63.909241949774,0.09825,52.2327117851098,0.046125,0.473695652173873,0.679431627373606,0.168750000000003,0.870337599963292,0.131598621606827,0.402027003467083,904.22,1.86,127.1,0.53,0.363,403.75,0.58,183.76,0.26,1164.33,2.0,771.82,1.5,1508.33,0.8,662.54,0.46,0.722071,0.08,0.82616,0.05,1.0,9.0,631.809457573781,2.0,461.653351148899,1.3,8.0,0.0,0.0,44.0,1.595,0.0,0.0,150.386897542554,0.6,95.1064562976124,0.4,526.768746370596,1.9,236.38504649466,0.9,5.0,3.0,0.0
chr2-85542264-85542264-A-ATGCC,mcdb041_new,Pending,65.292,11.25,42.51393349525121,14.10615690406004,0.073,8538.92,18.0,2.0,-249.65146845567168,-491.66425888273477,11.637051368259577,0.098,0.0,34254.273,108.87,19785.278584819414,486.854333649172,30768.9849336541,57.583375,18001.477186822223,44.54589983876083,99.2866032608696,0.0032935714242079,64.64904389902156,0.3545198817667785,0.0005147923311596,0.1916394911863147,8538.92,28.96,-879.0798397411836,2.584634117983187,-35.00933209326896,43708.56,93.0,26368.037356277695,68.09836271026886,37739.56,90.0,19447.200806721274,58.15081132483234,41531.99,73.0,23446.891635453685,47.86895958919246,3.9e-05,41.0,0.2721638589896853,31.308481493909635,1.0,8.0,19505.6134755597,18.0,9850.52746102477,1.5351662452946853,0.0,0.0,1.0,1586.0,72.648,0.001,0.0,34254.273,65.292,15961.886558437716,30.805308552584354,34254.273,65.292,10449.577263875864,35.33226925720044,1.0,0.0,0.0
chr2-95049657-95049658-G-A,mcdb041_new,Pending,0.72,0.71,0.695,1.12,0.0,124.079,0.3,2.0,0.821,101.859,0.3,0.146,0.0,650.524,10.41,933.942,13.2,124.078946452135,0.383125,101.859383997376,0.318125,0.88326086956512,0.472001371582992,0.759429347825957,0.528606076261249,0.0697510875761509,0.0796402543783187,2892.14,0.51,3531.44,0.69,1.436,2224.16,2.5,2799.89,2.9,850.76,1.2,1249.17,1.4,1160.12,0.53,1324.67,0.57,0.123796,0.74,0.203076,0.55,1.0,9.0,323.035299579482,0.3,359.94793166265,0.3,9.0,0.0,0.0,817.0,15.93,0.0,0.0,450.287612913269,0.8,618.714080971019,1.1,358.69060370235,0.7,408.056217940272,0.7,1.0,3.0,0.0
chr2-96327042-96327043-G-C,mcdb041_new,Pending,3.8,5.07,5.65,29.9,0.16,745.852,0.89,2.0,1.747,1302.829,1.6,0.06,0.0,4022.908,300.8,6427.816,2363.94,745.851926274646,0.999999999999999,1302.82914234689,1.2625,2.61733695652164,0.117963828369815,3.76459239130428,0.071230920783906,0.0252317264676094,0.0211928822100162,11543.47,11.98,11509.19,11.94,1.598,4264.7,3.8,6366.15,4.9,4478.16,3.8,11730.27,6.4,2887.36,1.4,7006.8,2.7,0.118812,0.89,0.050652,1.6,0.0,9.0,2469.76904535209,7.6,2635.42197653288,8.0,6.0,0.0,0.0,40.0,3.206,0.05,0.0,5717.55037912256,17.0,6489.48151945545,18.0,3781.11598964987,14.0,4242.48191824338,14.0,1.0,3.0,0.0
chr20-16368651-16368652-C-G,mcdb041_new,Pending,0.835,2.42,0.883,4.32,0.758,209.658,0.3,2.0,0.527,110.576,0.18,0.09,0.0,1767.627,21.86,1862.808,35.79,209.657748742316,0.543625,110.576166855149,0.348,1.32733695652166,0.311217227914538,0.945516304347706,0.444499246528691,0.0209141261875629,0.006801787763834,2775.67,0.48,3850.51,0.81,1.054,2102.73,2.4,2760.72,2.9,2065.97,1.9,2088.44,1.9,2695.43,0.97,2131.45,0.82,0.432092,0.3,0.617866,0.18,0.0,9.0,1469.28411373604,2.5,1637.17642763048,2.8,9.0,0.0,0.0,21.0,7.975,0.095,0.0,415.422485675506,0.7,570.80793268218,1.1,251.026748042314,0.4,285.574878044459,0.5,5.0,3.0,0.0
chr20-3785920-3785921-G-A,mcdb041_new,Pending,0.2,7.28,0.251,6.18,2.357,66.143,0.06,2.0,1.09,72.111,0.11,0.074,0.0,102.567,62.28,125.639,51.68,66.1429314879284,0.172875,72.1106671578893,0.201625,0.299592391304316,0.78608714333923,0.429538043478246,0.705144707339055,0.296575013548136,0.198876138776541,707.03,0.06,865.96,0.11,1.225,112.65,0.15,94.82,0.13,192.18,0.28,236.04,0.32,71.57,0.07,102.34,0.1,0.523155,0.23,0.602238,0.19,2.0,10.0,792.984124177032,0.4,652.654042870543,0.3,6.0,0.0,0.0,422.0,12.147,0.194,0.0,92.484722968653,0.2,124.18524544285,0.3,78.0045615317482,0.2,127.092522631478,0.3,6.0,3.0,0.0
chr20-38647088-38647089-C-G,mcdb041_new,Pending,1.99,20.0,1.85,20.0,0.0,809.872,0.7,2.0,0.65,526.38,0.3,0.051,0.0,2549.102,948.41,2931.257,808.555,809.871706575136,0.958125,526.380383045782,0.813999999999999,2.85152173913036,0.103186635930532,2.22214673913037,0.150339073356879,0.005316212773323,0.0086668729782104,5124.15,1.78,5135.92,1.8,1.15,21606.46,16.0,16409.61,13.0,2952.5,2.2,3646.02,2.4,18490.81,6.7,14008.44,4.6,0.014234,2.4,0.022601,1.9,0.0,11.0,2145.7036159278,1.6,2216.49442399124,1.7,1.0,0.0,0.0,0.0,0.056,0.0,0.0,1588.94915360399,1.7,1321.63034009205,1.3,957.811396099371,0.7,480.04284394772,0.3,5.0,3.0,0.0
chr20-41365064-41365065-C-G,mcdb041_new,Reject,0.193,22.12,0.27,23.07,0.44,28.78,0.07,2.0,0.978,28.16,0.07,0.051,0.0,237.115,327.46,335.72,353.64,78.357383156414,0.225875,99.7277202929295,0.310375,0.255679347826074,0.814201977322307,0.442608695652154,0.697337959619049,0.392856672406197,0.277360618114471,745.29,0.0699999999999999,721.66,0.0699999999999999,1.416,247.23,0.36,273.73,0.4,28.78,0.09,28.16,0.09,227.0,0.16,397.71,0.23,0.674781,0.15,0.593389,0.19,3.0,8.0,134.472479246524,0.1,196.380048123136,0.1,7.0,6.0,0.0,47.0,1.215,0.362,0.0,5988.80262321453,12.0,4368.5770509361,7.7,8762.53972793552,15.0,6755.07227408038,13.0,1.0,3.0,1.0
chr20-56399047-56399048-C-T,mcdb041_new,Pending,0.306,9.69,1.391,8.6,2.268,66.22,0.04,2.0,7.68,508.6,0.19,0.062,0.0,92.019,88.9,1372.312,76.18,88.2585314985673,0.251625,146.770622971097,0.5285,0.121195652173924,0.90006433135442,0.881277173912963,0.473037499979828,0.629132024943829,0.11703559756279,95.78,0.88,1735.81,5.84,14.913,66.22,0.04,508.6,0.19,261.59,0.36,1700.36,1.9,376.03,0.09,2310.97,0.51,0.461375,0.06,0.175211,0.32,6.0,9.0,392.492572310797,0.4,2192.64171894287,5.6,3.0,0.0,0.0,1202.0,22.016,0.103,0.0,82.1883004726578,1.3,1044.26326331658,9.3,72.5387387302151,1.2,733.786977374123,7.4,1.0,3.0,0.0
chr20-62475220-62475221-C-A,mcdb041_new,Pending,0.9,5.51,15.5,10.49,0.0,149.592,0.22,2.0,135.37,20250.258,17.0,0.138,0.0,576.985,45.69,18233.479,98.84,149.591967575586,0.377875,20250.2580894177,8.946,0.305706521739097,0.781880443797278,46.2246739130435,0.0055914415814184,0.513603389263153,0.0359055735170841,8718.72,5.52,35466.12,47.1,31.601,1949.16,2.3,27946.96,24.0,563.96,1.2,20813.9,19.0,245.61,0.38,16216.7,8.9,0.414166,0.22,0.000188,17.0,1.0,10.0,801.610620817419,0.6,5681.68344658443,5.8,10.0,0.0,0.0,0.0,0.064,0.0,0.0,360.337947120492,1.9,5843.99721101603,14.0,590.010852485303,2.7,4016.61309668767,9.8,1.0,3.0,0.0
chr20-63940676-63940677-C-T,mcdb041_new,Pending,0.87,0.98,0.795,0.92,2.152,164.56,0.13,2.0,0.475,78.2,0.06,0.091,0.0,752.322,56.2,605.07,55.945,283.425240601727,0.615125,93.7718885985401,0.2185,1.01682065217378,0.415514713770049,0.621249999999918,0.596774431665985,0.231776103377342,0.135357666760683,1333.41,2.36,448.01,1.2,0.804,413.89,0.6,567.99,0.79,711.66,0.94,642.15,0.83,164.56,0.16,78.2,0.1,0.576118,0.13,0.786203,0.06,1.0,10.0,792.984124177032,0.8,751.224325876238,0.8,5.0,0.0,0.0,585.0,21.741,0.099,0.0,967.58694480847,3.9,705.813563714814,2.7,1659.31943518871,6.3,1098.82871489505,4.4,1.0,3.0,0.0
chr21-26000047-26000048-C-T,mcdb041_new,Pending,1.4,98.45,2.0,98.01,6.856,347.811,1.1,2.0,0.932,324.112,2.3,0.071,0.0,2142.775,15305.42,2154.498,14572.69,347.810918305838,1.214,324.112400336941,1.1385,1.10855978260854,0.381257164226363,1.27247282608684,0.326909227451255,0.247559662908316,0.16092374175787,455.38,2.54,823.54,3.68,1.005,19518.5,8.3,22205.61,12.0,1894.66,1.8,1785.2,1.8,5671.67,1.5,8306.0,2.2,0.045656,1.1,0.015239,2.3,2.0,10.0,2390.88910567882,1.3,2523.79620595976,1.4,8.0,0.0,0.0,1687.0,83.609,0.082,0.0,2142.775,1.4,2154.498,2.0,2142.775,1.4,2154.498,2.0,1.0,3.0,0.0
chr21-26930045-26930046-C-T,mcdb041_new,Pending,30.596,12.0,54.612,12.0,0.0,9657.691,4.561,2.0,1.921,18555.353,10.311,0.103,0.0,18842.482,365.005,24977.121,571.97,9657.69133018852,4.56125,18555.3528067624,10.31075,22.1923097826087,0.0107605172622889,46.2246739130435,0.0055692065161286,0.0191327854990959,0.0107758678495883,11252.26,86.52,11310.52,87.69,1.326,41036.62,70.0,43534.4,92.0,24614.3,40.0,31398.89,64.0,35964.34,39.0,40175.09,63.0,0.000363,17.0,7.5e-05,32.0,0.0,11.0,13070.6662017418,8.1,11112.5358162574,6.0,11.0,0.0,0.0,222.0,1.932,0.0,0.0,18842.482,30.596,24977.121,54.612,18842.482,30.596,24977.121,54.612,1.0,3.0,0.0
chr21-30430734-30430735-C-T,mcdb041_new,Pending,0.445,15.0,0.395,7.5,0.0,62.188,0.167,2.0,1.875,116.603,0.121,0.168,0.0,82.18,181.095,124.345,83.095,67.343757923538,0.166625,55.1455537963647,0.12125,0.380624999999981,0.736040620460576,0.342690217391279,0.75934367336987,0.223504740744829,0.203574720770121,3936.85,2.97,2754.11,2.34,1.513,94.1,0.27,54.45,0.17,70.26,0.28,57.2,0.26,382.13,0.49,250.08,0.39,0.058685,1.2,0.163504,0.52,5.0,10.0,482.07196139087,0.4,476.884165661415,0.4,9.0,1.0,1.0,0.0,0.0,0.0,0.0,62.1884883062507,0.5,116.603074039235,0.7,62.7855929348811,0.5,132.086976744357,0.8,6.0,3.0,3.0
chr21-46566567-46566568-G-A,mcdb041_new,Accept,0.278,11.79,0.22,17.94,5.124,25.871,0.07,2.0,0.899,23.271,0.06,0.142,0.0,288.54,116.33,236.16,224.72,72.3025917325893,0.1655,53.5196733070479,0.07025,0.151440217391325,0.880959964676708,0.069728260869553,0.934886118675692,0.51888021081686,0.623608216643333,471.79,2.6,244.38,1.69,0.818,272.71,0.11,267.5,0.11,304.37,0.39,241.2,0.33,323.01,0.07,231.12,0.06,0.323897,0.14,0.548992,0.04,2.0,9.0,846.171342146649,1.3,645.630535743832,0.8,4.0,0.0,0.0,404.0,31.824,0.161,0.0,25.8708084251661,0.5,23.2707296106638,0.4,63.0332935468945,1.1,46.7272260492399,0.8,1.0,3.0,0.0
chr22-41169524-41169525-G-A,mcdb041_new,Accept,0.02,0.17,0.02,1.5,20.853,4.27,0.0,2.0,1.276,5.45,0.0,0.061,0.0,13.615,11.085,14.915,26.37,20.5441388879663,0.00025,19.6996857910496,0.0,0.0011141304347574,0.990328343199302,0.0008423913043174,0.99169465002062,0.915995724499226,0.947907455265522,5.53,0.02,6.35,0.02,1.095,7.03,0.02,7.28,0.02,8.43,0.03,10.13,0.06,4.27,0.02,5.45,0.02,0.993426,0.01,0.996261,0.01,8.0,9.0,74.9702625427557,0.2,57.2024699483931,0.2,4.0,0.0,0.0,2447.0,270.821,0.077,0.0,28.6042127803173,0.3,34.4691044463246,0.3,18.8005259957194,0.2,25.8327118704324,0.2,1.0,3.0,0.0
chr22-43339217-43339218-C-G,mcdb041_new,Pending,60.372,41.46,60.372,36.29,0.017,8881.08,6.8,2.0,0.962,8544.97,8.2,0.088,0.0,33047.059,1170.98,33438.687,876.53,21197.625511686,13.38575,21359.7026942889,13.71425,62.7446739130435,0.0047647429143394,62.7446739130435,0.0047051591049672,0.0030032433569431,0.0015207827091217,8881.08,34.6,8544.97,29.05,1.012,20919.11,6.8,22976.46,8.2,35367.39,79.0,37132.0,87.0,42842.83,83.0,42477.72,80.0,2.4e-05,48.0,1.8e-05,53.0,0.0,9.0,30726.7307012736,75.0,29745.3747041878,74.0,9.0,0.0,0.0,8.0,0.139,0.125,0.0,44711.5782431647,58.0,44711.5782431647,58.0,57449.9956314292,69.0,50267.8140643876,63.0,1.0,3.0,0.0
chr22-43946250-43946251-G-C,mcdb041_new,Pending,10.95,15.97,1.05,13.01,0.09,2169.046,2.293,2.0,0.235,508.87,0.013,0.068,0.0,10272.432,185.31,370.902,134.39,5512.66354842371,2.293,43.6737126443018,0.01275,12.8054619565217,0.0187055725703922,0.415271739130446,0.71413219035579,0.0237559825181961,0.073535818606615,33957.66,59.89,232.24,0.8,0.036,29574.97,23.0,2240.02,2.4,22209.93,9.9,1177.0,2.0,15032.2,5.7,311.04,0.27,0.018429,2.7,0.759413,0.07,0.0,9.0,2169.04570370701,6.8,508.869852753973,1.5,2.0,0.0,0.0,23.0,0.52,0.174,0.0,5226.48851032919,16.0,385.664798049305,1.4,3066.33782283453,12.0,356.139381389737,1.3,1.0,3.0,0.0
chr22-46536213-46536214-G-C,mcdb041_new,Pending,0.35,21.0,0.47,18.0,1.031,97.788,0.117,2.0,1.536,150.176,0.298,0.07,0.0,262.726,254.46,335.22,210.36,97.7878364280614,0.23375,150.175637486645,0.381625,0.116820652173914,0.90387227032996,0.297798913043437,0.787369688381074,0.669453710317612,0.523853704333305,1266.85,2.28,2042.0,3.13,1.276,186.44,0.26,172.23,0.25,260.18,0.43,354.15,0.5,223.92,0.2,316.29,0.27,0.397878,0.27,0.263393,0.44,1.0,10.0,1085.26206538749,1.3,1109.00259611381,1.4,4.0,0.0,0.0,194.0,11.084,0.093,0.0,265.271137698151,0.8,276.496730337774,0.8,530.798882664104,2.0,496.512286675183,1.7,1.0,3.0,0.0
chr3-105681607-105681608-C-T,mcdb041_new,Accept,0.375,2.8,0.526,6.7,1.441,21.14,0.06,2.0,1.406,29.73,0.1,0.054,0.0,276.114,68.7,463.089,154.45,327.818885486936,0.6105,479.908034959059,0.749875,0.230027173913044,0.830578526742264,0.321684782608685,0.771776486695933,0.817478515207767,0.817153923213482,224.41,0.51,446.27,0.78,1.677,86.89,0.25,123.83,0.32,21.14,0.06,29.73,0.1,384.09,0.5,647.46,0.73,0.454302,0.19,0.312273,0.29,1.0,8.0,170.612462791562,0.2,216.465202567124,0.2,6.0,0.0,0.0,426.0,55.414,0.026,0.0,30019.261222417,45.0,20436.1932108447,33.0,17324.4717031785,28.0,17687.2371961514,29.0,1.0,3.0,0.0
chr3-1374018-1374019-A-G,mcdb041_new,Pending,0.325,0.21,0.354,0.07,0.0,27.278,0.06,2.0,1.897,51.738,0.06,0.176,0.0,129.941,9.025,190.069,6.75,64.8431582948215,0.12775,68.7227850876959,0.14775,0.0834782608695547,0.925507849558205,0.0778260869565201,0.92981617959254,0.635418422520161,0.669522602111101,66.09,0.65,54.28,0.56,1.463,159.52,0.08,212.81,0.1,367.82,0.51,434.98,0.62,227.5,0.06,214.07,0.06,0.309931,0.15,0.330636,0.14,1.0,9.0,1222.42801093886,2.2,1691.18996491218,3.8,9.0,0.0,0.0,0.0,0.098,0.0,1.0,27.2778414025437,0.5,51.7380433060632,0.9,100.362160080144,1.5,167.328531639223,2.4,1.0,3.0,0.0
chr3-151338059-151338060-G-C,mcdb041_new,Pending,4.383,12.0,1.802,15.0,0.092,640.575,0.34,2.0,0.512,327.771,0.16,0.06,0.0,1511.503,166.485,551.47,201.015,2011.41668263399,4.64275,568.610356011265,1.8135,4.58573369565214,0.0567421250716546,1.78961956521732,0.207313804153997,0.0717761404812336,0.140293177217245,1011.59,4.18,290.25,1.89,0.365,932.31,0.34,425.37,0.16,2693.07,2.8,1304.42,1.6,3358.46,0.78,1507.22,0.33,0.027181,1.6,0.076514,0.71,0.0,9.0,3890.56865327316,13.0,2936.56665617096,8.2,4.0,0.0,0.0,186.0,2.881,0.032,0.0,858.637792871801,8.3,534.33054336114,5.9,640.575021743664,6.7,327.77060292707,4.1,1.0,3.0,0.0
chr3-172447573-172447574-G-C,mcdb041_new,Pending,2.51,2.2,2.834,1.98,0.0,499.285,1.3,2.0,0.943,470.897,1.4,0.082,0.0,4649.498,39.775,5200.554,30.69,499.284886770558,1.63475,470.896788932823,1.5635,2.120054347826,0.161807655798729,2.06812499999994,0.167539813624797,0.0187771543860435,0.0144850313663482,9387.93,18.72,10909.24,21.18,1.119,19303.63,8.2,26262.68,15.0,1103.02,1.3,1369.5,1.4,4963.86,1.3,5246.61,1.4,0.009729,2.9,0.006524,3.6,0.0,10.0,4335.13656730463,3.5,5154.49714516903,4.6,9.0,0.0,0.0,0.0,0.009,0.0,0.0,4649.498,2.51,5200.554,2.834,4649.498,2.51,5200.554,2.834,6.0,3.0,0.0
chr3-190408435-190408436-G-A,mcdb041_new,Pending,19.0,3.46,20.0,4.82,0.0,3534.191,0.56,2.0,0.641,2266.157,1.5,0.121,0.0,13753.737,29.29,10439.834,39.86,30006.5074412332,47.388375,28561.6791568882,37.451375,99.2866032608696,0.0033773582974597,99.2866032608696,0.0035399384315015,0.0007497444748878,0.0005360640952858,7202.56,13.47,7388.19,15.11,0.759,7453.25,0.56,10518.23,1.5,18679.43,23.0,24349.41,39.0,27030.11,13.0,31777.58,24.0,1.9e-05,52.0,6e-06,71.0,1.0,9.0,16404.994680201,47.0,7054.34074560516,16.0,3.0,0.0,0.0,8.0,0.596,0.0,0.0,11102.4800125616,15.0,10361.4372212357,14.0,3534.19086497382,3.3,2266.15702810101,1.8,1.0,3.0,0.0
chr3-38265941-38265942-C-T,mcdb041_new,Pending,0.18,16.0,1.04,27.7,0.0,10.77,0.03,2.0,11.359,122.34,0.22,0.067,0.0,43.694,365.7,381.061,929.45,51.7019453104173,0.106375,1545.11671315973,1.2595,0.225298913043474,0.833263077300866,3.13263586956514,0.0904696705672803,0.315841392613947,0.14150920137763,39.17,0.15,245.12,0.54,8.721,18.16,0.06,294.7,0.64,43.65,0.21,476.88,0.98,10.77,0.03,122.34,0.22,0.64712,0.1,0.087843,0.88,11.0,10.0,326.549446762997,0.3,1407.05120650257,1.1,2.0,0.0,0.0,4.0,0.081,0.0,0.0,72.0626120628012,0.6,467.422915553616,2.3,43.738108742604,0.4,268.447893239764,1.5,1.0,3.0,0.0
chr3-52414007-52414008-G-C,mcdb041_new,Pending,2.4,30.66,2.51,32.81,0.942,232.24,0.24,2.0,1.746,405.44,0.39,0.128,0.0,1868.848,615.9,2697.116,707.85,5283.27333677881,8.9915,5295.13749760202,8.9915,12.8054619565217,0.0181515195189374,13.5008967391304,0.0179865617091617,0.0034299418330192,0.0014179944992065,787.55,3.59,368.1,2.22,1.443,6392.94,2.3,8429.22,3.0,232.24,0.24,405.44,0.39,2804.98,0.63,4388.13,1.2,0.013116,2.5,0.010568,2.8,0.0,10.0,932.715175165956,0.3,1006.1015840455,0.4,6.0,0.0,0.0,126.0,6.589,0.143,0.0,1868.848,2.4,2697.116,2.51,1868.848,2.4,2697.116,2.51,1.0,3.0,0.0
chr3-64686659-64686660-C-T,mcdb041_new,Pending,1.965,34.05,2.65,16.53,0.0,130.904,0.34,2.0,0.928,121.419,0.46,0.094,0.0,1329.405,765.23,1569.522,196.18,130.903588313786,0.34175,121.41901191205,0.320625,0.82084239130424,0.500140155204104,0.598206521739087,0.608781298323632,0.116295918822288,0.220467556267977,1903.83,1.83,3570.23,2.78,1.181,3202.49,3.2,3962.45,3.6,1085.26,2.1,1709.59,2.6,2161.62,1.7,4180.14,2.7,0.260835,0.34,0.186314,0.46,3.0,9.0,1318.60914342724,2.9,674.186330339194,1.4,4.0,0.0,0.0,237.0,5.454,0.0,0.0,1231.48747740937,2.9,1248.6191747375,2.9,1340.20119240209,3.1,1429.45339348424,3.3,1.0,3.0,0.0
chr4-109913372-109913373-C-T,mcdb041_new,Pending,0.16,4.49,0.26,2.53,0.1,36.28,0.03,2.0,1.551,56.26,0.05,0.054,0.0,61.42,37.1,113.62,22.57,57.5251351507644,0.13225,56.9259283261334,0.129375,0.0557608695652334,0.944899964233602,0.0904347826086962,0.920270535715993,0.693630214780569,0.578860156238079,36.28,0.14,56.26,0.2,1.85,62.16,0.18,106.98,0.3,56.28,0.34,96.15,0.49,60.68,0.14,120.26,0.22,0.876224,0.03,0.805929,0.05,4.0,9.0,537.157411716568,1.2,784.45046119223,1.6,7.0,0.0,0.0,7.0,0.349,0.286,0.0,210.1019097486,0.7,377.94621465977,1.1,142.616574191059,0.6,318.544418628399,0.9,1.0,3.0,0.0
chr4-44678664-44678665-C-T,mcdb041_new,Pending,2.825,0.14,9.182,0.25,1.528,1172.781,0.42,2.0,4.678,5486.849,2.3,0.079,0.0,2980.11,5.56,9786.784,6.78,1172.78140707823,3.149875,5486.84896648166,9.20875,2.41345108695644,0.132497811449268,9.15535326086956,0.0263814736209878,0.187024507671595,0.121868330985308,3281.68,8.84,25187.97,48.0,3.284,11521.71,4.2,27231.48,16.0,2678.54,2.5,9919.14,9.0,1911.28,0.42,8499.37,2.3,0.038155,1.3,0.004355,4.4,0.0,11.0,5620.54026572972,5.3,9654.42834743743,12.0,1.0,0.0,0.0,141.0,11.94,0.128,0.0,2980.11,2.825,9786.784,9.182,2980.11,2.825,9786.784,9.182,1.0,3.0,0.0
chr4-8270022-8270023-G-C,mcdb041_new,Pending,14.74,0.08,13.5,0.3,0.0,2523.796,3.8,2.0,1.176,2968.512,4.3,0.103,0.0,13393.31,4.83,13412.38,7.27,26155.6801761515,14.480875,25191.6109220866,11.891625,27.6173913043478,0.0083518090145931,37.3590489130435,0.0065205659900546,0.220350194722414,0.139561332762241,9916.45,10.35,10417.9,10.85,1.001,16481.14,12.0,16514.7,12.0,11417.23,6.1,12382.34,6.4,26255.86,15.0,26424.57,15.0,0.000113,26.0,8.6e-05,29.0,0.0,11.0,2523.79620595976,3.8,2968.51216632858,4.3,8.0,0.0,0.0,12.0,2.669,0.0,0.0,12310.9055672978,21.0,12310.9055672978,21.0,14475.7141978133,24.0,14442.4209790354,24.0,1.0,3.0,0.0
chr5-140672633-140672634-C-G,mcdb041_new,Pending,19.0,34.92,24.5,31.94,0.182,6326.66,4.3,2.0,1.202,7607.74,4.9,0.227,0.0,22944.021,807.19,27249.166,669.78,13277.0361958476,6.329625,13498.7189302447,6.49425,31.6431793478261,0.0075862116771331,31.6431793478261,0.0075219224200802,0.006812322884798,0.008934661746025,6326.66,7.56,7607.74,17.24,1.188,35816.03,33.0,35948.02,33.0,22695.78,34.0,25702.97,43.0,28217.99,15.0,29330.23,18.0,0.004416,4.3,0.003595,4.9,1.0,11.0,23192.2633609337,23.0,28795.3614360886,31.0,1.0,0.0,0.0,61.0,1.39,0.131,0.0,22944.021,19.0,27249.166,24.5,22944.021,19.0,27249.166,24.5,1.0,3.0,0.0
chr5-155015366-155015367-A-C,mcdb041_new,Pending,0.16,3.09,3.0,10.06,0.0,63.634,0.1,2.0,13.183,838.861,3.9,0.238,0.0,78.62,26.58,4040.876,93.41,67.3766559485434,0.112625,5403.21234935113,2.272375,0.64290760869558,0.586410009896342,12.8054619565217,0.0187448777045073,0.0324796251952648,0.0188549011945724,80.21,0.36,9613.81,10.06,51.398,70.84,0.12,5583.93,4.5,77.03,0.11,2678.54,2.6,81.82,0.1,10305.42,3.9,0.656472,0.11,0.024474,2.3,3.0,10.0,228.498283614918,0.2,1170.65092555888,1.5,10.0,0.0,0.0,1.0,0.009,0.0,0.0,63.6341137576079,0.2,838.860992630316,3.2,97.9332122998507,0.3,729.339945070221,2.8,6.0,3.0,0.0
chr5-157731544-157731545-C-G,mcdb041_new,Pending,0.245,7.45,0.245,7.46,0.929,58.238,0.06,2.0,1.175,68.424,0.034,0.081,0.0,113.273,64.07,144.251,64.16,58.9712145372203,0.077,56.2389986559526,0.06575,0.0601358695652436,0.941051657323986,0.0344021739130369,0.959941062539975,0.680211838334799,0.78198978304863,138.55,0.56,181.08,0.67,1.273,90.98,0.14,108.28,0.16,375.87,0.84,367.82,0.83,107.8,0.12,123.07,0.13,0.493909,0.19,0.482662,0.19,2.0,9.0,214.135722026058,0.4,218.820024417617,0.4,1.0,0.0,0.0,425.0,11.617,0.08,0.0,58.2384757693979,0.3,68.4242427848707,0.3,118.746276380498,0.5,165.432182763914,0.6,1.0,3.0,0.0
chr5-181204635-181204636-G-A,mcdb041_new,Pending,0.445,4.78,0.325,6.79,0.0,24.95,0.11,2.0,1.137,28.36,0.13,0.102,0.0,303.532,285.73,343.76,392.72,145.410069494241,0.370375,68.3754043305562,0.12075,0.881277173912963,0.47321404959261,0.222663043478235,0.835768977397514,0.11467894911766,0.397708509117365,24.95,0.11,28.36,0.13,1.133,137.78,0.2,302.68,0.43,62.04,0.2,67.65,0.22,725.29,0.49,384.84,0.32,0.035489,1.9,0.333588,0.33,4.0,11.0,461.653351148899,0.4,520.001579145507,0.5,1.0,1.0,1.0,7.0,0.567,0.0,0.0,5614.22740747814,12.0,5537.19731966418,12.0,5195.65134524733,12.0,3977.77304061527,8.8,1.0,3.0,1.0
chr5-35066032-35066033-C-G,mcdb041_new,Pending,0.8,18.0,1.795,57.0,0.0,82.143,0.079,2.0,1.85,151.946,0.418,0.052,0.0,650.385,276.625,2153.895,2341.69,82.1429668165946,0.246375,151.945843997993,0.44675,0.0794021739130386,0.928168757878077,0.418288043478256,0.712362124495063,0.711436092853546,0.413378424942493,5477.77,2.52,5298.17,2.09,3.312,1273.06,1.7,3672.91,3.5,525.66,0.8,1477.25,1.5,775.11,0.38,3417.96,1.3,0.407631,0.32,0.227978,0.51,3.0,9.0,1249.16910019277,2.0,1804.62185661009,3.3,3.0,0.0,0.0,7.0,0.278,0.0,0.0,470.424573675162,0.8,2503.16801014614,3.8,519.660850774943,0.9,1639.53238678174,2.7,1.0,3.0,0.0
chr5-53646358-53646359-G-C,mcdb041_new,Pending,0.04,8.51,0.025,13.07,5.823,14.3,0.006,2.0,0.895,12.8,0.001,0.059,0.0,39.553,424.39,36.716,707.25,39.1579597092133,0.00625,35.6325306852802,0.00075,0.0225815217391556,0.967860818372221,0.0108695652174048,0.97731882266029,0.747184924781322,0.822542004287243,1092.84,0.16,1116.16,0.16,0.928,35.25,0.03,33.78,0.03,22.93,0.05,15.96,0.02,14.3,0.02,12.8,0.02,0.979116,0.01,0.993124,0.01,1.0,9.0,124.663874925129,0.2,111.879604356001,0.2,4.0,0.0,0.0,1304.0,43.136,0.135,0.0,39.947536294223,0.2,37.7998433466025,0.2,43.5231179298983,0.2,41.8523645949305,0.2,1.0,3.0,0.0
chr5-93621066-93621067-C-T,mcdb041_new,Pending,8.0,3.19,14.939,4.2,4.463,516.9,2.3,2.0,0.342,176.74,4.9,0.06,0.0,4734.516,27.34,8064.538,34.85,5273.27730161496,8.9915,9951.61518577295,14.877125,7.14706521739129,0.0341234521578566,16.1575543478261,0.0143245001935225,0.185953516513109,0.109242096543312,516.9,2.75,176.74,1.36,1.703,18748.48,7.8,26184.08,15.0,20149.14,22.0,25982.58,31.0,10971.92,3.2,17896.0,6.6,0.015063,2.3,0.003625,4.9,0.0,9.0,2936.56665617096,8.2,2936.56665617096,8.2,5.0,0.0,0.0,228.0,28.244,0.158,0.0,4195.75383307728,22.0,6177.46082556968,27.0,2363.57833226999,17.0,4154.99016373853,22.0,1.0,3.0,0.0
chr6-104772014-104772015-G-A,mcdb041_new,Accept,0.4,6.89,0.5,13.35,7.634,7.41,0.03,2.0,25.683,190.31,0.46,0.121,0.0,80.107,58.48,171.32,139.55,86.0034788443282,0.230375,100.978407192473,0.27425,0.391440217391278,0.729491534380756,0.369809782608684,0.742607813751719,0.281197786331177,0.344350751489401,7.41,0.03,190.31,0.46,2.139,233.95,0.54,344.99,0.71,177.2,0.49,214.14,0.59,74.21,0.16,152.33,0.26,0.18511,0.46,0.155799,0.54,4.0,10.0,1183.38587947348,1.0,1437.8310001274,1.1,4.0,0.0,0.0,400.0,16.965,0.45,0.0,51.0164224215698,0.4,62.7639113038298,0.5,56.7361680129481,0.4,61.781720729721,0.5,1.0,3.0,0.0
chr6-112350486-112350487-C-G,mcdb041_new,Pending,0.284,26.14,0.264,29.75,0.024,88.02,0.13,2.0,0.899,79.172,0.18,0.086,0.0,287.192,449.01,280.553,580.19,88.0202163812793,0.268125,79.1721658971219,0.229,0.20252717391304,0.84846379950375,0.0918750000000017,0.91925593716459,0.494042821228504,0.665537517517805,2830.52,0.49,3169.4,0.58,0.977,366.24,0.55,354.01,0.52,96.15,0.13,113.1,0.18,278.13,0.18,282.82,0.18,0.598789,0.19,0.625105,0.17,1.0,9.0,363.863633791522,0.3,340.992504225032,0.3,8.0,0.0,0.0,3.0,0.036,0.667,0.0,282.156461341664,0.5,278.285129559579,0.5,292.226771474326,0.5,269.600069611898,0.5,2.0,3.0,0.0
chr6-21594749-21594750-C-G,mcdb041_new,Pending,0.675,13.26,0.968,29.9,3.897,41.742,0.11,2.0,3.048,127.224,0.36,0.153,0.0,311.86,138.11,661.39,585.91,94.9072059359588,0.289375,94.0133706619598,0.28275,0.81081521739118,0.505214626485067,0.735570652173806,0.540658519437967,0.0337519869208335,0.071326408535242,380.6,2.26,405.08,2.35,2.121,245.81,0.11,1039.34,0.36,377.91,0.55,917.7,1.2,2256.01,0.5,2858.63,0.65,0.130959,0.42,0.153633,0.35,1.0,9.0,1619.55802714288,3.5,2842.77804823565,7.9,3.0,0.0,0.0,862.0,8.309,0.469,0.0,82.9487794537678,1.3,216.177256041513,3.0,41.7416872694314,0.8,127.224279487118,1.9,6.0,3.0,0.0
chr6-21594979-21594980-C-T,mcdb041_new,Pending,7.15,0.08,64.0,0.11,5.268,4337.62,2.0,2.0,9.221,39998.99,63.0,0.178,0.0,6386.024,4.78,40910.24,5.23,5778.39602591698,2.409875,29606.3160325553,39.953375,14.2770380434783,0.0169268381107834,99.2866032608696,0.0034163031417606,0.0079277120530605,0.0003151444061586,6470.75,4.29,35319.56,46.45,6.406,9266.24,6.8,41821.49,65.0,7247.76,7.5,38565.12,75.0,4337.62,2.7,39998.99,57.0,0.021061,2.0,4e-06,63.0,0.0,9.0,5382.47700914843,14.0,50000.0,60.0,9.0,0.0,0.0,194.0,8.309,0.634,0.0,6301.29772885727,12.0,553898.258892086,87.0,6670.67834791509,13.0,851471.272437638,93.0,6.0,3.0,0.0
chr6-26055810-26055811-C-G,mcdb041_new,Pending,18.406,6.68,28.355,9.1,90.088,7856.86,0.64,2.0,1.182,9285.1,0.98,0.089,0.0,13774.287,842.34,20864.272,875.03,23954.823381631,18.811875,24572.3875297001,20.137125,62.7446739130435,0.0044437312302854,62.7446739130435,0.0044313278569818,0.0167692452669143,0.0229637399315834,9207.59,40.57,8772.29,32.71,1.515,7856.86,0.64,9285.1,0.98,14564.23,13.0,16404.99,17.0,36803.61,43.0,39101.66,56.0,0.001828,7.2,0.001305,8.6,0.0,9.0,43911.9137028012,87.0,50000.0,90.0,3.0,0.0,0.0,2609.0,638.923,0.141,0.0,12984.343613501,18.0,17156.1565292973,24.0,10526.6455560631,14.0,27057.6453440072,38.0,6.0,3.0,0.0
chr6-26204666-26204667-G-A,mcdb041_new,Pending,1.6,31.34,35.0,51.34,203.006,105.544,0.26,2.0,223.141,23551.283,9.295,0.088,0.0,1300.423,643.93,21458.651,1893.99,105.544207149743,0.2605,23551.282512162,9.295125,0.802418478260719,0.508706823742275,62.7446739130435,0.0042864469579595,0.066865149885416,0.00187524035573,6290.59,7.01,19366.02,21.52,16.501,1746.06,2.0,37744.46,36.0,1407.05,1.7,40489.28,62.0,3051.79,1.5,40313.56,61.0,0.16403,0.69,4.9e-05,36.0,1.0,10.0,1017.04648403787,1.2,17316.9316947162,23.0,2.0,0.0,0.0,3929.0,1677.738,0.121,0.0,710.706029609596,2.7,8967.88437161002,28.0,1193.79567182819,4.8,12131.932910501,34.0,6.0,3.0,0.0
chr6-27146458-27146459-C-G,mcdb041_new,Pending,7.074,4.72,5.94,5.23,436.599,1912.67,1.957,2.0,1.076,2058.923,1.769,0.119,0.0,3598.171,39.02,3246.77,43.24,3758.46695296334,1.957125,2967.47679102749,1.768625,7.3480163043478,0.0337658331448063,6.47915760869564,0.0387019153089927,0.0899011865258216,0.0650381632149219,11852.2,12.3,8907.65,9.39,0.902,20190.61,15.0,19738.51,15.0,1989.19,2.6,1414.68,2.2,17292.96,6.8,14314.11,5.4,0.001704,7.6,0.001321,8.5,0.0,11.0,1925.66187886762,2.9,1989.19309513165,3.0,10.0,0.0,0.0,11345.0,2030.692,0.215,0.0,3437.8743522012,8.1,3526.06245154547,8.3,1912.66979713034,3.0,2058.92250177124,3.8,6.0,3.0,0.0
chr6-41684984-41684985-C-G,mcdb041_new,Pending,1.743,3.29,2.599,9.07,0.57,571.847,0.3,2.0,0.944,539.859,0.3,0.148,0.0,3935.737,209.6,4617.905,524.12,3796.60384476358,1.68575,9738.44135605392,2.698625,1.95434782608687,0.182474641375591,6.63130434782606,0.0379560762863294,0.616759426891804,0.385572247207165,4074.87,0.91,5366.23,2.23,1.173,5511.72,4.7,9953.0,7.3,2010.83,1.8,3869.58,2.5,14597.83,4.9,18859.36,6.9,0.030884,1.6,0.008997,3.0,0.0,11.0,4288.48419012512,3.6,3167.61691360185,2.4,11.0,0.0,0.0,127.0,12.133,0.047,0.0,588.992819133739,0.3,599.943013195343,0.3,571.847201363453,0.3,539.858570020834,0.3,1.0,3.0,0.0
chr6-53654456-53654457-GA-G,mcdb041_new,Pending,2.86,3.17,12.905,18.92,0.0,901.82,1.8,2.0,18.967,17104.879,19.0,0.113,0.0,4065.925,27.22,17692.219,246.53,7989.15147879071,2.391,23823.0361129231,7.515125,18.6179891304348,0.0126742869548775,62.7446739130435,0.0048679897612308,0.0138733647763729,0.0411477424204349,5591.17,2.92,6007.44,12.81,4.351,3472.56,3.4,15470.62,12.0,4406.07,2.8,18279.56,9.0,5597.24,1.9,22269.37,9.0,0.004259,4.3,0.000325,13.0,0.0,10.0,3725.77996753086,3.1,13501.8921247818,16.0,8.0,0.0,0.0,0.0,0.045,0.0,0.0,1371.10274400742,2.6,27168.7714240622,25.0,901.820285336809,1.8,17104.8787506665,19.0,1.0,0.0,0.0
chr7-128351198-128351199-G-A,mcdb041_new,Pending,0.76,0.68,2.9,0.81,0.064,53.575,0.02,2.0,11.612,622.132,0.7,0.094,0.0,319.735,10.2,3097.417,11.15,53.575465320196,0.07025,622.132001379497,1.943875,0.338559782608684,0.762290850620738,2.29201086956516,0.143255660240947,0.200222183018923,0.0385628789663314,20719.48,38.55,43508.95,99.07,9.687,3954.1,1.4,9673.67,3.5,314.41,0.42,3289.87,3.3,325.06,0.07,9294.86,2.5,0.758431,0.02,0.077179,0.7,3.0,9.0,1170.65092555888,2.1,2904.96492618402,8.1,1.0,0.0,0.0,12.0,0.777,0.083,0.0,60.0910786806389,1.1,104.667053875453,1.6,77.3695373685824,1.3,441.133459704559,5.2,5.0,3.0,0.0
chr7-140456856-140456857-C-G,mcdb041_new,Pending,2.35,5.07,6.85,7.6,13.716,42.541,0.17,2.0,5.623,239.227,1.3,0.092,0.0,812.688,44.45,6793.425,64.4,15420.6620487422,24.33,20744.6435645792,39.2655,37.3590489130435,0.0065135304065633,62.7446739130435,0.0049101722713975,0.0045098923146724,0.005611763743218,788.31,3.59,14772.98,27.65,8.359,454.77,0.17,3667.71,1.3,3000.81,3.1,9919.14,9.4,6266.85,1.6,13665.47,4.3,0.004465,4.4,0.000583,12.0,2.0,9.0,837.065307307968,1.3,1437.8310001274,2.9,1.0,0.0,0.0,507.0,144.377,0.095,0.0,42.5412258310538,0.8,239.226893090567,3.2,64.5015275669127,1.1,282.858998914708,3.6,5.0,3.0,0.0
chr7-27108677-27108678-G-A,mcdb041_new,Pending,14.5,3.5,14.5,3.25,0.126,2646.061,3.0,2.0,0.617,1631.459,2.3,0.08,0.0,10935.967,29.61,7145.795,27.75,2646.06127062062,5.58125,1631.45919631948,3.96975,5.67187499999996,0.0442898331086372,4.45459239130432,0.0586192030646922,0.0733307264745235,0.0240590013563632,11534.27,22.22,9008.31,18.12,0.653,27331.84,16.0,27963.3,17.0,19717.81,22.0,17695.75,19.0,10428.14,3.0,8634.8,2.3,0.0059,3.8,0.018642,2.0,0.0,9.0,3725.77996753086,13.0,3529.57450109899,12.0,1.0,0.0,0.0,53.0,1.344,0.094,0.0,9349.96531931505,32.0,3514.06669579834,20.0,11443.7931710564,35.0,5656.78926412014,26.0,1.0,3.0,0.0
chr7-43619695-43619696-G-C,mcdb041_new,Pending,1.1,5.58,1.1,8.52,3.327,96.559,0.225,2.0,0.97,93.7,0.218,0.1,0.0,813.114,46.28,696.331,75.35,96.5586096223593,0.22525,93.7003022253545,0.2185,0.596195652173861,0.609685388667595,0.646739130434725,0.58360258538313,0.158644836395979,0.11975485086441,3298.05,4.35,2432.76,3.53,0.856,1534.05,1.8,1648.77,2.0,522.82,1.2,545.95,1.2,863.06,0.56,834.68,0.54,0.270899,0.43,0.290401,0.4,2.0,9.0,1039.29477233106,3.3,1121.06690721145,3.6,5.0,0.0,0.0,1522.0,52.807,0.063,0.0,251.889462686618,1.0,251.889462686618,1.0,763.167733068778,2.8,557.981756900023,2.0,1.0,3.0,0.0
chr7-47369339-47369340-C-G,mcdb041_new,Pending,2.37,27.21,4.15,41.44,0.457,199.889,0.532,2.0,1.012,202.359,0.535,0.083,0.0,4200.677,486.15,6204.357,1169.61,199.888544918348,0.53175,202.359197649098,0.535,0.68182065217384,0.567098247752905,0.991331521738999,0.425453920148322,0.30866701900959,0.150811590254307,5541.66,2.74,5884.9,5.49,1.477,23013.79,17.0,26331.83,20.0,2523.8,2.0,6434.51,3.6,9098.63,2.9,14205.8,4.7,0.107423,0.81,0.067564,1.1,0.0,11.0,2122.61272297631,1.5,3066.44897989438,2.3,3.0,0.0,0.0,813.0,45.746,0.01,0.0,3838.04444845487,6.9,8493.95586410676,20.0,4563.31028617098,8.5,5974.20333569229,13.0,1.0,3.0,0.0
chr7-5302813-5302814-T-A,mcdb041_new,Accept,0.553,0.43,0.745,0.62,2.458,24.33,0.08,2.0,1.654,40.24,0.14,0.195,0.0,427.673,8.32,493.258,9.75,667.809917487091,0.87125,1128.00183587699,1.095875,0.575706521739065,0.621581151669424,0.920298913043354,0.456031805812803,0.703771766275167,0.657586291432381,74.5,0.25,271.56,0.57,1.153,298.47,0.65,499.2,0.95,24.33,0.08,40.24,0.14,422.71,0.53,378.16,0.49,0.255595,0.35,0.272032,0.32,2.0,8.0,432.635519663766,0.4,487.31619267946,0.4,1.0,0.0,0.0,110.0,5.757,0.427,0.0,13658.405430725,23.0,21647.11378703,34.0,17165.6399919,28.0,17008.2644585034,28.0,1.0,3.0,0.0
chr7-72728894-72728896-CC-GT,mcdb041_new,Pending,0.667,3.25,4.0,4.37,6.753107314468471,147.688,0.1,2.0,23.438,3461.477,0.45,0.058,0.0,608.275,207.71,3197.385,264.96,147.68829372696,0.534375,3461.4768937873,6.699,0.191467391304343,0.855082841299885,2.8138586956521,0.10580426477481,0.65094631165266,0.412010710686445,683.73,3.29,15901.6,29.6,5.256,212.82,0.1,1392.86,0.45,614.95,0.8,3116.62,3.2,601.6,0.14,3278.15,0.76,0.366825,0.11,0.061861,0.82,2.0,9.0,1347.4542324467,2.6,1946.61023738087,4.8,1.0,0.0,0.0,825.981794065545,6.626,0.07502191042553198,0.0,1765.26536372172,14.0,9137.13412468064,32.0,211.139748544997,2.9,858.163423177347,8.3,1.0,3.0,0.0
chr7-80758376-80758377-C-A,mcdb041_new,Pending,0.86,24.09,1.015,25.68,0.171,94.126,0.321,2.0,1.159,109.071,0.327,0.103,0.0,521.97,383.47,875.86,433.42,122.144494179584,0.320625,124.220381684744,0.326625,0.757336956521598,0.529776716716496,0.747336956521622,0.534809259739518,0.130827598273754,0.141167648136616,437.13,0.76,605.72,0.93,1.678,606.81,1.2,1146.0,1.7,1044.93,1.8,1602.13,2.3,1066.96,0.96,2027.52,1.6,0.128159,0.64,0.103038,0.78,1.0,10.0,1347.4542324467,1.1,1391.90928823136,1.1,1.0,7.0,0.0,99.0,8.527,0.02,0.0,94.1260859991694,0.7,109.071177079348,0.7,166.670984216868,1.0,190.046554345894,1.1,1.0,3.0,1.0
chr7-92076878-92076879-G-C,mcdb041_new,Pending,3.85,8.55,3.8,16.91,36.132,436.727,1.5,2.0,1.0,436.727,1.5,0.109,0.0,2697.397,493.06,2857.733,1062.98,3237.45392001419,1.833625,3298.56691138616,1.841375,8.26921195652172,0.0297514212254766,8.54532608695651,0.0287617867208604,0.0119877569377422,0.0072724074125289,22348.77,26.37,21777.78,25.39,1.059,4353.0,3.9,4637.23,4.0,2157.34,2.7,2416.9,2.8,11485.25,4.2,12321.54,4.6,0.02729,2.2,0.026095,2.2,0.0,9.0,1209.27290688257,3.8,1304.4189904398,4.2,5.0,0.0,0.0,2189.0,175.396,0.206,0.0,436.726957398201,1.5,436.726957398201,1.5,1305.02851153035,5.0,954.157349840028,3.6,1.0,3.0,0.0
chr7-98291200-98291201-G-C,mcdb041_new,Reject,0.83,19.0,4.27,18.0,2.859,38.68,0.12,2.0,24.901,963.17,1.5,0.071,0.0,329.6,299.115,2726.555,259.515,1326.71020612901,1.178375,11754.2314643971,4.11625,4.0479076086956,0.0656010166530795,27.6173913043478,0.0083423603846981,0.0012005791068077,0.0004369914531707,529.02,0.86,6381.22,4.24,8.272,38.68,0.12,963.17,1.5,130.18,0.43,1517.76,2.2,597.8,0.69,3578.72,2.4,0.004126,4.5,0.000465,12.0,3.0,10.0,1304.4189904398,1.1,4382.29645347799,4.3,10.0,6.0,0.0,1591.0,68.08,0.042,0.0,107.57466442701,0.7,1509.07213521863,5.2,129.676117718501,0.8,1874.39017866252,6.0,1.0,3.0,2.0
chr8-134601673-134601674-G-A,mcdb041_new,Pending,0.28,31.59,0.21,25.91,1.186,32.41,0.02,2.0,0.916,29.7,0.02,0.076,0.0,92.911,654.5,73.159,440.88,102.172354621348,0.25075,69.2285370506285,0.12425,0.759429347825957,0.528983172504624,0.599945652173858,0.608525079837251,0.0809102430939674,0.0659183077514171,64.63,0.31,46.42,0.22,0.787,32.41,0.04,29.7,0.04,46.57,0.02,38.33,0.02,83.65,0.1,77.09,0.1,0.228136,0.5,0.245279,0.47,5.0,10.0,316.120050253441,0.2,254.608349869884,0.2,4.0,0.0,0.0,180.0,19.436,0.061,0.0,165.458849430391,0.5,139.858865168071,0.4,172.159106492737,0.5,152.030246617755,0.5,1.0,3.0,0.0
chr8-28503199-28503200-G-C,mcdb041_new,Pending,4.555,2.18,4.4,4.86,0.372,2491.323,2.544,2.0,0.713,1775.947,2.973,0.088,0.0,4464.79,20.25,5398.6,40.12,6252.04805647095,2.5435,7909.13685188281,2.9725,15.1609510869565,0.0156057777068076,18.6179891304348,0.0123858263082872,0.0062104128301143,0.0045203492045402,8525.07,5.41,7638.02,4.92,1.209,4141.74,3.7,4875.51,4.1,2781.92,3.7,3307.72,4.2,4787.84,2.9,5921.69,3.5,0.007357,3.4,0.003825,4.6,0.0,9.0,6978.42577496761,17.0,7366.34938550802,18.0,7.0,0.0,0.0,178.0,3.874,0.096,0.0,2491.32278510127,5.5,1775.94699638268,4.0,3413.26494136019,7.1,2577.329828184,5.6,1.0,3.0,0.0
chr8-56441280-56441281-C-G,mcdb041_new,Pending,0.29,25.09,0.165,30.0,0.063,24.07,0.08,2.0,0.797,19.18,0.04,0.065,0.0,149.817,614.895,106.475,629.28,153.074257197385,0.384125,161.309467886203,0.399,0.389836956521719,0.730190750469101,0.433043478260856,0.702950832383877,0.440481312572956,0.416937544941902,41.08,0.16,7.35,0.02,0.711,146.56,0.38,38.4,0.12,24.07,0.08,19.18,0.04,81.35,0.17,51.64,0.13,0.60817,0.11,0.583986,0.12,4.0,8.0,246.476621392745,0.2,214.135722026058,0.2,6.0,0.0,0.0,19.0,1.187,0.053,0.0,35842.6408043714,51.0,35269.5566113087,51.0,26464.2749506815,41.0,28161.7734211363,43.0,1.0,3.0,0.0
chr8-86448487-86448488-G-A,mcdb041_new,Pending,1.4,3.47,0.79,2.6,2.717,353.708,0.3,2.0,0.871,308.142,0.2,0.08,0.0,1829.794,29.3,1600.048,23.11,353.708488359671,0.693999999999999,308.141870623561,0.654249999999999,1.63266304347816,0.237083272363746,1.66154891304338,0.230521275762006,0.0587058030068874,0.0104897208511829,5428.76,2.39,3216.51,0.59,0.874,5850.88,4.9,4222.37,3.9,801.61,0.96,503.39,0.75,3469.34,1.3,2016.71,0.78,0.037062,1.5,0.110023,0.8,0.0,11.0,1672.99030017259,1.2,1183.38587947348,0.8,1.0,0.0,0.0,882.0,41.803,0.065,0.0,1986.59802785019,2.4,2056.41138686976,2.5,579.802388364061,0.3,322.314616067129,0.2,1.0,3.0,0.0
chr9-127673204-127673205-G-A,mcdb041_new,Pending,8.5,8.1,10.45,9.4,12.862,6469.41,4.841,2.0,0.755,4883.053,11.687,0.142,0.0,10753.18,177.675,15407.585,659.17,13704.4095490113,4.840625,22504.430287012,11.686625,22.1923097826087,0.010296442863791,62.7446739130435,0.0047614721012395,0.102618582546711,0.0192319601774215,15077.23,9.49,17417.82,11.3,1.433,12525.04,8.8,17662.66,14.0,9759.45,8.2,15290.89,14.0,11746.91,6.2,15524.28,8.4,0.002681,5.4,0.000703,9.6,0.0,10.0,6469.40997042221,6.7,4883.05317225511,4.9,10.0,0.0,0.0,456.0,26.685,0.482,0.0,6945.60370242826,16.0,1048.84183097259,4.1,7309.03430074667,16.0,609.340437427202,2.7,1.0,3.0,0.0
chr9-133043735-133043736-G-A,mcdb041_new,Accept,0.285,7.97,0.47,10.1,8.292,15.47,0.04,2.0,1.578,24.41,0.12,0.081,0.0,44.746,69.38,128.796,93.85,87.7579277602499,0.235625,426.87153151697,0.70475,0.58864130434776,0.614536063108829,1.72040760869558,0.219591919172394,0.13818197697401,0.0822537057101726,94.79,0.29,1801.83,1.77,2.878,15.47,0.05,24.41,0.08,65.13,0.28,159.03,0.44,16.26,0.05,37.45,0.09,0.847933,0.04,0.57493,0.12,3.0,10.0,337.322928728272,0.3,379.957072084836,0.3,9.0,0.0,0.0,555.0,52.814,0.157,0.0,24.3618351435861,0.3,98.5621117660243,0.7,22.5870753156826,0.3,61.9241423048652,0.5,1.0,3.0,0.0
chr9-133579048-133579049-C-G,mcdb041_new,Pending,0.696,1.1,1.281,1.3,0.117,234.383,0.32,2.0,1.734,406.532,0.55,0.144,0.0,630.41,18.25,1263.13,22.85,234.383455643341,0.574624999999999,406.531543438355,0.731624999999999,0.631358695652096,0.592316985924511,1.26271739130424,0.329843311101145,0.381634458899498,0.226886410266161,4812.3,1.41,5036.03,1.66,2.004,264.18,0.39,1754.96,2.1,659.75,0.76,1262.76,1.3,601.07,0.32,1263.5,0.55,0.118077,0.77,0.043036,1.4,4.0,10.0,973.968525934644,0.5,1318.60914342724,0.8,6.0,0.0,0.0,13.0,0.759,0.154,0.0,480.91685684211,0.8,579.522096825381,1.1,739.809663784008,1.4,751.830603793607,1.4,1.0,3.0,0.0
chr9-136791740-136791741-C-T,mcdb041_new,Pending,0.042,14.42,1.182,11.26,0.681,6.33,0.014,2.0,4.302,27.23,1.384,0.067,0.0,31.499,157.27,881.346,109.03,39.8288267972206,0.05325,1915.08208831172,1.383625,0.0141576086956831,0.974666702960279,1.43986413043469,0.279536295623704,0.821083903312683,0.585151106119156,8.29,0.03,291.79,0.6,27.98,23.17,0.08,107.75,0.3,15.61,0.03,339.15,0.98,6.33,0.02,27.23,0.07,0.918055,0.02,0.630034,0.1,9.0,11.0,254.608349869884,0.2,4676.22687348547,5.0,2.0,0.0,0.0,371.0,11.943,0.057,0.0,1343.9094259014,1.9,1423.54106568693,2.1,1418.76347709537,2.1,1769.74217193875,3.0,1.0,3.0,0.0
chrX-101625957-101625958-C-G,mcdb041_new,Accept,0.085,9.77,1.926,9.37,7.016,39.81,0.03,2.0,48.634,1936.11,27.73,0.212,0.0,72.26,566.58,2637.88,542.14,46.0000908351144,0.049625,990.467588886868,1.029625,0.215054347826083,0.84034764970173,2.05116847826081,0.169672785428554,0.298425488173962,0.222915664315224,598.05,0.03,6055.51,27.73,36.506,62.65,0.08,3339.65,3.3,39.81,0.07,1936.11,1.8,44.84,0.05,4366.02,1.6,0.781625,0.09,0.027037,1.8,6.0,10.0,531.376816391114,0.3,1864.15973431607,1.3,2.0,0.0,0.0,262.0,22.706,0.309,0.0,166.751596270964,0.3,4027.81949873691,6.3,81.8690969559907,0.2,1503.5573569498,2.7,1.0,3.0,0.0
chrX-104175789-104175790-C-G,mcdb041_new,Pending,1.4,3.2,1.4,1.58,0.911,529.321,0.817,2.0,0.346,183.395,0.505,0.213,0.0,1357.755,27.37,1521.874,16.34,529.320902864381,0.816999999999999,183.395278044789,0.504625,2.12934782608689,0.160987836181074,1.06777173913029,0.395593249754609,0.0331032052636146,0.0889091454446315,5942.59,7.22,5977.01,9.32,1.121,1382.56,1.8,2335.79,2.6,1332.95,1.4,1525.99,1.6,3616.56,1.4,5621.82,1.9,0.063306,1.1,0.074494,0.98,1.0,10.0,1672.99030017259,1.1,1517.75856701751,0.9,4.0,4.0,1.0,546.0,3.162,0.288,0.0,729.575094389713,1.4,729.575094389713,1.4,676.269809832617,1.3,738.108148773848,1.4,1.0,3.0,1.0
chrX-110792127-110792128-G-C,mcdb041_new,Pending,0.02,14.0,0.025,16.99,0.056,3.632,0.003,2.0,1.132,4.113,0.006,0.227,0.0,4.67,154.685,5.445,297.52,25.6994767060992,0.003375,26.9376291173598,0.006125,0.0240489130435008,0.966281740686826,0.0440760869565366,0.952524675058958,0.617549914866686,0.529705636203289,4.86,0.01,5.32,0.01,1.166,4.48,0.01,4.88,0.02,6.5,0.02,7.52,0.03,3.65,0.02,5.57,0.02,0.974426,0.01,0.949603,0.01,13.0,9.0,46.573014758624,0.2,57.8247483771621,0.2,8.0,0.0,0.0,364.0,11.1,0.005,1.0,3.81443307927131,0.1,4.67121653988811,0.1,3.63220205669829,0.1,4.11310692835008,0.1,1.0,3.0,0.0
chrX-118605288-118605289-C-G,mcdb041_new,Accept,0.306,6.95,0.32,10.67,1.873,16.13,0.03,2.0,1.05,16.93,0.03,0.087,0.0,119.8,59.05,125.232,101.22,146.439812506776,0.371375,174.823471228458,0.42025,0.793043478260714,0.514034691910347,0.922608695652045,0.455043487746227,0.162798877805471,0.144602984189987,27.01,0.11,63.94,0.22,1.045,81.8,0.24,60.17,0.18,16.13,0.03,16.93,0.03,93.16,0.18,75.64,0.16,0.807066,0.05,0.809561,0.05,3.0,11.0,525.658428682249,0.4,537.157411716568,0.5,7.0,0.0,0.0,1211.0,49.292,0.038,0.0,4713.78749557437,15.0,2879.85087752077,6.5,6136.34826811067,21.0,4082.34777987908,13.0,1.0,3.0,0.0
chrX-139651747-139651748-G-C,mcdb041_new,Pending,0.475,0.43,1.28,0.75,0.083,54.692,0.03,2.0,1.747,95.541,0.11,0.139,0.0,394.013,56.68,1192.827,77.54,54.691751494614,0.075,95.540698863646,0.289375,0.168750000000003,0.870683660555644,0.27932065217388,0.799266237740446,0.415524564683437,0.420204069465399,3161.06,8.6,12329.6,23.53,3.027,870.77,0.32,2403.47,0.76,449.33,0.63,1461.36,1.8,254.5,0.07,879.93,0.21,0.577127,0.03,0.381902,0.11,2.0,9.0,973.968525934644,1.6,1746.98551063258,4.1,9.0,0.0,0.0,13.0,0.537,0.154,0.0,338.695947236082,4.2,924.293715134393,8.7,188.178498968053,2.7,501.845460449598,5.7,5.0,3.0,0.0
chrX-154469078-154469079-G-C,mcdb041_new,Pending,17.5,16.0,5.1,14.0,17.15,9168.325,5.57,2.0,0.171,1571.412,2.114,0.127,0.0,17127.07,645.315,5071.439,611.92,18913.0390732148,5.5695,4549.94088151706,2.11425,46.2246739130435,0.0052800416914628,11.6303260869565,0.0208702618169894,0.0008658228416607,0.0026365704834461,18654.76,20.49,5775.74,6.55,0.296,15599.38,12.0,8706.19,6.3,31229.48,19.0,1691.19,2.4,26060.58,15.0,15622.01,6.0,0.000246,18.0,0.007062,4.2,0.0,11.0,11479.1593257801,16.0,953.118683204384,1.2,2.0,0.0,0.0,1190.0,117.464,0.146,0.0,9168.32500370392,17.0,1571.41176377105,1.7,12990.922742081,22.0,5592.93793530782,12.0,1.0,3.0,0.0
chrX-19545970-19545971-C-G,mcdb041_new,Accept,0.5,4.53,3.15,11.37,3.141,97.933,0.234,2.0,22.613,2214.513,1.565,0.241,0.0,239.985,37.46,2180.232,110.51,97.9327771163826,0.23375,2214.51276375367,1.5655,0.636956521739037,0.589471627653291,2.05116847826081,0.170008604103861,0.138724111020565,0.444485522806644,251.92,0.84,1728.9,2.8,9.085,228.05,0.34,4799.51,4.1,188.06,0.5,2264.98,2.8,587.97,0.43,14812.78,5.6,0.409085,0.26,0.031085,2.0,3.0,9.0,652.654042870543,2.1,1746.98551063258,5.6,9.0,0.0,0.0,1377.0,60.398,0.052,0.0,119.731934658755,0.5,927.278093701934,3.5,383.371655269701,1.4,2145.95198234978,8.0,1.0,3.0,0.0
chrX-53583820-53583821-C-G,mcdb041_new,Accept,0.67,6.85,2.145,17.06,28.433,96.768,0.123,2.0,1.139,110.188,0.277,0.193,0.0,368.361,58.03,1134.595,206.59,96.7675133695527,0.229375,110.187536579975,0.276875,0.122663043478283,0.89919954958293,0.419565217391295,0.711659156147995,0.651693910360336,0.324189130216837,871.83,1.82,1095.32,2.09,3.08,326.7,0.48,3397.64,3.2,388.27,0.86,1517.76,2.2,230.55,0.21,786.86,0.52,0.410649,0.25,0.362261,0.3,2.0,9.0,348.451848177232,0.9,719.405514696889,2.3,3.0,0.0,0.0,1566.0,126.931,0.224,0.0,693.761188199913,2.5,2119.3857013614,7.9,420.358661022549,1.5,1173.86998994929,4.5,1.0,3.0,0.0
chr1-186674416-186674417-G-A,mcdb045,Accept,2.35,3.11,2.9,1.68,1.188,202.954,1.12,2.0,2.454,498.021,1.61,0.061,0.0,964.937,26.72,991.644,16.98,202.954042839409,1.23925,498.020589507821,2.169625,1.28986413043469,0.321914042091115,2.18296195652164,0.154600383200873,0.0259674601256847,0.0027830153703689,254.69,1.12,386.12,1.61,1.028,14157.0,4.7,19416.34,7.8,4084.68,8.8,6903.33,14.0,2723.17,1.5,7043.13,3.3,0.079531,1.2,0.031153,2.2,1.0,9.0,1637.17642763048,3.2,1485.26775588534,2.5,5.0,0.0,0.0,17.0,5.055,0.235,0.0,292.69816517615,16.0,278.881688996597,16.0,248.204699409321,15.0,238.67668650453,14.0,1.0,3.0,0.0
chr1-204979063-204979064-T-A,mcdb045,Accept,3.192,16.63,3.569,12.4,1.505,9.559,0.25,2.0,1.0,9.559,0.72,0.098,0.0,904.535,197.88,2154.615,125.17,634.795925724477,2.4445,799.447231654444,2.737,2.15494565217384,0.157484214161039,1.94040760869557,0.184913810448924,0.0755924805998802,0.193641770631075,1171.73,3.94,3006.45,8.47,2.382,663.48,0.25,2434.96,0.72,1145.59,4.4,1874.27,5.7,9675.34,4.6,9620.33,4.6,0.00957,4.1,0.007944,4.4,1.0,9.0,5932.98039812903,24.0,7208.65719926761,29.0,4.0,0.0,0.0,22.0,33.439,0.045,0.0,9.55916592456991,0.3,9.55916592456991,0.3,12.9661189063101,0.4,18.5699185981592,0.7,1.0,3.0,0.0
chr1-237666545-237666546-CG-C,mcdb045,Review,1.9,5.52,1.85,8.91,0.858,247.574,0.4,2.0,0.899,222.528,0.8,0.061,0.0,3313.586,45.83,3255.436,79.78,247.574131407783,1.429625,222.527799235718,1.335125,1.20198369565206,0.348773602718092,0.839918478260756,0.491483516384537,0.114599794149399,0.252176020294428,16140.12,50.33,13325.54,38.88,0.982,22744.71,12.0,22494.34,10.0,469.21,1.9,514.41,2.1,4362.19,2.2,3817.8,1.9,0.038121,1.9,0.043304,1.8,0.0,10.0,2264.98110352767,0.4,2693.07285958329,0.8,9.0,0.0,0.0,95.0,40.844,0.021,0.0,3313.586,1.9,3255.436,1.85,3313.586,1.9,3255.436,1.85,1.0,0.0,0.0
chr1-237680525-237680526-C-A,mcdb045,Review,0.997,0.43,1.5,1.87,0.0,132.23,0.37,2.0,2.757,364.61,0.69,0.073,0.0,649.069,317.86,1099.171,821.46,962.361206839659,1.0235,4507.99770918207,2.091125,2.36703804347816,0.136155060346789,10.2319836956522,0.0231257135183691,0.141625970602035,0.0297498255968093,132.23,0.37,364.61,0.69,1.693,316.32,0.68,613.43,1.2,202.86,0.58,321.29,0.76,579.17,0.66,907.96,0.88,0.076211,0.97,0.027248,1.8,2.0,10.0,1469.28411373604,1.2,1290.38154414547,1.0,9.0,0.0,0.0,41.0,40.844,0.0,0.0,718.968726542767,3.1,1308.3080090036,4.7,886.870072819209,3.6,2045.78504723567,6.3,1.0,3.0,0.0
chr1-248203590-248203591-C-A,mcdb045,Pending,5.15,2.7,3.876,2.5,0.0,1490.836,2.249,2.0,1.156,1723.574,1.578,0.054,0.0,3968.436,23.98,2899.222,25.045,5094.09481361873,2.249,2569.31430626686,1.5775,7.77809782608696,0.0311556651426955,3.85252717391296,0.0696203586652208,0.149878956377506,0.200678769499063,10165.52,6.33,6952.38,4.55,0.731,2236.49,2.6,2893.48,3.0,5997.52,6.6,5382.48,6.1,11583.71,6.2,6912.3,3.9,0.010977,2.8,0.023271,1.9,3.0,9.0,2842.77804823565,6.8,2904.96492618402,6.9,6.0,0.0,0.0,2.0,0.276,0.0,0.0,1490.83644164257,3.4,1723.57426128908,3.8,1824.60978683035,4.1,2128.97224665721,4.7,6.0,3.0,0.0
chr1-27760015-27760015-C-CT,mcdb045,Review,2.015,1.11,7.045593961305133,4.672282138161499,0.0,34.231,0.34,2.0,86.55101720194108,2376.880956763746,4.312957498958636,0.085,0.0,691.965,13.13,3899.7946203617894,234.323476074883,483.066509620328,2.13075,4044.692774693564,5.595667361796574,2.14633152173906,0.159150819791656,10.542413863616554,0.13790550451290506,0.0041374303400516,0.08588368124274992,717.0,2.67,3425.48691147529,10.634287961393296,13.525236055835075,953.61,0.34,5023.678600900888,5.3708819429325,666.93,3.1,4641.95965552917,9.727086952317729,2749.63,1.5,6906.069789859443,6.818974247104844,0.048573,1.6,0.1282204052427017,6.884775273924284,8.0,9.0,1249.16910019277,1.7,3902.684276824762,8.085278381149752,0.0,0.0,1.0,9.0,20.302,0.0,1.0,34.2310325926141,1.9,4647.476957735829,7.192431350047713,49.9815822130354,3.0,5387.060097685229,9.125495454642614,3.0,0.0,0.0
chr1-33714670-33714671-C-A,mcdb045,Accept,0.98,2.6,1.85,3.5,2.227,275.33,0.44,2.0,6.514,1793.41,2.1,0.055,0.0,633.51,48.615,1910.025,66.81,3117.62208526547,1.952875,7613.95654963618,3.16125,6.96279891304346,0.0356795656358692,16.1575543478261,0.0150064966782185,0.0547204278409481,0.049075361341238,5289.56,6.11,5340.71,19.09,3.015,275.33,0.44,1793.41,2.1,739.13,0.96,2416.9,2.1,527.89,0.45,1935.61,1.1,0.067086,1.1,0.08811,0.92,4.0,10.0,1222.42801093886,1.0,1884.4390402882,1.6,1.0,0.0,0.0,26.0,14.463,0.154,0.0,284.262780664956,0.6,489.463149065127,1.1,370.382108759087,0.9,666.269602930789,1.5,1.0,3.0,0.0
chr1-6602383-6602384-G-A,mcdb045,Pending,3.381,0.38,5.2,0.53,4.226,1262.758,0.99,2.0,1.311,1654.986,1.5,0.053,0.0,3162.311,7.92,4895.766,9.12,1893.198801708,1.37725,4419.11232729159,2.066375,3.56269021739122,0.0763596194635113,8.83929347826086,0.0277434897702663,0.145011961460113,0.0770772658288478,2645.97,2.28,4022.58,3.01,1.548,9949.56,7.2,14253.07,10.0,6903.33,7.3,8950.22,8.9,5199.42,3.2,6602.78,3.8,0.07417,0.99,0.039148,1.5,0.0,9.0,1262.75821593613,2.8,1654.98649030649,3.8,6.0,0.0,0.0,31.0,32.761,0.129,0.0,2675.65429392326,5.8,3180.02108817922,6.6,3648.96753964075,7.4,5372.42052958424,9.8,1.0,3.0,0.0
chr1-75157058-75157059-T-G,mcdb045,Pending,1.95,4.2,2.255,4.1,0.0,118.74,0.27,2.0,1.468,174.34,0.58,0.078,0.0,1772.336,54.23,1548.677,28.735,1762.31296937938,3.9385,1143.12443861033,3.231375,4.96864130434778,0.0518900235699946,3.1065489130434,0.0920730111886747,0.0087637938559055,0.0642451047897338,889.54,3.17,801.16,2.91,0.874,9405.63,2.8,19088.06,7.6,118.74,0.27,174.34,0.58,1782.36,0.91,1954.23,1.0,0.08287,1.1,0.056701,1.5,0.0,8.0,2812.1856201345,1.1,3272.12256819681,1.6,4.0,0.0,0.0,0.0,0.035,0.0,0.0,1772.336,1.95,1548.677,2.255,1772.336,1.95,1548.677,2.255,1.0,3.0,0.0
chr10-120575231-120575232-A-T,mcdb045,Pending,1.935,7.4,6.6,14.0,0.0,497.03,0.59,2.0,9.093,4519.44,2.8,0.052,0.0,966.496,17.85,4540.797,28.5,960.611892979492,1.0235,10237.3522987857,3.6375,2.74149456521732,0.109678841065134,24.5792391304348,0.0097614105194416,0.0714775621891021,0.0073080174624919,2312.09,2.07,8319.26,5.3,4.698,972.38,1.6,8884.71,6.5,780.22,1.8,4454.0,5.2,497.03,0.59,4519.44,2.8,0.037457,1.5,0.001637,6.7,2.0,9.0,1746.98551063258,4.0,3343.70152488211,7.9,9.0,6.0,0.0,15.0,6.32,0.0,0.0,817.391279417193,2.1,3736.19900115791,7.5,1049.95334139842,2.6,4562.15461740719,8.7,1.0,3.0,1.0
chr10-132117218-132117219-C-T,mcdb045,Review,0.298,17.0,2.3,16.0,4.453,58.217,0.05,2.0,12.434,723.877,0.92,0.084,0.0,281.866,48.76,2652.974,58.85,58.2167652055008,0.133,723.877309760058,0.918375,0.265271739130398,0.807812077816856,2.14633152173906,0.158539337914872,0.299505606293678,0.113885924220085,5436.09,2.41,5864.74,5.1,9.412,226.18,0.33,1923.6,2.3,144.27,0.24,2797.01,2.3,316.15,0.2,4760.0,1.7,0.865665,0.05,0.082555,0.92,2.0,9.0,1050.60076521104,1.7,6399.78970601227,16.0,9.0,0.0,0.0,25.0,6.958,0.64,0.0,422.172558056828,0.7,2508.9384083585,3.9,247.582531938848,0.4,1287.41925419832,2.3,5.0,3.0,0.0
chr10-69922719-69922720-G-A,mcdb045,Pending,2.4,36.0,2.44,41.49,3.08,341.46,0.686,2.0,0.581,198.392,0.528,0.06,0.0,3657.564,213.4,4091.771,250.4,341.460247349869,0.685999999999999,198.391802435764,0.528,1.1026630434781,0.382637087883906,0.82084239130424,0.50008411508335,0.244152702391148,0.23038100451231,5664.41,3.26,5554.62,2.78,1.119,6940.33,5.5,5427.86,4.6,4502.45,2.9,4778.52,3.0,5785.28,1.9,5658.43,1.9,0.064176,1.1,0.133306,0.7,0.0,10.0,2390.88910567882,1.9,2635.42197653288,2.1,5.0,0.0,0.0,5.0,7.7,0.4,1.0,2698.17429171163,4.6,3236.45818268367,5.3,2812.6778946616,4.8,3405.02260955603,5.5,5.0,3.0,0.0
chr10-91981739-91981740-C-G,mcdb045,Reject,1.036,8.6,1.3,3.3,6.031,87.7,0.42,2.0,1.999,175.29,0.47,0.059,0.0,339.162,22.185,494.844,10.16,869.424793814213,0.97275,1745.38247617221,1.33225,3.01372282608688,0.0958534322749575,4.96864130434778,0.0516588158281255,0.0016590692102909,0.0047824829816818,1444.68,1.54,1514.6,1.59,1.459,228.65,0.53,519.61,0.98,87.7,0.46,175.29,0.7,283.61,0.42,341.43,0.47,0.008496,3.2,0.025618,1.8,1.0,9.0,537.157411716568,1.2,638.682611773156,1.3,5.0,5.0,1.0,247.0,105.808,0.057,0.0,290.021370179983,0.9,397.585008177886,1.2,388.302333103587,1.1,470.0780797085,1.3,1.0,3.0,1.0
chr10-93901136-93901137-G-T,mcdb045,Accept,0.04,17.0,0.015,19.0,0.724,11.529,0.0,2.0,0.668,7.706,0.0,0.058,0.0,26.515,41.945,22.644,48.715,23.9404460050415,0.000375,22.7280428175797,0.000125,0.0020652173913049,0.987504029034644,0.0020652173913049,0.987019156231247,0.884778171777725,0.859612159430981,62.77,0.25,70.32,0.29,0.854,54.8,0.04,25.9,0.02,29.09,0.04,22.56,0.01,12.68,0.02,8.98,0.01,0.93387,0.01,0.955661,0.01,2.0,9.0,1170.65092555888,1.3,1158.05301827804,1.2,3.0,0.0,0.0,9.0,3.263,0.222,0.0,17.3548154591039,0.6,7.87807298617157,0.2,11.52948742577,0.3,7.70566279369723,0.2,1.0,3.0,0.0
chr11-100061249-100061250-A-G,mcdb045,Pending,0.85,7.81,0.585,10.39,0.0,151.97,0.25,2.0,0.808,122.85,0.22,0.061,0.0,382.45,67.65,298.975,97.56,188.946387434831,0.502624999999999,97.4097202674492,0.295125,1.29334239130426,0.321238314244816,0.858478260869461,0.483158673252165,0.0054580718278884,0.0159546546638011,5213.21,2.0,3881.54,0.27,0.782,151.97,0.25,122.85,0.22,264.44,0.67,168.78,0.52,324.72,0.33,154.95,0.19,0.050126,1.3,0.148981,0.65,1.0,9.0,681.520482356048,1.5,605.048575185664,1.3,8.0,8.0,1.0,2.0,1.684,0.0,0.0,440.179689772391,0.8,429.170636261736,0.8,517.559160794928,0.9,431.479334282259,0.8,1.0,3.0,1.0
chr11-27501855-27501855-G-GT,mcdb045,Accept,0.575,16.44,1.55,20.77643397048424,1.513,43.818,0.03,2.0,1.43,62.662,0.19,0.145,0.0,1127.366,194.43,2536.912,656.3207591721648,43.817994817868,0.036,62.6619133711096,0.15675,0.0931521739130403,0.918684514615654,0.0601358695652436,0.941675963167455,0.500956989824772,0.700074255466461,678.74,0.06,2163.96,0.35,2.25,5312.41,4.5,14298.63,9.8,307.68,0.62,1283.42,1.4,1169.47,0.53,4790.01,1.7,0.925098,0.03,0.596283,0.19,1.0,11.0,1085.26206538749,0.7,2240.60661125835,1.7,8.0,0.0,0.0,145.0,31.513,0.048,0.0,6920.06223077173,16.0,2904.75829114328,4.4,2250.50509245762,2.9,2833.21805026709,4.3,1.0,0.0,0.0
chr11-36229280-36229281-G-C,mcdb045,Pending,0.531,0.96,0.675,0.67,0.0,27.53,0.11,2.0,1.009,27.785,0.16,0.073,0.0,165.595,12.15,197.51,10.09,58.6639320205552,0.254625,81.7854155058859,0.4765,0.561902173912998,0.629365440048988,0.776711956521595,0.52076629363373,0.0454369559884071,0.0104955397546291,340.31,1.45,480.76,1.93,1.193,466.21,0.19,245.18,0.12,147.43,0.65,149.84,0.65,183.76,0.11,257.28,0.16,0.522983,0.13,0.304276,0.32,5.0,9.0,784.45046119223,0.5,902.925945728536,0.7,5.0,0.0,0.0,6.0,4.976,0.0,1.0,36.0097411890301,1.9,34.5477684374808,1.9,27.5302401614594,1.4,27.7849743373371,1.4,1.0,3.0,0.0
chr11-6921729-6921730-G-T,mcdb045,Pending,3.555,7.5,3.88,9.4,0.0,1116.38,1.34,2.0,3.345,3734.0,2.86,0.058,0.0,3437.647,27.035,3982.746,40.895,6165.30512445691,2.510875,4231.49105930487,2.02,9.49423913043476,0.0254733397759194,7.77809782608696,0.0316396888664277,0.143710903823376,0.103442873805761,1116.38,1.34,3734.0,2.86,1.159,5681.99,4.6,9663.0,7.0,4196.68,5.2,4883.05,6.0,2211.44,1.7,2733.67,2.0,0.026257,1.8,0.023306,1.9,0.0,11.0,1550.96012730843,1.5,1437.8310001274,1.3,10.0,0.0,0.0,95.0,0.091,0.0,0.0,4993.09696438128,16.0,4746.46190953148,15.0,2678.61317116983,5.8,2398.33585400253,4.9,6.0,3.0,0.0
chr12-29464596-29464597-C-A,mcdb045,Pending,0.37,17.0,0.295,17.0,0.0,76.099,0.06,2.0,0.868,66.081,0.05,0.056,0.0,1806.872,69.09,1928.77,77.53,76.0991960005655,0.086375,66.0814328297672,0.05775,0.501929347826035,0.662940483259134,0.196277173913046,0.85201743097376,0.158403016626835,0.423226680606604,2821.64,0.26,2264.05,0.21,1.067,2525.38,0.36,2627.51,0.38,1376.93,0.38,1593.49,0.43,792.84,0.1,810.83,0.11,0.732622,0.06,0.767124,0.05,1.0,9.0,427.979731978361,0.5,471.752198162359,0.6,8.0,0.0,0.0,7.0,0.55,0.0,0.0,2236.81465781218,1.2,2670.73009331907,1.5,2832.82665376556,1.7,3127.66334231129,1.8,1.0,3.0,0.0
chr12-31096860-31096861-C-G,mcdb045,Pending,3.022,0.93,3.058,2.21,5.552,707.49,1.3,2.0,1.153,816.056,1.5,0.069,0.0,4262.19,11.93,4974.76,20.48,11550.5617561756,3.04325,11900.1985629318,3.116125,27.6173913043478,0.0088474523149741,27.6173913043478,0.0085982563366304,0.0123965069651603,0.0124375559389591,5609.73,3.0,5519.55,2.66,1.167,4395.26,4.0,5598.27,4.7,4129.12,2.8,4429.97,2.9,8271.39,2.6,7641.14,2.5,0.001007,8.0,0.001274,7.2,0.0,9.0,1844.09866318303,3.4,1904.93895517228,3.5,4.0,0.0,0.0,59.0,81.648,0.068,0.0,1792.6272751219,2.9,1851.35626466111,3.0,707.489501973279,1.3,816.056070925301,1.5,1.0,3.0,0.0
chr12-80717204-80717205-G-T,mcdb045,Pending,2.8,6.65,4.015,28.3,0.0,624.1,0.87,2.0,7.244,4520.85,4.0,0.061,0.0,2312.1,56.11,5148.085,525.23,15026.9800526408,3.8305,11105.4479988024,2.97175,37.3590489130435,0.0067351371235839,27.6173913043478,0.0089738625214874,0.006929088383913,0.0056533068418502,5922.83,6.47,5775.32,4.03,2.227,624.1,0.87,4520.85,4.0,2827.44,2.3,7208.66,3.8,8249.49,2.6,12820.65,4.2,0.000579,11.0,0.001688,6.4,0.0,9.0,1602.12922627967,2.7,1584.88798467302,2.7,5.0,5.0,1.0,0.0,0.0,0.0,0.0,1796.75970777599,2.9,3030.33052104619,4.5,1032.09577447372,1.9,2026.37584549204,3.2,1.0,3.0,1.0
chr14-21634684-21634685-A-G,mcdb045,Pending,1.455,14.0,0.905,31.0,0.0,143.182,0.433,2.0,0.723,103.461,0.495,0.053,0.0,1114.135,49.73,329.585,92.04,143.181776273951,0.92725,103.460952243631,0.65375,0.433043478260856,0.70318620094488,0.495108695652163,0.667176913535874,0.384528532624245,0.248104654252529,329.47,1.41,213.84,0.96,0.296,3509.73,0.97,792.9,0.29,1775.57,5.5,388.27,2.1,2885.57,1.5,853.97,0.46,0.061187,1.4,0.11228,0.85,1.0,9.0,3202.07590947592,11.0,2607.06100147072,7.5,3.0,0.0,0.0,0.0,0.029,0.0,0.0,367.637665779756,19.0,158.642666144395,9.6,452.699484548198,22.0,270.900620631472,16.0,6.0,3.0,0.0
chr14-67807848-67807849-C-A,mcdb045,Pending,4.8,2.38,5.53,2.03,1.842,3495.345,1.9,2.0,1.059,3702.457,1.9,0.061,0.0,5246.065,21.66,5619.847,19.25,8624.51131543014,2.508875,5510.41447569719,1.983125,18.6179891304348,0.0122558453659052,5.78807065217389,0.0435795982661168,0.0252736173570156,0.269944328814745,5933.18,6.84,5892.39,5.66,1.071,4868.49,4.3,9623.04,7.1,7446.48,3.9,7169.76,3.8,5623.64,1.9,5729.28,1.9,0.003657,4.5,0.013936,2.4,0.0,9.0,4062.64582926055,9.3,4335.13656730463,10.0,4.0,4.0,1.0,29.0,54.168,0.034,0.0,3495.34461177542,5.1,3702.45680080148,5.4,4080.56217940273,5.8,4392.58323818058,6.1,1.0,3.0,1.0
chr14-88263485-88263486-G-T,mcdb045,Pending,6.05,15.68,8.85,26.85,0.0,103.469,2.0,2.0,0.964,99.726,4.3,0.067,0.0,2362.684,179.73,4060.347,473.46,1535.5586127475,3.694875,4815.85331309932,6.405625,4.5192663043478,0.0580579088453999,9.49423913043476,0.0257080732793758,0.0045394711196422,0.0785537734627723,2385.66,6.99,3304.84,9.2,1.719,7039.63,2.0,13222.01,4.3,10081.44,18.0,24087.38,37.0,11819.96,5.8,24189.23,17.0,0.022609,2.6,0.006749,4.9,0.0,9.0,2339.70710080751,6.3,2842.77804823565,8.5,9.0,0.0,0.0,2.0,0.312,0.0,0.0,235.732792011395,14.0,235.732792011395,14.0,103.468940017204,6.5,99.7263674321886,6.2,1.0,3.0,0.0
chr14-88687285-88687286-C-A,mcdb045,Pending,4.55,8.77,2.87,6.02,1.226,2101.019,2.208,2.0,0.773,1623.417,2.41,0.066,0.0,3572.583,78.21,2155.498,50.24,4965.05950635426,2.20775,5774.12680281405,2.409875,11.1157880434782,0.0213108559092077,10.2319836956522,0.0235114335283627,0.0326386652886867,0.102494347840548,12552.48,7.77,4271.21,3.14,0.603,3691.15,3.5,2141.95,2.5,2984.62,3.9,1376.93,2.4,6794.4,3.9,2831.82,2.0,0.004383,4.4,0.013066,2.6,0.0,9.0,3454.01654281483,8.2,2169.04570370701,4.9,5.0,5.0,1.0,23.0,14.093,0.087,0.0,2101.019097486,4.7,1623.41666554273,3.6,2394.25277802824,5.3,1600.18428131693,3.6,5.0,3.0,1.0
chr14-95096127-95096128-C-T,mcdb045,Pending,3.0,20.0,2.045,22.0,15.638,246.48,0.9,2.0,1.823,449.33,1.8,0.063,0.0,4384.821,63.895,6350.665,75.785,2589.22161441615,4.704875,389.743171302364,1.889,6.32709239130432,0.039340128298365,1.77850543478256,0.209478719894884,0.0324140042066574,0.0403070300817489,10616.97,29.28,5176.69,13.74,1.448,4962.36,1.5,7524.64,2.2,246.48,0.9,449.33,1.8,7930.65,3.7,9258.72,4.4,0.067887,1.3,0.068655,1.3,0.0,8.0,3807.28285666677,2.3,7860.42690668662,9.9,3.0,0.0,0.0,101.0,121.221,0.129,0.0,4384.821,3.0,6350.665,2.045,4384.821,3.0,6350.665,2.045,1.0,3.0,0.0
chr14-95096268-95096269-C-G,mcdb045,Pending,4.11,45.0,5.4,46.0,8.607,36.427,1.4,2.0,0.291,10.603,0.58,0.059,0.0,3143.06,1000.24,2772.555,1103.3,7199.49238697294,8.17775,5363.41778629801,6.79975,12.1872282608695,0.0194141021671387,8.83929347826086,0.0271599474388072,0.107759561389685,0.124067325145006,1199.05,4.02,3672.76,10.08,0.882,4594.93,1.4,1872.35,0.58,8032.38,15.0,4962.95,10.0,15978.26,8.4,14105.94,7.2,0.008803,4.2,0.009915,4.0,1.0,9.0,1691.18996491218,3.4,1453.47247883281,2.4,8.0,0.0,0.0,182.0,121.221,0.071,0.0,36.4267143400393,1.9,10.6027860984475,0.3,43.0338300097244,2.6,11.4237844496924,0.3,1.0,3.0,0.0
chr15-26883405-26883406-C-A,mcdb045,Pending,4.697,5.1,3.951,5.3,0.0,1762.301,2.6,2.0,0.962,1694.65,2.5,0.071,0.0,4767.885,16.5,4297.161,16.78,12604.717766569,4.595,11595.8927251013,4.30125,16.1575543478261,0.0143210747572781,16.1575543478261,0.0144839171482295,0.174056965857744,0.154397252947092,5339.09,18.33,5322.2,12.25,0.901,13571.31,9.6,14252.61,11.0,3975.68,3.7,2607.06,2.9,6857.1,2.8,5727.98,2.5,0.006812,3.5,0.025035,1.9,0.0,11.0,4196.6801753809,4.8,3272.12256819681,3.6,7.0,0.0,0.0,0.0,0.103,0.0,0.0,1762.30064428958,2.6,1694.6499377523,2.5,2679.84700219969,5.4,2774.02263222613,5.7,1.0,3.0,0.0
chr15-52608949-52608950-T-G,mcdb045,Pending,6.35,76.0,5.7,74.0,11.919,1975.874,1.103,2.0,0.6,1185.753,0.809,0.146,0.0,5619.41,1384.46,4959.34,1336.785,1975.87447162094,1.59425,1185.75335518162,1.283,1.1026630434781,0.382654246331589,0.808749999999876,0.505796190086154,0.726135443896055,0.727683842182159,5337.85,17.77,5317.73,11.07,0.883,27621.09,24.0,27127.38,24.0,5900.97,5.0,4600.95,4.2,18601.99,7.9,16897.53,6.9,0.053255,1.3,0.07482,1.1,1.0,11.0,5099.02725598475,5.8,4018.92584890218,4.5,1.0,0.0,0.0,71.0,120.397,0.099,0.0,6887.79162469664,24.0,14324.5174233422,49.0,3141.30423635653,6.9,3229.31195234825,7.2,1.0,3.0,0.0
chr16-30121827-30121828-C-T,mcdb045,Accept,0.436,2.2,0.906,17.35,3.924,42.553,0.04,2.0,1.654,70.393,0.11,0.053,0.0,121.112,22.865,205.615,94.225,42.55307394562,0.099875,70.3926576347831,0.366375,0.261956521739123,0.809874228200589,0.61165760869558,0.60217339509358,0.217228960245848,0.0629818998277187,545.92,2.14,1540.5,4.91,1.698,557.26,0.23,451.63,0.19,137.41,0.61,228.5,1.2,65.69,0.04,182.73,0.11,0.73311,0.04,0.427326,0.18,2.0,9.0,1864.15973431607,4.1,2054.82032600981,5.1,8.0,0.0,0.0,46.0,45.103,0.087,0.0,104.814170096058,6.6,113.349602118994,7.1,62.2028093835753,3.8,63.5053040972346,3.8,1.0,3.0,0.0
chr16-55656739-55656740-G-T,mcdb045,Pending,4.75,53.0,9.6,53.0,0.0,223.648,1.12,2.0,1.071,239.429,1.256,0.056,0.0,5609.213,626.555,6599.7,634.475,223.647871403634,1.335125,239.429261315218,1.399125,1.1200271739129,0.377373944530512,1.25611413043468,0.33161554680844,0.121665436774492,0.08380763605237,7611.64,20.21,6516.55,17.2,1.177,35597.36,31.0,41185.17,50.0,3289.87,7.2,6682.85,13.0,8863.68,4.2,19476.93,13.0,0.005616,5.3,0.004077,6.2,0.0,10.0,3606.78531917385,1.8,4526.87667639995,3.4,1.0,0.0,0.0,0.0,0.139,0.0,0.0,5609.213,4.75,6599.7,9.6,5609.213,4.75,6599.7,9.6,1.0,3.0,0.0
chr16-79211917-79211918-G-C,mcdb045,Pending,7.703,41.0,21.79,28.0,0.0,55.772,2.2,2.0,6.427,358.443,3.3,0.092,0.0,5229.989,324.05,17395.397,166.0,4778.29441839372,6.405625,10552.5334398054,10.772875,12.1872282608695,0.0198897294302021,24.5792391304348,0.0092752616618179,0.0021967627108097,0.0010553859174251,3508.83,9.69,24742.28,88.06,3.326,9815.79,2.9,28139.94,17.0,12584.95,21.0,24747.82,38.0,8655.66,4.1,17285.48,9.4,0.030155,2.2,0.014177,3.3,0.0,9.0,5681.68344658443,23.0,17505.3143476997,57.0,3.0,0.0,0.0,30.0,33.005,0.0,0.0,55.7724855963072,3.5,358.44291456987,19.0,147.506106590495,9.0,1041.8615244585,33.0,1.0,3.0,0.0
chr17-47916699-47916700-T-A,mcdb045,Pending,1.9,7.95,46.0,0.69,3.121,764.029,0.22,2.0,6.934,5297.976,33.64,0.056,0.0,1804.267,69.17,36600.838,10.24,1693.26383239371,1.240875,32271.9266269565,40.329625,3.63918478260862,0.0745282485096159,99.2866032608696,0.0033406564650458,0.106949675828218,0.0176329873502254,1454.06,0.22,6064.8,33.64,20.286,16813.81,13.0,46141.79,82.0,1915.27,1.8,40929.75,48.0,10289.61,3.3,42185.96,78.0,0.019146,2.1,8e-06,55.0,0.0,11.0,2722.36951668803,2.0,50000.0,44.0,2.0,0.0,0.0,107.0,22.291,0.14,0.0,764.029275738689,0.5,5297.97616349357,12.0,865.525764010422,0.6,15713.755810946,38.0,1.0,3.0,0.0
chr17-48614449-48614450-G-C,mcdb045,Pending,8.1,42.0,6.35,36.0,0.0,3185.444,2.877,2.0,0.931,2965.992,2.262,0.053,0.0,6868.295,200.49,4775.397,162.935,7541.20096686659,2.87675,5168.49733337006,2.26175,11.1157880434782,0.0211831615429062,3.996902173913,0.0661818764735441,0.145648267120123,0.377207398414612,29033.68,26.69,23764.33,17.89,0.695,12176.29,8.6,8662.68,6.4,6195.39,6.8,4265.35,5.1,21254.25,14.0,17657.87,9.9,0.002623,5.5,0.004634,4.3,0.0,9.0,5099.02725598475,14.0,4382.29645347799,12.0,1.0,0.0,0.0,0.0,0.373,0.0,0.0,3753.44451218561,7.6,3329.89086483636,6.9,3185.44418628399,6.7,2965.99216871224,6.3,2.0,3.0,0.0
chr17-49619350-49619351-C-T,mcdb045,Accept,0.623,28.0,4.429,30.0,7.18,58.77,0.08,2.0,8.993,528.51,2.1,0.067,0.0,734.315,70.935,5263.45,83.415,97.1499875236776,0.603,1892.10979145807,4.051625,0.64290760869558,0.586392227514699,4.80709239130432,0.0530695560384485,0.132928360253572,0.0349785834550857,1329.84,4.37,6441.51,17.0,7.168,5499.86,1.6,19048.44,7.5,58.77,0.08,528.51,2.1,138.79,0.09,4085.39,2.1,0.431116,0.18,0.034773,2.0,1.0,10.0,4778.52115918281,4.0,9146.0108795381,14.0,1.0,0.0,0.0,333.0,77.199,0.093,0.0,734.315,0.623,5263.45,4.429,734.315,0.623,5263.45,4.429,1.0,3.0,0.0
chr17-61590912-61590913-C-T,mcdb045,Pending,3.95,1.9,4.35,7.3,0.0,228.517,0.657,2.0,0.46,105.075,0.569,0.067,0.0,1619.702,10.045,1591.73,22.3,228.517473424458,1.356125,105.075483885758,0.6625,0.657201086956434,0.579056098148132,0.568586956521685,0.6254470955853,0.359229419380426,0.200715389102697,7118.61,18.81,3358.97,9.33,0.983,8865.98,2.6,10096.39,3.0,1610.82,5.3,1884.44,5.7,1351.13,0.7,1299.02,0.67,0.133987,0.73,0.128911,0.75,0.0,9.0,12653.2128518332,46.0,5210.57046486107,21.0,3.0,0.0,0.0,0.0,0.181,0.0,0.0,1130.88905268382,34.0,973.688408774727,32.0,1628.58338591561,40.0,872.589534655346,31.0,6.0,3.0,0.0
chr17-74371976-74371977-C-T,mcdb045,Pending,0.65,16.0,0.425,13.0,0.0,48.37,0.185,2.0,0.864,41.8,0.095,0.052,0.0,168.941,84.605,98.716,84.115,72.7881779249836,0.184875,48.8305658735128,0.09475,0.701385869565115,0.557522994358673,0.442608695652154,0.696916135650566,0.0203299820423126,0.0807514302432537,376.26,0.7,164.77,0.42,0.584,142.56,0.37,48.68,0.15,48.37,0.31,41.8,0.29,164.73,0.28,51.83,0.13,0.03317,1.6,0.200485,0.43,2.0,9.0,645.630535743832,1.4,379.957072084836,0.8,1.0,1.0,1.0,0.0,0.192,0.0,0.0,173.152991860844,0.6,155.750697413519,0.6,213.3880034547,0.7,145.602891622778,0.6,1.0,3.0,2.0
chr18-32217803-32217804-G-A,mcdb045,Pending,32.5,5.57,38.5,15.72,0.0,5388.64,20.0,2.0,0.999,5383.77,28.0,0.069,0.0,29872.566,327.21,36402.709,971.22,30396.8110080933,38.64925,31453.6188668275,51.5645,62.7446739130435,0.0040504822384178,99.2866032608696,0.0035267210901358,0.0558554045855999,0.0259537771344184,5388.64,58.52,5383.77,52.7,1.219,29348.32,27.0,34039.46,36.0,35559.24,37.0,40708.92,58.0,34921.34,29.0,37913.89,39.0,7e-05,23.0,6.6e-05,24.0,0.0,10.0,45854.1074476211,36.0,50000.0,38.0,1.0,0.0,0.0,0.0,0.013,0.0,0.0,21763.062034825,20.0,34891.5288946345,28.0,23749.2555132134,21.0,53536.5030373128,38.0,1.0,3.0,0.0
chr19-11013107-11013108-C-T,mcdb045,Accept,0.48,2.8,0.605,3.0,25.781,673.954,0.1,2.0,0.953,642.14,0.15,0.073,1.0,1267.763,12.475,1317.591,10.235,3790.09749096711,1.849125,6779.99626960546,2.743,2.91057065217385,0.100925920997829,5.34668478260863,0.0471927187728911,0.422031108289957,0.350448053330183,5375.94,1.26,5581.0,2.15,1.039,814.52,0.1,1288.64,0.15,1290.38,0.36,1262.76,0.36,2165.04,0.27,3906.34,0.51,0.442028,0.25,0.309341,0.45,1.0,9.0,674.186330339194,0.9,1073.58306648468,1.8,3.0,0.0,0.0,162.0,77.419,0.333,0.0,673.953603897594,0.3,642.140408523543,0.3,1245.14520365144,0.6,1346.54229752445,0.7,1.0,3.0,0.0
chr19-12918264-12918265-A-T,mcdb045,Pending,6.216,60.12,0.145,73.14,0.0,2647.6,1.469,2.0,0.017,45.354,0.019,0.064,0.0,4984.894,8673.24,126.158,13786.27,2647.59950194885,1.469125,45.3540473499076,0.04525,6.63130434782606,0.0371041338324671,0.018722826087,0.970744920150519,0.0213391780853271,0.81492855399847,6079.22,45.64,1876.13,0.3,0.025,23675.01,18.0,231.8,0.34,12382.34,5.8,52.18,0.09,21696.19,8.6,71.1,0.07,0.020483,2.0,0.982916,0.01,0.0,9.0,3890.56865327316,8.7,226.039309613391,0.2,9.0,0.0,0.0,2.0,0.528,0.0,0.0,3376.68073457795,5.0,102.444819124747,0.2,3578.65638206385,5.2,149.871826457651,0.3,1.0,3.0,0.0
chr19-21293650-21293651-T-C,mcdb045,Reject,0.248,13.0,0.63,8.0,6.292,9.32,0.04,2.0,2.415,22.512,0.07,0.123,0.0,82.585,38.475,145.2,20.36,52.3478773928013,0.196125,60.5679469263557,0.27475,0.130217391304356,0.894830707431779,0.409565217391304,0.717615039270291,0.469649031758308,0.16815497726202,1407.23,4.56,5375.21,14.24,1.758,71.07,0.04,149.33,0.07,111.88,0.53,179.12,0.85,94.1,0.06,141.07,0.09,0.732778,0.04,0.722405,0.04,2.0,9.0,1109.00259611381,1.1,1884.4390402882,4.2,8.0,0.0,0.0,183.0,37.232,0.169,1.0,9.32008772167681,0.3,22.5123068653015,1.1,12.9661189063101,0.4,37.740704255484,2.0,2.0,3.0,0.0
chr2-124504408-124504409-T-C,mcdb045,Pending,2.8,7.52,8.57,11.43,0.0,98.086,0.374,2.0,3.587,351.822,1.058,0.093,0.0,1449.351,64.69,6468.07,111.32,98.0860417928458,0.61175,351.822492762899,1.787,0.37358695652172,0.740189705612033,1.05760869565204,0.399934856184228,0.332807518541813,0.272888958454132,137.12,0.61,3281.71,9.14,4.463,7216.85,2.1,19751.97,8.0,2635.42,7.0,9654.43,17.0,7536.21,3.5,14568.17,7.5,0.085241,1.1,0.039729,1.9,1.0,9.0,8571.12627878052,34.0,17888.2499228017,58.0,9.0,0.0,0.0,0.0,0.022,0.0,0.0,263.281291694225,15.0,2368.20885141059,46.0,248.204699409321,15.0,2181.77519564034,45.0,1.0,3.0,0.0
chr2-130194410-130194411-GC-G,mcdb045,Pending,0.16,1.7,7.63,20.0,0.0,18.064,0.01,2.0,1.542,27.849,8.2,0.058,0.0,48.55,8.215,3479.868,139.525,32.4494117495992,0.023875,5683.24117375402,7.059,0.0141576086956831,0.974031191436465,12.8054619565217,0.0181875965729028,0.75764150172472,0.0240362100303173,302.46,1.31,1248.53,4.16,71.676,117.83,0.06,21453.19,9.2,63.39,0.26,12315.54,21.0,33.71,0.02,13535.09,6.8,0.841501,0.01,0.002172,8.2,2.0,9.0,696.429008571064,0.4,1276.49516119806,1.7,6.0,0.0,0.0,4.0,0.0,0.0,0.0,23.4649698215543,1.1,157.91376930322,9.6,18.0638367621237,0.7,27.849025318173,1.4,1.0,0.0,0.0
chr2-130763897-130763898-C-A,mcdb045,Pending,0.6,1.08,0.87,0.98,0.0,237.36,0.2,2.0,0.61,144.834,0.21,0.053,0.0,1110.514,12.99,1251.855,12.31,237.360033731671,0.580499999999999,144.834142032848,0.432125,1.26605978260859,0.329311611885325,0.962065217391199,0.437631098458636,0.0784816034138202,0.0730213038623333,1346.94,0.2,1401.46,0.21,1.127,7171.0,5.6,10953.77,7.9,511.63,0.76,751.22,0.92,1376.19,0.59,2149.23,0.82,0.278851,0.44,0.331904,0.37,3.0,11.0,874.08813019978,0.6,1039.29477233106,0.7,7.0,0.0,0.0,0.0,0.0,0.0,0.0,4169.7498333826,7.5,5446.40584315695,12.0,843.878651087583,0.6,1102.24972716657,1.0,1.0,3.0,0.0
chr2-15356394-15356395-C-G,mcdb045,Accept,0.965,0.88,1.615,0.87,7.35,74.31,0.15,2.0,1.566,116.355,0.33,0.087,0.0,2142.812,84.04,1982.342,83.55,74.3099513176421,0.209625,116.354799068913,0.362625,0.261956521739123,0.810297253083734,0.86771739130424,0.4791452727829,0.371059417724609,0.0602013543248176,4305.97,1.03,5321.16,2.13,0.925,13987.54,9.6,15618.96,12.0,5182.46,3.2,4856.71,3.0,1206.87,0.54,1813.29,0.73,0.674222,0.15,0.384881,0.33,0.0,9.0,674.186330339194,0.9,810.330961006521,1.1,4.0,0.0,0.0,141.0,65.042,0.113,0.0,1669.12937364444,2.7,1443.74336048861,2.4,2616.49554728425,4.0,2151.39423237371,3.3,1.0,3.0,0.0
chr2-241133027-241133028-G-T,mcdb045,Pending,1.16,7.3,1.24,7.5,0.0,153.727,0.449,2.0,1.108,170.355,0.39,0.051,0.0,1294.294,31.435,1299.644,35.1,153.727230659373,0.448875,170.355385643791,0.482875,0.697255434782505,0.559353678623131,0.389836956521719,0.729855596101337,0.22768060490489,0.469366330653429,3616.82,0.72,4211.31,0.98,1.004,2321.68,2.6,2092.88,2.4,1517.76,1.6,1525.99,1.6,4678.45,1.6,3986.57,1.5,0.231826,0.5,0.278002,0.44,1.0,9.0,508.869852753973,0.5,471.752198162359,0.5,7.0,0.0,0.0,11.0,15.128,0.0,0.0,947.305371740848,1.7,1005.74990448775,1.9,1070.82869386219,2.0,1073.29720894219,2.0,1.0,3.0,0.0
chr2-53854035-53854036-C-A,mcdb045,Pending,24.5,14.49,29.0,18.77,2.085,5798.76,8.926,2.0,1.0,5799.42,8.576,0.055,0.0,18182.256,158.45,26658.11,242.96,19255.6929144552,8.92575,18732.9680566585,8.57575,46.2246739130435,0.0052027638488291,46.2246739130435,0.0053330602868494,0.0016060806810855,0.0010783597826957,5798.76,35.34,5799.42,35.86,1.466,22439.15,11.0,26634.12,18.0,25842.4,29.0,28485.48,41.0,38151.35,34.0,39255.13,38.0,0.000198,34.0,0.000193,34.0,0.0,9.0,7366.34938550802,20.0,9346.08343273421,24.0,3.0,0.0,0.0,72.0,10.745,0.194,0.0,15726.4247061818,12.0,28551.5703734954,20.0,17108.8177480258,14.0,26682.0995393439,19.0,1.0,3.0,0.0
chr2-55917711-55917712-A-G,mcdb045,Pending,4.45,73.9,0.117,65.0,1.591,3202.076,1.4,2.0,0.075,241.2,0.02,0.073,0.0,8998.903,2060.705,514.508,1071.485,4270.94474824283,1.98675,82.0488899110743,0.103375,9.84945652173911,0.0249945195996097,0.333152173913007,0.7655489345093,0.0374249927699565,0.322343226522207,5649.3,3.02,942.0,0.08,0.057,16861.54,5.3,774.18,0.1,12517.05,4.5,416.56,0.13,16333.44,3.5,497.36,0.06,0.100001,1.4,0.898692,0.02,0.0,9.0,3202.07590947592,8.1,241.20027143288,0.2,9.0,0.0,0.0,457.0,176.795,0.009,0.0,11685.0345273846,8.3,531.655119240105,0.3,6312.77048704096,4.4,664.079387056354,0.3,1.0,3.0,0.0
chr2-7014482-7014483-C-G,mcdb045,Pending,2.5,27.0,2.0,35.0,2.601,98.238,0.306,2.0,0.792,77.806,0.226,0.064,0.0,2592.972,98.045,2454.983,156.855,98.2383679217756,0.306125,77.8060971523702,0.225875,0.371739130434761,0.741710758911395,0.235190217391306,0.827466951703549,0.335473291575909,0.416421085596085,5746.12,3.77,5198.19,1.9,0.947,3778.93,3.6,3787.32,3.6,2664.09,2.2,2523.8,2.1,2775.1,0.98,2512.68,0.93,0.157106,0.65,0.326756,0.38,0.0,9.0,2264.98110352767,4.4,2390.88910567882,4.7,5.0,0.0,0.0,46.0,17.114,0.152,0.0,1719.84773982464,2.8,1676.83372478069,2.7,2521.85434865544,3.9,2397.2868327348,3.8,1.0,3.0,0.0
chr2-96354191-96354192-G-T,mcdb045,Pending,0.315,5.89,0.385,3.88,0.0,52.065,0.093,2.0,1.015,52.855,0.1,0.053,0.0,708.181,48.99,688.698,32.41,52.0645227260163,0.093,52.8552086448993,0.10025,0.429538043478246,0.70479419655687,0.415271739130446,0.71457852108264,0.108977593481541,0.126538723707199,1310.09,0.19,957.55,0.13,0.972,1446.15,1.8,892.04,1.3,79.14,0.23,67.28,0.21,832.77,0.4,740.44,0.38,0.38956,0.33,0.316195,0.39,1.0,11.0,995.274467102104,0.7,995.274467102104,0.7,6.0,0.0,0.0,2.0,2.209,0.0,0.0,583.592900510158,0.3,636.956831681912,0.4,395.621604536555,0.2,612.745315907038,0.3,1.0,3.0,0.0
chr20-14326247-14326248-G-C,mcdb045,Pending,2.622,3.97,1.67,3.64,4.032,304.37,1.0,2.0,0.707,215.3,0.77,0.073,0.0,3461.705,33.06,3589.762,30.63,485.83348898039,2.1435,249.69030602716,1.440875,2.01980978260862,0.173757516345991,1.16513586956508,0.36093227985741,0.0354761481285095,0.131948441267013,4961.13,13.21,6531.48,17.24,1.037,19910.75,8.2,17943.69,6.9,304.37,1.3,215.3,0.83,1962.28,1.0,1497.84,0.77,0.015803,3.1,0.038225,1.9,0.0,10.0,5743.49177498518,5.8,5681.68344658443,5.6,5.0,5.0,1.0,81.0,12.109,0.333,0.0,3461.705,2.622,3589.762,1.67,3461.705,2.622,3589.762,1.67,1.0,3.0,1.0
chr20-44350784-44350785-G-T,mcdb045,Pending,2.45,2.51,4.45,8.21,0.0,503.04,0.83,2.0,6.879,3460.4,2.73,0.087,0.0,1867.845,2189.31,4713.203,3821.35,5039.20528409133,2.234875,11843.4158156232,4.15975,7.77809782608696,0.0312667169766159,22.1923097826087,0.0110027845773899,0.147942751646042,0.0815054923295974,503.04,0.83,3460.4,2.73,2.523,1979.23,2.4,3049.15,3.1,1756.46,2.4,4856.71,4.8,3860.63,2.5,7754.75,4.3,0.014645,2.4,0.008426,3.2,0.0,10.0,3491.59114386168,3.3,4676.22687348547,4.6,9.0,0.0,0.0,4.0,0.433,0.0,0.0,1398.65306055138,4.9,4750.1792694917,12.0,1278.96894682056,4.6,2599.32150584048,7.5,1.0,3.0,0.0
chr20-46022943-46022943-G-GGGA,mcdb045,Pending,62.84,71.44,40.221594605632646,92.03,0.0,1258.375,9.426,2.0,-438.5844494835479,-9519.733931877636,-4.413083956771116,0.114,0.0,16339.349,4271.87,3313.3028115918855,9778.45,8923.89061971942,9.425875,-5674.483842636941,-2.0627131066040825,22.1923097826087,0.0108624042297442,-15.088603746931621,0.30945613085128815,0.0001307058519159,0.08590948330960432,21685.75,75.68,11427.31640651335,44.039985554811494,-41.142004214746166,46798.43,87.0,30799.360309209387,62.12367441056155,43675.0,99.0,28268.91765963853,68.27154690926314,47163.88,93.0,32304.747285434136,64.7762402094094,0.0,100.0,0.21203196901861557,83.09327942205992,0.0,9.0,10992.9487619001,41.0,1389.9446332097962,22.837947939231707,0.0,0.0,1.0,0.0,1.001,0.0,1.0,3158.05725919492,50.0,-19207.02334901165,26.870184367350404,1258.37476350642,36.0,-27927.00961866395,13.310980901355727,3.0,2.0,0.0
chr20-59191626-59191627-C-A,mcdb045,Pending,6.0,8.59,11.2,7.95,0.0,332.106,1.5,2.0,1.395,463.273,2.3,0.064,0.0,4261.838,76.1,8936.16,69.21,332.106042961555,1.73,463.273404710121,2.081375,1.7317391304347,0.218192119492989,2.10336956521732,0.164020678752132,0.0110226646065711,0.0028119198977947,5321.6,14.1,14023.62,41.58,2.097,40517.33,47.0,44368.01,67.0,1347.45,4.3,3167.62,7.4,14939.61,7.7,23534.01,17.0,0.001183,11.0,0.000586,15.0,0.0,11.0,3202.07590947592,1.5,3848.70047370434,2.3,1.0,0.0,0.0,2.0,3.055,0.0,0.0,4261.838,6.0,8936.16,11.2,4261.838,6.0,8936.16,11.2,1.0,3.0,0.0
chr21-13610559-13610560-G-T,mcdb045,Pending,12.595,23.03,28.342,36.16,0.0,27.467,1.4,2.0,1.888,51.857,3.2,0.113,0.0,5374.215,352.7,12834.825,869.86,18119.0716619638,18.917625,21760.1092731739,25.423625,46.2246739130435,0.0055960955551216,62.7446739130435,0.0046047181277745,0.0056126713752746,0.0004923492670059,4956.07,13.19,11204.84,31.26,2.388,5792.36,1.7,14464.81,4.9,14802.53,24.0,30893.41,50.0,23050.91,16.0,36001.34,38.0,0.00088,12.0,5e-05,32.0,0.0,9.0,2693.07285958329,7.8,4106.84141846427,16.0,2.0,0.0,0.0,0.0,0.073,0.0,0.0,30.5787691288353,1.6,73.1846499675243,4.5,27.4669223661382,1.4,51.8573118135684,3.2,1.0,3.0,0.0
chr21-44258607-44258608-A-T,mcdb045,Pending,2.765,3.9,2.373,1.46,0.0,211.83,0.5,2.0,0.692,146.63,0.8,0.057,0.0,2308.324,11.655,2042.205,8.175,1220.29519632848,3.329125,877.482661171606,2.846875,3.80744565217384,0.0709952578649021,3.03728260869558,0.0948935444742016,0.0022172629833221,0.0010472759604454,11367.03,31.8,13121.34,38.1,0.885,7555.4,2.2,6587.16,1.9,211.83,0.81,146.63,0.48,2199.75,1.2,1362.04,0.7,0.001691,9.1,0.002138,8.2,0.0,10.0,2416.89844963521,0.5,2722.36951668803,0.8,8.0,6.0,0.0,2.0,0.0,0.0,0.0,2308.324,2.765,2042.205,2.373,2308.324,2.765,2042.205,2.373,1.0,3.0,2.0
chr21-44580232-44580233-A-T,mcdb045,Pending,61.261,10.39,67.333,15.55,0.0,13797.07,34.0,2.0,0.845,11653.36,38.0,0.06,0.0,31293.033,97.56,32395.085,177.42,31525.0767846575,72.523,31285.2908411474,69.665375,99.2866032608696,0.0032160830370085,99.2866032608696,0.0032433618208367,0.0004284754395484,0.0007272325456142,13797.07,40.69,11653.36,32.81,1.035,45214.15,73.0,46408.13,83.0,31060.99,50.0,33504.88,56.0,44878.32,77.0,44873.96,77.0,2.9e-05,38.0,3e-06,65.0,0.0,8.0,20813.8985772727,34.0,23444.5609490774,38.0,5.0,0.0,0.0,0.0,0.028,0.0,0.0,31293.033,61.261,32395.085,67.333,31293.033,61.261,32395.085,67.333,6.0,3.0,0.0
chr22-22432442-22432443-T-C,mcdb045,Pending,21.5,33.84,8.775,27.16,0.0,145.017,6.3,0.0,0.522,75.757,4.6,0.054,0.0,11837.729,755.44,5764.509,484.42,13357.2579995427,13.316625,8747.09478504521,9.350625,31.6431793478261,0.0074782533541549,20.2322554347826,0.0116983513868519,0.0043843537569046,0.0158306881785392,10318.2,28.31,798.93,2.9,0.487,16973.94,6.3,13818.91,4.6,26123.53,41.0,20478.82,32.0,30196.44,26.0,25386.51,19.0,0.000382,17.0,0.000478,16.0,1.0,9.0,7609.37914115875,31.0,2781.92241107235,8.2,3.0,0.0,0.0,26.0,28.488,0.0,0.0,145.017361784735,8.9,75.7565171350524,4.8,190.462727805339,12.0,48.1736995835712,2.9,6.0,3.0,0.0
chr3-10912189-10912190-A-G,mcdb045,Pending,7.5,1.45,4.4,1.56,0.0,880.339,1.9,2.0,2.729,2402.426,4.5,0.054,0.0,4973.255,114.87,4103.088,120.77,4523.1490919325,2.350375,1066.01249830581,1.22175,11.1157880434782,0.0216324970501936,2.0051086956521,0.175765120315589,0.0113738402724266,0.255147002637386,5423.36,93.22,5393.99,65.1,0.825,16219.15,13.0,16874.32,13.0,15290.89,9.7,6539.79,4.3,16828.19,6.8,12125.66,4.7,0.000974,8.2,0.014419,2.5,0.0,10.0,2314.52844807955,2.0,2812.1856201345,2.7,10.0,9.0,1.0,0.0,0.172,0.0,0.0,1613.31807684829,3.4,2436.23961020287,4.5,880.339117543673,1.9,2402.42589311352,4.5,1.0,3.0,2.0
chr3-139006113-139006114-G-A,mcdb045,Pending,0.525,0.33,3.975,1.33,0.0,54.593,0.189,2.0,15.263,833.25,2.741,0.092,0.0,252.9,7.51,1960.725,14.61,54.5934649979369,0.217875,833.250000004162,2.778125,0.188586956521718,0.857303194553471,2.74149456521732,0.109727829179988,0.382825151085854,0.0325698405504226,123.96,0.55,1210.87,4.05,7.753,1567.31,0.5,2710.58,0.78,497.98,2.5,2812.19,7.2,381.84,0.24,10618.62,5.2,0.240559,0.43,0.010525,3.9,1.0,9.0,1602.12922627967,3.1,4288.48419012512,17.0,1.0,0.0,0.0,0.0,0.0,0.0,0.0,73.5224549633721,4.5,48.2414107911852,2.9,120.173856958511,7.5,104.667053875453,6.6,6.0,3.0,0.0
chr3-151814297-151814298-T-G,mcdb045,Accept,0.319,6.6,0.462,5.4,6.207,20.47,0.01,2.0,1.084,22.19,0.01,0.141,0.0,189.665,25.205,232.585,26.895,67.4603178288695,0.33875,83.277836108505,0.49425,0.205380434782597,0.846113328178171,0.429538043478246,0.704769568680726,0.415873784571886,0.2378945723176,107.53,0.48,112.3,0.5,1.226,3497.72,0.97,6301.53,1.8,20.47,0.01,22.19,0.01,271.8,0.17,352.87,0.22,0.088708,1.1,0.067496,1.3,3.0,10.0,1967.78648311005,0.3,1925.66187886762,0.3,6.0,0.0,0.0,5.0,6.207,1.0,0.0,189.665,0.319,232.585,0.462,189.665,0.319,232.585,0.462,1.0,3.0,0.0
chr3-195782934-195782935-G-A,mcdb045,Reject,2.51,0.24,2.9,0.37,53.144,75.957,0.172,2.0,1.868,141.89,0.917,0.053,0.0,1077.155,6.63,1005.875,7.81,75.9572308672485,0.418375,141.890430326677,0.91725,0.17184782608696,0.868836671679777,1.07567934782594,0.393013530501958,0.501090411096811,0.0154127292335033,7942.32,21.12,5521.25,14.6,0.934,1236.73,0.41,841.1,0.3,1183.39,4.5,1170.65,4.5,970.92,0.52,1868.4,0.95,0.253753,0.4,0.067134,1.3,2.0,9.0,3099.80741799732,9.6,3685.68515399165,14.0,8.0,0.0,0.0,160.0,708.591,0.075,1.0,537.551403373707,24.0,397.575853550152,20.0,338.695947236082,18.0,273.407233212277,16.0,5.0,3.0,0.0
chr3-35721709-35721710-C-T,mcdb045,Pending,0.871,0.87,2.55,1.7,0.0,77.149,0.2,1.0,0.897,69.216,0.58,0.057,0.0,271.71,11.54,1089.055,17.14,77.1488841706994,0.43475,69.2164881143424,0.358875,0.631358695652096,0.592072053134858,0.609538043478196,0.603385851239208,0.0762746073305606,0.059787169098854,250.36,1.11,1450.88,4.67,4.008,698.07,0.26,2057.6,0.63,293.06,1.6,727.23,3.2,484.93,0.29,3717.44,1.9,0.39829,0.2,0.172138,0.58,2.0,9.0,2469.76904535209,6.8,6682.84800356916,27.0,3.0,0.0,0.0,0.0,0.332,0.0,1.0,113.088905268382,7.1,95.8120207785219,6.0,103.946530944651,6.5,117.709089398799,7.4,5.0,3.0,0.0
chr3-45095560-45095561-G-C,mcdb045,Pending,2.15,11.0,1.4,11.0,1.505,256.149,0.341,2.0,0.659,168.731,0.153,0.067,0.0,3123.365,45.935,2180.923,44.725,256.148863232058,0.602874999999999,168.730924043711,0.48025,0.341277173912999,0.759929645215779,0.152717391304364,0.880768919556088,0.626113444566727,0.751022160053253,5375.62,2.25,4497.23,1.16,0.698,8196.11,6.2,5536.58,4.7,2607.06,2.2,1628.34,1.6,3639.67,1.4,3027.22,1.2,0.092461,0.86,0.190178,0.58,0.0,9.0,1276.49516119806,2.1,1235.72622310726,2.0,6.0,0.0,0.0,42.0,12.646,0.119,0.0,2309.35128352867,3.6,1616.18101173512,2.7,4204.55463325557,5.9,2733.50580174905,4.2,1.0,3.0,0.0
chr3-52323851-52323852-G-T,mcdb045,Pending,6.185,46.0,3.31,48.0,1.418,162.858,1.6,2.0,0.344,55.951,1.5,0.058,0.0,2174.341,332.05,1671.535,370.655,1412.11542637171,3.54975,620.714588715922,2.421125,2.97065217391297,0.0976126152996723,1.48627717391297,0.268937884699859,0.140504281967878,0.260791923850775,1289.16,4.27,873.3,3.12,0.769,19818.12,8.1,16366.16,5.9,11793.9,20.0,10933.64,19.0,3126.42,1.6,2813.83,1.5,0.021395,2.6,0.036181,2.0,0.0,9.0,2936.56665617096,8.9,2469.76904535209,6.8,8.0,0.0,0.0,43.0,30.169,0.047,0.0,216.980147455068,14.0,110.260510777475,7.0,162.858338591562,9.8,55.9512766048999,3.5,1.0,3.0,0.0
chr4-188146947-188146948-C-T,mcdb045,Pending,0.065,3.62,0.03,1.85,0.0,27.7,0.004,2.0,1.064,29.469,0.007,0.055,0.0,939.121,30.42,556.165,18.09,27.7000569754349,0.004125,29.4686913611786,0.007375,0.012092391304364,0.97637459917867,0.0153804347826422,0.973271616106055,0.741605386137962,0.722819782793522,5991.18,5.98,6645.22,9.4,0.592,2722.13,0.04,1848.03,0.03,1430.07,0.09,487.32,0.03,312.58,0.02,246.94,0.02,0.958707,0.01,0.948667,0.01,2.0,9.0,592.096239149258,0.2,625.010268514176,0.2,6.0,0.0,0.0,0.0,0.0,0.0,0.0,284.06648669792,0.2,284.06648669792,0.2,1286.14519630739,0.8,895.962844743931,0.4,1.0,3.0,0.0
chr4-41939340-41939341-C-G,mcdb045,Accept,0.146,0.47,0.096,0.47,23.322,18.92,0.039,2.0,0.784,14.83,0.023,0.06,0.0,33.652,13.66,23.239,13.615,37.0779917556619,0.039375,32.7276577722024,0.022625,0.111222826086959,0.906540993981995,0.0617934782608813,0.940875381641469,0.412003394216299,0.517658688127995,48.43,0.18,37.33,0.15,0.691,18.92,0.06,14.83,0.05,31.21,0.2,21.6,0.13,27.13,0.07,12.92,0.04,0.766308,0.05,0.852432,0.03,5.0,9.0,96.1535541529751,0.2,61.7031835213287,0.2,3.0,0.0,0.0,123.0,102.291,0.228,0.0,36.0935832914947,0.3,24.7417263968081,0.2,31.1293462411401,0.3,21.735518263302,0.2,1.0,3.0,0.0
chr4-44622456-44622457-C-A,mcdb045,Pending,0.155,5.1,0.212,28.0,0.0,15.7,0.01,2.0,1.215,19.08,0.02,0.082,0.0,120.453,29.885,90.505,86.65,107.881136594003,0.327875,69.1310005006988,0.193125,0.765951086956406,0.525990736246895,0.579510869565155,0.618891892703821,0.0924432687461376,0.0778911150991916,1143.05,0.08,3668.92,0.25,0.751,51.69,0.09,56.66,0.1,15.7,0.01,19.08,0.02,66.11,0.11,64.54,0.1,0.688186,0.11,0.444394,0.23,8.0,11.0,133.025359709533,0.2,111.879604356001,0.1,4.0,0.0,0.0,0.0,0.433,0.0,0.0,5261.14171277003,17.0,2931.43318546678,6.1,2109.16230010829,3.5,2000.36846752089,3.2,5.0,3.0,0.0
chr4-87115256-87115259-AGAG-A,mcdb045,Accept,0.51,11.16,0.3,12.42,37.971,16.399,0.04,2.0,0.646,10.588,0.05,0.447,0.0,102.385,107.65,74.11,125.46,47.6376077541369,0.144625,48.5192133884506,0.155625,0.529592391304305,0.647358825916217,0.529592391304305,0.647438964194038,0.0103099085390567,0.0154434405267238,293.12,1.27,133.07,0.6,0.724,96.46,0.05,58.11,0.04,108.31,0.52,90.11,0.38,216.11,0.13,157.36,0.1,0.702782,0.04,0.692674,0.05,1.0,9.0,932.715175165956,0.7,767.657650839511,0.5,1.0,0.0,0.0,55.0,160.892,0.236,0.0,17.964701276657,0.7,11.1794387274424,0.3,16.3987218664433,0.5,10.5879041238322,0.3,1.0,1.0,0.0
chr4-87662031-87662032-A-G,mcdb045,Pending,0.31,7.8,0.35,3.7,0.0,26.907,0.16,2.0,1.009,27.156,0.21,0.079,0.0,126.22,25.55,113.215,17.375,120.850020514151,0.31925,176.592045302201,0.423125,0.814918478260736,0.503274209171947,0.947201086956397,0.44351825990947,0.0979005433619022,0.134200535714626,143.4,0.38,88.27,0.28,0.897,53.16,0.16,70.15,0.21,131.59,0.43,138.16,0.43,141.21,0.24,144.17,0.25,0.089014,0.87,0.140479,0.58,1.0,10.0,359.94793166265,0.3,414.310836296246,0.4,4.0,4.0,1.0,2.0,0.045,0.0,0.0,32.8632113605145,0.3,30.9535168887999,0.3,26.9066729545193,0.3,27.1556373340701,0.3,1.0,3.0,1.0
chr5-11117547-11117548-C-T,mcdb045,Pending,12.0,22.23,13.0,20.24,0.0,73.419,4.5,2.0,1.084,79.581,5.0,0.064,0.0,6116.424,330.41,5729.77,277.94,8960.7245253308,9.502625,8005.52310030174,8.72425,20.2322554347826,0.0111042672719768,18.6179891304348,0.0121373892422013,0.0075548030436038,0.0020479820668697,3073.75,8.64,366.95,1.55,0.937,23434.42,12.0,24509.86,13.0,18378.72,29.0,18882.64,29.0,26878.16,21.0,29626.53,25.0,0.000701,14.0,0.000401,17.0,0.0,9.0,3272.12256819681,12.0,3454.01654281483,13.0,7.0,0.0,0.0,2.0,1.379,0.0,0.0,151.851819487822,9.3,147.71343583226,9.1,73.419259510945,4.5,79.5811113914205,5.0,1.0,3.0,0.0
chr5-128369203-128369204-C-A,mcdb045,Pending,5.35,10.92,7.6,10.7,0.0,1210.913,0.981,2.0,2.855,3457.033,1.757,0.058,0.0,7243.018,637.76,6872.09,623.8,1210.91260768871,0.980624999999999,3457.03315504553,1.756875,1.92687499999992,0.186649455676996,4.45459239130432,0.0583397356548687,0.310875691473484,0.22878534719348,5824.2,59.32,5826.28,61.41,0.949,26565.61,18.0,27177.32,19.0,15625.39,6.5,17791.74,8.8,18198.26,4.2,23247.54,7.0,0.060125,1.9,0.033554,2.9,0.0,11.0,2054.82032600981,1.6,3491.59114386168,3.1,1.0,3.0,0.0,2.0,1.638,0.0,0.0,3637.89366030317,7.3,4110.0773954246,8.2,8661.83686359124,13.0,7917.8997724639,13.0,1.0,3.0,1.0
chr5-35876358-35876359-C-T,mcdb045,Pending,0.58,0.88,0.383,1.6,0.0,27.976,0.006,2.0,0.987,27.619,0.006,0.077,0.0,204.132,6.035,124.138,10.45,27.9757630980889,0.00625,27.6191424173737,0.006,0.177472826086941,0.863986973614689,0.205380434782597,0.846147654545406,0.215028688311577,0.170776940882206,1208.41,4.04,680.67,2.55,0.608,793.12,0.29,369.7,0.16,181.07,0.87,123.99,0.56,77.69,0.06,72.4,0.05,0.898764,0.01,0.954179,0.01,2.0,9.0,2664.09147713626,7.7,1602.12922627967,3.1,6.0,0.0,0.0,169.0,127.303,0.0,0.0,216.481106964148,14.0,124.285367264983,7.7,191.782952363097,13.0,80.8742004287284,5.1,1.0,3.0,0.0
chr5-68293409-68293410-G-A,mcdb045,Pending,1.7,2.08,7.05,2.55,0.0,254.329,0.41,2.0,43.17,10979.408,1.4,0.062,0.0,1986.283,19.59,12339.695,22.71,254.329340853892,0.600749999999999,10979.4076770465,2.948625,0.627255434782526,0.594419111553775,6.18413043478256,0.0405788423363965,0.406518869102001,0.438157003372908,6047.51,23.69,6078.38,44.85,6.212,1855.57,2.2,14440.74,9.9,2873.7,2.3,17600.27,7.9,3870.87,1.4,17569.83,6.2,0.30068,0.41,0.045609,1.4,0.0,9.0,893.209148776166,1.3,4989.871863861,13.0,2.0,0.0,0.0,99.0,221.668,0.0,0.0,1075.20184267035,2.0,3338.0281898355,4.9,2116.99581752618,3.3,13699.982108827,14.0,1.0,3.0,0.0
chr6-132553472-132553473-G-T,mcdb045,Pending,1.413,3.58,0.916,2.82,0.0,85.83,0.16,2.0,1.163,99.86,0.21,0.051,0.0,494.52,30.18,731.995,24.66,223.078626160517,1.335125,114.402398535285,0.73225,1.24312499999988,0.336164380303409,0.609538043478196,0.60346020386828,0.0701692178845405,0.197825968265533,351.6,1.49,563.92,2.2,1.48,19930.15,8.2,22069.8,9.7,85.83,0.16,99.86,0.21,637.44,0.37,900.07,0.48,0.04827,1.6,0.082751,1.1,7.0,10.0,3766.31095345203,2.1,3567.97106119069,1.8,8.0,0.0,0.0,0.0,0.095,0.0,0.0,494.52,1.413,731.995,0.916,494.52,1.413,731.995,0.916,6.0,3.0,0.0
chr7-103313005-103313006-C-G,mcdb045,Pending,4.075,22.0,6.07,27.0,4.448,157.81,0.834,2.0,1.204,189.948,0.997,0.069,0.0,1361.635,97.03,2172.105,109.565,157.810330442008,1.0115,189.947575245618,1.181375,0.833967391304242,0.493828905654419,0.997065217391153,0.42440029668752,0.160480711609125,0.132215697318316,1138.38,3.85,1592.23,5.04,1.595,3697.15,1.2,8419.29,2.5,1584.89,5.3,2751.98,7.1,8986.32,4.3,14414.2,7.4,0.06147,1.4,0.017482,3.0,1.0,9.0,14722.6637659505,51.0,19295.7046934829,60.0,7.0,0.0,0.0,423.0,33.695,0.132,0.0,277.600344027357,16.0,392.120908338835,20.0,368.816209435442,19.0,544.264489841933,24.0,1.0,3.0,0.0
chr7-158133827-158133828-C-A,mcdb045,Pending,0.97,12.16,0.935,7.56,2.109,722.518,0.22,2.0,0.741,535.551,0.29,0.072,0.0,1671.755,121.65,1568.38,65.15,722.518323133824,0.918375,535.551453307661,0.820374999999999,1.6127445652173,0.241168729959648,1.1277173913042,0.374207719363387,0.261146951466799,0.357584215700626,1440.09,0.22,1833.47,0.29,0.938,1903.42,2.2,1303.29,1.7,907.82,0.94,784.45,0.9,2841.67,1.0,2684.46,0.97,0.363346,0.35,0.276634,0.44,0.0,8.0,1222.42801093886,0.7,1249.16910019277,0.8,7.0,0.0,0.0,2.0,2.109,1.0,0.0,36086.1042972517,55.0,15824.8644974547,26.0,24189.6731371898,39.0,9541.79320377874,17.0,1.0,3.0,0.0
chr7-21744491-21744492-C-G,mcdb045,Pending,2.018,2.7,3.475,3.0,0.0,971.3,0.74,2.0,1.942,1885.93,1.4,0.05,0.0,2191.856,29.9,3146.201,26.335,1804.70205934601,1.536125,3547.01810935689,2.07125,4.5192663043478,0.0577184630428434,8.83929347826086,0.0278163031591957,0.0471186526119709,0.0174869857728481,5144.96,1.07,5244.02,3.05,1.435,971.3,1.3,1885.93,2.1,2579.01,2.5,4576.12,3.9,1214.61,0.74,2754.96,1.4,0.093669,0.89,0.02674,1.9,0.0,9.0,1654.98649030649,4.0,1925.66187886762,4.7,1.0,0.0,0.0,4.0,5.786,0.0,0.0,2634.08630269853,4.4,2996.60845116361,5.0,2722.45054956816,4.5,3295.7935539907,5.5,5.0,3.0,0.0
chr7-27101291-27101292-C-A,mcdb045,Accept,0.185,41.0,0.36,41.0,0.527,52.675,0.1,2.0,0.971,51.159,0.056,0.054,0.0,228.018,366.9,444.675,565.465,52.6753223906389,0.10025,51.1592776614139,0.08975,0.143451086956517,0.886506534830606,0.0557608695652334,0.944498011963036,0.447190020233393,0.659258253872395,2172.87,0.36,2612.48,0.44,1.95,76.36,0.11,162.13,0.22,108.89,0.18,331.89,0.59,307.88,0.19,535.58,0.28,0.714203,0.13,0.707351,0.14,2.0,9.0,1158.05301827804,1.9,1290.38154414547,2.1,7.0,0.0,0.0,26.0,2.283,0.231,0.0,332.269134343436,0.6,825.068487356088,1.5,148.156257846599,0.3,353.769184120302,0.7,1.0,3.0,0.0
chr7-48276090-48276091-T-C,mcdb045,Accept,0.2,9.44,0.185,13.53,8.782,26.041,0.08,2.0,0.966,25.156,0.07,0.057,0.0,102.268,85.95,94.122,142.48,91.5751549650377,0.279875,92.0945520245435,0.279875,0.383695652173898,0.73441330311232,0.260380434782604,0.811608727095559,0.305521454662085,0.432385232299566,2442.47,0.16,2427.1,0.16,0.92,40.34,0.08,36.88,0.07,117.46,0.26,96.15,0.17,112.96,0.15,111.2,0.15,0.555313,0.17,0.587933,0.15,3.0,10.0,932.715175165956,0.8,922.677802760882,0.8,6.0,0.0,0.0,6.0,13.166,0.667,0.0,26.1649554728424,0.2,27.2094648342282,0.2,26.0405408448717,0.2,25.1564873725585,0.2,1.0,3.0,0.0
chr9-117214560-117214561-G-C,mcdb045,Pending,2.2,21.0,2.35,29.0,0.0,268.362,0.615,2.0,0.827,222.043,0.396,0.065,0.0,2788.908,63.41,3005.376,100.86,268.362033729905,0.615124999999999,222.04299816513,0.559749999999999,0.793043478260714,0.514370091330792,0.395624999999995,0.725929745112916,0.329472579061985,0.536512561142445,5822.32,4.49,5709.91,3.52,1.078,5856.45,4.9,6242.63,5.1,5044.15,3.2,5267.25,3.2,3460.82,1.3,3239.22,1.2,0.070295,1.1,0.233635,0.5,0.0,9.0,846.171342146649,1.2,963.487207450801,1.5,7.0,7.0,1.0,2.0,22.016,0.0,0.0,1920.8347323886,3.1,2077.25589443732,3.2,2116.99581752618,3.3,2771.53265537063,4.2,1.0,3.0,1.0
chr9-15594061-15594062-C-T,mcdb045,Accept,0.05,10.17,4.5,17.79,0.0,27.11,0.002,2.0,677.711,18372.75,0.795,0.138,0.0,90.287,590.85,5307.212,1133.51,36.9504954431493,0.002,497.947575046692,0.795124999999999,0.0509510869565446,0.947164441117261,2.13796195652166,0.159730411970897,0.584645211696625,0.0136893689632415,668.32,0.05,5678.25,3.33,58.782,44.4,0.04,13439.66,9.3,104.28,0.17,17038.15,7.6,27.11,0.03,18372.75,6.6,0.99705,0.01,0.058171,1.2,1.0,9.0,286.788222519084,0.2,4936.17358223685,13.0,9.0,0.0,0.0,52.0,6.918,0.0,0.0,76.2939323632144,0.2,2514.72210871255,3.9,145.117570836372,0.3,3465.13372992042,5.1,1.0,3.0,0.0
chr9-95881123-95881124-C-T,mcdb045,Accept,0.615,1.9,6.45,5.5,6.342,57.36,0.17,2.0,92.404,5300.3,4.4,0.076,0.0,180.723,22.53,7912.436,45.93,181.33388641888,0.430875,19920.80373768,8.738375,0.940461956521617,0.446496786585312,46.2246739130435,0.0052651175295315,0.144883785396814,0.014313705265522,763.62,1.07,8672.69,5.49,43.782,57.36,0.17,5300.3,4.4,141.18,0.43,8297.38,7.1,180.37,0.3,10874.88,5.8,0.159453,0.53,0.000735,9.4,6.0,10.0,1085.26206538749,0.8,7527.49114979243,7.8,10.0,0.0,0.0,151.0,59.832,0.106,0.0,111.869062869941,0.7,345.708454026555,1.8,181.075627966681,1.0,1725.28163724827,5.6,1.0,3.0,0.0
chr9-96935359-96935360-C-A,mcdb045,Pending,1.7,18.0,12.897,19.0,0.001,33.87,0.915,2.0,1.841,62.346,11.794,0.072,0.0,1336.242,51.725,8464.399,62.755,141.795048654246,0.91725,11718.3680301687,11.794125,0.915244565217264,0.457580016478151,27.6173913043478,0.0087063251861352,0.090005949139595,0.0117713585495948,4014.18,10.9,16293.11,51.0,6.334,3987.65,1.2,10245.95,3.1,595.31,2.9,4600.95,9.6,3067.91,1.6,24443.39,18.0,0.06961,1.3,0.000693,14.0,1.0,9.0,2077.17373775978,5.1,6682.84800356916,27.0,1.0,0.0,0.0,25.0,0.012,0.12,0.0,76.4574835576694,4.8,92.1340155973773,5.7,33.8695947236082,1.8,62.3462016683186,3.8,5.0,3.0,0.0
chrX-111410351-111410352-C-A,mcdb045,Pending,7.97,17.0,30.18,29.68,0.0,533.851,2.3,2.0,79.983,42699.226,8.2,0.061,0.0,3930.317,95.675,19655.932,125.57,4957.9471735975,6.524875,15184.1691058697,15.065125,12.1872282608695,0.0193377324057852,37.3590489130435,0.0066061023818664,0.0042154900729656,0.0042818635702133,3234.73,9.04,14814.51,44.72,5.001,7770.37,2.3,20016.16,8.2,2621.2,6.9,14329.76,23.0,8236.29,3.9,22580.91,16.0,0.017086,3.0,0.001743,8.9,0.0,9.0,4625.90386831785,18.0,19295.7046934829,60.0,2.0,0.0,0.0,1.0,0.15,0.0,0.0,533.850925541624,24.0,42699.2257315398,87.0,922.167898580369,31.0,104908.336353548,93.0,1.0,3.0,0.0
chrX-115009627-115009628-C-T,mcdb045,Pending,6.0,12.0,6.85,12.0,0.0,2010.833,3.4,2.0,0.989,1989.193,3.8,0.13,0.0,8057.475,86.65,7863.505,89.575,10833.3646822242,4.044625,10560.3040106178,3.97475,11.6303260869565,0.0200407252729567,9.15535326086956,0.0266027775128048,0.229100659489632,0.304047215729952,5659.82,99.66,5369.15,38.08,0.976,10455.13,7.5,11333.78,8.1,10815.98,8.3,10357.86,8.0,12134.72,4.7,10744.94,4.2,0.007522,3.4,0.00591,3.8,1.0,9.0,2010.83257949086,4.9,1989.19309513165,4.9,8.0,0.0,0.0,10.0,4.588,0.0,0.0,3354.51702215037,5.6,3842.64266117259,6.4,3827.89485478643,6.4,4487.04060858619,7.3,1.0,3.0,0.0
chrX-135985584-135985584-C-CT,mcdb045,Review,2.494,4.5,7.289166649812856,14.0,0.0,236.352,0.41,2.0,58.60769357566597,2370.678862276073,3.3463900182780146,0.088,0.0,1094.57,22.425,4147.411934490341,46.215,236.351553918642,1.38825,3338.5562503279643,4.471395552460294,1.2209510869564,0.342967118072785,8.403848748386924,0.2766043323133463,0.094610147178173,0.09814873981196928,7737.34,20.56,9427.62169625608,25.100823572760127,10.695562813962049,1238.95,0.41,5039.437906190075,4.019915818091688,860.02,3.6,4360.048783008636,9.01725144100038,1298.18,0.67,5250.231445825715,4.445377704716029,0.202173,0.51,0.16638867730545315,4.739545123195448,1.0,9.0,3000.80519647765,9.1,5461.40621261743,15.070369126614693,1.0,0.0,0.0,10.0,13.227,0.0,0.0,725.136890636186,28.0,4792.845259402509,31.78729849648182,950.189003414024,32.0,5581.178423570534,35.93158713650758,1.0,0.0,0.0
chrX-135985587-135985588-G-T,mcdb045,Pending,2.002,8.2,3.85,14.0,0.0,97.55,0.27,2.0,1.687,164.602,0.49,0.088,0.0,713.384,19.935,1769.532,47.595,97.5498759622198,0.603,164.602379493998,1.048875,0.478858695652136,0.676321147913746,0.877119565217299,0.474579801132887,0.243674874305725,0.150263115763664,2506.81,7.27,5485.39,14.51,2.48,1527.74,0.49,5023.02,1.5,776.01,3.4,2216.49,6.2,440.75,0.27,916.97,0.49,0.272958,0.37,0.137459,0.72,2.0,9.0,4151.51779043547,16.0,5154.49714516903,21.0,7.0,0.0,0.0,10.0,13.227,0.0,1.0,650.758725611652,26.0,1322.57405842476,37.0,630.681366588154,26.0,1152.948742577,35.0,1.0,3.0,0.0
chrX-153803463-153803464-G-T,mcdb045,Pending,18.294,1.23,15.443,2.31,0.0,169.75,1.4,2.0,0.826,140.22,0.88,0.066,0.0,10294.508,103.67,8905.189,159.5,17207.2134560614,17.589,14901.2863444126,14.88525,46.2246739130435,0.0059456124081997,37.3590489130435,0.0067712330683479,0.0086591348199362,0.0061440095305442,21387.85,74.34,25327.02,90.02,0.865,4655.73,1.4,3139.09,0.88,11541.43,19.0,9146.01,16.0,33470.46,32.0,28224.71,22.0,0.000603,14.0,0.00117,11.0,0.0,9.0,9047.58649483518,35.0,8664.36747969986,34.0,7.0,0.0,0.0,16.0,3.953,0.0,0.0,169.988679408084,12.0,136.90521764317,8.5,169.750084836021,11.0,140.220012018499,8.6,1.0,3.0,0.0
chrX-154440057-154440058-G-C,mcdb045,Pending,0.615,18.73,1.36,22.94,0.0,44.986,0.02,2.0,4.623,207.982,0.34,0.066,0.0,365.009,242.17,1248.375,350.17,44.9863156012169,0.07675,207.981993793431,0.467375,0.0961956521739182,0.916421603261269,0.962065217391199,0.437761340147963,0.499726146459579,0.172516044229269,171.14,0.43,1254.32,1.42,3.42,964.14,1.5,743.74,1.3,354.15,1.2,1242.43,2.3,47.44,0.12,1362.79,1.3,0.897497,0.02,0.258359,0.34,2.0,9.0,375.868181143635,0.8,1085.26206538749,2.4,3.0,0.0,0.0,250.0,126.235,0.0,0.0,2154.91428442751,4.8,1665.06043012253,3.7,2037.83961245154,4.5,1528.16412492571,3.4,1.0,3.0,0.0
chrX-19588600-19588601-A-T,mcdb045,Pending,4.3,1.35,2.15,1.12,0.0,2482.904,1.1,2.0,0.574,1425.476,1.1,0.06,0.0,3286.13,14.8,1934.433,13.24,2645.6204411214,1.81425,1974.20678808294,1.59425,2.5035597826086,0.125867325708585,1.84540760869558,0.19877107886157,0.39370733872056,0.467095833271742,5337.95,17.82,5323.75,12.68,0.589,6498.24,5.1,2076.88,2.2,6030.06,4.9,1894.66,2.1,3926.64,1.8,1676.54,0.92,0.065994,1.1,0.074636,1.1,0.0,9.0,2496.63648660682,6.1,2077.17373775978,5.1,8.0,0.0,0.0,31.0,86.586,0.0,0.0,2580.06115419544,4.3,1440.88725521646,2.5,2482.90441081661,4.3,1425.476296337,2.4,5.0,3.0,0.0
chrX-22047158-22047159-CA-C,mcdb045,Pending,0.38,47.0,4.798299732831987,71.0,0.0,133.49,0.13,2.0,54.48205013215653,1801.8450613955983,1.3430645872707716,0.069,0.0,1125.755,415.015,3975.73884376816,2613.395,133.48971923904,0.2155,3058.4612200941265,2.5310888583142117,0.537989130434738,0.64199135760938,6.79662847807633,0.496622346077689,0.286572348326445,0.22921757186851635,4596.01,0.55,6052.334404384119,4.4204724394907675,11.952280628433675,1163.2,0.14,5288.301498981468,3.6225413752549365,874.09,0.24,4356.527134174356,5.891214893182363,1088.31,0.13,5767.25897362615,3.8584569234844706,0.432216,0.26,0.33230139681175397,4.644415337072876,1.0,8.0,828.057266653624,0.5,2889.162089075046,5.904457724413918,3.0,0.0,0.0,0.0,1.975,0.0,0.0,9213.82586232936,9.7,7869.186118357711,12.70612691185477,9125.78010934456,9.5,7784.173481577792,12.285520551983954,1.0,0.0,0.0
chrX-27980195-27980196-G-T,mcdb045,Pending,4.2,5.2,4.35,2.4,0.0,281.478,0.181,2.0,0.954,268.408,0.34,0.05,0.0,3670.247,71.05,3670.647,31.57,281.477696297497,0.560625,268.408264468641,0.547625,0.180706521739125,0.861877270692392,0.339782608695643,0.761116161962478,0.8438187725842,0.640789542347193,18464.13,12.18,16222.53,10.36,1.0,8892.6,6.5,6131.24,4.9,3807.28,4.6,2873.7,3.8,2842.04,2.0,2740.84,2.0,0.266739,0.33,0.247946,0.35,0.0,9.0,1637.17642763048,3.8,3725.77996753086,8.9,3.0,0.0,0.0,0.0,0.017,0.0,0.0,4575.40982049588,8.7,4409.91277996807,8.6,3533.21446685024,7.3,3615.51360415283,7.4,6.0,3.0,0.0
chrX-3310820-3310821-C-T,mcdb045,Pending,0.549,6.23,0.72,10.0,0.0,48.051,0.149,2.0,1.066,51.231,0.184,0.05,0.0,516.065,52.1,769.707,92.63,48.0513474641757,0.1495,51.2306485414814,0.183875,0.397364130434781,0.725134787865544,0.366983695652166,0.743954106530808,0.115175187587738,0.160051550716162,389.98,1.63,1016.47,3.52,1.491,955.97,0.34,2078.25,0.64,642.15,3.0,995.27,4.1,671.53,0.38,554.85,0.32,0.483668,0.15,0.538468,0.12,2.0,9.0,953.118683204384,0.7,984.563865690705,0.8,7.0,0.0,0.0,90.0,138.532,0.0,1.0,55.134063232939,3.4,99.6368525364178,6.2,100.881144342375,6.4,139.897514940055,8.6,5.0,3.0,0.0
chrX-34132085-34132086-G-T,mcdb045,Pending,30.334,12.75,21.128,19.33,0.0,1255.95,3.9,2.0,1.813,2277.27,5.5,0.052,0.0,15906.245,130.33,18767.421,255.57,23574.0602245194,29.6685,15324.9085150328,15.256,62.7446739130435,0.0042808780061267,37.3590489130435,0.0064821689775761,0.0017716139554977,0.0014268048107624,12848.36,37.11,4770.81,12.73,1.18,18964.13,7.5,23602.11,12.0,1255.95,3.9,2277.27,5.5,38056.93,44.0,38497.16,45.0,6.1e-05,31.0,9.3e-05,27.0,1.0,8.0,7527.49114979243,9.2,22209.9332855032,36.0,3.0,0.0,0.0,0.0,0.237,0.0,0.0,15906.245,30.334,18767.421,21.128,15906.245,30.334,18767.421,21.128,5.0,3.0,0.0
chrX-48511895-48511896-A-G,mcdb045,Review,0.07,5.0,0.041,5.3,0.0,24.73,0.005,2.0,0.466,11.53,0.006,0.068,0.0,249.248,14.905,105.8,21.12,43.7808250724806,0.032,43.4350134886468,0.032,0.0052445652173958,0.982568305605336,0.006168478260875,0.981488516045988,0.954996109008789,0.935521505773068,544.96,0.01,570.54,0.02,0.424,226.81,0.33,90.74,0.12,24.73,0.07,11.53,0.01,74.01,0.07,30.18,0.03,0.831292,0.06,0.869161,0.05,4.0,11.0,271.685501087089,0.2,205.06580260092,0.2,3.0,0.0,0.0,24.0,5.072,0.0,0.0,2198.41662682215,2.8,283.210923393837,0.2,1310.02625592932,1.2,120.859279254292,0.2,1.0,3.0,0.0
chrX-54471325-54471326-G-T,mcdb045,Pending,0.805,32.42,0.805,43.14,0.0,45.914,0.129,2.0,0.802,36.833,0.049,0.066,0.0,679.39,690.97,597.337,1277.98,45.9143504328213,0.128875,36.8325625620291,0.049125,0.491603260869539,0.668737012468061,0.355978260869563,0.75170393334948,0.0270530097186565,0.0810817293822765,71.75,0.3,55.29,0.21,0.879,2630.55,0.76,3587.79,1.0,1164.33,4.5,1000.67,4.1,1669.99,0.85,1176.8,0.61,0.410481,0.19,0.567149,0.1,1.0,9.0,3133.52874666195,9.8,2842.77804823565,8.5,5.0,0.0,0.0,5.0,4.841,0.0,0.0,165.737200952144,9.9,161.592053512625,9.7,194.450918991139,13.0,194.003694287814,13.0,1.0,3.0,0.0
chrX-6151419-6151420-G-T,mcdb045,Pending,0.05,20.0,0.135,24.0,0.0,61.206,0.02,2.0,1.436,87.918,0.14,0.056,0.0,524.45,260.95,612.583,537.54,61.2055649236671,0.045,87.9180135549996,0.11925,0.0685597826087018,0.935182563552465,0.715108695652063,0.551495002681269,0.661827530711889,0.0652799755334854,654.31,0.03,1377.16,0.13,1.168,394.59,0.05,356.31,0.05,173.4,0.05,165.16,0.05,340.02,0.04,369.79,0.05,0.87626,0.02,0.578163,0.14,3.0,8.0,922.677802760882,0.5,855.376437201731,0.5,7.0,0.0,0.0,3.0,2.328,0.0,0.0,8962.72352794527,9.3,2913.66756891258,1.6,10623.5581639645,13.0,8655.05834772647,8.9,1.0,3.0,0.0
chrX-63706329-63706330-C-A,mcdb045,Pending,2.1,1.14,8.72,2.16,0.0,503.394,0.6,2.0,4.698,2365.16,5.7,0.06,0.0,5046.245,98.93,16854.428,151.86,3556.45710727265,1.779375,11915.6271017298,4.574875,2.74149456521732,0.109883589176624,8.83929347826086,0.0273641370174193,0.431426957249641,0.345393851399422,5684.71,4.4,5891.67,97.39,3.34,12487.56,3.2,23253.82,12.0,7247.76,2.2,17316.93,8.6,10065.74,1.7,20952.87,5.5,0.122066,1.2,0.028638,3.2,0.0,9.0,503.393672721951,0.6,2365.15966010755,5.7,9.0,0.0,0.0,156.0,74.735,0.0,0.0,3285.7158290793,2.0,16391.9265732948,13.0,4407.78091355401,2.8,20287.1014036967,15.0,1.0,3.0,0.0
chr1-206635770-206635771-A-G,mcdb047,Accept,5.0,2.71,9.1,2.94,1.043,294.219,0.27,2.0,2.57,756.258,0.82,0.185,0.0,2855.215,291.68,4457.458,308.27,787.623483600822,2.01775,1209.02797731896,2.528375,2.760054347826,0.108324096411898,3.526929347826,0.0778332268588691,0.0130252614617347,0.0277484767138957,29299.87,23.19,29446.66,23.66,1.561,1084.53,0.27,3354.86,0.82,4625.9,5.8,8208.09,12.0,12150.35,4.2,15454.05,6.2,0.016877,1.1,0.010109,1.5,0.0,9.0,4936.17358223685,17.0,5560.05507446561,19.0,5.0,0.0,0.0,9.0,9.4,0.111,0.0,349.277009529147,16.0,726.390239599252,26.0,294.218515575445,14.0,756.25803164764,26.0,1.0,3.0,0.0
chr10-130166669-130166675-ATATAAT-A,mcdb047,Accept,2.75,8.4,52.5,29.9,0.748,199.113,0.961,2.0,24.378,4854.003,24.147,0.403,0.0,747.8,484.42,28852.502,2363.96,292.613422147057,0.961125,29219.5241123739,24.146625,1.57532608695644,0.249141073101723,99.2866032608696,0.0035437866147662,0.0251712016761302,0.0070958063006401,484.04,2.16,30099.49,64.82,38.583,2243.69,5.0,36426.48,62.0,1011.56,2.8,28485.48,47.0,2479.62,3.3,38445.56,58.0,0.024423,3.0,3e-06,68.0,1.0,11.0,2240.60661125835,3.2,25289.1885284499,34.0,10.0,0.0,0.0,151.0,37.378,0.02,0.0,199.113176123851,2.2,4854.00254834487,31.0,253.221163528083,2.7,8679.60577292376,43.0,1.0,1.0,0.0
chr10-53811610-53811611-G-A,mcdb047,Pending,0.091,0.27,0.113,7.19,0.0,11.75,0.02,2.0,2.143,25.18,0.01,0.264,0.0,109.109,45.16,80.306,415.44,45.3291426166213,0.08175,52.3123068445624,0.11675,0.194701086956513,0.853067254560866,0.2636413043478,0.809516032775631,0.32210299372673,0.273258563131094,501.02,0.02,491.38,0.01,0.736,53.92,0.1,32.78,0.07,17.12,0.06,23.05,0.11,11.75,0.03,25.18,0.04,0.759349,0.07,0.729154,0.08,9.0,9.0,236.036872830194,0.5,141.947667971001,0.3,3.0,0.0,0.0,0.0,0.0,0.0,0.0,164.297138666016,0.3,108.300384871974,0.3,181.117326971437,0.4,122.73261850334,0.3,5.0,3.0,0.0
chr10-53811610-53811612-GG-AT,mcdb047,Pending,0.091,0.27,0.113,7.19,-0.07061664533999323,11.75,0.02,2.0,2.143,25.18,0.01,0.26,0.0,109.109,45.16,80.306,415.44,45.3291426166213,0.08175,52.3123068445624,0.11675,0.194701086956513,0.853067254560866,0.2636413043478,0.809516032775631,0.32210299372673,0.273258563131094,501.02,0.02,491.38,0.01,0.736,53.92,0.1,32.78,0.07,17.12,0.06,23.05,0.11,11.75,0.03,25.18,0.04,0.759349,0.07,0.729154,0.08,10.0,9.0,236.036872830194,0.5,141.947667971001,0.3,3.0,0.0,0.0,430.80811688295427,0.0,0.190853342039009,0.0,164.297138666016,0.3,108.300384871974,0.3,181.117326971437,0.4,122.73261850334,0.3,5.0,3.0,0.0
chr10-53811611-53811612-G-T,mcdb047,Pending,0.091,0.27,0.113,7.19,0.0,11.75,0.02,2.0,2.143,25.18,0.01,0.253,0.0,109.109,45.16,80.306,415.44,45.3291426166213,0.08175,52.3123068445624,0.11675,0.194701086956513,0.853067254560866,0.2636413043478,0.809516032775631,0.32210299372673,0.273258563131094,501.02,0.02,491.38,0.01,0.736,53.92,0.1,32.78,0.07,17.12,0.06,23.05,0.11,11.75,0.03,25.18,0.04,0.759349,0.07,0.729154,0.08,10.0,9.0,236.036872830194,0.5,141.947667971001,0.3,3.0,0.0,0.0,0.0,0.0,0.0,0.0,164.297138666016,0.3,108.300384871974,0.3,181.117326971437,0.4,122.73261850334,0.3,5.0,3.0,0.0
chr11-59125965-59125966-G-A,mcdb047,Pending,7.415,5.68,7.55,5.73,5.606,2007.382,3.3,2.0,1.656,3323.763,5.6,0.431,0.0,5450.725,501.94,6637.645,504.91,18422.094057306,7.029375,18188.2843910888,6.920125,46.2246739130435,0.005991444647829,46.2246739130435,0.0056840336298934,0.0295721106231212,0.0110912211239337,5389.38,59.42,5330.99,15.05,1.218,5512.07,4.5,7944.3,5.9,9972.95,7.8,12183.0,9.1,11689.98,4.6,11035.26,4.3,0.00102,8.0,0.000614,9.9,8.0,9.0,4151.51779043547,12.0,3272.12256819681,8.1,1.0,0.0,0.0,66.0,12.32,0.455,0.0,2007.381881882,3.3,3323.76262523315,5.6,2648.25621396249,4.5,4236.0394888724,7.0,1.0,3.0,0.0
chr12-32327590-32327591-G-C,mcdb047,Accept,0.885,0.7,2.2,2.03,36.333,42.706,0.163,2.0,1.865,79.629,0.41,0.667,0.0,129.454,74.49,612.25,145.81,42.7056299423704,0.163,79.6288822262906,0.409625,0.469836956521675,0.681395970989553,0.757336956521598,0.52999426513976,0.023476168513298,0.0136191509664058,893.29,2.74,6455.85,6.57,4.729,115.68,0.71,745.03,2.7,111.88,1.5,479.47,2.5,219.45,0.77,1130.18,2.2,0.35108,0.5,0.146374,1.2,4.0,9.0,1453.47247883281,5.0,2289.62075429042,8.3,3.0,0.0,0.0,228.0,57.947,0.627,0.0,112.797636558816,1.0,278.804641783179,1.9,143.228683472583,1.2,360.603551772199,2.2,1.0,3.0,0.0
chr12-45016580-45016581-C-T,mcdb047,Pending,1.084,16.0,1.271,13.0,0.0,43.07,0.2,2.0,1.919,82.636,0.15,0.213,0.0,688.939,257.945,634.667,234.085,195.37701278754,0.815625,302.882624280593,1.133625,0.86771739130424,0.479360094479468,1.34157608695644,0.306749701475267,0.202734433114529,0.115994438529015,38302.16,87.7,39032.21,94.07,0.921,779.34,0.2,518.11,0.15,4478.16,5.7,3869.58,4.9,4483.64,1.3,4289.74,1.2,0.025534,0.78,0.020636,0.91,2.0,9.0,598.537372158204,0.8,751.224325876238,1.1,6.0,0.0,0.0,0.0,0.265,0.0,0.0,43.0695168586131,2.2,82.636135672393,4.2,73.5647900744273,3.7,89.8814355130355,4.5,2.0,3.0,0.0
chr17-18772421-18772422-CA-C,mcdb047,Pending,0.583,1.5,32.68,1.7,0.0,94.099,0.2,2.0,201.773,18986.649,2.9,0.52,0.0,1049.651,14.1,24745.554,15.945,94.0990435891936,0.3805,18986.6486710322,16.468125,0.785951086956402,0.517464218346715,37.3590489130435,0.0067999484044813,0.0452606864273548,0.0738657936453819,31927.89,33.57,35106.07,54.88,23.575,16819.64,6.0,39491.56,45.0,159.89,0.23,16404.99,22.0,1364.16,0.28,30504.46,28.0,0.008226,1.7,7e-06,46.0,4.0,10.0,735.142790762325,0.2,3975.67635914596,2.9,6.0,0.0,0.0,0.0,0.085,0.0,0.0,1049.651,0.583,24745.554,32.68,1049.651,0.583,24745.554,32.68,1.0,0.0,0.0
chr17-29695480-29695481-C-T,mcdb047,Review,4.55,0.5,1.681,0.51,18.658,1044.792,3.325,2.0,0.238,248.33,1.032,0.357,0.0,3475.647,113.42,325.432,114.16,5306.98072744039,3.32525,340.908064290667,1.031625,10.6558423913043,0.0222010617577583,1.7611684782608,0.213152844650403,0.0627459548413753,0.0097840726375579,6069.57,6.35,1186.19,3.06,0.094,4602.74,7.2,302.62,1.6,1391.91,3.6,114.33,1.5,4046.33,4.3,403.78,1.3,0.014039,3.7,0.083471,1.6,0.0,9.0,2904.96492618402,12.0,837.065307307968,2.6,9.0,0.0,0.0,193.0,61.988,0.301,0.0,1356.12586743564,4.8,309.955965983738,2.0,1044.7923884295,4.1,248.330463997826,1.8,1.0,3.0,0.0
chr2-169633181-169633182-G-A,mcdb047,Accept,0.62,4.63,0.61,4.25,66.772,12.42,0.09,2.0,0.585,7.26,0.16,0.394,0.0,47.9,151.555,81.204,141.645,65.1942889980963,0.33175,66.6671822798249,0.349,0.255679347826074,0.8139984447069,0.109809782608707,0.90772227837156,0.341986626386642,0.57703547552228,12.42,1.81,7.26,0.72,1.695,293.29,0.39,472.86,0.5,53.9,0.85,121.34,1.7,41.9,0.1,95.74,0.2,0.417797,0.09,0.313692,0.16,3.0,9.0,2314.52844807955,2.7,2054.82032600981,2.1,1.0,0.0,0.0,473.0,146.751,0.455,0.0,15.639036743097,18.0,15.7112232568593,19.0,20.2969134590073,26.0,20.157190489551,26.0,1.0,3.0,0.0
chr2-175939594-175939595-C-T,mcdb047,Accept,1.55,2.45,0.835,1.86,9.437,10.9,0.037,2.0,0.877,9.559,0.007,0.426,0.0,70.63,272.75,53.785,228.51,37.5197839498468,0.037,30.9844984378882,0.0075,0.0778260869565201,0.929790568317827,0.0282065217391647,0.963483292450892,0.503257498145103,0.645538799464703,30.03,4.99,54.42,8.13,0.762,2257.76,1.4,907.65,0.73,117.46,1.7,59.41,0.94,103.74,0.22,53.15,0.12,0.598292,0.04,0.792053,0.01,3.0,9.0,3491.59114386168,6.2,2664.09147713626,3.6,4.0,0.0,0.0,124.0,25.997,0.363,0.0,15.8565974157804,19.0,15.8565974157804,19.0,10.9000878956623,12.0,9.55938603503362,9.1,1.0,3.0,0.0
chr2-21142157-21142158-GA-G,mcdb047,Pending,3.045,5.3,10.046442783959732,7.801165606864862,0.0,31.638,0.3,2.0,24.054501875302975,863.9414449719277,3.4700980387526013,0.286,0.0,293.935,261.75,3505.155864732532,324.02261268345285,450.441703040333,2.29075,3460.0771039130427,6.063881208623359,0.943152173912921,0.446087582761748,7.930218564196743,0.45795602899941823,0.394215356558561,0.4111459007933783,164.01,16.51,1444.0739124759505,19.024426836877034,6.05030562173089,199.6,0.3,4003.598900559903,4.774078142304519,388.27,3.8,4169.022870017216,12.045644700373012,2224.88,2.0,5364.140091110522,7.65673809281596,0.052141,0.88,0.1876146031130124,8.06161062691871,7.0,9.0,16053.8113000761,50.0,18974.488820638875,53.56812054177982,0.0,0.0,1.0,0.0,0.021,0.0,0.0,31.6380712673395,47.0,-507.2268405094178,50.45841755206609,54.6298489872109,77.0,1340.2571543201602,78.38632378280772,2.0,0.0,0.0
chr20-53985297-53985298-A-T,mcdb047,Pending,0.416,0.27,0.408,1.38,0.0,8.366,0.1,2.0,0.301,2.515,0.07,0.485,0.0,64.365,38.74,47.676,93.38,84.3698453105073,0.432625,83.4993047149689,0.427,0.269918478260834,0.805323736799554,0.416739130434777,0.713302439521472,0.396861638873815,0.250314328819513,23.64,0.31,22.9,0.29,0.741,133.81,0.8,62.46,0.38,44.36,0.1,32.41,0.07,141.59,0.59,90.58,0.43,0.272928,0.65,0.227555,0.8,5.0,11.0,1183.38587947348,1.4,696.429008571064,0.6,9.0,0.0,0.0,0.0,0.004,0.0,0.0,34.9220717263407,0.4,32.8927360480647,0.4,8.3656559575581,0.2,2.5147800129956,0.1,1.0,3.0,0.0
chr20-5923224-5923225-C-T,mcdb047,Pending,1.744,2.83,2.34,4.14,0.0,381.558,0.9,2.0,1.626,620.24,1.4,0.41,0.0,2251.145,125.11,5514.41,214.34,7348.94080876224,1.88825,7740.55336126844,1.952625,16.1575543478261,0.0145508543267841,8.26921195652172,0.0299683696502993,0.0305039994418621,0.253415953367948,2860.08,1.59,4847.49,2.38,2.45,1642.21,1.6,6181.33,3.8,1011.56,1.3,2766.91,2.3,6055.36,1.9,7750.72,2.4,0.009612,3.3,0.023596,2.0,0.0,9.0,6399.78970601227,20.0,6469.40997042221,20.0,5.0,5.0,1.0,0.0,0.094,0.0,0.0,696.690678738684,1.5,822.318384781478,1.7,381.557504755598,0.9,620.240327102722,1.4,1.0,3.0,1.0
chr3-121045528-121045529-G-A,mcdb047,Pending,2.648,17.0,3.98,12.0,0.0,702.69,0.93,2.0,2.69,1890.33,1.4,0.419,0.0,1111.727,288.765,1874.709,181.69,1048.47591761531,1.68175,2790.28449415346,2.505125,2.79543478260862,0.106651025314976,4.32959239130432,0.0605887649114106,0.0866340808570385,0.181327540427446,702.69,2.5,1890.33,3.66,1.686,2190.67,4.9,3622.98,6.4,1269.61,3.5,2021.74,4.3,810.38,1.8,1449.39,2.5,0.185815,0.93,0.105446,1.4,2.0,9.0,727.231584685427,2.3,1109.00259611381,3.5,7.0,0.0,0.0,0.0,0.017,0.0,0.0,1400.55445724223,4.9,1859.08822429202,6.0,1174.9787167906,4.3,1758.04505121418,5.7,1.0,3.0,0.0
chr3-49098670-49098671-G-A,mcdb047,Reject,10.094,0.19,14.93,0.46,87.921,4.44,0.2,2.0,24.119,107.09,12.86,0.558,0.0,1109.255,32.46,2118.98,49.49,4900.23074241422,7.102625,15987.236294329,17.092625,12.1872282608695,0.0193259538886595,37.3590489130435,0.0065633201747144,0.000825185328722,0.0165823251008987,4.44,0.2,107.09,12.86,1.91,935.09,0.75,2912.2,1.7,1283.42,8.0,1325.76,8.1,9138.1,6.5,4484.08,3.5,0.000378,13.0,0.001828,6.2,1.0,9.0,7945.93674759663,24.0,15044.7277748717,48.0,2.0,2.0,1.0,114.0,250.486,0.351,0.0,28.3929161577773,40.0,30.4936913389454,44.0,13.945368667384,16.0,15.0463098139606,17.0,1.0,3.0,1.0
chr4-75919946-75919947-T-C,mcdb047,Reject,4.32,0.54,5.665,1.27,5.529,8.876,0.28,2.0,1.754,15.567,0.92,0.444,0.0,111.902,21.34,499.057,47.7,77.5834510170793,0.47125,224.164878232517,1.50125,0.325353260869562,0.770172615982237,1.27247282608684,0.326855428354367,0.314311258494854,0.0596298985183239,15.02,2.34,27.81,4.63,4.46,13755.66,7.0,13207.71,6.7,1235.73,7.8,2469.77,13.0,146.22,0.28,773.95,0.92,0.086985,0.62,0.026395,1.5,2.0,9.0,3529.57450109899,6.3,3932.89229682844,7.8,9.0,0.0,0.0,26.0,13.071,0.423,0.0,8.87585093733078,7.9,15.5671818962384,18.0,11.6527921488136,13.0,14.0420333450027,16.0,2.0,3.0,0.0
chr5-13824316-13824317-C-A,mcdb047,Pending,0.225,2.4,0.766,14.0,0.0,2.56,0.01,2.0,1.086,2.78,0.02,0.4,0.0,30.985,19.92,75.915,136.585,70.2735146406648,0.39125,93.689359322433,0.641375,0.122663043478283,0.899625698206779,0.255679347826074,0.814198226290196,0.565195839852095,0.441910933703184,2.56,0.01,2.78,0.02,2.45,30.98,0.06,174.0,0.27,15.12,0.16,58.14,0.92,44.74,0.1,292.37,0.47,0.207024,0.29,0.052069,0.89,6.0,9.0,4335.13656730463,9.2,5044.15430351795,13.0,2.0,0.0,0.0,0.0,0.076,0.0,0.0,30.9891739640057,46.0,28.0679051341057,39.0,20.1108302379084,26.0,17.2754751030629,21.0,1.0,3.0,0.0
chr7-140382488-140382489-A-G,mcdb047,Accept,0.5,6.4,0.479,5.1,24.68,53.03,0.08,2.0,0.963,51.06,0.08,0.318,0.0,684.243,257.43,515.835,219.075,152.755056899286,0.437625,164.159016937298,0.458125,0.609538043478196,0.603564498682949,0.406059782608693,0.719457397748491,0.27732202783227,0.44446387141943,5161.57,1.19,5070.92,0.76,0.754,1048.98,1.4,476.79,0.72,53.03,0.08,51.06,0.08,354.39,0.34,167.76,0.2,0.584787,0.15,0.523362,0.18,3.0,11.0,592.096239149258,0.5,554.87924755187,0.5,8.0,0.0,0.0,188.0,77.366,0.319,0.0,776.390119802505,0.5,776.390119802505,0.5,1552.78025510805,2.1,1559.94756311406,2.1,1.0,3.0,0.0
chr7-155711304-155711305-C-T,mcdb047,Accept,0.631,18.0,2.7,15.0,89.675,89.185,0.08,2.0,1.325,118.16,0.18,0.551,0.0,999.287,485.93,4767.138,549.52,89.1852643530774,0.35225,118.160071430068,0.499375,0.772581521738999,0.52262698535707,0.940461956521617,0.446756386393064,0.036382783204317,0.0275958217680454,31088.63,29.71,35002.49,53.98,4.771,1465.03,0.36,11880.73,3.6,268.76,0.49,973.97,1.8,1723.0,0.37,5344.7,1.5,0.207836,0.08,0.107195,0.18,1.0,9.0,5044.15430351795,17.0,5932.98039812903,21.0,1.0,0.0,0.0,556.0,153.29,0.585,0.0,533.543704679621,21.0,4189.57529536311,63.0,427.238124576524,18.0,1305.17876713942,37.0,2.0,3.0,0.0
chr8-143803908-143803909-C-A,mcdb047,Accept,1.097,5.4,1.549,7.0,19.011,17.307,0.14,2.0,1.0,17.307,0.37,0.636,0.0,98.387,61.95,194.592,159.75,110.943380900775,0.7945,183.534621387899,1.29825,0.260380434782604,0.811120822548028,0.922608695652045,0.454602188059126,0.48260448500514,0.157449848949909,121.22,13.88,505.15,28.92,1.978,606.35,0.57,840.56,0.7,85.83,1.4,135.2,1.8,61.86,0.14,205.65,0.37,0.291294,0.18,0.106499,0.53,2.0,9.0,7945.93674759663,24.0,9245.5059762491,29.0,6.0,0.0,0.0,42.0,30.713,0.619,0.0,17.3065300184118,21.0,17.3065300184118,21.0,32.9936224188647,50.0,33.6070196565648,51.0,1.0,3.0,0.0
chr8-143872246-143872247-C-T,mcdb047,Accept,4.95,6.5,5.8,5.1,2.478,147.529,0.243,2.0,2.247,331.431,0.647,0.219,0.0,3364.77,281.98,4823.608,234.77,147.529343124076,1.079625,331.431040507581,1.93725,0.242798913043458,0.82271298695184,0.646739130434725,0.584397759856202,0.582762077450752,0.467509638518095,809.95,35.58,1614.84,46.95,1.434,35197.12,33.0,36911.28,38.0,1109.0,6.4,1085.26,6.3,10085.8,7.2,11791.48,8.5,0.005823,3.5,0.002565,5.3,0.0,10.0,5620.54026572972,2.1,8032.37680934315,4.5,9.0,0.0,0.0,24.0,19.821,0.125,0.0,3364.77,4.95,4823.608,5.8,3364.77,4.95,4823.608,5.8,5.0,3.0,0.0
chrX-51408116-51408117-T-G,mcdb047,Pending,10.65,2.59,15.5,8.08,0.0,338.197,3.0,2.0,1.0,338.197,3.3,0.09,0.0,10426.303,110.8,17446.907,597.09,6216.1852436392,5.95725,17474.6534525806,14.5405,15.1609510869565,0.0153915840036332,46.2246739130435,0.0056943992528966,0.0006634704768657,0.0006203800439834,36047.33,63.7,37078.38,74.63,1.673,15818.29,5.4,17419.16,6.3,24218.04,34.0,28951.56,43.0,14636.42,5.7,21937.43,13.0,0.000798,6.3,7.1e-05,20.0,0.0,9.0,1318.60914342724,3.0,1422.35784649154,3.3,9.0,0.0,0.0,1.0,0.291,0.0,0.0,338.197194028222,15.0,338.197194028222,15.0,358.649310297581,16.0,344.881580415986,16.0,6.0,3.0,0.0
chr1-110198312-110198313-C-A,TWJF-10146-MO011-0020,Pending,0.14,11.0,0.195,16.0,0.149,4.52,0.02,2.0,1.865,8.43,0.02,0.251,0.0,5.386,42.06,9.177,74.375,34.9540112618327,0.044625,36.0179389520754,0.047625,0.352907608695645,0.753237176275403,0.42125,0.70985107052158,0.0690364874899387,0.0147234052419662,3535.16,1.09,3749.67,1.33,1.704,4.72,0.02,7.44,0.02,4.52,0.08,8.43,0.19,5.01,0.02,9.03,0.03,0.947304,0.02,0.943053,0.02,3.0,9.0,186.038364160127,0.3,221.200463253573,0.4,6.0,0.0,0.0,16.0,0.795,0.188,0.0,4.8930539021713,0.2,7.45727227408275,0.2,5.76288562103256,0.2,9.32481018261305,0.3,2.0,3.0,0.0
chr1-119384999-119385000-C-G,TWJF-10146-MO011-0020,Pending,0.289,53.0,0.175,45.0,0.059,17.53,0.019,2.0,0.63,11.04,0.026,0.192,0.0,152.732,370.64,102.222,283.9,37.5510084494768,0.019125,39.2830772561376,0.026375,0.108641304347841,0.90884012980484,0.099510869565222,0.914510071856065,0.423239439725876,0.455526921898127,17.53,1.31,11.04,0.25,0.669,309.5,0.07,325.97,0.07,251.87,0.47,165.16,0.3,244.14,0.08,246.22,0.08,0.6548,0.02,0.615533,0.02,1.0,9.0,801.610620817419,0.7,681.520482356048,0.5,6.0,0.0,0.0,4.0,0.238,0.25,0.0,50.0230306542095,1.0,27.489699978721,0.4,61.3239329324761,1.7,37.2932300323073,0.6,1.0,3.0,0.0
chr1-13344118-13344119-A-G,TWJF-10146-MO011-0020,Pending,0.52,5.4,1.093,6.1,0.0,17.36,0.05,2.0,2.996,52.01,0.15,0.225,0.0,64.067,20.345,143.241,21.385,112.070166944091,0.330875,210.078328894378,0.54175,0.8910054347825,0.46925938112102,1.22692934782596,0.34063334430395,0.0386943407356739,0.0593266002833843,4635.12,2.97,4638.58,2.98,2.236,17.36,0.05,52.01,0.15,19.18,0.44,55.98,0.96,88.63,0.15,174.63,0.25,0.372978,0.34,0.264345,0.48,4.0,9.0,531.376816391114,1.3,704.005128091668,1.9,8.0,0.0,0.0,0.0,0.0,0.0,0.0,35.6927491701928,0.6,105.094502826468,1.5,39.5039024361116,0.7,111.851033160446,1.6,5.0,3.0,0.0
chr1-160031467-160031468-C-T,TWJF-10146-MO011-0020,Pending,0.594,0.02,0.43,0.03,2.535,22.93,0.24,2.0,0.734,16.84,0.23,0.173,0.0,90.425,11.42,86.422,12.38,95.486080407522,0.587125,62.1674027481502,0.42825,0.665461956521682,0.575331264527855,0.431086956521725,0.704473370449797,0.115344241261482,0.157230518758297,1802.29,0.24,1661.17,0.23,0.956,57.77,0.52,37.33,0.33,22.93,0.58,16.84,0.39,26.14,0.24,18.65,0.17,0.270496,0.6,0.286721,0.57,7.0,10.0,85.3643763400515,1.2,110.675617025942,1.5,3.0,0.0,0.0,1385.0,13.065,0.194,1.0,247.445750573059,2.7,163.485786140942,2.0,216.68058528113,2.5,157.333063833165,1.9,6.0,3.0,0.0
chr1-160554068-160554069-A-G,TWJF-10146-MO011-0020,Pending,14.639,18.15,6.15,18.78,0.0,1128.886,3.4,2.0,0.658,742.421,1.205,0.163,0.0,8284.909,2342.07,4512.612,2481.91,7324.30580328524,3.39975,926.317376420004,1.2045,14.2770380434783,0.0163733796277491,2.06812499999994,0.167913148193915,0.0634583160281181,0.200987715274096,5067.38,4.49,5764.99,9.93,0.545,33195.28,43.0,23150.14,21.0,9245.51,15.0,1170.65,3.9,36173.53,36.0,18163.44,8.4,0.001092,9.7,0.033792,2.0,1.0,11.0,20368.3333455592,27.0,6610.93083536569,9.3,1.0,0.0,0.0,487.0,23.809,0.0,0.0,1128.88577353467,3.7,742.420576444111,2.2,4712.48520788209,20.0,3260.24321681019,15.0,1.0,3.0,0.0
chr1-182575564-182575565-T-A,TWJF-10146-MO011-0020,Pending,1.065,22.0,5.05,19.0,2.735,63.832,0.11,2.0,3.678,234.769,0.99,0.291,0.0,500.506,59.335,3576.195,44.835,63.8315482585614,0.20875,234.769084315436,1.35025,0.365733695652153,0.745065345454037,0.869782608695559,0.477674233725212,0.222076393663883,0.251249846071005,72.26,13.12,2425.28,66.81,7.145,3102.46,0.63,10029.43,2.8,814.73,1.5,4727.1,7.0,1279.8,0.41,8518.98,3.1,0.2964,0.11,0.031656,0.99,2.0,9.0,2751.98487817332,5.5,6330.91865694631,17.0,2.0,0.0,0.0,240.0,8.093,0.338,0.0,186.281617373456,9.9,418.957529536311,28.0,122.075918330518,5.1,409.85477576806,28.0,1.0,3.0,0.0
chr1-183292801-183292802-G-A,TWJF-10146-MO011-0020,Pending,4.0,12.99,3.7,46.26,0.0,153.116,1.303,2.0,0.859,131.594,0.861,0.333,0.0,746.31,658.3,626.324,5260.82,469.868798080183,1.30275,312.999965573156,1.09825,1.39152173913034,0.292477538525793,0.860706521739047,0.48181916332594,0.217321038246155,0.334901083260775,5424.67,1.93,5266.33,1.35,0.839,1427.54,5.2,867.28,3.9,932.72,5.2,784.45,4.9,1327.33,3.8,1275.25,3.7,0.049438,2.1,0.125119,1.2,2.0,9.0,153.116168150452,4.2,131.593813284349,3.7,4.0,0.0,0.0,10.0,0.289,0.0,0.0,559.89939729766,5.1,466.777592806933,4.6,557.737698200317,5.1,468.198480612598,4.6,1.0,3.0,0.0
chr1-18365414-18365415-C-G,TWJF-10146-MO011-0020,Accept,0.245,28.0,0.248,46.0,13.137,11.91,0.03,2.0,0.855,10.18,0.03,0.298,0.0,229.766,278.915,214.054,611.8,41.1387650243273,0.048875,45.5609325571589,0.075875,0.0685597826087018,0.935591113078315,0.0282065217391647,0.963753286342216,0.554667387157679,0.753567576408386,1357.77,2.76,730.69,1.85,0.932,129.43,0.4,138.2,0.42,11.91,0.07,10.18,0.04,31.99,0.09,20.91,0.06,0.949279,0.03,0.953832,0.03,1.0,11.0,330.101822680163,0.6,289.908055013374,0.5,6.0,0.0,0.0,927.0,37.109,0.354,0.0,1827.3006133669,2.5,1831.5129763206,2.5,11234.6617154065,19.0,14640.6379146678,25.0,1.0,3.0,0.0
chr1-204126077-204126078-G-A,TWJF-10146-MO011-0020,Pending,4.982,0.51,5.039,0.15,39.654,11.94,0.35,2.0,1.099,13.12,0.52,0.316,0.0,3328.1,264.51,3134.594,149.0,5996.4482113265,8.264875,5305.70257021877,7.677375,14.2770380434783,0.0165353377784921,12.8054619565217,0.0182382157656955,0.0113705694675445,0.0059646628797054,11.94,0.35,13.12,0.52,0.942,6501.27,1.7,8672.99,2.4,10641.85,16.0,11604.04,17.0,22187.83,14.0,23576.84,16.0,0.000264,13.0,0.000326,12.0,0.0,9.0,659.753955386447,0.5,963.487207450801,0.9,7.0,0.0,0.0,1144.0,115.947,0.342,0.0,45.2032853246709,0.9,45.2032853246709,0.9,34.5644778040889,0.6,53.2880710865288,1.2,1.0,3.0,0.0
chr1-207072347-207072348-G-C,TWJF-10146-MO011-0020,Pending,0.444,2.0,0.337,2.5,2.324,36.91,0.08,2.0,0.805,29.73,0.08,0.18,0.0,221.682,10.95,221.742,13.75,72.55471747389,0.23075,68.568096690404,0.21275,0.568586956521685,0.624919088418802,0.454836956521717,0.690247075971995,0.0984064489603042,0.165079966187477,384.78,1.17,750.67,1.88,1.0,57.92,0.21,57.92,0.21,36.91,0.32,29.73,0.22,79.5,0.18,79.62,0.18,0.803854,0.08,0.796413,0.08,3.0,11.0,363.863633791522,0.7,363.863633791522,0.7,10.0,0.0,0.0,355.0,17.874,0.13,0.0,15769.2122965706,26.0,14955.8120937791,25.0,1886.07952300723,2.6,1813.67722733176,2.5,1.0,3.0,0.0
chr1-209612134-209612135-C-G,TWJF-10146-MO011-0020,Pending,1.7,2.63,1.8,1.85,0.018,200.618,0.583,2.0,0.569,114.223,0.385,0.325,0.0,1514.447,175.57,767.633,135.96,200.61798169175,0.58275,114.223325609425,0.38525,1.34932065217384,0.305061616448667,0.9761956521738,0.432393271674259,0.0006531478693432,0.0018131826063836,2919.25,4.51,1449.56,2.87,0.507,4666.42,4.6,2084.13,2.8,3017.08,3.3,1477.25,2.2,2235.91,1.8,943.95,0.92,0.003108,6.8,0.021706,2.6,0.0,10.0,792.984124177032,1.5,537.157411716568,1.0,7.0,3.0,1.0,21.0,0.366,0.048,0.0,369.674930587026,1.6,591.316503198048,2.3,281.598281419344,1.3,318.148587926455,1.4,1.0,3.0,5.0
chr1-248180766-248180767-G-A,TWJF-10146-MO011-0020,Pending,0.777,13.0,1.85,11.0,0.0,18.17,0.17,2.0,4.673,84.9,0.45,0.293,0.0,57.377,48.37,119.223,34.73,87.3557761520561,0.55475,482.673591530016,1.312875,0.793043478260714,0.514229616050626,1.9611684782608,0.181254783215019,0.0211858041584491,0.0482003577053546,5694.54,96.63,5610.47,80.04,2.078,30.86,0.28,130.19,1.2,18.17,0.66,84.9,2.1,19.19,0.17,54.36,0.45,0.208962,0.76,0.084532,1.5,3.0,9.0,47.0796604064987,1.6,79.9986856517797,2.5,7.0,0.0,0.0,0.0,0.0,0.0,0.0,71.9631226257152,1.3,121.649408055373,1.9,67.6752704480263,1.3,116.796546089889,1.8,6.0,3.0,0.0
chr1-248273398-248273399-C-T,TWJF-10146-MO011-0020,Pending,0.036,0.12,0.344,0.21,0.0,3.26,0.01,2.0,2.11,6.88,0.9,0.196,0.0,8.844,19.94,25.009,26.41,12.5052695253588,0.0185,25.6154029228678,0.15575,0.0427173913043645,0.953581905491272,0.218288043478239,0.838546658894198,0.325710497796535,0.1339201182127,565.61,0.01,4923.75,0.9,2.828,3.26,0.02,6.88,0.05,3.87,0.06,12.58,0.47,3.39,0.02,9.82,0.09,0.913978,0.03,0.637523,0.17,9.0,9.0,20.9127223346496,0.7,36.7076862856637,1.2,8.0,0.0,0.0,18.0,0.396,0.0,0.0,9.20682736761356,0.3,26.1884623701638,0.5,8.48066679237178,0.3,24.402257184272,0.5,6.0,3.0,0.0
chr1-34761873-34761874-A-C,TWJF-10146-MO011-0020,Pending,0.19,0.84,0.045,0.71,0.393,8.2,0.025,2.0,0.462,3.79,0.001,0.303,0.0,18.92,63.35,7.377,56.35,13.2399010864286,0.02475,11.5359612714083,0.0115,0.0255434782608858,0.965525220647596,0.0011141304347574,0.990802619358375,0.428973507136106,0.771904177963734,1616.46,0.22,655.64,0.05,0.39,16.7,0.16,6.5,0.04,10.13,0.39,4.15,0.07,8.2,0.08,3.79,0.03,0.836031,0.06,0.888968,0.04,9.0,9.0,21.1402218815648,0.7,7.40132458833823,0.3,7.0,0.0,0.0,11.0,0.618,0.636,1.0,31.5580383791219,0.6,7.58769735199516,0.2,32.094454610296,0.6,7.35241478999506,0.2,2.0,3.0,0.0
chr1-3775422-3775423-G-A,TWJF-10146-MO011-0020,Pending,5.957,1.52,6.7,1.72,1.946,205.61,1.0,2.0,1.53,314.5,1.0,0.49,0.0,2651.44,57.99,2971.569,66.72,969.630126619685,3.314375,1058.9326800607,3.4775,2.83290760869558,0.105091358683815,3.05951086956514,0.0934463591012563,0.0605143494904041,0.0478543266654014,205.61,26.86,314.5,33.12,1.121,39759.52,39.0,39687.74,38.0,2065.97,3.1,2635.42,3.9,23576.58,16.0,24163.07,17.0,0.000644,8.6,0.000528,9.5,0.0,11.0,3236.90976835553,1.0,3307.718431318,1.0,7.0,0.0,0.0,68.0,3.309,0.588,0.0,2651.44,5.957,2971.569,6.7,2651.44,5.957,2971.569,6.7,1.0,3.0,0.0
chr1-46281201-46281202-G-C,TWJF-10146-MO011-0020,Pending,2.6,12.0,3.25,15.0,5.757,64.63,1.369,2.0,0.619,40.0,0.733,0.263,0.0,767.05,35.36,712.378,62.515,243.719381176518,1.3955,134.374596666967,0.789375,1.36945652173904,0.299224485377112,0.732880434782487,0.541818175302428,0.0462579727172851,0.17071008682251,64.63,11.82,40.0,6.81,0.929,17902.58,6.4,11384.17,3.3,11666.98,17.0,11112.54,16.0,10316.81,3.9,8835.53,3.2,0.017004,1.5,0.052313,0.68,1.0,9.0,1290.38154414547,1.5,1290.38154414547,1.5,6.0,0.0,0.0,655.0,24.292,0.237,0.0,75.1917166473498,2.4,97.5371361846414,3.7,80.8406878230179,2.8,94.7610796138647,3.5,1.0,3.0,0.0
chr1-92102532-92102533-G-T,TWJF-10146-MO011-0020,Pending,2.6,0.31,3.25,0.36,0.653,159.888,0.627,2.0,1.269,202.859,0.571,0.232,0.0,384.494,48.46,449.461,51.81,194.696211916576,0.881124999999999,273.680021895199,1.037,0.627255434782526,0.594487477984187,0.570570652173856,0.624586324645025,0.333245154470205,0.462487880140543,4905.46,0.89,4956.71,0.93,1.169,484.47,2.8,582.38,3.1,635.24,4.5,707.82,4.7,544.72,2.4,1100.34,3.4,0.226456,0.71,0.214601,0.75,1.0,9.0,159.888390969646,4.4,202.858996189859,5.1,5.0,0.0,0.0,51.0,4.768,0.137,0.0,284.518165620773,3.5,314.130423635652,3.7,282.11748267857,3.5,316.54102184657,3.7,1.0,3.0,0.0
chr10-125719858-125719859-G-T,TWJF-10146-MO011-0020,Accept,0.53,3.54,0.325,2.24,10.12,63.833,0.185,2.0,0.85,54.26,0.132,0.227,0.0,175.671,170.5,86.631,92.12,63.832725603937,0.18475,54.2603736544286,0.13175,0.354239130434763,0.751987093091745,0.138342391304363,0.889148825754265,0.232475000433624,0.462828420102596,1546.03,2.99,532.18,1.49,0.493,72.1,0.25,28.74,0.12,66.92,0.55,32.77,0.34,344.43,0.51,163.4,0.31,0.438047,0.3,0.516374,0.23,3.0,9.0,659.753955386447,3.0,446.908981201792,2.0,3.0,0.0,0.0,612.0,35.758,0.283,0.0,180.671645503149,1.0,88.8975925641731,0.6,170.671104877963,0.9,84.3645511010283,0.6,1.0,3.0,0.0
chr10-60075661-60075662-G-A,TWJF-10146-MO011-0020,Accept,0.31,30.0,1.155,63.0,27.188,22.44,0.02,2.0,6.09,136.67,0.047,0.279,0.0,36.317,182.46,158.47,884.85,28.5143754839143,0.181125,48.0621637545579,0.341125,0.0200815217391578,0.969004836965425,0.0465217391304406,0.950706840489667,0.670680463314056,0.677495583891869,2928.98,0.36,3394.87,0.42,4.363,24.44,0.22,180.27,1.4,22.44,0.8,136.67,2.5,27.89,0.26,129.41,0.91,0.830833,0.06,0.7795,0.09,2.0,9.0,44.1204061334533,1.5,109.484586351382,3.2,1.0,0.0,0.0,100.0,93.753,0.29,0.0,75.8769735199514,1.4,298.61388654133,3.7,75.9329023425617,1.4,302.991189433148,3.7,1.0,3.0,0.0
chr10-84514189-84514192-TCCA-T,TWJF-10146-MO011-0020,Pending,14.31,37.0,12.903,36.0,15.746,91.755,2.9,2.0,2.57,235.847,6.7,0.224,0.0,5755.258,250.85,5334.351,378.275,9605.58107480972,11.202375,7466.62394855195,9.45825,22.1923097826087,0.0102130098164719,12.8054619565217,0.0184443797049032,0.0027314908802509,0.103000070899725,96.27,16.62,75.72,13.69,0.927,23350.39,12.0,25534.99,13.0,31740.46,51.0,32259.8,53.0,33550.23,36.0,31875.38,31.0,0.000103,19.0,0.000621,8.7,0.0,9.0,1904.93895517228,2.9,3202.07590947592,6.7,8.0,0.0,0.0,888.0,86.992,0.181,0.0,139.049682003036,6.3,139.049682003036,6.3,91.7550550255144,3.3,235.846806485307,15.0,2.0,1.0,0.0
chr11-112193632-112193633-CG-C,TWJF-10146-MO011-0020,Accept,0.124,0.35,6.488777097051936,9.24,1.697,10.07,0.03,2.0,99.89031694328878,2883.8164885504257,4.294133203274232,0.389,0.0,28.986,15.59,3767.2367787915978,745.42,50.1874067432312,0.1045,4169.50786671857,4.319948912496452,0.143451086956517,0.886750068242884,10.311531983369754,0.6223994993335034,0.434591792523861,0.3240345731076001,29.32,0.05,3316.9209192161575,8.556157198236832,16.330530698074053,11.63,0.04,4851.097118880424,6.392015621930693,15.2,0.17,4554.121721144892,8.61251733581976,10.07,0.03,5218.986706726627,6.5168098673333335,0.896197,0.04,0.6858015998064303,6.850226636798655,18.0,9.0,78.2861456979178,0.3,3120.2030135656573,6.946690449361487,3.0,0.0,0.0,58.0,6.147,0.276,0.0,31.9072959084165,0.3,6267.705867098704,7.023710553257035,28.6523336646542,0.3,6966.39835656985,7.801642378012572,1.0,0.0,0.0
chr11-113316296-113316297-A-G,TWJF-10146-MO011-0020,Pending,1.36,8.82,1.905,6.46,48.358,86.76,0.16,2.0,1.015,88.05,0.16,0.461,0.0,319.095,421.24,321.036,306.15,110.795345966927,0.6455,109.368100352293,0.641875,0.721005434782498,0.548006883105682,0.406059782608693,0.719598510314784,0.124792374670505,0.333166882395744,4790.19,0.82,5385.94,1.71,1.006,362.06,2.3,367.43,2.4,276.13,2.1,274.64,2.1,86.76,0.65,88.05,0.66,0.651012,0.16,0.653671,0.16,3.0,11.0,149.838394854509,1.9,274.64103826736,3.2,3.0,0.0,0.0,628.0,87.446,0.553,0.0,3714.58242841277,30.0,5174.99578024434,36.0,4377.0348048044,33.0,8150.42020675195,46.0,1.0,3.0,0.0
chr11-114679704-114679705-G-A,TWJF-10146-MO011-0020,Pending,0.355,0.02,0.43,0.04,0.0,12.044,0.102,2.0,1.09,13.133,0.167,0.364,0.0,19.265,12.5,22.849,17.57,20.3510126563703,0.10225,26.9890167517235,0.167125,0.194701086956513,0.853700189448083,0.316766304347794,0.7755873693625,0.103676851838827,0.033138021826744,3938.11,0.51,4701.7,0.78,1.186,17.08,0.16,13.18,0.11,22.44,0.8,19.49,0.71,15.36,0.15,11.77,0.11,0.451809,0.31,0.344617,0.46,14.0,9.0,12.043787964776,0.4,13.132725327315,0.4,5.0,0.0,0.0,4.0,0.111,0.0,0.0,19.3691249146373,0.4,27.2339101307888,0.5,19.16152190601,0.4,26.2077658531362,0.5,5.0,3.0,0.0
chr11-122851815-122851816-G-C,TWJF-10146-MO011-0020,Pending,1.605,2.22,1.616,3.77,0.0,42.675,0.7,2.0,0.726,30.986,0.93,0.413,0.0,1247.003,154.94,969.029,234.29,204.384839865938,1.21075,300.881866726975,1.631,1.01682065217378,0.41586884826608,1.55777173913036,0.253154632342701,0.142429504543543,0.0388529896736145,112.99,18.63,94.75,16.42,0.777,3995.95,0.86,3196.95,0.66,3066.45,4.7,2766.91,4.2,5813.39,2.0,5854.1,2.0,0.051141,0.7,0.034446,0.93,1.0,9.0,2289.62075429042,4.1,1637.17642763048,2.3,7.0,0.0,0.0,3.0,0.701,0.0,0.0,42.6746531546114,0.8,30.9863198870423,0.5,90.9138396246734,3.3,60.6219636769338,1.6,1.0,3.0,0.0
chr11-129062296-129062297-C-A,TWJF-10146-MO011-0020,Pending,2.7,2.61,2.7,3.2,106.245,120.33,0.42,2.0,1.932,232.43,0.64,0.371,0.0,1306.926,162.22,1314.291,198.28,170.040911184859,1.028625,232.600651411702,1.35025,1.20497282608684,0.347738408451782,1.41804347826076,0.286234117271828,0.0101745314896106,0.0157027803361415,120.33,19.46,232.43,28.63,1.006,2172.03,0.42,3117.53,0.64,2579.01,4.0,2797.01,4.2,2569.31,0.77,2179.66,0.66,0.013748,1.7,0.015875,1.5,1.0,9.0,2169.04570370701,3.7,2216.49442399124,3.9,3.0,3.0,1.0,1403.0,221.344,0.48,0.0,444.805347763655,30.0,448.921080972812,30.0,279.01657285719,18.0,296.913537974854,20.0,1.0,3.0,1.0
chr11-130133628-130133629-G-A,TWJF-10146-MO011-0020,Pending,0.32,27.0,2.85,31.0,1.952,13.86,0.065,2.0,38.339,531.38,0.465,0.236,0.0,22.423,79.42,451.233,112.61,16.9888334114895,0.065,103.18207008392,0.622125,0.14975543478262,0.882208883699157,0.464619565217362,0.684634318001682,0.124646242707968,0.269891865551472,2643.76,0.33,5277.85,1.38,20.124,16.92,0.16,504.88,2.8,13.86,0.5,531.38,4.2,22.53,0.2,780.84,2.9,0.452132,0.31,0.136316,1.1,6.0,9.0,22.3153853732135,0.7,163.386011848196,4.5,2.0,0.0,0.0,1860.0,114.837,0.017,0.0,44.0666463295947,0.8,380.285704544743,4.1,47.8002315069346,0.8,397.585008177886,4.2,1.0,3.0,0.0
chr11-130133631-130133638-GATGACAC-G,TWJF-10146-MO011-0020,Pending,4.26,26.0,1.855,36.86,1.723,1542.609,1.467,2.0,0.215,332.012,0.759,0.22,0.0,2597.889,146.605,1102.709,260.8,1542.60866882272,1.46725,332.011850044964,0.7595,2.8138586956521,0.105225494922624,1.07304347826071,0.394245803878577,0.188389785587788,0.250261463224888,1973.81,3.52,540.53,1.51,0.424,5295.77,5.0,1379.9,2.2,6330.92,5.4,1559.37,2.7,5950.15,3.4,1680.26,1.5,0.035747,2.1,0.169284,0.78,0.0,9.0,2010.83257949086,8.9,1028.11044838492,4.8,9.0,0.0,0.0,1893.0,114.837,0.015,0.0,3012.24297352139,6.5,1177.30774211547,3.6,2183.53420740774,5.3,925.03890809685,3.1,1.0,0.0,0.0
chr11-132212114-132212115-C-A,TWJF-10146-MO011-0020,Pending,1.615,13.0,2.15,13.0,4.39,34.58,0.037,2.0,0.963,33.3,0.143,0.305,0.0,962.793,47.945,1127.95,49.475,59.3629367903492,0.175375,69.2624987444991,0.2625,0.0369565217391425,0.957851412832298,0.143451086956517,0.886406344721388,0.7818434946239,0.522065427154303,34.58,5.53,33.3,5.23,1.172,3909.68,0.83,4839.5,1.2,2088.44,3.3,3997.24,5.9,1817.65,0.57,4582.47,1.6,0.40088,0.06,0.354568,0.08,1.0,9.0,2010.83257949086,3.2,2145.7036159278,3.7,5.0,0.0,0.0,416.0,41.415,0.106,0.0,107.936914722993,4.2,110.197057990292,4.4,74.9255604168726,2.4,80.4692586014555,2.7,1.0,3.0,0.0
chr11-18291725-18291726-T-A,TWJF-10146-MO011-0020,Reject,0.115,17.97,0.265,33.2,11.57,11.66,0.02,2.0,1.88,21.92,0.03,0.378,0.0,37.01,1001.1,40.838,2670.71,38.9546043550904,0.038375,45.0422043487958,0.072375,0.099510869565222,0.91411721003488,0.37358695652172,0.74036850198227,0.451804369688034,0.119411990046501,164.41,0.58,155.99,0.56,1.103,21.66,0.09,30.25,0.12,13.35,0.13,19.28,0.23,11.66,0.04,21.92,0.07,0.977259,0.02,0.948885,0.03,8.0,9.0,79.1377833943885,0.3,107.140838739391,0.5,8.0,0.0,0.0,570.0,35.821,0.323,0.0,35.0663045238511,0.3,36.6344773494211,0.3,47.1150872822766,0.4,48.9959293796357,0.4,1.0,3.0,0.0
chr11-18291725-18291727-TC-AT,TWJF-10146-MO011-0020,Accept,0.115,17.97,0.265,33.2,6.171251991326114,11.66,0.02,2.0,1.88,21.92,0.03,0.407,0.0,37.01,1001.1,40.838,2670.71,38.9546043550904,0.038375,45.0422043487958,0.072375,0.099510869565222,0.91411721003488,0.37358695652172,0.74036850198227,0.451804369688034,0.119411990046501,164.41,0.58,155.99,0.56,1.103,21.66,0.09,30.25,0.12,13.35,0.13,19.28,0.23,11.66,0.04,21.92,0.07,0.977259,0.02,0.948885,0.03,8.0,9.0,79.1377833943885,0.3,107.140838739391,0.5,8.0,0.0,0.0,541.3959565251943,35.821,0.28157783729676394,0.0,35.0663045238511,0.3,36.6344773494211,0.3,47.1150872822766,0.4,48.9959293796357,0.4,1.0,3.0,0.0
chr11-18291726-18291727-C-T,TWJF-10146-MO011-0020,Reject,0.115,17.97,0.265,33.2,11.534,11.66,0.02,2.0,1.88,21.92,0.03,0.384,0.0,37.01,1001.1,40.838,2670.71,38.9546043550904,0.038375,45.0422043487958,0.072375,0.099510869565222,0.91411721003488,0.37358695652172,0.74036850198227,0.451804369688034,0.119411990046501,164.41,0.58,155.99,0.56,1.103,21.66,0.09,30.25,0.12,13.35,0.13,19.28,0.23,11.66,0.04,21.92,0.07,0.977259,0.02,0.948885,0.03,8.0,9.0,79.1377833943885,0.3,107.140838739391,0.5,8.0,0.0,0.0,571.0,35.821,0.322,0.0,35.0663045238511,0.3,36.6344773494211,0.3,47.1150872822766,0.4,48.9959293796357,0.4,1.0,3.0,0.0
chr11-5441153-5441154-T-C,TWJF-10146-MO011-0020,Pending,0.865,4.8,1.035,4.6,3.658,25.78,0.23,2.0,0.889,22.93,0.21,0.21,0.0,58.101,30.225,67.637,29.215,114.86164864944,0.656,239.23726761681,0.970374999999999,0.9761956521738,0.431976333409125,1.4729891304347,0.271952126307217,0.0028629377484321,0.0033603943884372,5592.52,54.12,5619.58,87.06,1.164,38.78,0.35,43.55,0.39,36.12,0.83,42.02,0.95,25.78,0.23,22.93,0.21,0.097197,1.4,0.070281,1.7,5.0,10.0,54.1900973995338,0.7,58.4537962766071,0.8,5.0,0.0,0.0,145.0,11.541,0.317,0.0,62.0126085134618,0.9,76.8210077483206,1.1,74.6139445393168,1.1,90.1197545064768,1.3,6.0,3.0,0.0
chr11-56612561-56612562-G-A,TWJF-10146-MO011-0020,Pending,13.058,6.78,16.321,9.96,0.0,638.683,2.26,2.0,0.85,543.001,2.52,0.354,0.0,5316.716,455.46,7286.316,752.02,23845.5576323794,17.476875,22910.3693534578,15.642,11.1157880434782,0.0210251999922659,20.2322554347826,0.011303719963205,0.459540575742722,0.27036339789629,5459.39,2.26,5477.06,2.52,1.37,12513.66,23.0,13446.35,24.0,4830.5,7.9,2812.19,6.2,19212.79,24.0,18186.05,23.0,0.002882,8.8,0.00191,11.0,0.0,8.0,638.682611773156,6.2,543.000891385649,5.6,7.0,0.0,0.0,0.0,0.0,0.0,0.0,2813.26083377876,15.0,3574.45636659668,17.0,5174.0425985871,21.0,9095.57166368448,29.0,6.0,3.0,0.0
chr12-132571168-132571169-C-A,TWJF-10146-MO011-0020,Pending,0.71,0.7,0.745,0.48,56.961,44.36,0.42,2.0,1.55,68.75,0.47,0.509,0.0,60.711,26.67,86.265,19.54,64.5120099576708,0.4405,62.6686583691363,0.432375,0.648804347826015,0.583360913699633,0.511032608695601,0.658185149010588,0.0170022472739219,0.099099826067686,5093.37,1.07,4512.28,0.69,1.421,56.91,0.51,103.78,0.87,44.36,0.98,68.75,1.4,49.76,0.42,57.93,0.47,0.222015,0.72,0.453845,0.31,7.0,10.0,51.3363611539899,0.7,55.3755269039887,0.8,5.0,0.0,0.0,532.0,99.931,0.57,0.0,184.705573289107,2.3,268.213108806316,2.8,238.682182301606,2.6,334.826636367448,3.3,6.0,3.0,0.0
chr12-25245349-25245350-C-A,TWJF-10146-MO011-0020,Accept,1.25,2.68,2.75,8.4,7.39,52.254,0.369,2.0,2.132,111.387,0.649,0.411,0.0,151.779,15.3,355.644,46.2,52.2543995449526,0.369,111.387337373356,0.649375,0.413396739130434,0.715710661000371,0.943152173912921,0.446071869531218,0.124970905482769,0.0106078758835792,3331.18,0.41,5602.18,69.79,2.343,300.18,2.1,506.91,2.8,147.43,2.2,638.68,4.0,174.89,1.2,346.13,1.9,0.051498,2.1,0.012394,4.5,3.0,10.0,53.0300445043609,0.7,84.4457314436612,1.2,8.0,0.0,0.0,490.0,18.201,0.406,0.0,156.127713684485,1.9,365.15731075202,3.6,102.759030931075,1.3,245.934807840291,2.7,1.0,3.0,0.0
chr12-42237607-42237608-G-A,TWJF-10146-MO011-0020,Pending,3.55,0.6,9.6,0.28,12.616,146.631,0.98,2.0,3.703,543.001,1.6,0.167,0.0,1026.619,89.44,4374.483,52.49,12190.1586725975,6.41725,21690.2292763898,13.856625,27.6173913043478,0.0084389494751014,46.2246739130435,0.005229730791177,0.0137156210839748,0.035760149359703,5003.79,0.98,5357.71,1.6,4.261,1276.67,4.9,5006.31,13.0,280.65,2.1,1121.07,4.3,266.12,1.6,2547.33,5.3,0.0452,2.2,0.00633,6.2,5.0,11.0,146.630789182988,1.9,543.000891385649,5.5,2.0,0.0,0.0,730.0,67.108,0.188,0.0,1836.15779205794,19.0,5570.70293811421,38.0,776.568910817413,8.4,3742.65676272596,30.0,1.0,3.0,0.0
chr12-46778643-46778644-T-C,TWJF-10146-MO011-0020,Pending,2.358,2.2,2.579,1.2,0.03,180.127,0.55,2.0,1.811,326.272,0.98,0.148,0.0,735.475,68.195,958.585,50.065,4045.6712241701,2.416875,2621.26747050719,1.95075,5.91374999999996,0.0428247327365679,2.55749999999992,0.121800148743693,0.179952427744865,0.380572840571404,5458.48,6.83,6208.44,19.98,1.303,344.48,0.55,751.6,0.98,207.3,2.0,369.82,2.6,1126.47,0.81,1165.57,0.83,0.169808,0.69,0.187715,0.64,1.0,9.0,2579.00523176605,8.9,2469.76904535209,8.6,6.0,0.0,0.0,51.0,0.22,0.137,0.0,180.127491098391,2.3,326.272146409496,3.5,285.522278052677,3.3,489.372994924838,4.7,1.0,3.0,0.0
chr12-55320942-55320943-C-T,TWJF-10146-MO011-0020,Pending,0.644,8.1,0.57,3.1,0.0,18.43,0.06,2.0,0.836,15.4,0.05,0.49,0.0,55.223,25.035,45.764,14.815,258.880147732719,0.627125,262.17635415849,0.6315,1.38801630434772,0.293952560119256,1.06013586956507,0.398590516700406,0.0556834153831005,0.190560434013605,3729.89,1.3,3741.36,1.31,0.829,18.43,0.06,15.4,0.05,32.59,0.66,23.68,0.54,72.37,0.13,59.27,0.11,0.375526,0.34,0.420942,0.3,10.0,9.0,922.677802760882,2.7,942.861739365281,2.7,3.0,0.0,0.0,0.0,0.0,0.0,1.0,31.3025703311328,0.6,24.9218340612272,0.5,38.0750077143341,0.7,32.2581903291985,0.6,6.0,3.0,0.0
chr12-56356201-56356202-C-A,TWJF-10146-MO011-0020,Reject,0.315,1.83,8.8,12.67,39.234,8.77,0.08,2.0,448.506,3933.4,6.9,0.248,0.0,42.418,117.48,2592.435,1061.48,63.4656963614979,0.4365,8474.98064115648,4.8335,0.258967391304324,0.812239186808953,18.6179891304348,0.0128431669214357,0.331336941570044,0.0338699109852314,5486.59,2.71,5735.49,97.93,61.116,12.03,0.1,1712.12,5.8,11.6,0.25,3472.75,8.2,8.77,0.08,3933.4,6.9,0.429163,0.33,0.001188,13.0,3.0,10.0,21.3701962877077,0.3,688.934419119916,6.4,10.0,9.0,0.0,2021.0,192.323,0.204,0.0,92.3591654472745,1.3,1310.62968424882,9.4,74.9583468591542,1.1,1471.70240640561,10.0,1.0,3.0,1.0
chr12-71994526-71994527-C-G,TWJF-10146-MO011-0020,Pending,1.8,0.32,4.9,0.46,0.127,163.863,0.725,2.0,3.289,538.865,1.603,0.533,0.0,237.805,14.45,1179.086,18.8,178.158194138953,0.843624999999999,805.170867151692,1.60275,0.72472826086944,0.545665547551791,2.16448369565209,0.156488481979645,0.25252427905798,0.138737760484219,5263.56,1.34,5547.94,6.7,4.958,391.18,2.4,1500.69,5.4,293.06,2.8,1249.17,5.4,182.55,1.3,1379.53,3.8,0.079557,1.6,0.022485,3.3,2.0,10.0,423.37404734272,4.4,1109.00259611381,8.4,10.0,0.0,0.0,13.0,0.236,0.538,0.0,163.862659800349,2.0,538.865029150212,4.9,168.974044768028,2.1,539.287060406653,4.9,1.0,3.0,0.0
chr13-20189405-20189406-C-T,TWJF-10146-MO011-0020,Reject,0.57,6.61,1.05,8.43,0.081,60.48,0.13,2.0,2.26,136.69,0.37,0.394,0.0,151.183,435.63,248.7,640.17,71.8963247429905,0.2005,73.7285575143217,0.210375,0.177472826086941,0.864458241077198,0.459891304347806,0.687318174643096,0.475297152996063,0.18113949149847,3230.03,0.82,3735.83,1.31,1.645,60.48,0.17,136.69,0.3,121.34,1.6,241.2,2.2,281.24,0.32,1076.95,0.79,0.688114,0.13,0.349151,0.37,2.0,9.0,579.421175080228,1.4,548.907939487181,1.4,3.0,4.0,0.0,70.0,0.945,0.086,0.0,157.608632183516,2.0,256.20051594145,3.0,144.757141978134,1.9,218.092132985254,2.6,1.0,3.0,2.0
chr13-83880339-83880340-T-G,TWJF-10146-MO011-0020,Pending,0.334,38.0,0.363,43.0,0.059,20.89,0.03,2.0,1.632,34.09,0.12,0.788,0.0,108.753,151.84,136.639,234.2,56.8457066739491,0.398125,60.5652049191012,0.417,0.111222826086959,0.906034483279105,0.143451086956517,0.886035746790495,0.527632858604193,0.484188206493855,1034.48,0.14,1767.61,0.24,1.256,29.77,0.27,31.09,0.28,61.04,1.4,95.12,1.8,20.89,0.19,34.09,0.31,0.897457,0.03,0.713051,0.12,4.0,10.0,156.465644014951,2.1,178.158534690519,2.2,10.0,0.0,0.0,4.0,0.059,1.0,0.0,197.006248039772,2.3,230.929810936246,2.6,215.188966623931,2.5,251.663365420883,2.7,6.0,3.0,0.0
chr13-98831360-98831361-C-T,TWJF-10146-MO011-0020,Pending,3.57,0.04,10.5,0.05,14.877,158.255,0.685,2.0,11.482,1817.083,2.204,0.093,0.0,612.37,14.27,3238.322,15.63,158.254900822853,0.789999999999999,1817.08332381418,2.204375,0.685407608695556,0.565002349246889,3.89864130434776,0.0689307679316163,0.242136135697365,0.102553952485323,5515.9,3.64,5609.93,79.49,5.288,663.55,3.3,4659.56,12.0,1050.6,5.4,6195.39,12.0,1181.88,3.5,6953.48,9.9,0.12791,1.2,0.014841,4.1,1.0,9.0,207.296615807971,5.2,801.610620817419,14.0,3.0,0.0,0.0,881.0,137.75,0.108,0.0,561.190098708104,5.1,1782.83027329115,11.0,552.624328247833,5.0,1759.66501645232,10.0,5.0,3.0,0.0
chr14-37591576-37591579-TTGA-T,TWJF-10146-MO011-0020,Accept,1.01,25.0,24.068,38.0,135.566,68.86,0.13,2.0,1.378,94.86,4.0,0.518,0.0,408.96,78.99,11317.729,136.785,125.250892670569,0.719875,19082.0709181551,23.136625,0.363913043478234,0.74633239004838,46.2246739130435,0.0057839329224769,0.409023471176624,0.0292139425873756,68.86,12.57,94.86,16.43,27.674,695.04,0.13,12981.03,4.0,692.67,1.3,21852.38,32.0,1326.58,0.42,29201.36,25.0,0.072396,0.5,2.4e-05,32.0,5.0,9.0,5324.55372491221,14.0,9654.42834743743,26.0,6.0,0.0,0.0,4143.0,271.676,0.499,0.0,84.5609785427213,2.9,161.499060417366,8.1,90.9138396246734,3.3,131.713411945909,5.8,1.0,1.0,0.0
chr14-61280600-61280601-C-A,TWJF-10146-MO011-0020,Pending,1.35,1.24,0.945,4.41,15.926,25.564,0.3,2.0,1.138,29.082,0.4,0.189,0.0,858.555,85.33,1025.728,277.02,182.186651922286,1.09125,102.429448292951,0.55,1.18195652173902,0.354710032372059,0.689103260869473,0.563490327145215,0.0377632081508636,0.120964728295803,1244.43,54.97,1601.99,59.3,1.195,8018.31,2.2,5403.25,1.4,973.97,1.8,1347.45,2.2,3509.13,1.2,3556.79,1.2,0.017464,1.5,0.072652,0.5,2.0,9.0,743.140059082542,0.7,704.005128091668,0.5,5.0,5.0,1.0,700.0,74.42,0.214,0.0,105.966844005222,4.1,112.763877211422,4.6,25.5640701135375,0.3,29.0823836978635,0.4,6.0,3.0,1.0
chr15-51480857-51480858-G-C,TWJF-10146-MO011-0020,Accept,2.605,29.0,2.065,26.0,14.298,102.603,0.57,2.0,1.067,109.485,0.48,0.245,0.0,436.91,140.9,400.715,73.94,198.943446520626,0.890999999999999,202.704385787096,0.899999999999999,0.765951086956406,0.526026361735699,0.680027173912976,0.567855063919409,0.260498709976673,0.31337895616889,5454.83,2.21,5302.29,1.43,0.917,554.05,3.0,469.54,2.7,369.82,3.7,331.89,3.6,113.35,0.82,87.02,0.66,0.289318,0.57,0.33389,0.48,2.0,9.0,102.602787986748,3.1,109.484586351382,3.2,8.0,0.0,0.0,465.0,70.78,0.202,0.0,548.415852489424,5.0,539.647289425053,5.0,503.999377453802,4.8,494.800352098623,4.7,1.0,3.0,0.0
chr15-60005494-60005495-C-T,TWJF-10146-MO011-0020,Pending,0.145,0.89,1.2,1.98,0.0,8.99,0.008,2.0,34.597,311.03,0.185,0.207,0.0,28.969,33.38,321.828,79.11,43.7717880938493,0.08325,332.625423840243,0.722375,0.0084239130434866,0.979145817260233,0.18548913043476,0.859812909194358,0.903286784887314,0.884786039590836,4237.28,2.06,4366.74,2.32,11.109,19.3,0.06,125.91,0.28,8.99,0.19,311.03,2.4,31.11,0.07,1910.14,1.3,0.748933,0.1,0.086054,1.2,4.0,9.0,446.908981201792,1.1,1196.25937088688,3.6,9.0,0.0,0.0,0.0,0.003,0.0,0.0,26.8274874267663,0.5,79.3560422546295,1.2,18.3079619015788,0.4,65.1088463136921,1.1,1.0,3.0,0.0
chr15-77615845-77615846-C-T,TWJF-10146-MO011-0020,Pending,20.5,3.3,11.5,2.8,6.989,4576.122,4.6,2.0,0.362,1654.986,1.9,0.181,0.0,7889.26,978.76,2666.209,805.41,8014.08403965008,4.622625,1569.00831111053,2.084625,11.1157880434782,0.0215068313164409,1.37679347826078,0.296752071124228,0.166724808514118,0.554158307611942,5635.0,91.93,5579.25,30.92,0.338,11126.97,21.0,4269.59,11.0,14963.56,20.0,6195.39,12.0,9305.02,13.0,3179.09,6.1,0.011935,4.6,0.057544,1.9,7.0,9.0,4576.12241190687,31.0,1654.98649030649,20.0,9.0,0.0,0.0,101.0,27.195,0.257,0.0,7764.43752784385,21.0,2153.32706972826,12.0,7318.63351257657,21.0,2039.05997548328,12.0,1.0,3.0,0.0
chr16-15718425-15718426-C-G,TWJF-10146-MO011-0020,Pending,3.255,2.08,4.922,6.78,0.0,65.107,1.7,2.0,1.439,93.676,3.5,0.25,0.0,1136.83,83.78,2153.906,454.05,705.827443327838,2.809875,1382.17881066174,3.944625,2.45013586956512,0.129430780967051,3.80744565217384,0.0704486286271197,0.0400072559714317,0.0340652465820312,308.31,32.81,2296.98,65.78,1.895,17338.3,6.1,23205.31,11.0,2352.4,3.7,3997.24,5.9,15870.23,7.1,22529.9,15.0,0.013898,1.7,0.003854,3.5,1.0,9.0,1567.83228391243,2.1,2010.83257949086,3.2,3.0,0.0,0.0,158.0,19.74,0.0,0.0,107.936914722993,4.2,148.651740999704,7.1,65.1073471443625,1.9,93.6763585053185,3.4,1.0,3.0,0.0
chr16-31411489-31411490-A-T,TWJF-10146-MO011-0020,Pending,0.853,15.0,0.734,13.0,0.0,38.12,0.36,2.0,0.78,29.73,0.23,0.116,0.0,314.44,69.815,265.788,58.38,159.05900604567,0.795249999999999,173.306972049944,0.828374999999999,1.0780978260868,0.392350627535144,1.05470108695638,0.40070331899456,0.0459849275648593,0.0794032253324985,3808.67,0.48,2623.59,0.33,0.845,469.82,2.7,358.27,2.3,38.12,0.36,29.73,0.23,65.29,0.52,55.53,0.46,0.17485,0.91,0.2499,0.64,1.0,11.0,50.2373984792183,0.6,49.6967709751055,0.6,8.0,0.0,0.0,8.0,0.677,0.0,0.0,835.429871937842,8.9,835.429871937842,8.9,1042.74952335462,12.0,988.962900547728,12.0,1.0,3.0,0.0
chr16-5089136-5089137-C-T,TWJF-10146-MO011-0020,Pending,14.4,20.0,14.655,29.0,17.686,5100.82,6.0,2.0,0.366,1869.132,5.1,0.252,0.0,9507.39,389.87,6672.17,758.35,16378.9616951161,6.8195,25078.3000284092,15.633,8.54532608695651,0.028145916973993,46.2246739130435,0.0056526521115367,0.440926302224398,0.0977062955498695,6542.34,42.73,6057.79,15.31,0.702,12472.43,8.8,6874.93,4.9,14485.65,21.0,12315.54,18.0,13831.33,6.0,12061.94,5.1,0.001492,8.5,0.001234,9.2,3.0,9.0,5997.52246638931,20.0,6469.40997042221,22.0,9.0,0.0,0.0,936.0,64.079,0.276,0.0,6274.51266133865,23.0,2441.06868809895,14.0,5100.82002084559,21.0,1869.13211715377,12.0,1.0,3.0,0.0
chr16-58525206-58525207-C-G,TWJF-10146-MO011-0020,Accept,1.115,14.0,1.115,18.0,120.632,54.19,0.508,2.0,1.011,54.78,0.563,0.201,0.0,88.838,65.825,99.939,89.935,78.351036420326,0.508,89.4780132774584,0.563375,0.627255434782526,0.59363191408726,0.759429347825957,0.529271400176943,0.0823460221290588,0.0448146574199199,5141.3,1.13,5140.64,1.13,1.125,167.12,1.4,184.1,1.5,54.19,1.3,54.78,1.3,105.79,0.79,110.4,0.81,0.04798,2.2,0.0434,2.3,4.0,10.0,99.3258412042407,1.4,114.327014313074,1.6,6.0,0.0,0.0,2932.0,561.079,0.215,0.0,75.766984007685,1.1,78.249216914078,1.1,69.3138464620879,1.0,67.4248517152988,1.0,1.0,3.0,0.0
chr16-88534223-88534223-G-GC,TWJF-10146-MO011-0020,Pending,0.046,0.02,8.013991411081662,2.33,0.0,3.328,0.0,2.0,135.46650599351796,3046.1494079012687,5.798479174655931,0.598,0.0,5.195,3.84,3872.9367218427888,96.52,41.6332244974622,0.051625,4286.522026841532,6.295936353726079,0.177472826086941,0.863991261523994,12.487481401902865,0.5767360271105801,0.324184577912092,0.2738294496103698,9.69,0.0,3363.6267901700876,8.128626065245495,16.872798776276117,3.78,0.01,4899.90954293719,7.4918123396654455,6.61,0.03,4571.543361257868,11.685551285273352,3.42,0.02,5117.015622478712,9.582823026700082,0.942537,0.04,0.8370449498549267,9.700434495987718,58.0,9.0,49.6967709751055,0.2,3123.9099594787117,7.941465526193709,0.0,0.0,1.0,31.0,104.675,0.0,0.0,3.53907690447406,0.1,6456.836140604715,8.348848131624392,3.32782132181036,0.1,7263.528183162415,10.35848192684113,1.0,0.0,0.0
chr17-4142794-4142795-G-T,TWJF-10146-MO011-0020,Pending,1.6,3.73,0.925,2.53,57.737,99.17,0.341,2.0,0.788,78.103,0.255,0.113,0.0,538.946,184.33,280.909,107.3,99.1695072595321,0.341375,78.103420651552,0.255125,0.82084239130424,0.500076025896318,0.669211956521664,0.57357357001426,0.0400031171739101,0.0581444203853607,869.15,2.08,289.78,0.95,0.521,1499.25,2.3,777.72,1.6,282.17,0.85,251.87,0.84,2084.74,1.7,889.18,0.88,0.028472,2.3,0.077633,1.3,2.0,10.0,611.630610489998,1.1,751.224325876238,1.4,1.0,0.0,0.0,3510.0,481.144,0.12,0.0,331.756927313863,1.5,199.443551929243,0.9,466.261976138789,2.0,272.038267287178,1.3,1.0,3.0,0.0
chr17-44084635-44084636-T-A,TWJF-10146-MO011-0020,Accept,0.535,38.0,0.56,52.0,12.496,23.371,0.03,2.0,0.995,23.253,0.03,0.254,0.0,87.564,248.8,97.423,515.75,23.3707641715305,0.132125,23.253232193106,0.132125,0.156630434782599,0.878481403557796,0.12551630434784,0.89740144320883,0.202202677726746,0.25467524304986,1664.34,0.23,880.85,0.11,1.113,64.46,0.58,70.25,0.64,71.41,1.8,81.75,2.0,60.26,0.49,59.49,0.48,0.900657,0.03,0.90946,0.03,4.0,9.0,103.718954854251,3.1,113.096689290843,3.3,8.0,0.0,0.0,526.0,43.239,0.289,0.0,237.197441360531,3.1,273.596161484132,3.4,231.969026554024,3.1,267.565429392327,3.4,1.0,3.0,0.0
chr17-44353910-44353911-C-T,TWJF-10146-MO011-0020,Pending,1.879,1.02,1.235,0.76,0.498,170.671,0.82,2.0,0.171,29.185,0.755,0.246,0.0,1137.59,38.12,335.005,28.84,383.900193120179,0.820125,325.308080036955,0.754875,1.55777173913036,0.252492618494043,1.57953804347818,0.247260869582129,0.10475791990757,0.0514025017619133,4901.01,6.33,1950.92,3.49,0.294,1464.85,2.2,78.22,0.27,4454.0,4.4,508.87,1.6,5364.11,3.1,2385.28,1.8,0.070834,1.4,0.12404,0.97,1.0,9.0,810.330961006521,3.7,344.701999286043,1.5,3.0,0.0,0.0,24.0,2.392,0.208,0.0,194.039434380653,1.0,32.8012202229963,0.3,170.671104877964,0.9,29.1850203184698,0.3,1.0,3.0,0.0
chr17-49621945-49621946-C-A,TWJF-10146-MO011-0020,Pending,13.25,27.12,36.0,37.0,28.568,149.338,3.853,2.0,3.936,587.719,11.964,0.247,0.0,5779.384,509.19,13884.444,603.355,1367.65962323739,3.92475,10451.955946368,11.9635,3.85252717391296,0.0694808901673529,14.2770380434783,0.0161979338368926,0.026962574571371,0.15798644348979,259.08,30.23,1189.0,54.2,2.402,21158.57,8.5,34649.61,25.0,15126.34,22.0,27131.77,41.0,25175.89,18.0,32513.16,33.0,0.001102,6.7,0.000489,9.8,0.0,9.0,10191.1082266841,28.0,17316.9316947162,46.0,9.0,0.0,0.0,856.0,77.631,0.368,0.0,149.337886260677,7.2,587.719364062958,39.0,406.097204597856,27.0,878.273946817546,53.0,1.0,3.0,0.0
chr17-56510642-56510643-G-A,TWJF-10146-MO011-0020,Pending,3.7,2.89,1.5,2.48,0.791,124.664,0.844,2.0,0.335,41.797,0.432,0.626,0.0,758.863,128.94,191.394,104.64,178.590173825339,0.843624999999999,63.062776423061,0.432375,1.25293478260861,0.332599100381667,0.659429347826006,0.578088733417081,0.0045759454369544,0.0046445280313491,5483.64,2.64,4536.38,0.7,0.252,956.59,4.1,207.66,1.6,878.83,5.1,188.06,2.9,1353.72,3.8,250.99,1.6,0.084158,1.6,0.305523,0.54,2.0,9.0,124.663874925129,3.6,41.7969557579565,1.4,9.0,0.0,0.0,4.0,0.791,1.0,0.0,601.326024673931,5.3,179.932659870399,2.5,638.895751220506,5.6,194.728715903959,2.7,5.0,3.0,0.0
chr17-7823566-7823567-G-C,TWJF-10146-MO011-0020,Pending,0.79,23.81,2.45,26.0,1.956,12.17,0.09,2.0,4.131,50.27,0.14,0.138,0.0,304.855,82.96,509.233,88.625,182.71945914397,1.09125,129.227741554357,0.7505,0.17184782608696,0.867977400941329,0.158124999999998,0.877075664096027,0.739950150251389,0.667985159903765,12.17,0.38,50.27,9.06,1.67,426.99,0.09,752.62,0.14,1461.36,2.3,2134.13,3.4,3109.45,0.98,4414.56,1.5,0.173082,0.2,0.092376,0.4,4.0,9.0,6755.54752439606,18.0,22942.6808619368,58.0,2.0,0.0,0.0,107.0,8.048,0.243,0.0,67.9469551766542,2.0,228.64936520782,15.0,36.8663379581906,0.6,265.845920317356,17.0,2.0,3.0,0.0
chr17-7848731-7848731-A-AC,TWJF-10146-MO011-0020,Accept,0.165,2.84,6.634522958448971,3.5,6.883,5.99,0.03,2.0,101.61636041095142,2895.997907656468,4.426156963831131,0.134,0.0,12.417,13.73,3711.073441666933,13.42,36.3256972320901,0.048625,3948.15370188761,4.450683442915308,0.359293478260838,0.749242475948986,9.88082197178678,0.5585154877514353,0.0735623873770237,0.13323398489619048,3582.06,1.14,6488.007381111597,10.421167390572085,14.563594706194515,10.58,0.03,4598.816662468957,6.214002352355036,5.99,0.12,4318.119524884116,8.71969513181312,12.05,0.03,4905.814448615381,6.867743301526412,0.697602,0.13,0.6374988778452676,6.688450973710221,23.0,9.0,135.93534130779,0.2,3076.4082022076027,7.029925249908608,0.0,0.0,1.0,599.0,45.285,0.152,0.0,11.4704379523836,0.3,5827.792898263904,7.303572148759515,12.7832122522926,0.3,6529.089967612968,8.230956336447402,1.0,0.0,0.0
chr18-56757024-56757025-G-C,TWJF-10146-MO011-0020,Accept,0.059,2.32,0.095,4.14,57.467,4.21,0.01,2.0,1.309,5.51,0.02,0.752,0.0,12.78,95.78,15.828,214.15,16.4935765206013,0.0585,19.3489327185528,0.08925,0.0240489130435008,0.966366197466478,0.10138586956522,0.913410532169105,0.496525660157204,0.25715858861804,668.92,0.05,777.89,0.08,1.239,7.98,0.06,8.91,0.07,6.54,0.22,8.43,0.29,4.21,0.03,5.51,0.04,0.983794,0.01,0.965017,0.02,13.0,9.0,9.91246440758731,0.3,12.307250521294,0.4,1.0,0.0,0.0,630.0,85.771,0.67,0.0,16.4857989815412,0.4,22.2387309159664,0.5,15.6469609968493,0.4,20.9618688765418,0.5,1.0,3.0,0.0
chr19-17836037-17836038-C-G,TWJF-10146-MO011-0020,Pending,1.238,1.35,4.35,1.19,0.0,56.75,0.17,2.0,9.076,515.09,0.75,0.244,0.0,166.945,11.115,1682.075,10.765,207.538846768443,0.53775,4193.95986802294,2.474,1.2760054347825,0.325626682693745,10.6558423913043,0.0227547856823666,0.0368930846452713,0.0052486024796962,5061.26,4.46,5413.78,6.49,10.076,56.75,0.17,515.09,0.75,101.5,1.5,1453.47,5.1,219.94,0.28,1910.68,1.3,0.250922,0.51,0.031674,2.1,5.0,9.0,1517.75856701751,4.9,3932.89229682844,15.0,9.0,0.0,0.0,110.0,8.819,0.0,0.0,126.351383022062,1.8,680.111314599176,5.7,80.2860330753718,1.2,333.918130305212,3.6,1.0,3.0,0.0
chr19-44429033-44429034-G-A,TWJF-10146-MO011-0020,Pending,4.1,3.8,4.945,4.59,4.367,34.0,0.41,2.0,0.906,30.8,0.56,0.421,0.0,1854.92,196.42,2428.177,231.565,4144.35825434167,6.754375,9391.69822497898,11.03225,9.15535326086956,0.0265962700448248,22.1923097826087,0.0105046079645936,0.0471853353083133,0.004589308053255,34.0,5.39,30.8,4.59,1.309,2107.71,0.41,2779.18,0.56,10815.98,16.0,13947.35,21.0,7745.52,2.8,13019.15,5.3,0.001786,5.3,0.000576,9.1,0.0,9.0,1602.12922627967,2.2,2077.17373775978,3.5,3.0,0.0,0.0,198.0,9.494,0.46,1.0,63.4117881446728,1.7,71.4776062882156,2.2,82.9144071851668,2.9,91.1234176695842,3.3,1.0,3.0,0.0
chr19-47273408-47273410-TGC-T,TWJF-10146-MO011-0020,Pending,0.01,2.2,6.342917400423019,5.926657908365811,25.136,0.969,0.0,2.0,102.92119824762574,2939.907061578664,4.5360141951976125,0.343,0.0,3.29,11.15,3800.268665072417,204.05455734749455,28.31866299111,0.000125,4205.44154279996,4.570658229604113,0.0045108695652231,0.983429425888937,10.556478221245099,0.7310754845200635,0.849952861666679,0.6916882882682093,29.7,0.05,3338.6107851802108,8.720160798764697,15.946514905210865,2.75,0.01,4802.506166893907,6.713901419661298,3.83,0.01,4502.138841377736,8.091231213271445,2.65,0.01,5073.124596958956,7.063476875110382,0.999381,0.01,0.8168100635638506,7.152689984946169,21.0,9.0,12.1748065983754,0.1,3064.7528992923812,6.429412773105093,0.0,0.0,1.0,110.0,50.272,0.5,0.0,1.21587799876095,0.1,6372.288902695207,6.226111986049208,0.968634648726046,0.1,7154.4924435778175,7.422896988510093,6.0,0.0,0.0
chr19-54201210-54201211-T-G,TWJF-10146-MO011-0020,Pending,0.208,1.27,0.96,14.39,117.829,11.66,0.018,2.0,9.441,110.08,0.546,0.183,0.0,44.236,47.67,143.868,1574.4,62.6765964926202,0.16675,211.906628064344,0.546375,0.0176630434782936,0.971382987205664,1.06777173913029,0.396293148842534,0.910157039761543,0.129407595843077,2745.98,0.51,3462.05,1.02,3.252,23.23,0.07,53.96,0.16,11.66,0.25,110.08,1.6,14.44,0.04,63.08,0.12,0.744524,0.1,0.287367,0.43,1.0,9.0,233.496772639903,0.4,384.090444123316,0.9,9.0,0.0,0.0,2928.0,807.046,0.146,0.0,45.4548260381954,0.8,177.656049268561,2.2,43.0169881667898,0.8,87.829417005535,1.3,1.0,3.0,0.0
chr19-55948110-55948111-C-T,TWJF-10146-MO011-0020,Pending,1.95,15.0,4.3,26.0,0.0,22.804,0.447,2.0,2.706,61.703,0.989,0.212,0.0,203.859,48.55,808.575,81.92,65.7091901339489,0.4475,255.056812527492,1.002125,0.651005434782519,0.58159171063077,0.988885869565081,0.426490771982626,0.0199941918253898,0.21554983407259,5495.61,2.93,5555.37,8.78,3.966,273.61,1.9,1329.57,5.0,145.05,2.6,883.6,5.1,183.79,1.3,1244.6,3.6,0.056097,2.0,0.024119,3.2,7.0,9.0,22.8035431270122,0.7,61.7031835213287,2.0,3.0,0.0,0.0,0.0,0.055,0.0,0.0,223.928824343602,3.0,721.290147561968,6.1,226.688766857479,3.0,733.550470522796,6.2,1.0,3.0,0.0
chr19-57399433-57399434-C-T,TWJF-10146-MO011-0020,Pending,0.045,7.5,0.91,8.0,13.293,28.26,0.019,2.0,2.2,62.18,0.198,0.156,0.0,59.76,29.07,1421.465,33.595,37.934457696823,0.021,152.355331863729,0.92025,0.018722826087,0.97091393432173,0.197744565217377,0.851352764560737,0.767571892589331,0.651069216430187,28.26,3.96,62.18,11.37,23.786,2158.65,0.42,10144.79,2.8,65.13,0.05,1235.73,1.9,54.39,0.02,1607.2,0.5,0.479184,0.04,0.036357,0.9,3.0,10.0,2365.15966010755,0.5,2664.09147713626,0.7,10.0,0.0,0.0,743.0,56.326,0.236,0.0,59.76,0.045,1421.465,0.91,59.76,0.045,1421.465,0.91,1.0,3.0,0.0
chr19-603886-603887-G-A,TWJF-10146-MO011-0020,Pending,0.07,0.38,0.095,0.38,0.0,21.1,0.007,2.0,2.364,49.89,0.004,0.28,0.0,110.643,5.65,106.009,5.6,33.4651494322409,0.006875,31.8478546330846,0.004375,0.0072554347826212,0.980792794487646,0.0084239130434866,0.979426000008742,0.85330443829298,0.819882050156593,40.19,6.85,33.33,5.24,0.958,337.86,0.07,465.21,0.1,77.86,0.07,87.23,0.09,21.1,0.01,49.89,0.02,0.850637,0.01,0.856403,0.01,6.0,9.0,942.861739365281,0.8,1276.49516119806,1.5,1.0,0.0,0.0,10.0,0.271,0.0,0.0,265.564488276097,17.0,124.787188495697,5.2,143.426697963524,6.6,130.205700986953,5.6,1.0,3.0,0.0
chr19-6713476-6713477-G-A,TWJF-10146-MO011-0020,Pending,0.773,1.33,2.011,1.3,23.786,26.533,0.11,2.0,4.403,116.828,0.37,0.241,0.0,172.481,78.6,981.185,152.07,199.994859418175,0.895874999999999,1110.87825713132,1.821125,0.973505434782481,0.432829084714497,2.24152173913036,0.148495985047323,0.156094014644623,0.209616042673588,881.68,0.11,3053.32,0.37,5.689,167.47,1.4,1501.7,5.4,62.37,0.65,319.56,2.2,56.11,0.46,295.31,1.7,0.638134,0.17,0.411365,0.35,3.0,11.0,26.5330949587806,0.3,116.827962316982,1.5,11.0,0.0,0.0,579.0,101.219,0.235,0.0,304.726343168883,2.9,2715.87639223332,24.0,177.492497330284,1.5,851.490878513953,9.0,1.0,3.0,0.0
chr2-102396637-102396638-C-A,TWJF-10146-MO011-0020,Pending,2.65,11.0,0.645,17.0,0.0,92.203,0.437,2.0,0.543,50.067,0.097,0.205,0.0,1041.65,59.155,225.699,63.455,92.2025019173147,0.465,50.0668803765797,0.097375,0.43668478260868,0.701089831404994,0.124184782608722,0.898823613660636,0.260863393545151,0.469615913927555,117.37,19.13,38.17,6.39,0.217,8830.28,2.4,1515.45,0.29,1775.57,2.9,373.84,0.72,5947.18,2.1,1818.26,0.57,0.019948,1.4,0.163047,0.22,1.0,9.0,2010.83257949086,3.2,1145.59068280975,1.3,9.0,0.0,0.0,33.0,1.134,0.0,0.0,307.730115613265,20.0,60.6973876622855,1.6,306.640842868501,20.0,77.5586069495857,2.5,2.0,3.0,0.0
chr2-163610504-163610505-G-T,TWJF-10146-MO011-0020,Pending,0.19,21.0,0.2,22.0,0.06,38.33,0.049,2.0,0.893,34.21,0.098,0.225,0.0,72.195,115.83,103.503,188.14,41.3525783068401,0.048875,49.0262405695331,0.097625,0.205380434782597,0.846795967340689,0.330190217391277,0.767392787787548,0.282997757196426,0.183878421783447,91.01,0.33,183.13,0.64,1.434,51.32,0.18,54.44,0.2,38.33,0.14,34.21,0.1,53.38,0.13,78.23,0.18,0.871179,0.05,0.785545,0.09,4.0,8.0,131.593813284349,0.2,128.77677121554,0.2,4.0,0.0,0.0,29.0,0.866,0.069,0.0,153.112271667957,0.6,139.318888193549,0.5,506.570622280856,1.8,378.129012048559,1.4,1.0,3.0,0.0
chr2-241346241-241346242-G-T,TWJF-10146-MO011-0020,Reject,1.992,30.0,6.868,26.0,112.367,25.388,0.3,2.0,0.94,23.858,0.3,0.526,0.0,442.501,187.95,3129.564,145.05,408.118344915229,2.037,5777.05350959245,8.065375,1.94760869565209,0.183478550014761,14.2770380434783,0.0169614559563399,0.006352499127388,0.0084513127803802,36.18,5.93,35.15,5.67,7.072,3146.98,0.65,9919.89,2.7,8252.61,13.0,14252.45,21.0,6847.17,2.4,18466.62,9.2,0.018344,1.4,0.000354,12.0,1.0,9.0,476.884165661415,0.3,482.07196139087,0.3,9.0,9.0,1.0,2919.0,263.772,0.426,0.0,76.7661923730395,2.5,76.7661923730395,2.5,25.3880882927121,0.3,23.8577783793347,0.2,1.0,3.0,1.0
chr2-54630876-54630877-G-A,TWJF-10146-MO011-0020,Pending,3.681,1.38,3.648,1.99,31.101,26.462,0.3,2.0,0.946,25.04,0.3,0.245,0.0,1015.222,111.79,1075.96,143.6,1438.34850816009,4.022,1533.63671187108,4.15475,3.56269021739122,0.0766368239120397,3.996902173913,0.0666899087782547,0.070685364305973,0.0459745004773139,316.4,33.2,247.83,29.56,1.06,12606.61,3.8,11427.48,3.3,18780.76,27.0,17695.75,26.0,16406.94,7.5,17069.33,8.0,0.004598,3.2,0.005258,3.0,1.0,9.0,592.096239149258,0.5,618.284248621816,0.5,5.0,0.0,0.0,1343.0,161.145,0.193,0.0,32.1491873844332,0.5,30.0725322986317,0.4,26.4624469264699,0.3,25.0397506624958,0.3,1.0,3.0,0.0
chr2-99327534-99327535-C-G,TWJF-10146-MO011-0020,Pending,0.358,4.2,0.472,4.5,8.511,42.02,0.02,2.0,1.925,80.87,0.02,0.532,0.0,78.325,14.225,95.762,14.565,84.7909774764348,0.394625,93.8839418751467,0.47925,0.321684782608685,0.772060415049536,0.464619565217362,0.684160776938167,0.341722976416349,0.243345972150564,88.7,15.6,86.56,15.32,1.223,65.74,0.02,102.01,0.02,42.02,0.04,80.87,0.07,54.44,0.02,63.6,0.02,0.470186,0.05,0.424436,0.06,7.0,9.0,1501.42527646561,1.9,1904.93895517228,2.9,8.0,0.0,0.0,507.0,44.561,0.191,0.0,78.1933824448836,2.6,141.309057579671,6.4,78.4566932912199,2.6,97.6405011921892,3.7,5.0,3.0,0.0
chr20-44160259-44160260-G-A,TWJF-10146-MO011-0020,Pending,0.874,21.0,0.6,22.0,0.272,124.991,0.41,2.0,0.673,84.067,0.32,0.142,0.0,174.192,183.725,85.298,191.95,124.990719035325,0.4195,84.0669680108436,0.283375,0.927499999999881,0.453423220163071,0.703994565217286,0.555711021568407,0.0506377890706062,0.0578049458563327,1349.51,2.75,303.91,0.99,0.49,151.51,0.44,61.47,0.22,149.84,0.82,75.79,0.62,508.01,0.63,382.42,0.54,0.35118,0.41,0.424628,0.32,1.0,9.0,236.036872830194,1.1,228.498283614918,1.0,1.0,0.0,0.0,29.0,2.638,0.103,0.0,174.940353594982,1.0,82.9640605910132,0.6,173.444287243028,1.0,86.5286643441052,0.6,5.0,3.0,0.0
chr21-44291163-44291164-G-T,TWJF-10146-MO011-0020,Pending,0.15,14.0,0.15,13.0,0.0,10.82,0.03,2.0,1.116,12.07,0.04,0.15,0.0,33.597,27.345,36.086,28.56,44.6097914969286,0.06875,45.2669858471802,0.075875,0.335190217391286,0.763949286935267,0.362445652173875,0.747547287959364,0.152536783367395,0.131430864334106,275.42,0.91,299.26,0.97,1.074,13.89,0.05,13.17,0.04,18.87,0.1,19.81,0.1,10.82,0.03,12.07,0.04,0.516149,0.23,0.40358,0.34,4.0,10.0,72.5758484586572,0.1,62.3744230696619,0.1,4.0,1.0,0.0,2.0,0.062,0.0,0.0,22.5849950649665,0.2,26.904194872479,0.2,51.0070257147637,0.3,60.9017819475311,0.3,1.0,3.0,2.0
chr3-10063866-10063867-T-A,TWJF-10146-MO011-0020,Pending,0.535,9.6,0.51,16.0,0.0,27.26,0.07,2.0,0.85,23.18,0.2,0.111,0.0,57.324,33.215,62.139,62.385,55.9694857017205,0.390375,64.3619596420351,0.4405,0.21024456521738,0.84310039426371,0.249918478260838,0.818305535369928,0.358119938522577,0.346572335809469,737.28,0.0699999999999999,1426.83,0.2,1.084,75.92,0.68,68.64,0.62,27.26,0.66,23.18,0.58,46.69,0.41,42.22,0.38,0.811064,0.08,0.590008,0.21,5.0,10.0,50.7839072124827,0.7,43.6456063673342,0.6,7.0,0.0,0.0,207.0,28.251,0.0,0.0,58.6786346486663,0.9,60.1838546572072,0.9,60.7883002638749,0.9,64.094387252127,1.0,1.0,3.0,0.0
chr3-179234296-179234297-A-G,TWJF-10146-MO011-0020,Accept,1.13,24.0,1.01,31.0,7.697,13.59,0.371,2.0,0.945,12.84,0.14,0.52,0.0,1194.033,104.74,927.529,129.32,81.7662136139515,0.371125,99.580514828954,0.524625,0.415271739130446,0.71460610606775,0.140054347826123,0.888185310007689,0.246360316872597,0.626768197864294,13.59,0.58,12.84,0.48,0.777,6372.43,1.6,5433.03,1.4,2827.44,4.3,1718.86,2.8,2160.99,0.66,2035.41,0.62,0.071808,0.5,0.110838,0.33,2.0,9.0,4526.87667639995,12.0,5044.15430351795,13.0,1.0,0.0,0.0,732.0,14.046,0.548,0.0,227.075354049145,15.0,136.197770996238,6.0,134.781411433637,5.9,108.550043043033,4.2,2.0,3.0,0.0
chr3-197115953-197115954-C-G,TWJF-10146-MO011-0020,Accept,0.54,0.31,0.325,0.77,64.365,77.59,0.27,2.0,0.438,33.98,0.14,0.537,0.0,123.699,14.28,75.298,29.35,102.890657826051,0.35175,58.6384079337806,0.156625,0.88326086956512,0.472278427317208,0.495108695652163,0.66746530752113,0.0186576023697853,0.0925875753164291,914.91,2.15,218.45,0.75,0.609,77.59,0.27,33.98,0.14,94.61,0.65,35.92,0.35,267.29,0.43,74.81,0.17,0.455393,0.29,0.821264,0.07,1.0,9.0,98.2569506316853,0.4,75.7858283255199,0.3,8.0,0.0,0.0,832.0,113.92,0.565,0.0,144.507370981905,0.9,89.3079252077038,0.6,148.648318206282,0.9,96.6406850854715,0.6,1.0,3.0,0.0
chr3-39069708-39069709-G-T,TWJF-10146-MO011-0020,Reject,4.1,17.0,2.27,16.0,16.368,163.204,0.43,2.0,0.286,46.598,0.26,0.254,0.0,1032.581,88.04,340.245,93.16,163.204105318856,0.802999999999999,46.5980806016208,0.33,0.691114130434684,0.561908291276589,0.456331521739102,0.689214262047077,0.247035201638937,0.057670421898365,5498.31,3.0,5366.75,1.64,0.33,2031.12,6.5,561.25,3.0,942.86,5.2,261.59,3.3,847.67,3.0,220.4,1.4,0.361344,0.43,0.513313,0.26,1.0,9.0,243.824174317866,5.8,93.0825841911357,2.9,9.0,0.0,0.0,847.0,69.649,0.235,0.0,1122.30268002177,7.7,418.899652412687,4.3,1200.68752945285,8.1,446.097716329385,4.5,1.0,3.0,0.0
chr3-48580924-48580925-C-A,TWJF-10146-MO011-0020,Pending,6.74,49.0,21.0,97.0,8.023,1720.442,1.875,2.0,3.673,6318.878,3.42,0.214,0.0,2864.668,504.045,7716.712,12793.785,2387.86579306119,1.874625,7387.42680507533,3.420375,6.47915760869564,0.0382250018477433,17.305597826087,0.0130394854160011,0.0017329528927803,0.0005089193582534,4813.58,3.49,5234.65,5.34,2.694,3205.54,2.8,11635.34,8.2,6792.19,13.0,20040.43,28.0,13807.56,6.0,33964.77,30.0,0.002402,7.0,9.1e-05,25.0,0.0,9.0,2523.79620595976,8.7,5681.68344658443,19.0,3.0,0.0,0.0,576.0,49.83,0.161,0.0,2025.72272437433,13.0,8045.99947689698,26.0,1720.44185678429,12.0,6318.8784303293,23.0,1.0,3.0,0.0
chr3-48580924-48580926-CC-AA,TWJF-10146-MO011-0020,Pending,6.74,49.0,21.0,97.0,-14.561790458779969,1720.442,1.875,2.0,3.673,6318.878,3.42,0.244,0.0,2864.668,504.045,7716.712,12793.785,2387.86579306119,1.874625,7387.42680507533,3.420375,6.47915760869564,0.0382250018477433,17.305597826087,0.0130394854160011,0.0017329528927803,0.0005089193582534,4813.58,3.49,5234.65,5.34,2.694,3205.54,2.8,11635.34,8.2,6792.19,13.0,20040.43,28.0,13807.56,6.0,33964.77,30.0,0.002402,7.0,9.1e-05,25.0,0.0,9.0,2523.79620595976,8.7,5681.68344658443,19.0,3.0,0.0,0.0,171.38232040760352,49.83,0.11893577891599066,0.0,2025.72272437433,13.0,8045.99947689698,26.0,1720.44185678429,12.0,6318.8784303293,23.0,1.0,3.0,0.0
chr3-48580925-48580926-C-A,TWJF-10146-MO011-0020,Pending,6.74,49.0,21.0,97.0,8.023,1720.442,1.875,2.0,3.673,6318.878,3.42,0.213,0.0,2864.668,504.045,7716.712,12793.785,2387.86579306119,1.874625,7387.42680507533,3.420375,6.47915760869564,0.0382250018477433,17.305597826087,0.0130394854160011,0.0017329528927803,0.0005089193582534,4813.58,3.49,5234.65,5.34,2.694,3205.54,2.8,11635.34,8.2,6792.19,13.0,20040.43,28.0,13807.56,6.0,33964.77,30.0,0.002402,7.0,9.1e-05,25.0,0.0,9.0,2523.79620595976,8.7,5681.68344658443,19.0,3.0,0.0,0.0,572.0,49.83,0.161,0.0,2025.72272437433,13.0,8045.99947689698,26.0,1720.44185678429,12.0,6318.8784303293,23.0,1.0,3.0,0.0
chr3-49424958-49424959-C-G,TWJF-10146-MO011-0020,Pending,2.25,34.0,2.1,43.0,5.053,504.533,1.2,2.0,1.009,509.202,1.2,0.289,0.0,1114.605,128.19,1057.636,211.5,3365.04292718796,2.042,1793.19955077543,1.5605,8.01565217391304,0.0306709630307437,4.27116847826083,0.0616663760711526,0.0314709022641181,0.0652495311805978,5278.45,6.66,5454.72,6.82,0.949,987.24,1.8,823.5,1.6,1542.59,2.6,1362.11,2.5,1241.97,1.2,1250.59,1.2,0.026,2.4,0.035042,2.1,3.0,9.0,696.429008571064,3.2,864.681670102131,3.9,5.0,0.0,0.0,341.0,18.508,0.273,0.0,504.533490936035,2.0,509.201881849538,2.0,545.958962759746,2.1,557.391061565516,2.1,1.0,3.0,0.0
chr4-103158621-103158622-C-G,TWJF-10146-MO011-0020,Pending,2.9,3.46,12.1,4.7,2.852,33.19,0.314,2.0,11.447,379.91,3.014,0.246,0.0,1207.382,218.0,4058.179,281.91,269.060391998696,1.50675,4430.67661268536,6.983375,0.313695652173877,0.776911123747245,3.01372282608688,0.0958172667196054,0.666595347225666,0.448620621114969,33.19,5.2,379.91,35.95,3.361,9687.6,2.7,28241.82,16.0,9550.53,14.0,17791.74,26.0,3644.45,1.3,9596.32,3.6,0.039117,0.86,0.004153,3.4,1.0,9.0,2145.7036159278,3.7,3685.68515399165,8.2,9.0,0.0,0.0,154.0,11.274,0.253,0.0,231.297000073799,15.0,1033.16574846706,59.0,87.6253972793552,3.1,309.478155654022,20.0,1.0,3.0,0.0
chr4-103158621-103158623-CA-GG,TWJF-10146-MO011-0020,Pending,2.9,3.46,12.1,4.7,-7.78015211289454,33.19,0.314,2.0,11.447,379.91,3.014,0.256,0.0,1207.382,218.0,4058.179,281.91,269.060391998696,1.50675,4430.67661268536,6.983375,0.313695652173877,0.776911123747245,3.01372282608688,0.0958172667196054,0.666595347225666,0.448620621114969,33.19,5.2,379.91,35.95,3.361,9687.6,2.7,28241.82,16.0,9550.53,14.0,17791.74,26.0,3644.45,1.3,9596.32,3.6,0.039117,0.86,0.004153,3.4,1.0,9.0,2145.7036159278,3.7,3685.68515399165,8.2,9.0,0.0,0.0,80.29402112318598,11.274,0.2057823169296923,0.0,231.297000073799,15.0,1033.16574846706,59.0,87.6253972793552,3.1,309.478155654022,20.0,1.0,3.0,0.0
chr4-42039009-42039010-GT-G,TWJF-10146-MO011-0020,Accept,0.104,1.2,0.173,8.29,4.116,5.73,0.02,2.0,2.436,13.96,0.06,0.256,0.0,45.255,79.07,53.931,394.2,49.2309567261592,0.097625,85.4922992532684,0.286125,0.362445652173875,0.747355854036929,0.518124999999955,0.653927164958896,0.15419028699398,0.179028455168009,41.28,0.11,22.37,0.03,1.192,10.74,0.04,14.63,0.05,6.61,0.02,11.6,0.06,5.73,0.02,13.96,0.05,0.975259,0.02,0.907092,0.04,3.0,11.0,115.570723455297,0.2,218.820024417617,0.4,11.0,0.0,0.0,619.0,47.307,0.087,0.0,3302.25038892056,5.0,3654.34882102898,5.6,1805.34413741313,2.5,1708.28371187417,2.4,1.0,0.0,0.0
chr4-49028661-49028662-C-T,TWJF-10146-MO011-0020,Pending,0.87,2.06,1.058,11.09,0.0,72.207,0.24,2.0,1.589,114.704,0.43,0.449,0.0,143.755,82.83,259.187,1012.79,278.895719382286,0.653875,278.974321319504,0.653875,0.917282608695516,0.457081786544806,1.01682065217378,0.415921406665053,0.275151651352644,0.227903757244348,3263.79,0.84,3736.12,1.31,1.803,106.6,0.24,239.4,0.43,78.71,1.3,232.24,2.2,180.91,0.25,430.58,0.43,0.288655,0.43,0.296133,0.42,2.0,9.0,388.268781147746,0.9,476.884165661415,1.1,6.0,0.0,0.0,0.0,0.053,0.0,0.0,72.2071161110531,1.1,114.704379523836,1.6,83.6835316113074,1.2,131.413505377668,1.8,1.0,3.0,0.0
chr4-70825350-70825351-G-C,TWJF-10146-MO011-0020,Pending,3.185,0.46,27.0,0.65,4.278,233.497,1.432,2.0,14.014,3272.123,14.513,0.238,0.0,838.993,251.05,13570.252,300.67,599.74391464905,1.432125,22029.2998054811,14.512625,2.24152173913036,0.148390768825728,46.2246739130435,0.0055116431948038,0.0401542261242866,0.0549379549920558,5506.76,3.27,5559.3,10.47,16.174,1634.96,5.7,21336.52,36.0,359.95,3.1,18279.56,25.0,2014.4,4.7,27655.78,37.0,0.032752,2.7,0.000129,31.0,1.0,10.0,233.496772639903,2.7,3272.12256819681,18.0,2.0,0.0,0.0,1116.0,30.124,0.142,0.0,921.467452613438,7.3,8860.94416563997,29.0,756.519279031384,6.3,3844.32415118906,19.0,2.0,3.0,0.0
chr4-95220142-95220143-A-C,TWJF-10146-MO011-0020,Accept,0.065,15.0,0.2,39.0,1.212,5.93,0.005,2.0,2.401,14.24,0.129,0.549,0.0,8.863,51.41,16.89,136.165,16.6982025814451,0.06075,24.8849618454314,0.14725,0.0052445652173958,0.98224448315261,0.128532608695679,0.895721820267453,0.68507432192564,0.268175330013037,557.66,0.01,678.45,0.06,1.906,11.43,0.1,19.54,0.18,5.93,0.07,14.24,0.34,7.53,0.06,31.4,0.29,0.926488,0.03,0.471759,0.28,5.0,10.0,9.7002672795855,0.2,12.9913980944003,0.2,4.0,0.0,0.0,88.0,6.28,0.193,0.0,8.02564600555883,0.2,13.04607887843,0.2,7.20808667071043,0.2,10.0419949815196,0.2,1.0,3.0,0.0
chr5-159972022-159972023-G-T,TWJF-10146-MO011-0020,Pending,1.7,2.73,14.5,9.06,0.0,35.29,0.393,2.0,4.555,160.75,6.49,0.088,0.0,1614.235,169.39,15044.824,661.43,125.807545941994,0.72925,3876.66518538324,6.490125,0.392527173913038,0.727887456675226,8.83929347826086,0.027034969252022,0.383329626172781,0.0336050391197204,35.29,5.72,160.75,23.37,9.32,14634.04,4.8,39482.16,38.0,963.49,1.6,22695.78,33.0,2264.98,0.69,20435.22,12.0,0.012749,1.8,0.00014,17.0,0.0,10.0,6330.91865694631,3.5,9654.42834743743,6.9,10.0,0.0,0.0,0.0,0.157,0.0,0.0,1614.235,1.7,15044.824,14.5,1614.235,1.7,15044.824,14.5,1.0,3.0,0.0
chr5-160280530-160280531-G-A,TWJF-10146-MO011-0020,Accept,0.42,2.3,0.675,2.6,1.563,26.616,0.16,2.0,1.651,43.948,0.22,0.218,0.0,43.585,12.83,65.755,12.55,26.6155330653775,0.16225,43.9476814855513,0.3145,0.219673913043479,0.83777040162788,0.469836956521675,0.681235460101509,0.142817866057157,0.0311380065977573,3783.28,0.48,4753.88,0.8,1.509,40.85,0.36,62.76,0.55,46.32,1.4,68.75,1.8,30.27,0.28,46.97,0.41,0.651506,0.16,0.563846,0.22,13.0,9.0,30.21172697956,1.0,33.6639638219279,1.1,3.0,0.0,0.0,115.0,5.987,0.261,0.0,99.7952797650331,1.6,124.196683853397,1.9,99.8688387413656,1.6,126.30775033594,2.0,1.0,3.0,0.0
chr5-36955543-36955544-AT-A,TWJF-10146-MO011-0020,Pending,14.235,4.19,13.295,12.35,18.444,1775.906,0.12,2.0,0.995,1767.747,1.4,0.171,0.0,7729.478,256.24,9891.97,730.35,18044.7125307633,9.740625,15230.237707705,7.59,46.2246739130435,0.0057062545405328,24.5792391304348,0.0091409658314441,0.0100245960056781,0.0976277478039264,7426.57,15.47,9562.46,47.77,1.28,4040.94,0.12,10221.48,1.4,14802.53,13.0,21734.48,32.0,36420.56,41.0,31953.41,25.0,0.000319,18.0,0.000275,19.0,0.0,9.0,8032.37680934315,20.0,2842.77804823565,2.8,6.0,0.0,0.0,1195.0,91.76,0.201,0.0,1775.90610416267,1.3,1767.74655679117,1.3,3813.20364949811,3.6,2513.56430299953,2.1,1.0,0.0,0.0
chr5-36955545-36955546-G-A,TWJF-10146-MO011-0020,Accept,0.7,27.0,0.775,20.0,18.26,36.51,0.35,2.0,1.139,41.57,0.4,0.175,0.0,94.766,97.83,97.4,81.145,734.187289577274,1.553875,895.531525882131,1.670875,1.69836956521731,0.223590825025481,2.30184782608688,0.142378169807822,0.237683448940515,0.136541839689016,4906.89,0.89,4846.57,0.85,1.028,163.76,1.3,331.65,2.2,36.51,0.35,41.57,0.4,39.49,0.36,62.89,0.51,0.304623,0.54,0.17274,0.92,2.0,11.0,42.2516449344878,0.5,45.0855572161967,0.6,8.0,0.0,0.0,1215.0,91.76,0.199,0.0,92.6637773871348,0.7,92.6637773871348,0.7,96.8679257027236,0.7,102.136271541554,0.7,1.0,3.0,0.0
chr5-55146745-55146746-T-G,TWJF-10146-MO011-0020,Pending,1.35,11.0,2.283,14.0,22.107,34.804,0.6,2.0,1.279,44.528,0.9,0.438,0.0,502.034,70.765,676.234,90.96,202.45666791208,1.2005,361.678607130838,1.866875,1.06013586956507,0.399098142781188,1.65130434782598,0.233154444467449,0.120192911475897,0.058648619800806,108.77,18.13,439.72,38.21,1.347,5760.17,1.5,9770.55,2.7,4478.16,6.6,10757.62,16.0,5542.1,1.9,11904.67,4.6,0.055904,0.64,0.026551,1.1,3.0,9.0,801.610620817419,0.7,912.748447087475,0.8,5.0,0.0,0.0,990.0,42.108,0.525,0.0,113.284371619608,4.6,122.227801438842,5.1,34.8040673182623,0.6,44.5276730356247,0.9,1.0,3.0,0.0
chr6-26251746-26251747-A-G,TWJF-10146-MO011-0020,Pending,1.32,1.12,0.555,0.99,0.258,22.14,0.08,2.0,0.797,17.64,0.03,0.19,0.0,382.349,78.57,143.39,71.61,61.46864528688,0.192375,48.2653038805919,0.082375,0.180706521739125,0.862521851888988,0.0733967391304446,0.932636636886069,0.427634462714195,0.584958218038082,22.14,2.41,17.64,1.34,0.375,1186.17,0.22,550.09,0.11,2099.77,3.3,508.87,1.0,662.69,0.23,176.72,0.06,0.344246,0.08,0.584978,0.03,1.0,9.0,2192.64171894287,3.8,1804.62185661009,2.6,1.0,0.0,0.0,534.0,64.501,0.004,1.0,87.5326345452381,3.1,88.9549254401265,3.2,102.007005810333,3.9,110.060124563537,4.4,6.0,3.0,0.0
chr6-27147186-27147187-C-T,TWJF-10146-MO011-0020,Pending,0.947,4.35,1.515,48.0,154.981,106.947,0.07,2.0,1.306,139.692,0.28,0.218,0.0,170.141,17.835,526.815,628.095,124.552459641095,0.719875,147.409549654528,0.886375,0.973505434782481,0.433295656742527,0.929673913043359,0.452213672252969,0.0266193188726902,0.094550147652626,116.03,18.98,120.44,19.47,3.096,365.32,0.08,2564.4,0.5,464.16,0.92,1262.76,2.1,215.73,0.07,884.73,0.28,0.089174,0.4,0.04318,0.8,5.0,9.0,3099.80741799732,6.4,5044.15430351795,13.0,1.0,0.0,0.0,1701.0,653.929,0.237,0.0,106.947343140708,4.2,139.691506173439,6.3,112.106295048583,4.5,168.90013628421,8.7,6.0,3.0,0.0
chr6-97041587-97041588-T-G,TWJF-10146-MO011-0020,Pending,0.916,26.0,0.4,20.0,0.0,151.727,0.064,2.0,0.497,75.35,0.019,0.259,0.0,333.99,107.835,116.355,54.16,151.727108739544,0.43275,75.3498663203144,0.21575,0.0643206521739188,0.938741276957171,0.018722826087,0.9701932698327,0.928099632263184,0.9488555341959,4044.21,1.73,3130.59,0.74,0.348,234.59,0.42,81.65,0.2,592.1,3.2,205.07,2.0,433.39,0.43,118.27,0.18,0.349567,0.37,0.417615,0.3,1.0,9.0,579.421175080228,1.4,246.476621392745,0.5,3.0,0.0,0.0,1.0,0.13,0.0,0.0,226.245526104761,2.7,114.440566771657,1.6,193.48174695605,2.4,94.3278639560485,1.3,2.0,3.0,0.0
chr7-122303943-122303944-C-G,TWJF-10146-MO011-0020,Pending,20.5,6.8,31.5,5.1,0.0,727.232,2.05,2.0,1.383,1006.102,19.93,0.414,0.0,10201.455,31.75,13080.61,16.89,27032.9757730048,26.4525,30750.8149248347,49.96275,99.2866032608696,0.0038549371624346,99.2866032608696,0.00334845141994,0.0096168145537376,0.0050388611853122,5439.35,2.05,5571.31,19.93,1.282,27400.24,48.0,34177.87,68.0,14963.56,18.0,20589.91,25.0,28975.07,39.0,33322.67,50.0,0.000322,22.0,6.9e-05,38.0,2.0,8.0,727.231584685427,6.7,1006.1015840455,8.4,4.0,0.0,0.0,4.0,0.043,0.0,0.0,4407.67942181623,19.0,4407.67942181623,19.0,3862.15767367615,17.0,4465.08776781315,19.0,1.0,3.0,0.0
chr7-158871385-158871386-A-T,TWJF-10146-MO011-0020,Pending,1.35,11.3,14.5,63.75,7.129,84.446,0.24,2.0,11.786,995.274,2.2,0.086,0.0,114.647,1044.22,4426.006,18118.09,94.0704226753863,0.58325,3205.64384909064,2.824125,0.732880434782487,0.541811547663071,8.01565217391304,0.0302165244799608,0.0728054344654083,0.0137966647744178,4507.04,0.68,5529.78,4.44,38.606,219.0,1.6,12426.9,23.0,84.9,2.1,8711.37,15.0,152.93,1.1,10455.59,15.0,0.537625,0.24,0.04528,2.2,1.0,9.0,84.4457314436612,2.6,995.274467102104,15.0,3.0,0.0,0.0,61.0,54.418,0.131,1.0,108.670083308774,1.8,2965.58243005542,14.0,120.622965127869,1.9,3322.23232836936,15.0,1.0,3.0,0.0
chr7-29889321-29889322-A-T,TWJF-10146-MO011-0020,Pending,2.25,0.62,3.8,0.47,0.0,223.687,0.635,2.0,2.075,464.13,0.6,0.195,0.0,528.737,51.44,1283.729,42.27,265.861365330938,0.63525,277.957914449547,0.653875,1.03135869565205,0.409937963622713,0.599945652173858,0.608024762987847,0.207709990441799,0.446949083358049,5734.48,9.53,5896.14,11.92,2.428,1841.09,1.9,4266.41,3.5,471.75,2.9,1593.49,5.3,7929.02,3.5,11364.6,4.8,0.109557,0.98,0.100079,1.1,3.0,9.0,585.724422103472,1.5,973.968525934644,2.8,6.0,0.0,0.0,2.0,0.048,0.0,0.0,267.042263185331,3.1,413.599495173441,4.1,223.686616296604,2.6,464.130383827573,4.5,5.0,3.0,0.0
chr8-143379484-143379485-C-T,TWJF-10146-MO011-0020,Reject,1.65,8.3,0.645,8.6,28.735,31.548,0.432,2.0,0.805,25.409,0.066,0.321,0.0,203.824,23.64,128.893,34.21,63.1561459596894,0.432375,28.2928600571017,0.177125,0.648804347826015,0.583438980162213,0.0657880434782782,0.937742743754693,0.0112614892423152,0.462148420512676,5562.58,12.31,3864.67,0.49,0.632,363.03,2.3,195.42,1.5,171.54,2.7,96.68,2.2,105.22,0.78,49.09,0.42,0.309009,0.54,0.797776,0.08,2.0,9.0,31.5479708872394,1.0,25.4092608263962,0.8,1.0,1.0,1.0,1286.0,73.491,0.391,0.0,236.107618112194,3.1,161.105363819574,2.3,260.873521068921,3.3,168.822372804085,2.4,1.0,3.0,1.0
chr8-74244746-74244747-G-A,TWJF-10146-MO011-0020,Accept,1.9,5.2,1.164,7.4,3.745,53.03,0.61,2.0,0.621,32.943,0.59,0.395,0.0,237.417,20.885,102.943,31.03,567.759181743436,1.40125,269.257617080306,1.02725,2.31233695652166,0.141715743240331,1.47758152173904,0.270313161278711,0.0098927952349185,0.0334703251719474,5671.82,95.53,5355.41,1.59,0.434,354.94,2.3,152.51,1.3,64.43,1.4,28.62,0.66,260.14,1.6,84.89,0.65,0.268429,0.61,0.275901,0.59,2.0,10.0,53.0300445043609,0.7,32.9433159440195,0.5,8.0,0.0,0.0,176.0,7.401,0.506,0.0,180.917259285852,2.2,93.2137542832959,1.3,214.694045734606,2.5,112.673036872727,1.5,1.0,3.0,0.0
chr8-96608397-96608398-G-T,TWJF-10146-MO011-0020,Pending,0.847,1.69,0.915,5.09,0.059,56.587,0.36,2.0,0.968,54.78,0.39,0.204,0.0,171.77,522.97,150.784,1111.49,106.5319723473,0.633,113.553356705578,0.6525,0.893070652173805,0.46788644945532,0.929673913043359,0.451490498411798,0.0232224054634571,0.0220862738788127,2912.53,0.36,3208.91,0.39,0.878,1638.24,5.7,1471.21,5.3,190.11,1.7,147.43,1.4,807.12,2.9,536.88,2.3,0.319564,0.51,0.344914,0.46,2.0,11.0,56.5868881409458,0.7,54.77960566194,0.7,5.0,0.0,0.0,249.0,14.627,0.004,0.0,153.429899299244,1.2,154.138099536845,1.2,113.548133578994,0.8,118.626031004759,0.9,1.0,3.0,0.0
chr9-120605476-120605477-C-T,TWJF-10146-MO011-0020,Pending,0.915,0.92,0.945,1.48,10.851,99.687,0.138,2.0,1.072,106.817,0.115,0.421,0.0,167.863,86.53,168.896,116.51,137.715756165,0.398375,120.311787629215,0.35775,0.138342391304363,0.889174774349942,0.114918478260876,0.90395961843824,0.718607474118471,0.726646088063717,4371.1,2.33,4395.24,2.38,1.006,198.01,0.37,199.57,0.37,104.28,1.5,91.58,1.5,430.87,0.43,355.99,0.39,0.357056,0.36,0.379929,0.34,3.0,9.0,631.809457573781,1.6,605.048575185664,1.5,4.0,0.0,0.0,1789.0,26.858,0.404,0.0,126.351383022062,1.8,138.222899844269,1.8,99.6873382354763,1.4,106.816907407064,1.5,2.0,3.0,0.0
chr9-14819438-14819439-A-C,TWJF-10146-MO011-0020,Pending,0.252,56.0,0.255,64.0,0.0,16.44,0.05,2.0,1.101,18.1,0.06,0.337,0.0,31.07,535.4,35.808,872.4,48.2883867567751,0.092875,51.7975347366447,0.1175,0.274510869565205,0.802494529621844,0.366983695652166,0.74447007928425,0.238591246306896,0.163838822394609,589.66,1.59,141.52,0.51,1.152,16.44,0.05,18.1,0.06,18.97,0.23,17.68,0.21,32.5,0.1,36.55,0.1,0.824571,0.07,0.723137,0.11,2.0,9.0,81.7486880846975,0.3,80.8689532548376,0.3,5.0,0.0,0.0,1.0,0.31,0.0,0.0,29.64080539196,0.3,35.0663045238511,0.3,28.3243531133371,0.3,34.8465670888011,0.3,5.0,3.0,0.0
chr9-2084191-2084192-C-G,TWJF-10146-MO011-0020,Pending,12.615,3.64,7.9,5.56,75.495,990.93,4.2,2.0,0.239,237.03,1.8,0.37,0.0,2446.935,182.21,1448.152,265.63,21092.457323043,13.229625,18217.9473842468,10.205875,37.3590489130435,0.0067952963712649,22.1923097826087,0.0105240022353534,0.102546874433756,0.187020298093557,5646.64,93.54,5615.77,84.67,0.592,990.93,4.2,237.03,1.8,3380.08,8.1,1525.99,5.7,1829.12,4.4,581.13,2.4,0.001703,12.0,0.006234,6.2,0.0,10.0,1085.26206538749,8.3,666.931104469387,6.2,3.0,0.0,0.0,1014.0,172.364,0.438,0.0,2776.38698581572,16.0,1821.71317816798,13.0,2117.4833299521,14.0,1370.31370094922,9.6,1.0,3.0,0.0
chr9-21187002-21187003-A-G,TWJF-10146-MO011-0020,Pending,1.658,6.2,3.5,11.0,0.0,56.96,0.18,2.0,1.812,103.19,0.37,0.383,0.0,678.626,21.21,1485.344,31.51,4478.35156112929,2.34525,14446.3762332267,5.122375,7.3480163043478,0.0336252582515772,15.1609510869565,0.0153815526488392,0.136792153120041,0.231991242617369,56.96,0.18,103.19,0.37,2.189,466.76,0.97,1831.41,2.6,234.76,0.78,1073.58,1.9,161.08,0.3,1015.0,0.96,0.137466,0.9,0.035717,2.1,2.0,10.0,1785.20149967003,3.2,3380.0760613847,6.0,10.0,0.0,0.0,2.0,0.0,1.0,1.0,1512.93405977692,5.7,2151.88966623931,7.9,890.491954474201,3.5,1139.27875805699,4.4,6.0,3.0,0.0
chr9-33385157-33385158-C-T,TWJF-10146-MO011-0020,Pending,1.7,16.17,1.7,26.55,1.15,484.262,0.84,2.0,1.486,719.642,1.2,0.341,0.0,842.025,1006.13,893.619,1971.68,484.261659158872,0.914875,719.642109279218,1.08375,1.54323369565208,0.255724002601395,1.57953804347818,0.247399232695401,0.173336178064346,0.269591130316257,1002.91,2.29,570.27,1.56,1.061,872.53,1.7,915.01,1.7,797.29,1.6,953.12,1.7,811.52,0.84,1125.44,1.2,0.051572,1.7,0.041942,1.9,1.0,10.0,1362.11254533707,2.5,2145.7036159278,3.9,10.0,8.0,0.0,34.0,2.3,0.5,0.0,801.345864482433,3.2,619.184391432308,2.4,992.270317078017,3.9,872.227951494498,3.5,1.0,3.0,1.0
chr9-33798045-33798046-C-G,TWJF-10146-MO011-0020,Pending,6.23,25.0,5.1,22.0,0.395,371.823,1.212,2.0,0.907,337.323,1.002,0.368,0.0,1428.495,766.62,1091.507,658.55,392.27798808412,1.212,254.778033712542,1.002125,1.4729891304347,0.271564204250525,1.29997282608689,0.319237402687359,0.138569846749306,0.0849278233945369,5543.78,5.96,5498.12,3.0,0.764,2039.47,6.5,1514.84,5.4,1785.2,6.5,1255.95,5.8,2724.87,5.5,2147.05,4.8,0.089984,1.5,0.073934,1.7,2.0,9.0,371.823292618383,7.5,337.322928728272,7.0,1.0,0.0,0.0,29.0,0.817,0.483,0.0,1071.79073869278,7.6,927.064604610157,7.1,1024.30666827573,7.4,881.921641706427,6.9,1.0,3.0,0.0
chr9-37692682-37692688-CACATAG-C,TWJF-10146-MO011-0020,Pending,5.5,5.5,30.0,5.9,0.076,193.364,0.953,2.0,34.534,6677.68,8.833,0.354,0.0,1320.742,30.34,8955.551,29.51,193.363796000643,1.155625,6677.68025922926,8.83325,0.952527173912927,0.441811804396882,12.8054619565217,0.018154778189564,0.157154809683561,0.0677853748202323,564.31,42.11,935.23,50.2,6.781,19616.09,7.5,37183.05,31.0,5651.03,8.1,19717.81,29.0,8031.07,2.9,22594.36,15.0,0.014867,1.6,0.000542,9.4,1.0,9.0,2077.17373775978,3.5,11233.4238012277,31.0,4.0,0.0,0.0,29.0,1.106,0.069,0.0,352.508829907525,24.0,1318.77285727797,68.0,372.932300323073,25.0,2521.331792222,87.0,1.0,1.0,0.0
chr9-69516288-69516289-C-G,TWJF-10146-MO011-0020,Pending,3.119,6.68,6.08,6.69,0.0,23.968,0.2,2.0,0.995,23.858,0.2,0.203,0.0,1709.713,443.41,2810.271,444.31,840.419879933506,3.08725,2312.82370282129,5.05925,2.120054347826,0.161830314421952,4.73220108695648,0.054621387136494,0.161783441901207,0.0987092331051826,25.16,3.15,52.73,9.56,1.644,4878.25,1.2,12154.57,3.6,6128.72,8.7,14023.0,21.0,19646.9,12.0,29942.02,27.0,0.003141,3.9,0.000521,9.5,0.0,9.0,2579.00523176605,5.0,3307.718431318,7.1,1.0,0.0,0.0,12.0,1.263,0.0,0.0,30.1418566451854,0.4,26.6790278259368,0.3,23.9679008808421,0.2,23.8577783793347,0.2,1.0,3.0,0.0
chr9-72225682-72225683-A-G,TWJF-10146-MO011-0020,Pending,5.005,26.0,14.0,27.0,0.0,79.999,1.135,2.0,2.983,238.605,1.929,0.382,0.0,1935.316,101.35,4228.876,101.46,338.098628137074,1.135125,1290.36124580168,1.929375,1.71461956521732,0.220612057186479,3.7201086956521,0.0727318017253732,0.0199259407818317,0.0249034687876701,5510.45,3.41,5603.91,72.23,2.185,3044.66,8.2,8928.94,18.0,3000.81,7.9,9146.01,15.0,7704.32,12.0,16013.39,20.0,0.033882,2.7,0.008173,5.5,0.0,9.0,79.9986856517797,2.5,238.604605560771,5.7,9.0,0.0,0.0,0.0,0.076,0.0,0.0,831.974470539608,6.6,2780.4174148269,14.0,869.821223149247,6.8,2853.84249165164,14.0,2.0,3.0,0.0
chrX-103078563-103078564-A-G,TWJF-10146-MO011-0020,Pending,0.211,0.97,0.234,0.41,0.0,16.45,0.038,2.0,1.486,24.45,0.033,0.241,0.0,58.671,36.48,61.748,17.4,62.8444211845224,0.181625,64.6422172719299,0.1885,0.0383152173913146,0.955956520173805,0.033043478260879,0.960800601301648,0.784501131623983,0.826604716479778,310.78,1.01,494.52,1.42,1.052,16.45,0.05,24.45,0.1,20.8,0.24,25.69,0.28,59.68,0.14,60.27,0.14,0.746418,0.11,0.68538,0.13,4.0,9.0,168.776424447187,0.8,180.096636544146,0.9,6.0,0.0,0.0,31.0,0.938,0.0,0.0,57.6620395966647,0.5,63.2251691628878,0.5,44.377210550442,0.3,51.8991207139026,0.4,1.0,3.0,0.0
chrX-109375980-109375981-A-C,TWJF-10146-MO011-0020,Pending,4.25,32.0,3.05,29.0,0.0,438.254,1.262,2.0,0.351,154.046,0.781,0.545,0.0,592.644,275.98,353.734,250.74,438.254112923625,1.262375,154.046177463245,0.781124999999999,2.0051086956521,0.175836047110171,0.994157608695517,0.424961997550189,0.0112530589103698,0.0753508023917675,5611.16,80.75,5540.57,5.5,0.597,2545.52,7.4,1059.28,4.4,692.67,4.2,222.4,2.5,1446.01,3.9,220.11,1.4,0.022616,3.3,0.070785,1.7,1.0,10.0,492.617473462751,5.0,323.035299579482,3.6,3.0,0.0,0.0,0.0,0.007,0.0,0.0,447.177558026984,4.3,385.904639620107,3.8,463.254876862212,4.4,384.432415118906,3.8,1.0,3.0,0.0
chrX-150736685-150736686-C-T,TWJF-10146-MO011-0020,Pending,2.263,18.0,2.319,18.0,0.103,108.55,1.2,2.0,0.982,106.569,0.86,0.122,0.0,935.215,46.93,972.61,81.6,437.630359952197,2.125375,507.390555315306,2.33825,1.55777173913036,0.252978420664658,1.7490489130434,0.214253573421068,0.141447309404612,0.120810799300671,831.14,48.27,333.4,34.01,1.04,8795.66,2.4,6086.36,1.6,1039.29,1.8,1437.83,2.3,3438.8,1.2,2789.25,0.86,0.021837,1.3,0.027271,1.1,3.0,9.0,2289.62075429042,4.1,1691.18996491218,2.4,5.0,0.0,0.0,844.0,51.432,0.002,0.0,150.71969270918,7.3,144.933907103361,6.8,108.550043043033,4.2,106.568781472228,4.1,1.0,3.0,0.0
chrX-19398306-19398307-G-C,TWJF-10146-MO011-0020,Pending,3.9,13.0,0.815,12.0,0.0,138.359,0.734,2.0,0.173,23.898,0.14,0.259,0.0,684.721,65.395,98.746,70.37,138.359314796207,0.733749999999999,23.8977524632676,0.139875,1.01682065217378,0.415503629361584,0.265271739130398,0.808656821711673,0.0348930954933166,0.0565998703241348,5185.29,1.19,3987.78,0.52,0.144,1313.91,5.0,96.0,0.82,953.12,5.2,57.2,1.6,1265.62,3.7,110.1,0.81,0.052194,2.1,0.338211,0.47,1.0,9.0,184.036320672013,4.8,51.894824978829,1.7,6.0,0.0,0.0,0.0,0.045,0.0,0.0,386.464850161007,4.1,103.54043852073,1.7,416.322612340113,4.3,101.491576829427,1.6,5.0,3.0,0.0
chr1-145960377-145960378-G-C,TWJF-5120-09,Reject,0.595,12.0,0.25,16.15,0.094,66.18,0.23,2.0,0.271,17.96,0.06,0.056,0.0,118.738,662.62,45.037,876.94,76.0961532837057,0.2445,46.4236971723992,0.08275,0.745597826086836,0.535663952390432,0.4658967391304,0.682742779036941,0.0075984559953212,0.0481498390436172,128.36,0.47,60.89,0.2,0.379,66.18,0.23,17.96,0.06,138.91,0.81,43.65,0.39,170.65,0.31,63.72,0.15,0.241347,0.59,0.745626,0.11,8.0,9.0,172.468474522702,0.8,154.781846024532,0.7,1.0,1.0,1.0,30.0,0.709,0.133,0.0,109.116392668802,0.7,30.8951280812949,0.3,89.3634650266741,0.6,30.1411626112779,0.3,2.0,3.0,1.0
chr1-182057400-182057401-G-C,TWJF-5120-09,Reject,1.3,9.44,0.98,12.62,0.0,254.466,0.7,2.0,0.964,245.262,0.8,0.088,0.0,477.081,536.91,340.994,693.72,471.65180933322,0.90575,367.577096752287,0.80275,1.48627717391297,0.269043103461829,1.45222826086948,0.277108411910796,0.185546517372131,0.128586012870073,818.82,2.0,462.66,1.35,0.715,482.51,1.0,169.59,0.49,598.54,1.4,314.41,0.86,667.91,0.75,280.28,0.44,0.050094,1.7,0.092836,1.2,1.0,10.0,437.341955446153,0.7,456.685289375157,0.8,4.0,0.0,0.0,6.0,0.139,0.0,0.0,348.192971215224,1.5,368.824701840274,1.6,254.466138805695,1.2,245.261850110455,1.1,1.0,3.0,0.0
chr1-209612152-209612153-G-C,TWJF-5120-09,Reject,7.116,5.6,18.35,28.56,0.251,612.261,0.52,2.0,3.351,2051.867,1.4,0.082,0.0,3743.471,220.84,8672.719,2416.93,612.261146563967,1.761625,2051.86694541539,3.291125,2.23160326086948,0.149770305614644,5.44942934782604,0.0462297314111211,0.0488987751305103,0.0161997489631176,37689.53,81.34,38023.46,84.93,2.317,7299.15,2.1,22410.29,9.7,17316.93,24.0,30068.96,45.0,3840.92,0.94,9653.28,3.1,0.04001,0.52,0.011814,1.4,1.0,9.0,3646.02181898492,12.0,7692.15795298522,27.0,2.0,0.0,0.0,73.0,0.556,0.452,0.0,1079.36914722993,33.0,1459.38540952799,39.0,1070.70541724931,33.0,2116.75210340519,48.0,1.0,3.0,0.0
chr1-212100808-212100809-A-G,TWJF-5120-09,Accept,3.785,2.05,3.06,3.32,4.193,704.005,1.4,2.0,1.0,704.005,1.4,0.058,0.0,2883.009,329.88,1358.759,464.36,3205.50358255012,2.000125,1187.69985862739,1.322625,8.01565217391304,0.030718890184346,3.5994836956521,0.0756382231783864,0.0185914263129234,0.0141049921512603,2682.76,4.27,1170.59,2.52,0.471,15272.87,13.0,10071.19,7.9,1936.11,1.8,864.68,1.4,12136.82,6.4,6910.95,3.8,0.028403,2.3,0.083253,1.3,1.0,8.0,704.005128091668,1.4,704.005128091668,1.4,4.0,0.0,0.0,238.0,14.87,0.282,0.0,3083.25894409284,9.2,2570.4549690004,7.6,1046.26091077547,3.3,1529.81882226219,4.4,1.0,3.0,0.0
chr10-100524105-100524106-G-C,TWJF-5120-09,Accept,1.051,0.56,1.404,0.23,41.634,142.72,0.22,2.0,1.29,184.04,0.3,0.061,0.0,419.381,48.0,583.395,27.36,182.802624156021,1.09125,246.803491425987,1.40775,1.01160326086942,0.417473107638987,1.26605978260859,0.328973314530911,0.113657128065824,0.0887595191597938,165.17,23.76,269.12,30.78,1.391,7616.96,2.0,12636.66,3.8,142.72,0.22,184.04,0.3,655.96,0.22,897.67,0.29,0.030923,1.0,0.018372,1.4,4.0,10.0,9759.45427565568,7.0,10527.3321026536,7.8,7.0,0.0,0.0,229.0,281.31,0.148,0.0,419.381,1.051,583.395,1.404,419.381,1.051,583.395,1.404,3.0,3.0,0.0
chr10-133198481-133198482-G-C,TWJF-5120-09,Accept,0.885,0.48,1.25,1.15,2.383,57.51,0.36,2.0,1.361,78.29,0.81,0.07,0.0,319.37,16.09,682.715,35.06,235.260793238531,0.639625,226.53925463745,0.624875,1.40296195652164,0.289656830093552,1.3205434782608,0.312326214212376,0.0235429368913173,0.0436356700956821,299.53,0.98,439.12,1.3,2.138,339.21,0.79,1217.5,2.0,57.51,0.4,78.29,0.58,214.98,0.36,733.62,0.81,0.271084,0.52,0.158977,0.82,5.0,11.0,579.421175080228,1.1,631.809457573781,1.2,7.0,0.0,0.0,39.0,4.225,0.564,0.0,1962.50151192071,2.7,2522.37701339087,3.7,1830.45897609614,2.5,3044.80861682194,4.6,1.0,3.0,0.0
chr11-120446485-120446486-C-G,TWJF-5120-09,Accept,1.25,7.1,0.6,12.0,16.278,29.01,0.06,2.0,0.982,28.49,0.03,0.06,0.0,706.576,424.26,294.223,663.1,62.300523279391,0.198125,55.1556299601095,0.141,0.371739130434761,0.741124777887989,0.349538043478233,0.755542301369189,0.209577105939388,0.197776846587658,29.01,4.15,28.49,4.01,0.416,12513.25,3.8,7348.52,1.9,4625.9,6.8,2456.44,3.9,1390.98,0.43,533.29,0.18,0.403814,0.06,0.559054,0.03,6.0,9.0,1332.9536643312,1.6,837.065307307968,0.7,6.0,0.0,0.0,4228.0,133.427,0.122,0.0,80.199193324708,2.7,51.3062177474232,1.1,45.6698936204814,0.9,33.4680184709327,0.5,1.0,3.0,0.0
chr11-70485390-70485391-C-T,TWJF-5120-09,Reject,5.45,5.31,5.0,6.67,5.53,840.659,1.3,2.0,1.247,1048.624,1.8,0.053,0.0,4958.021,206.33,4609.64,279.24,3153.38756044723,2.256375,3351.50389119436,2.33925,4.88741847826084,0.0529124474778077,7.3480163043478,0.0331764506354163,0.1743238940835,0.0532892048358917,4926.17,6.99,4593.38,6.62,0.93,8593.32,9.0,5746.79,6.0,5681.68,6.0,4625.9,4.9,7981.95,6.6,5903.46,4.7,0.011873,5.4,0.0097,6.1,1.0,10.0,4989.871863861,5.5,4778.52115918281,5.1,5.0,0.0,0.0,175.0,26.845,0.206,0.0,840.659257748872,1.3,1048.62449921165,1.8,1612.57528746419,3.5,1525.87866249875,3.2,1.0,3.0,0.0
chr12-25245349-25245350-C-T,TWJF-5120-09,Accept,3.605,3.53,3.8,3.46,3.074,740.679,0.836,2.0,0.593,439.167,1.03,0.08,1.0,1975.692,123.5,2337.385,120.39,830.712110517163,1.15,629.097625553559,1.02975,0.836059782608601,0.492667100718246,2.09464673913035,0.164939420046378,0.615145325660706,0.0887017659842968,1874.21,3.41,2231.58,3.81,1.183,6646.79,5.8,4901.37,4.8,6030.06,4.9,4018.93,3.8,8751.14,4.6,8945.96,4.7,0.034154,2.1,0.01025,3.8,1.0,10.0,2077.17373775978,3.8,2443.19073685795,4.3,3.0,0.0,0.0,605.0,13.974,0.22,0.0,1332.9688483019,5.1,907.444348017219,3.6,740.678946190049,3.0,439.167304579307,1.8,1.0,3.0,0.0
chr12-39617063-39617064-C-T,TWJF-5120-09,Reject,0.265,0.13,0.204,0.03,0.0,51.992,0.045,2.0,0.99,51.476,0.044,0.088,0.0,523.563,21.07,312.856,11.36,51.9919532688979,0.04525,51.4755164427245,0.04375,0.0794021739130386,0.928891399067398,0.188586956521718,0.857488584672722,0.588947482407093,0.367108657956123,2350.98,0.12,597.37,0.06,0.598,435.43,0.47,150.59,0.22,238.6,0.29,126.7,0.23,626.11,0.24,192.78,0.11,0.621925,0.13,0.737597,0.09,4.0,9.0,548.907939487181,0.4,476.884165661415,0.3,7.0,0.0,0.0,51.0,0.731,0.0,0.0,650.95355032352,0.7,608.905644579115,0.6,498.218672246173,0.5,432.932311313486,0.5,1.0,3.0,0.0
chr13-29492649-29492650-G-C,TWJF-5120-09,Pending,4.7,0.53,5.1,1.41,0.0,16.02,0.16,2.0,0.948,15.18,0.25,0.061,0.0,3358.34,46.24,2739.586,94.92,153.474299638921,0.92025,201.232306127353,1.188125,0.180706521739125,0.861924147532238,0.251005434782599,0.81695199779073,0.677416883409023,0.6569635681808,16.02,1.01,15.18,0.85,0.816,18727.4,7.0,24735.5,13.0,11666.98,17.0,16140.9,23.0,8918.9,3.3,9882.18,3.7,0.199521,0.16,0.140851,0.25,2.0,9.0,6469.40997042221,17.0,5267.25377949397,14.0,9.0,0.0,0.0,9.0,0.708,0.0,0.0,247.269186478458,16.0,211.919050771364,13.0,137.60366460245,6.1,141.784906128267,6.5,1.0,3.0,0.0
chr16-27740346-27740347-T-C,TWJF-5120-09,Reject,6.2,81.0,5.325,80.0,8.73,413.89,1.26,2.0,0.495,204.93,0.76,0.053,0.0,4895.555,2841.42,4362.53,2365.3,16173.9971619054,7.229,12147.7746881064,5.449125,37.3590489130435,0.0061447109205337,27.6173913043478,0.0080996831744828,0.0010247462323604,0.001065387336439,413.89,1.26,204.93,0.76,0.891,5408.81,5.7,4917.78,5.2,4382.3,3.2,3807.28,2.6,7524.48,6.2,8145.98,6.7,0.009498,6.2,0.015142,4.7,3.0,8.0,12653.2128518332,19.0,14252.4486128885,22.0,7.0,0.0,0.0,311.0,42.381,0.206,0.0,514.079161686366,4.2,530.921117695851,4.3,921.849448069514,6.9,1008.46307246006,7.4,1.0,3.0,0.0
chr16-28866868-28866869-G-A,TWJF-5120-09,Accept,6.0,0.0,28.5,0.0,7.462,650.39,1.2,2.0,23.64,15375.0,20.0,0.057,0.0,2515.654,18.02,17977.885,16.26,16087.8881707462,7.229,27413.4318922699,22.60675,37.3590489130435,0.0064308979606457,99.2866032608696,0.0037108040285012,0.0125068761408329,0.0026426464319229,6943.66,9.22,21859.49,31.01,7.146,650.39,1.2,15375.0,20.0,2984.62,2.0,15126.34,18.0,2614.41,2.2,20580.77,26.0,0.011886,5.4,0.000288,33.0,1.0,8.0,2416.89844963521,1.4,3202.07590947592,2.5,5.0,0.0,0.0,446.0,81.109,0.092,0.0,1276.52698512601,8.8,87102.3756067484,78.0,866.283415182066,6.6,8330.28768599209,31.0,1.0,3.0,0.0
chr16-70943911-70943912-C-T,TWJF-5120-09,Review,0.162,0.13,0.122,0.21,0.0,26.11,0.1,2.0,1.016,26.53,0.09,0.071,0.0,56.011,69.99,42.177,91.4,59.8417613934078,0.1635,51.3532047971315,0.114,0.107173913043496,0.9093995360207,0.0369565217391425,0.95743065835294,0.553089074790478,0.739119477570057,52.18,0.16,31.19,0.06,0.753,30.21,0.12,33.0,0.13,26.11,0.29,26.53,0.29,35.96,0.1,28.47,0.09,0.693018,0.12,0.744026,0.11,7.0,9.0,218.820024417617,1.0,254.608349869884,1.2,5.0,0.0,0.0,39.0,3.337,0.0,0.0,84.5064776360063,0.6,91.8100026653798,0.6,68.4163656062546,0.5,74.3292926693883,0.5,5.0,3.0,0.0
chr17-31522024-31522025-G-A,TWJF-5120-09,Accept,6.05,2.5,1.2,1.07,22.794,704.886,0.9,2.0,0.257,181.42,0.3,0.093,0.0,4874.857,183.02,697.361,78.125,704.88554661693,1.020125,181.419959982102,0.3795,1.71461956521732,0.220836571557477,0.927499999999881,0.452738887452978,0.221997790038586,0.152143504470587,15953.71,20.46,3413.02,5.32,0.143,5912.35,6.1,727.07,1.2,4701.59,6.0,379.96,1.2,3553.25,2.9,619.24,0.6,0.130917,0.9,0.341967,0.3,1.0,9.0,11233.4238012277,36.0,4106.84141846427,15.0,3.0,0.0,0.0,2314.0,105.041,0.217,0.0,3780.50659487071,8.9,667.651762789514,2.2,5048.12383500637,12.0,918.607527693062,2.9,1.0,3.0,0.0
chr17-7673802-7673803-G-A,TWJF-5120-09,Reject,1.18,4.15,1.385,1.38,21.869,35.577,0.089,2.0,1.069,38.034,0.014,0.056,1.0,1342.125,205.31,1398.79,72.01,88.40838897685,0.346625,64.8081661248835,0.207375,0.088804347826084,0.921202475769803,0.0141576086956831,0.9740188534632,0.703325636684895,0.947415582835674,26526.17,16.3,30765.82,28.39,1.042,1723.93,0.42,3176.27,0.77,1325.76,2.2,1269.61,2.2,1358.49,0.28,1527.97,0.32,0.047208,0.46,0.08384,0.27,1.0,9.0,2289.62075429042,6.2,2122.61272297631,5.8,8.0,8.0,1.0,1084.0,50.159,0.436,0.0,35.5770553951685,1.9,38.0338246585796,2.0,42.4297038014208,2.2,42.5275143702579,2.2,1.0,3.0,1.0
chr19-15170799-15170800-T-G,TWJF-5120-09,Reject,4.829,2.69,6.278,2.86,0.0,259.47,0.488,2.0,4.448,1154.12,1.327,0.129,0.0,2654.213,290.27,3736.013,302.8,878.456769800665,3.157875,1697.37534096194,4.356625,0.488315217391275,0.670908261347284,1.32733695652166,0.31091773936826,0.840098112821579,0.594678819179535,259.47,30.25,1154.12,53.7,1.408,8570.39,2.3,12064.95,3.6,4429.97,6.5,5774.65,8.2,4862.02,1.7,8965.92,3.3,0.034232,0.93,0.006895,2.6,6.0,9.0,7775.83727608344,21.0,8571.12627878052,23.0,7.0,0.0,0.0,1408.0,71.871,0.0,0.0,263.736355197685,17.0,220.886920239477,14.0,517.166041247624,35.0,470.576245085892,32.0,1.0,3.0,0.0
chr19-37885566-37885567-T-C,TWJF-5120-09,Reject,2.6,0.59,0.5,0.94,0.0,684.778,1.3,2.0,0.124,84.83,0.07,0.052,0.0,1343.857,37.61,128.736,52.75,16247.0512591667,7.3245,10226.6099507688,4.722625,12.8054619565217,0.0182543940787251,9.84945652173911,0.024397293728072,0.313464138656855,0.270132198929787,2042.25,3.71,153.21,0.6,0.096,817.93,1.3,25.25,0.07,1354.76,2.4,69.88,0.3,1711.4,1.6,226.29,0.25,0.008399,6.6,0.023629,3.5,8.0,9.0,1332.9536643312,2.8,567.017447389529,0.6,3.0,0.0,0.0,0.0,0.001,0.0,0.0,684.778316570214,2.2,84.8301041097193,0.3,734.733767556227,2.4,104.262947928963,0.4,2.0,3.0,0.0
chr2-106843145-106843146-G-A,TWJF-5120-09,Reject,0.69,0.03,0.459,0.02,0.0,42.71,0.082,2.0,0.685,29.25,0.275,0.066,0.0,390.447,3.41,369.045,2.95,69.8575255461937,0.220375,142.493720835368,0.467875,0.0822282608695559,0.926541761947028,0.274510869565205,0.802373293701229,0.660133693367243,0.535455245524645,304.01,0.99,108.92,0.4,0.945,541.49,1.2,449.42,0.93,42.71,0.34,29.25,0.22,282.94,0.44,288.67,0.45,0.291756,0.48,0.444011,0.3,6.0,11.0,476.884165661415,0.9,585.724422103472,1.1,10.0,10.0,1.0,70.0,3.372,0.0,0.0,4547.8905042801,7.1,3861.97981883772,5.9,2633.66177236277,3.9,2561.8871774334,3.8,1.0,3.0,1.0
chr2-99593685-99593686-C-T,TWJF-5120-09,Review,1.625,2.43,1.933,3.5,0.0,283.24,0.71,2.0,1.113,315.25,0.76,0.068,0.0,693.669,79.44,826.847,122.0,2047.73860570968,1.650375,3809.49861585025,2.165125,4.39192934782604,0.0591829658204311,7.14706521739129,0.0340858781646375,0.0893255248665809,0.0963636711239814,359.74,1.12,422.92,1.26,1.192,283.24,0.71,315.25,0.76,517.2,1.6,570.09,1.7,650.86,0.74,851.72,0.86,0.075796,1.4,0.06477,1.5,8.0,9.0,855.376437201731,3.9,1347.4542324467,6.2,9.0,0.0,0.0,45.0,6.119,0.0,0.0,845.064776360061,2.9,897.201518606611,3.1,736.478376181135,2.6,801.973466912979,2.8,2.0,3.0,0.0
chr20-18596126-18596127-C-G,TWJF-5120-09,Reject,6.55,10.4,5.595,14.21,0.749,132.626,3.133,2.0,0.724,96.079,2.661,0.083,0.0,2693.589,520.92,2527.269,819.1,2007.10287048115,4.73075,1486.56608316224,4.09,3.13263586956514,0.0905780739078055,2.66062499999992,0.115086274707915,0.213698700070381,0.206679683178663,259.02,30.22,1353.07,56.38,0.938,11944.93,3.6,11566.81,3.4,7568.32,12.0,5651.03,8.1,17187.21,8.1,15760.2,7.1,0.004319,3.3,0.004525,3.2,1.0,9.0,3380.0760613847,7.3,3567.97106119069,7.9,2.0,0.0,0.0,765.0,2.784,0.269,0.0,166.406390318416,8.5,162.618518424057,8.2,132.62640570086,5.8,96.0793375451974,3.6,1.0,3.0,0.0
chr20-62882395-62882396-G-A,TWJF-5120-09,Accept,0.12,4.67,0.075,10.64,22.182,16.12,0.05,2.0,0.81,13.05,0.04,0.052,0.0,63.477,174.79,52.499,539.01,47.4055759242885,0.08925,36.6285418722899,0.02425,0.222663043478235,0.835484258289014,0.0355978260869562,0.958749383800789,0.296566464006901,0.655636049807072,79.77,0.28,68.37,0.23,0.827,34.65,0.14,30.19,0.12,19.18,0.1,15.2,0.05,16.12,0.05,13.05,0.04,0.86709,0.06,0.966658,0.02,8.0,10.0,108.306372899854,0.1,116.827962316982,0.1,4.0,0.0,0.0,837.0,110.358,0.201,0.0,131.771048007013,0.6,145.150989239194,0.7,79.5481346152184,0.4,81.9652938145423,0.4,1.0,3.0,0.0
chr21-32657083-32657084-T-A,TWJF-5120-09,Accept,5.2,1.17,1.85,7.06,2.11,152.627,1.029,2.0,0.555,84.651,0.316,0.053,0.0,1377.309,81.08,687.31,478.71,170.02330055295,1.028625,75.6016082437328,0.31625,1.10002717391288,0.384311557572482,0.717173913043354,0.550195373187075,0.0547198504209518,0.0223600007593631,161.64,23.44,772.84,47.1,0.499,17964.48,6.5,9014.56,2.5,2510.18,3.9,601.78,1.2,5194.3,1.8,2721.4,0.84,0.010965,2.0,0.057806,0.62,3.0,9.0,3307.718431318,7.1,1864.15973431607,2.8,4.0,0.0,0.0,335.0,26.045,0.081,0.0,244.438719506583,16.0,186.711040851039,9.9,152.626519264851,7.3,84.6505920635526,2.9,1.0,3.0,0.0
chr21-41243462-41243463-C-G,TWJF-5120-09,Accept,0.192,0.98,0.152,0.45,17.161,16.89,0.02,2.0,0.86,14.53,0.03,0.073,0.0,100.607,71.52,82.076,41.25,55.7247408721183,0.14475,57.0111235772692,0.1535,0.0298641304348024,0.962331997270422,0.0538586956521953,0.945515492840598,0.797564499080181,0.694525241851807,16.89,1.18,14.53,0.73,0.816,562.7,0.11,555.64,0.11,135.2,0.24,107.14,0.15,186.48,0.07,142.4,0.05,0.622912,0.02,0.595071,0.03,3.0,9.0,2607.06100147072,5.1,2122.61272297631,3.6,7.0,0.0,0.0,848.0,79.082,0.217,0.0,45.6215461740719,0.9,48.4361928855487,1.0,66.0130805647796,2.0,55.2878879764039,1.3,1.0,3.0,0.0
chr22-17885999-17886000-G-C,TWJF-5120-09,Accept,0.592,1.2,1.55,1.2,13.807,102.034,0.26,2.0,2.257,230.318,0.62,0.053,0.0,146.932,84.19,488.542,91.985,102.03403256914,0.35175,230.317977699524,0.63225,0.403260869565216,0.720809407827855,1.31081521739122,0.316299125908592,0.315808761864901,0.0533874258399009,1660.2,3.14,2374.84,3.96,3.325,132.47,0.4,853.11,1.6,120.68,0.78,953.12,2.2,125.87,0.26,500.2,0.62,0.356551,0.4,0.158015,0.82,7.0,9.0,316.120050253441,1.5,476.884165661415,2.2,8.0,0.0,0.0,1090.0,88.506,0.156,0.0,161.394971683081,0.9,355.541254124423,1.5,182.037138468918,1.0,418.947882793752,1.8,1.0,3.0,0.0
chr3-14704550-14704551-G-A,TWJF-5120-09,Pending,8.05,16.13,9.25,23.35,0.0,50.76,1.671,2.0,3.039,154.26,5.222,0.067,0.0,3786.467,988.98,6379.483,1749.62,373.473970087749,1.907125,2472.80690001162,5.221625,1.67100543478251,0.228966946066307,5.34668478260863,0.0475880377643066,0.0607976987957954,0.076017141342163,50.76,9.15,154.26,22.78,1.685,7199.46,1.9,10286.16,2.9,13722.81,20.0,21040.32,31.0,22731.17,15.0,28065.45,23.0,0.00418,3.4,0.002128,4.8,2.0,9.0,8664.36747969986,23.0,15044.7277748717,40.0,1.0,0.0,0.0,2.0,0.136,0.0,0.0,147.628429612518,7.0,169.890854217342,8.7,177.676503854535,9.1,185.622236057296,9.8,1.0,3.0,0.0
chr3-165829942-165829943-C-A,TWJF-5120-09,Reject,2.721,0.02,5.643,0.44,0.0,395.03,0.26,2.0,0.977,386.038,0.73,0.051,0.0,1652.875,25.36,2562.268,78.24,441.206800795142,2.141625,1630.33605242538,4.269125,1.98970108695644,0.177782956811849,4.58573369565214,0.0563194702851386,0.016877207905054,0.0118686817586421,1889.98,62.2,1342.7,56.25,1.55,1415.77,0.26,3494.2,0.73,2077.17,3.3,4526.88,6.7,2021.52,0.62,4330.73,1.5,0.02323,1.2,0.009092,2.2,3.0,9.0,3932.89229682844,8.9,4478.16089666066,12.0,8.0,0.0,0.0,71.0,3.314,0.0,0.0,429.704597186448,29.0,397.347056351168,27.0,395.029928356151,27.0,386.037949381138,26.0,1.0,3.0,0.0
chr3-44797622-44797623-G-A,TWJF-5120-09,Reject,3.754,5.39,3.549,18.2,0.949,1691.19,0.5,2.0,0.805,1362.113,0.3,0.055,0.0,4465.247,210.31,4800.853,1189.11,3416.9232437494,1.678375,3998.56684590671,1.822125,4.80709239130432,0.0540192854187496,3.89864130434776,0.0681598788487663,0.202541008591652,0.3156709196046,5513.57,97.63,5603.14,99.41,1.075,33929.53,59.0,28781.98,33.0,9195.62,2.7,10301.97,3.2,23334.98,13.0,24940.02,15.0,0.004999,5.6,0.002799,7.9,3.0,8.0,1691.18996491218,0.5,1362.11254533707,0.3,7.0,0.0,0.0,144.0,3.415,0.278,0.0,3132.85287479639,2.2,3132.85287479639,2.2,2326.00155108448,1.5,2574.00863799903,1.7,1.0,3.0,0.0
chr3-9829089-9829090-C-T,TWJF-5120-09,Accept,4.2,0.98,14.421,1.69,9.99,37.859,0.4,2.0,25.823,977.62,2.4,0.056,0.0,3797.39,54.74,13817.859,85.7,6843.48055138954,6.335,15713.517516344,12.842125,14.2770380434783,0.0166665147515931,18.6179891304348,0.0129030752543138,0.0499161556363105,0.204703349620104,21801.48,9.39,22921.54,10.66,3.639,1642.0,0.4,8086.53,2.4,3116.62,4.0,11922.2,16.0,4561.1,1.3,16534.37,7.0,0.001574,4.4,0.000314,11.0,1.0,9.0,4478.16089666066,15.0,50000.0,85.0,2.0,0.0,0.0,742.0,78.662,0.127,0.0,37.8590751077483,2.0,977.619825049836,31.0,74.2454766962412,3.8,862.323059927648,29.0,1.0,3.0,0.0
chr8-143721264-143721265-C-T,TWJF-5120-09,Reject,12.35,8.86,11.1,13.18,13.621,239.01,3.239,2.0,0.589,140.67,2.077,0.061,0.0,1735.547,414.44,1352.852,733.28,992.980144919734,3.36875,453.474368543657,2.173375,3.23874999999992,0.0862414816752092,2.0770380434782,0.166529758637514,0.0052848383784294,0.0020830556750297,239.01,29.03,140.67,21.54,0.779,19831.85,7.7,15666.19,5.2,19191.6,28.0,13501.89,20.0,24191.32,17.0,24093.64,17.0,0.00132,6.1,0.001973,5.0,1.0,9.0,2314.52844807955,4.2,2192.64171894287,3.8,1.0,0.0,0.0,447.0,23.607,0.577,0.0,1156.56487873472,63.0,513.062177474232,34.0,597.901991532402,39.0,441.194408754373,30.0,1.0,3.0,0.0
chr8-71354829-71354830-C-T,TWJF-5120-09,Reject,1.6,18.03,1.45,39.88,0.0,54.618,0.135,2.0,0.86,46.945,0.086,0.055,0.0,671.013,977.74,654.834,2463.68,54.6177391426523,0.135,46.9454997609116,0.086125,0.416739130434777,0.713285346952864,0.222663043478235,0.835181411035956,0.133754659444094,0.293266747146845,753.83,1.89,820.13,2.0,0.976,981.27,1.8,654.79,1.4,878.83,2.1,814.73,2.0,201.62,0.34,167.29,0.31,0.669931,0.14,0.702269,0.12,5.0,9.0,306.023749734804,1.4,330.101822680163,1.5,5.0,0.0,0.0,7.0,0.136,0.0,1.0,691.655763143712,2.5,666.637898874696,2.4,650.369251098462,2.4,654.877395378473,2.4,1.0,3.0,0.0
chr9-97655737-97655738-C-G,TWJF-5120-09,Accept,1.88,1.44,1.264,3.97,6.104,169.13,0.32,2.0,1.163,196.75,0.27,0.053,0.0,649.089,43.91,584.42,142.65,305.957392713475,1.6605,139.710824297916,0.83325,1.60233695652164,0.242593702586048,0.927499999999881,0.453036572175097,0.027433056384325,0.0807626396417617,169.13,24.09,196.75,26.22,0.9,2867.71,0.58,1542.89,0.29,1283.42,2.1,860.02,1.6,992.22,0.32,836.05,0.27,0.027778,1.1,0.05307,0.67,6.0,9.0,4429.96936959386,12.0,5441.03041320878,15.0,9.0,0.0,0.0,566.0,28.259,0.216,0.0,285.213448702349,19.0,332.789794861024,22.0,182.23424842802,9.5,176.860154472884,9.1,1.0,3.0,0.0
chr1-177061117-177061118-G-A,TWJF-5120-11,Pending,5.65,1.6,2.916,1.8,0.0,524.626,1.865,2.0,0.324,169.766,1.787,0.215,0.0,1106.86,84.115,758.853,83.95,807.735762073615,1.86475,729.126788851357,1.787,2.61733695652164,0.118110878344394,2.63146739130428,0.116330622020579,0.0475138500332832,0.014542069460731,1190.33,3.79,788.58,3.2,0.686,1023.39,3.1,314.6,1.7,5681.68,10.0,2192.64,6.5,9976.94,12.0,7305.79,8.5,0.016987,5.6,0.023045,5.0,1.0,9.0,7208.65719926761,26.0,3567.97106119069,14.0,3.0,0.0,0.0,6.0,0.536,0.0,0.0,525.399917190626,5.7,159.034006446762,2.4,524.626229473821,5.7,169.765720116636,2.5,1.0,3.0,0.0
chr1-19146061-19146062-C-T,TWJF-5120-11,Review,2.998,16.0,4.45,19.0,8.042,142.6,0.51,2.0,2.104,300.02,0.98,0.091,0.0,1934.472,39.675,2625.563,46.11,7537.8532670346,3.0965,9691.13514536345,3.64975,17.305597826087,0.0131190473793057,22.1923097826087,0.0103921473651414,0.0077851340174674,0.0101315416395664,142.6,0.51,300.02,0.98,1.357,2131.52,2.8,2672.12,3.3,1794.89,2.5,3807.28,3.7,4710.91,2.9,8036.2,4.3,0.002623,7.4,0.00071,14.0,0.0,10.0,1407.05120650257,2.6,2579.00523176605,4.6,3.0,0.0,0.0,181.0,146.217,0.055,0.0,2074.05371595795,7.6,1179.83153505024,4.6,1529.78359728758,5.8,1190.22755387089,4.6,2.0,3.0,0.0
chr1-248574419-248574420-G-T,TWJF-5120-11,Pending,0.115,0.51,5.432,1.17,0.0,35.775,0.021,2.0,120.432,4308.469,2.454,0.051,0.0,2102.686,17.58,7714.259,29.26,35.7750711166049,0.020625,4308.4690567492,2.45375,0.0225815217391556,0.967482465567603,3.76459239130428,0.0715700346111483,0.718961350619793,0.350998885929585,5915.8,5.67,6700.73,9.75,3.669,2778.85,0.04,7047.63,0.48,2797.01,0.14,12382.34,7.1,2400.61,0.09,12343.55,1.2,0.546408,0.05,0.026325,1.3,0.0,9.0,1276.49516119806,0.5,5805.97248675531,12.0,3.0,0.0,0.0,0.0,0.0,0.0,0.0,1804.76225701641,1.3,8618.2680971786,12.0,1672.20685717253,1.1,8380.88728798852,9.9,6.0,3.0,0.0
chr1-85823560-85823561-C-G,TWJF-5120-11,Pending,2.25,4.75,4.75,15.53,0.0,199.743,0.583,2.0,4.2,839.015,1.156,0.108,0.0,1340.713,1054.81,4227.896,2909.64,199.743187394593,0.58275,839.015040684541,1.15575,1.30339673913036,0.31795838037579,2.930679347826,0.0997466973882935,0.0164508670568466,0.0043570175766944,5659.99,7.0,12801.1,13.38,3.153,2440.71,3.1,11789.05,9.0,1610.82,2.3,5997.52,4.9,6535.76,3.6,16787.82,9.4,0.125984,0.96,0.030699,2.2,1.0,10.0,696.429008571064,1.3,1304.4189904398,2.4,9.0,0.0,0.0,7.0,0.559,0.0,0.0,544.277022139225,2.2,1207.31334188875,4.6,1070.60680617728,4.1,2458.27237066385,8.9,1.0,3.0,0.0
chr10-17796135-17796136-C-T,TWJF-5120-11,Pending,0.498,0.91,0.185,0.69,0.0,12.69,0.395,2.0,0.818,10.38,0.061,0.139,0.0,387.238,24.82,85.932,20.88,84.5409285384292,0.394625,45.1765864163865,0.060625,0.516521739130397,0.655004304718753,0.383695652173898,0.733911599956474,0.177302457392216,0.110811106860638,12.69,0.45,10.38,0.18,0.222,2479.06,0.48,455.24,0.1,557.89,1.2,117.46,0.19,1338.23,0.42,323.86,0.11,0.076589,0.47,0.310911,0.1,7.0,9.0,9654.42834743743,26.0,1249.16910019277,1.4,2.0,0.0,0.0,6.0,0.077,0.0,0.0,207.095184243401,13.0,44.6858475963641,0.9,216.585810172012,14.0,54.4038957828588,1.2,2.0,3.0,0.0
chr10-82973809-82973810-C-A,TWJF-5120-11,Pending,2.35,20.0,3.35,10.76,0.0,138.41,0.53,2.0,3.833,530.53,1.2,0.062,0.0,208.774,79.16,551.745,82.805,2213.30900992903,1.907875,3261.48650669811,2.354125,5.91374999999996,0.042569529012657,6.96279891304346,0.0352875696616112,0.0125973522663116,0.0638683140277862,697.57,3.23,1396.17,4.45,2.643,192.14,0.53,572.96,1.2,154.78,2.1,508.87,3.8,138.41,0.63,530.53,1.9,0.196513,0.79,0.187556,0.84,5.0,9.0,6399.78970601227,21.0,6539.78760053311,21.0,6.0,0.0,0.0,2.0,0.121,0.0,0.0,225.408350020241,3.2,247.725092929095,3.5,170.76937934639,2.6,219.487605200766,3.2,1.0,3.0,0.0
chr10-98434016-98434017-C-A,TWJF-5120-11,Accept,2.145,0.36,2.905,1.17,7.247,175.263,1.292,2.0,2.812,492.822,1.873,0.061,0.0,266.642,36.1,487.796,81.29,338.575747897258,1.292,822.389138600348,1.87325,1.74320652173904,0.21572714311524,2.5035597826086,0.12608925645958,0.0122185759246349,0.0734931081533432,261.02,1.99,482.77,2.61,1.829,306.23,1.7,309.32,1.7,184.04,2.3,382.02,3.2,222.6,1.5,343.14,1.8,0.057143,3.3,0.039321,4.0,2.0,10.0,4382.29645347799,6.1,5210.57046486107,7.5,8.0,0.0,0.0,921.0,95.352,0.076,0.0,272.263861628522,3.6,666.791415597118,5.9,175.26290262269,2.5,492.82190142287,5.1,1.0,3.0,0.0
chr11-113399472-113399473-G-A,TWJF-5120-11,Pending,0.097,0.6,0.159,1.21,0.0,31.3,0.012,2.0,1.5,46.94,0.017,0.287,0.0,120.421,51.11,161.711,79.76,39.1991569072729,0.011875,43.2814457175528,0.01675,0.0847826086956331,0.92414111078196,0.138342391304363,0.889208942008779,0.49168236926198,0.400935854762793,386.27,0.48,968.89,0.91,1.343,31.3,0.05,46.94,0.06,32.59,0.11,49.97,0.18,43.2,0.05,40.39,0.05,0.895607,0.02,0.819489,0.03,10.0,9.0,299.472668376634,0.4,280.648918037273,0.4,7.0,0.0,0.0,4.0,0.4,0.0,0.0,197.642345867438,0.7,273.451304803299,0.9,220.780137763256,0.8,293.737909688936,1.0,1.0,3.0,0.0
chr11-48245811-48245812-G-A,TWJF-5120-11,Pending,1.09,17.31,1.08,25.21,0.0,67.347,0.109,2.0,1.072,72.196,0.095,0.092,0.0,647.038,484.81,531.965,896.25,67.3467199554844,0.240375,72.1960307386671,0.289125,0.108641304347841,0.908786717704766,0.0947826086956382,0.917342549317796,0.583430111408234,0.633005775511265,114.83,18.83,114.49,18.8,0.822,3268.58,0.68,3605.57,0.76,797.29,1.5,759.4,1.4,1993.61,0.61,2068.79,0.63,0.258121,0.12,0.215366,0.15,4.0,9.0,5210.57046486107,14.0,4526.87667639995,12.0,4.0,0.0,0.0,0.0,0.0,0.0,1.0,496.786745333477,34.0,293.204073710873,19.0,423.282194380244,29.0,304.52994215403,20.0,6.0,3.0,0.0
chr12-10179594-10179595-C-T,TWJF-5120-11,Reject,4.4,82.0,2.75,86.0,0.0,272.251,0.78,2.0,0.693,188.786,0.37,0.111,0.0,1011.98,875.06,338.955,1105.645,5348.62834419702,3.201375,3427.71433221455,2.428625,9.49423913043476,0.0255184972128972,6.18413043478256,0.040714696655159,0.105213344097137,0.119543615728617,7233.03,11.14,3198.78,6.77,0.335,385.63,0.78,114.5,0.37,864.68,5.2,254.61,2.7,1159.28,3.3,423.3,1.6,0.034076,3.8,0.118868,1.4,1.0,9.0,2469.76904535209,5.2,1804.62185661009,3.2,1.0,7.0,0.0,0.0,0.546,0.0,0.0,272.251323703039,3.8,188.786093577858,2.8,361.751216297901,5.0,252.005488784937,3.5,1.0,3.0,2.0
chr12-121442834-121442835-C-T,TWJF-5120-11,Accept,1.6,8.47,1.5,25.26,3.769,28.95,0.7,2.0,0.76,21.99,0.7,0.09,0.0,479.604,182.94,484.965,898.72,11259.0694079183,5.618875,14026.0956666744,6.89725,27.6173913043478,0.0087157276661286,31.6431793478261,0.0070502334628545,0.001102078706026,0.001018257546093,28.95,0.76,21.99,0.65,1.011,1068.76,1.6,596.32,1.2,239.9,1.3,208.42,1.0,285.17,1.2,373.61,1.5,0.068711,2.2,0.040131,3.4,2.0,10.0,2936.56665617096,1.6,2781.92241107235,1.5,6.0,0.0,0.0,423.0,36.953,0.102,0.0,654.545738984708,2.7,711.115262662354,3.0,304.663200461554,0.7,291.621809223513,0.7,1.0,3.0,0.0
chr12-132621736-132621737-C-G,TWJF-5120-11,Pending,0.199,1.6,0.217,2.21,0.0,17.61,0.06,2.0,1.663,29.28,0.12,0.135,0.0,50.488,122.91,55.662,154.47,66.0413130428407,0.197625,73.6225537273622,0.234,0.0834782608695547,0.924994849561625,0.162499999999994,0.874484321471771,0.638348538428545,0.506790362298489,711.21,1.82,344.37,1.08,1.102,17.61,0.06,29.28,0.12,19.92,0.24,23.81,0.27,20.34,0.06,28.85,0.09,0.709225,0.12,0.625571,0.16,7.0,9.0,52.4593640656587,0.2,54.1900973995338,0.2,4.0,0.0,0.0,8.0,0.074,0.0,0.0,48.5165599739865,0.4,57.1333908400469,0.5,54.8478994832455,0.5,72.3036130894528,0.5,1.0,3.0,0.0
chr12-20653995-20653996-G-A,TWJF-5120-11,Pending,0.59,13.0,0.31,19.0,0.0,52.74,0.12,2.0,0.628,33.12,0.05,0.227,0.0,383.696,38.795,227.691,47.18,54.7639957972363,0.135,47.1474866515057,0.086125,0.176141304347794,0.8654938644693,0.194701086956513,0.853351163887376,0.403076078742742,0.333541445434093,1390.46,2.8,1627.34,3.1,0.593,370.63,0.83,114.39,0.37,52.74,0.38,33.12,0.25,74.08,0.17,20.46,0.06,0.705667,0.12,0.879727,0.05,5.0,11.0,396.762312086394,0.8,340.992504225032,0.6,6.0,0.0,0.0,80.0,2.731,0.0,0.0,870.582634416532,1.0,872.589534655347,1.0,2241.60971421744,3.3,3262.57121367852,4.9,1.0,3.0,0.0
chr12-25245349-25245350-C-T,TWJF-5120-11,Accept,1.95,14.0,2.1,7.1,5.487,41.779,0.093,2.0,0.9,37.589,0.093,0.234,1.0,356.535,78.76,444.865,111.965,41.7789637777302,0.22975,37.5888229248626,0.178125,0.0931521739130403,0.918616189756649,0.0931521739130403,0.918252551874636,0.487616375088692,0.457229468971491,613.64,2.89,696.71,3.04,1.248,613.21,2.4,1224.24,3.4,482.07,3.5,601.78,3.9,231.0,1.5,287.95,1.7,0.297521,1.2,0.316559,1.1,2.0,10.0,1249.16910019277,1.2,1276.49516119806,1.3,6.0,0.0,0.0,458.0,15.813,0.347,0.0,220.795389241639,3.0,261.210120785372,3.5,164.698635071761,2.4,181.422020759362,2.5,1.0,3.0,0.0
chr12-40367679-40367680-T-C,TWJF-5120-11,Reject,3.15,25.0,2.8,14.18,0.136,521.85,1.3,2.0,0.514,267.971,1.2,0.056,0.0,976.438,188.41,981.134,54.945,521.849619990554,1.55525,267.971035566213,1.16475,1.33812499999992,0.307535626641046,0.968722826086847,0.435425134142212,0.266396638005972,0.239407304674387,981.27,3.5,1502.85,4.18,1.005,942.5,3.0,1049.52,3.1,1453.47,5.4,1235.73,5.0,1208.61,3.3,592.44,2.4,0.273075,1.3,0.305493,1.2,1.0,9.0,1017.04648403787,2.9,912.748447087475,2.5,7.0,0.0,0.0,782.0,45.367,0.003,0.0,971.605579274306,8.6,1053.14943718858,9.0,734.260219860634,7.2,683.675473354977,6.9,1.0,3.0,0.0
chr12-45850388-45850389-G-A,TWJF-5120-11,Review,1.6,6.1,1.55,13.0,3.421,169.435,0.46,2.0,0.85,144.068,0.44,0.063,0.0,2728.024,52.805,2514.428,72.385,169.434998162399,0.52425,144.067925765097,0.472125,0.655597826086876,0.57993344039472,0.751385869565098,0.533005742860684,0.278120614588261,0.179813489317894,4818.97,6.26,4537.4,6.01,0.922,4007.81,4.2,5523.9,5.2,253.23,1.2,257.38,1.2,2679.15,2.0,2507.93,1.9,0.311515,0.46,0.323749,0.44,0.0,11.0,340.992504225032,0.6,356.074368186113,0.7,5.0,0.0,0.0,446.0,41.22,0.083,0.0,11907.2096415466,20.0,11907.2096415466,20.0,2776.89846230588,4.2,2520.92543430151,3.7,1.0,3.0,0.0
chr13-100301600-100301601-G-A,TWJF-5120-11,Accept,0.065,1.31,0.164,1.26,1.142,2.79,0.003,2.0,1.552,4.33,0.03,0.057,0.0,9.309,88.67,15.88,86.39,21.6026008110449,0.002625,33.4702906541459,0.03025,0.069728260869553,0.93445143216375,0.148016304347834,0.88308020685277,0.372525002807379,0.313188910484314,2.79,0.1,4.33,0.18,1.706,5.06,0.03,6.16,0.03,6.5,0.06,10.87,0.21,6.42,0.02,19.21,0.08,0.923099,0.01,0.732307,0.04,7.0,9.0,371.823292618383,0.2,414.310836296246,0.2,5.0,0.0,0.0,387.0,21.146,0.054,0.0,14.4533992675239,0.3,16.3293914455833,0.3,12.1174155033105,0.2,15.4315659774249,0.3,1.0,3.0,0.0
chr13-71559864-71559865-C-T,TWJF-5120-11,Accept,0.283,1.08,0.38,1.15,1.458,9.44,0.053,2.0,1.156,10.91,0.061,0.05,0.0,29.602,95.19,53.26,99.77,27.6532339177092,0.0535,28.2608741038191,0.061125,0.325353260869562,0.770617685432922,0.349538043478233,0.755373645724765,0.0318051986396312,0.0139401815831661,9.44,0.15,10.91,0.18,1.799,26.03,0.23,47.43,0.41,31.55,0.68,59.09,1.2,22.51,0.24,27.04,0.3,0.84942,0.15,0.858759,0.14,9.0,9.0,645.630535743832,1.6,819.146165623611,2.1,3.0,0.0,0.0,215.0,7.479,0.195,0.0,72.8601397652908,1.2,113.629213327281,1.7,88.8894051703649,1.4,128.780468289161,1.9,1.0,3.0,0.0
chr14-60511162-60511163-G-A,TWJF-5120-11,Pending,1.55,1.6,1.8,5.1,0.0,124.613,0.419,2.0,1.034,128.903,0.431,0.097,0.0,649.99,18.08,818.02,54.03,124.613264443845,0.4195,128.902936370516,0.43125,0.5279076086956,0.647875959018978,0.726657608695561,0.544550091661937,0.274944677948952,0.1624088101089,715.08,1.82,3483.87,5.05,1.259,688.35,1.4,720.72,1.5,611.63,1.7,893.21,2.1,1355.28,1.3,1245.98,1.2,0.249666,0.57,0.280374,0.51,2.0,9.0,696.429008571064,3.2,912.748447087475,4.2,1.0,0.0,0.0,2.0,0.0,0.0,0.0,555.7634732462,2.1,742.83096660115,2.6,531.080065320696,2.0,718.058785179536,2.5,1.0,3.0,0.0
chr14-95535355-95535356-C-T,TWJF-5120-11,Reject,0.173,2.49,0.614,1.65,2.422,11.29,0.04,2.0,6.378,72.01,0.25,0.059,0.0,39.277,140.05,203.57,104.69,48.7989211036408,0.095375,283.790503554171,0.70225,0.463016304347803,0.685669170318068,0.526358695652135,0.648699040203644,0.0656767971813678,0.501916076987982,37.8,0.09,123.35,0.45,5.183,11.29,0.04,72.01,0.25,22.8,0.25,382.02,1.4,14.71,0.05,1123.56,1.2,0.840812,0.07,0.148973,0.85,5.0,9.0,174.344676921567,0.8,379.957072084836,1.7,9.0,9.0,1.0,2040.0,43.254,0.056,0.0,62.5014366361811,0.5,35.1471407042907,0.3,40.753038989486,0.3,36.7417637226508,0.3,5.0,3.0,1.0
chr15-70836314-70836315-G-C,TWJF-5120-11,Accept,0.075,11.38,0.07,14.34,0.192,2.81,0.01,2.0,0.929,2.61,0.01,0.083,0.0,7.435,28.11,9.367,34.625,34.6853345214428,0.032875,35.2765856172502,0.034375,0.294239130434761,0.789286179478779,0.351358695652166,0.75444867115556,0.12476659193635,0.0734037086367607,2.81,0.1,2.61,0.09,1.26,5.75,0.03,7.82,0.04,5.35,0.05,5.99,0.05,5.57,0.02,5.82,0.02,0.844652,0.01,0.841468,0.01,6.0,9.0,371.823292618383,0.2,409.852248866677,0.2,4.0,0.0,0.0,57.0,5.472,0.035,0.0,9.11947842054884,0.2,10.9136494502526,0.2,10.0788272150515,0.2,11.9236714283796,0.2,1.0,3.0,0.0
chr15-74332746-74332747-T-C,TWJF-5120-11,Pending,0.145,3.07,0.3,2.0,0.0,17.74,0.014,2.0,2.729,48.42,0.045,0.18,0.0,48.654,12.28,74.395,9.19,43.955048255541,0.0655,57.771650739607,0.152375,0.0141576086956831,0.974882968464165,0.0451630434782828,0.951681458699581,0.850632838904858,0.733945306390524,370.37,1.14,287.74,0.95,1.529,22.88,0.09,58.68,0.21,26.97,0.29,48.63,0.39,17.74,0.06,48.42,0.12,0.922082,0.04,0.741701,0.11,4.0,9.0,63.0529647133738,0.2,90.109695434818,0.4,6.0,0.0,0.0,5.0,0.784,0.0,0.0,56.090588934973,0.5,103.249985657403,0.7,53.353141952325,0.4,115.122443758358,0.7,1.0,3.0,0.0
chr15-87929312-87929313-C-A,TWJF-5120-11,Pending,0.94,4.12,0.645,4.8,0.0,27.104,0.046,2.0,0.969,26.252,0.037,0.061,0.0,86.706,24.67,62.8,28.345,27.1038859136193,0.045625,26.2522456008407,0.036625,0.105461956521765,0.910436306421015,0.0778260869565201,0.929276631309362,0.339222125709057,0.402997490018606,45.37,0.78,29.55,0.56,0.724,160.36,1.2,95.77,0.73,62.37,1.2,52.74,0.99,61.01,0.56,46.52,0.45,0.659833,0.36,0.732853,0.27,5.0,9.0,466.675458100716,1.1,388.268781147746,0.8,2.0,0.0,0.0,2.0,0.973,0.0,0.0,111.042696651347,1.7,72.8601397652908,1.2,115.571300411984,1.8,79.9558049743866,1.3,1.0,3.0,0.0
chr16-57452906-57452907-GA-G,TWJF-5120-11,Review,0.045,6.39,6.902135888236153,9.930701096057877,2.947,9.38,0.001,2.0,111.86569841622702,3000.40644674173,4.645236127016564,0.224,0.0,16.502,34.325,3809.410736207319,211.47309043836236,28.9623109734233,0.001,4237.701792998238,4.790701104060724,0.0084239130434866,0.979489276507387,10.584074277544486,0.720459425099551,0.794696696102619,0.6487542363982904,69.43,0.13,3479.0936553128304,8.541028118024123,16.028368917933076,9.38,0.02,4767.075413949651,6.793904858330039,10.58,0.07,4525.571738786161,9.224054536100917,10.14,0.02,5090.520003028253,7.667819137732966,0.988392,0.01,0.8236585365019339,7.409139366853487,27.0,9.0,76.6102662600341,0.2,3147.575396135735,7.143767295922582,0.0,0.0,1.0,613.0,36.834,0.08,0.0,16.102006588213,0.2,6270.952954474407,7.26541964306683,16.9028524344949,0.2,7031.709778839906,8.36001381770184,3.0,0.0,0.0
chr16-67934678-67934681-GGGA-G,TWJF-5120-11,Reject,10.305,2.88,5.057,2.8,31.102,2746.22,2.281,2.0,0.354,972.84,1.903,0.145,0.0,14540.137,187.99,6508.357,184.19,4248.79143077548,2.28075,2875.96799132389,1.903,9.84945652173911,0.0247019418464266,4.21347826086952,0.0627210732062859,0.0325845070183277,0.200049221515655,9992.22,10.76,8378.7,9.34,0.448,2746.22,3.4,972.84,1.8,23192.26,28.0,7692.16,5.9,7857.11,4.2,874.97,0.88,0.007419,4.4,0.335936,0.43,4.0,11.0,19088.054835323,31.0,5324.55372491221,9.6,2.0,0.0,0.0,48.0,213.028,0.146,1.0,64984.5326553585,69.0,20692.3587831723,32.0,32851.8627693716,46.0,14708.2160288238,25.0,3.0,1.0,0.0
chr17-45245278-45245279-G-A,TWJF-5120-11,Reject,2.0,4.25,1.38,6.59,0.564,121.409,0.697,2.0,0.741,89.929,0.474,0.116,0.0,289.023,85.49,190.785,136.02,121.408715343919,0.751624999999999,89.9291780526094,0.5975,0.697255434782505,0.559077690387073,0.473695652173873,0.679098306188833,0.16256832703948,0.224937200546265,1104.22,3.67,811.37,3.24,0.66,182.56,1.2,103.39,0.76,214.14,2.4,148.23,2.0,170.08,1.3,72.09,0.65,0.219685,1.6,0.436024,0.76,7.0,10.0,2664.09147713626,3.4,2551.25138296514,3.3,5.0,0.0,0.0,1413.0,140.959,0.004,0.0,363.906656770304,4.2,233.340433304208,3.1,379.044326024257,4.3,252.168015114519,3.3,1.0,3.0,0.0
chr17-7674249-7674250-C-G,TWJF-5120-11,Accept,5.165,14.0,8.757,30.0,32.196,404.436,1.8,2.0,1.346,544.315,2.1,0.358,1.0,777.153,1929.54,3206.795,3521.1,16918.1730641249,8.508875,17368.0923982737,8.8145,37.3590489130435,0.0065441272851334,46.2246739130435,0.0058811422615499,0.0312874093651771,0.0081142410635948,2827.13,5.53,3858.06,6.41,4.126,834.9,2.8,2555.53,4.9,711.66,3.8,4406.07,8.7,974.66,3.0,9341.63,10.0,0.015176,5.9,0.003138,11.0,3.0,9.0,719.405514696889,1.8,837.065307307968,2.1,9.0,0.0,0.0,1105.0,61.797,0.521,0.0,643.413249684156,6.6,1433.8047011024,12.0,404.43618026356,4.8,544.314620762551,5.9,1.0,3.0,0.0
chr17-78502666-78502667-G-A,TWJF-5120-11,Pending,0.305,30.0,0.406,27.0,0.0,3.63,0.02,2.0,1.526,5.54,0.03,0.082,0.0,20.655,80.35,49.583,106.09,55.519059998409,0.36375,50.2859487351018,0.316625,0.382173913043459,0.735425288451088,0.331766304347795,0.765897357665135,0.169601283967495,0.188480913639069,16.65,0.31,48.88,0.82,2.401,7.18,0.03,11.42,0.08,15.03,0.2,30.71,0.48,3.63,0.02,5.54,0.03,0.735628,0.27,0.830677,0.18,3.0,10.0,352.242489888701,0.3,605.048575185664,0.5,1.0,0.0,0.0,5.0,0.289,0.0,0.0,24.659825552339,0.4,52.1182710291522,0.9,26.4661031011727,0.4,60.490893578051,1.1,5.0,3.0,0.0
chr19-15119982-15119983-T-G,TWJF-5120-11,Accept,0.407,23.0,1.2,23.0,2.164,33.3,0.058,2.0,7.813,260.18,0.135,0.053,0.0,79.525,522.245,291.462,538.235,42.5962799530926,0.0575,54.9033213113293,0.135,0.473695652173873,0.678782908608534,0.289646739130404,0.792214202372867,0.0193777382373809,0.255851872265339,378.23,1.16,2723.17,4.31,3.665,73.76,0.26,687.42,1.4,33.3,0.34,260.18,1.2,74.1,0.17,798.09,0.84,0.718227,0.11,0.654561,0.15,6.0,9.0,166.960144546871,0.8,289.908055013374,1.3,8.0,0.0,0.0,925.0,69.798,0.031,0.0,95.9157661112376,0.6,293.015098983461,1.3,84.949338232092,0.6,259.513526918904,1.2,1.0,3.0,0.0
chr19-40378161-40378162-C-T,TWJF-5120-11,Reject,13.284,24.82,12.558,64.25,6.54,2379.085,3.365,2.0,1.019,2423.316,2.932,0.07,0.0,4319.383,871.28,4532.231,6470.9,5764.11106599202,3.364625,4634.49167449587,2.931625,14.2770380434783,0.0165997185817801,11.1157880434782,0.0214322650343692,0.0016386099159717,0.0153639763593673,8325.39,12.29,15482.88,20.91,1.049,5156.39,5.2,8924.6,8.9,4576.12,16.0,5044.15,17.0,4044.62,8.6,3893.14,8.4,0.00223,19.0,0.011033,7.9,0.0,9.0,4062.64582926055,12.0,4429.96936959386,14.0,7.0,6.0,1.0,1592.0,118.917,0.055,0.0,2630.08630569461,22.0,3147.53088286087,24.0,2379.0852257117,20.0,2423.31572235672,21.0,1.0,3.0,2.0
chr19-41897955-41897956-C-T,TWJF-5120-11,Reject,2.4,17.0,2.75,19.0,1.928,13.97,0.4,2.0,5.784,80.8,0.77,0.064,0.0,164.12,54.69,235.96,90.8,9490.92536551689,4.846,9822.72501325763,4.9775,22.1923097826087,0.0103087339589327,22.1923097826087,0.0100695444711134,0.0020988546311855,0.0048292279243469,13.97,0.5,80.8,1.26,1.438,121.98,0.4,378.21,0.77,162.5,2.2,286.79,2.9,165.74,0.75,185.13,0.8,0.01491,6.7,0.046255,3.1,5.0,9.0,2264.98110352767,4.7,2469.76904535209,5.2,7.0,7.0,1.0,781.0,241.047,0.008,0.0,128.816056564023,1.9,154.159395973332,2.3,169.984765319154,2.6,173.145018054491,2.6,3.0,3.0,1.0
chr19-48720892-48720893-C-T,TWJF-5120-11,Accept,0.47,1.85,10.828,4.45,0.585,7.07,0.07,2.0,1365.028,9650.75,5.2,0.097,0.0,44.188,40.81,4328.551,89.51,83.1400262646533,0.190875,4345.35206697257,2.814875,0.798586956521603,0.511113349125987,10.6558423913043,0.0223000493763598,0.004080981016159,0.0091472044587135,7.07,0.3,9650.75,13.75,97.959,11.58,0.07,5113.17,5.2,15.2,0.28,4311.75,15.0,67.86,0.34,4917.94,11.0,0.20671,0.72,0.009849,8.4,6.0,9.0,759.396537558375,0.6,2873.70327679293,6.8,1.0,0.0,0.0,173.0,11.256,0.052,0.0,45.1824732350109,0.8,1782.25564933709,17.0,43.1926649035176,0.7,1473.70310991414,15.0,1.0,3.0,0.0
chr19-56824474-56824475-G-A,TWJF-5120-11,Pending,1.1,0.92,1.094,8.47,0.0,31.16,0.43,2.0,2.053,63.96,0.67,0.255,0.0,134.572,67.52,172.639,604.29,136.104842548159,0.805124999999999,193.777206884934,0.988374999999999,0.800380434782483,0.509873920228056,0.705815217391205,0.555411689629074,0.137999024242163,0.286728251725435,31.16,0.59,63.96,0.96,1.283,49.11,0.43,85.79,0.67,87.7,1.5,119.38,1.6,133.04,1.0,151.5,1.2,0.295274,1.2,0.462012,0.71,6.0,9.0,573.185760166311,1.3,696.429008571064,1.7,8.0,0.0,0.0,2.0,2.107,0.0,0.0,185.990173690938,2.7,199.751477343577,2.8,162.498740804744,2.4,214.708876786124,3.0,1.0,3.0,0.0
chr2-132784617-132784618-G-T,TWJF-5120-11,Review,0.02,4.09,0.02,1.07,0.0,1.49,0.003,2.0,1.027,1.53,0.008,0.076,0.0,5.133,82.17,6.4,27.53,21.1753298855581,0.002625,25.5456614061841,0.0095,0.0176630434782936,0.971681701764439,0.0084239130434866,0.979225913102118,0.615293733775616,0.756552428007126,1.49,0.01,1.53,0.01,1.247,2.42,0.02,3.08,0.02,3.7,0.02,3.93,0.02,4.92,0.02,5.37,0.02,0.895904,0.01,0.849244,0.01,7.0,9.0,323.035299579482,0.2,379.957072084836,0.2,7.0,0.0,0.0,37.0,2.567,0.0,0.0,5.34527434274579,0.2,7.42967813725673,0.2,6.8455760569839,0.2,9.14976626594234,0.2,5.0,3.0,0.0
chr2-162272353-162272354-A-T,TWJF-5120-11,Review,0.763,7.0,1.558,4.5,4.171,30.05,0.23,2.0,1.276,38.33,0.33,0.158,0.0,398.4,22.56,861.023,13.81,250.609100528709,0.66175,2247.63025392232,1.716125,0.705815217391205,0.554811394075141,1.98277173913036,0.17913174713843,0.356648541986942,0.466458719223738,239.71,0.82,174.86,0.62,2.161,546.19,1.2,962.65,1.8,30.05,0.23,38.33,0.33,214.55,0.36,375.71,0.53,0.31465,0.45,0.137899,0.9,3.0,11.0,631.809457573781,1.2,759.396537558375,1.4,9.0,0.0,0.0,383.0,22.548,0.185,0.0,13421.7764180999,23.0,12817.6969705227,22.0,7354.61596231385,13.0,6785.15854452708,12.0,6.0,3.0,0.0
chr2-178723573-178723574-C-T,TWJF-5120-11,Pending,0.449,1.58,13.105,3.24,0.0,6.09,0.13,2.0,1506.562,9174.96,5.4,0.111,0.0,128.335,36.18,6830.277,65.81,63.7580113592624,0.132375,18996.2000718698,10.07375,0.49855978260868,0.664808835379114,37.3590489130435,0.0060094299380876,0.112191822379827,0.0388494879007339,6.09,0.26,9174.96,13.21,53.222,181.7,0.52,9199.71,9.2,74.97,0.32,3343.7,8.9,29.48,0.13,2288.36,5.4,0.312357,0.4,0.004022,14.0,5.0,10.0,1967.78648311005,0.7,11986.8746485331,15.0,10.0,0.0,0.0,33.0,2.205,0.0,0.0,264.204372027754,0.5,1900.81565439477,13.0,761.763220153637,3.3,4485.59439070713,31.0,5.0,3.0,0.0
chr2-185790395-185790396-C-T,TWJF-5120-11,Review,2.0,3.7,2.6,8.8,0.114,296.25,1.1,2.0,1.242,367.82,0.5,0.051,0.0,697.963,13.645,734.833,33.255,969.805780191751,1.219375,1406.84204358184,1.49,3.03728260869558,0.0947958781486127,4.10201086956516,0.0640983479224953,0.028190205048304,0.0102973878383636,517.21,2.83,489.5,2.76,1.053,3018.91,3.4,4085.7,4.3,296.25,1.5,367.82,1.7,562.59,2.0,821.3,2.5,0.136041,1.2,0.092055,1.8,2.0,10.0,3380.0760613847,2.0,4335.13656730463,3.0,8.0,0.0,0.0,247.0,7.096,0.016,0.0,385.425105541181,1.1,255.234865830363,0.5,833.335724279002,3.9,648.365652776292,2.7,5.0,3.0,0.0
chr2-1923134-1923135-C-T,TWJF-5120-11,Pending,1.75,23.0,0.78,22.0,0.0,81.351,0.538,2.0,0.566,46.071,0.196,0.18,0.0,190.59,106.025,84.214,113.495,81.3507864571384,0.5505,46.0705893876426,0.2755,0.537989130434738,0.641680863295968,0.196277173913046,0.852632295128314,0.150224253535271,0.325577694922686,278.79,2.05,42.75,0.75,0.442,271.59,1.5,115.27,0.81,191.14,2.0,71.41,1.3,190.04,1.4,62.45,0.57,0.383801,0.89,0.583681,0.5,4.0,9.0,828.057266653624,2.1,520.001579145507,1.2,3.0,0.0,0.0,2.0,0.316,0.0,0.0,188.143838399983,2.7,109.26724671859,1.7,170.157070518971,2.5,97.0174822858729,1.5,1.0,3.0,0.0
chr2-24299997-24299998-G-T,TWJF-5120-11,Reject,3.95,8.61,15.0,7.73,10.921,26.02,0.649,2.0,75.244,1957.86,0.303,0.179,0.0,1317.138,410.64,6242.596,366.37,294.569712169764,1.603375,118.699237920804,0.679,0.648804347826015,0.583377680465894,0.302798913043446,0.783886122315825,0.433953769505024,0.453432556241751,26.02,3.38,1957.86,62.83,4.74,22758.0,9.7,26010.42,14.0,10470.53,16.0,10699.58,16.0,24906.31,18.0,21245.97,13.0,0.003719,3.6,0.006914,2.6,1.0,9.0,2339.70710080751,4.3,10527.3321026536,29.0,2.0,0.0,0.0,736.0,44.574,0.245,0.0,244.438719506583,16.0,822.564571172958,51.0,55.0338632056368,1.3,556.711253073719,37.0,1.0,3.0,0.0
chr2-63404524-63404525-C-G,TWJF-5120-11,Reject,1.065,6.71,1.035,8.16,0.904,52.584,0.466,2.0,0.982,51.624,0.673,0.06,0.0,79.07,22.95,97.705,25.97,68.909421159735,0.46575,105.250678075277,0.673,0.609538043478196,0.602689404433161,0.842201086956422,0.489862673863724,0.0577442348003387,0.0447939187288284,83.37,1.13,75.69,1.07,1.236,74.77,0.61,90.16,0.7,125.34,1.7,159.89,1.9,166.66,1.3,327.64,1.8,0.132854,2.2,0.071954,3.0,4.0,9.0,1318.60914342724,4.2,1407.05120650257,4.5,6.0,3.0,0.0,172.0,9.723,0.093,0.0,57.7417577029861,1.0,60.323981765658,1.0,52.5835617834669,1.0,51.6238036175829,1.0,1.0,3.0,2.0
chr20-17481768-17481769-G-A,TWJF-5120-11,Pending,0.8,23.0,2.35,30.0,0.0,33.75,0.343,2.0,3.922,132.36,0.937,0.16,0.0,101.325,68.94,587.63,95.045,52.6880561822446,0.342875,175.932276258561,0.937374999999999,0.344510869565198,0.758416901150716,1.03660326086944,0.408018715739795,0.189627729356289,0.0921154506504535,33.75,0.62,132.36,1.45,5.799,112.54,0.8,755.99,2.7,90.11,1.5,495.29,3.2,63.42,0.58,369.41,1.9,0.421594,0.8,0.151948,2.0,4.0,9.0,883.596918697149,2.3,1765.99013402768,6.0,7.0,0.0,0.0,13.0,1.54,0.0,0.0,210.130938405306,3.0,679.970387926275,6.8,257.543148084942,3.5,821.958706434912,7.7,1.0,3.0,0.0
chr20-32429415-32429416-G-T,TWJF-5120-11,Accept,0.288,5.4,1.044,7.5,11.374,30.79,0.114,2.0,3.551,109.34,0.647,0.107,0.0,112.009,39.275,316.949,41.235,51.0903125604137,0.114,241.668437793925,0.646875,0.235190217391306,0.827162782932392,1.1277173913042,0.373555821322539,0.300341550260782,0.138338435441255,326.62,1.04,530.9,1.49,2.83,30.79,0.12,109.34,0.36,63.39,0.34,326.55,0.89,48.85,0.12,359.1,0.51,0.614823,0.17,0.124593,0.96,5.0,10.0,280.648918037273,0.5,711.663664608525,1.3,10.0,0.0,0.0,687.0,89.559,0.127,0.0,160.627536959979,0.7,251.084555742214,1.2,192.588344517123,0.8,307.347723015721,1.4,1.0,3.0,0.0
chr3-147391174-147391176-GC-AA,TWJF-5120-11,Review,1.49,17.62,0.365,40.68,-1.4783059091606612,63.57,0.29,2.0,0.305,19.36,0.03,0.02,0.0,102.913,498.94,21.346,2222.0,385.863435612887,0.7055,300.948197400225,0.600875,1.8842934782608,0.193079052479417,1.66627717391296,0.229475289700963,0.0087159126996994,0.0023352205753326,97.58,1.38,7.96,0.33,0.207,80.58,0.29,6.64,0.03,92.08,1.6,11.35,0.21,63.57,0.32,19.36,0.08,0.253402,0.55,0.466894,0.16,3.0,9.0,1318.60914342724,1.8,1109.00259611381,1.3,0.0,0.0,1.0,393.15275013150716,0.038,0.07457002541000742,0.0,110.909819882682,1.7,23.3329687827569,0.4,108.245537177821,1.7,26.8169881444697,0.5,1.0,3.0,0.0
chr3-73384685-73384686-G-A,TWJF-5120-11,Pending,0.345,1.5,3.102,2.3,0.0,64.25,0.06,2.0,35.143,2257.93,0.83,0.103,0.0,192.045,53.35,2461.01,76.705,108.714258711206,0.165125,9036.78110098736,3.2045,0.386603260869563,0.732093085879272,17.305597826087,0.0137754042579371,0.349269345402718,0.0715631581842899,222.04,0.33,3029.29,2.02,12.815,162.05,0.13,909.39,0.51,79.14,0.18,2664.09,2.1,64.25,0.06,2257.93,0.83,0.240294,0.36,0.002494,6.2,1.0,10.0,659.753955386447,0.5,4335.13656730463,4.2,10.0,0.0,0.0,101.0,6.126,0.0,0.0,1088.5289905518,2.1,1584.30940377533,3.0,721.273539433759,1.5,1815.93374883534,3.4,1.0,3.0,0.0
chr4-113264927-113264928-G-A,TWJF-5120-11,Pending,2.05,0.03,4.35,0.09,0.0,46.482,0.28,2.0,4.635,215.449,1.027,0.051,0.0,311.925,18.35,1262.068,27.69,46.4820880889811,0.280125,215.448591112319,1.046,0.413396739130434,0.715643702737696,1.02657608695638,0.411691377868053,0.0927412174642086,0.15203496068716,474.74,2.59,1022.71,3.56,4.046,260.41,1.5,1677.96,3.9,412.08,3.0,2032.71,6.3,363.44,1.9,2559.21,4.8,0.516928,0.62,0.13697,2.1,2.0,9.0,1422.35784649154,4.5,1501.42527646561,4.8,1.0,0.0,0.0,52.0,9.261,0.0,0.0,158.668238381891,2.4,433.002097381469,5.0,150.955868101672,2.2,451.699905809123,5.2,1.0,3.0,0.0
chr4-122453780-122453781-G-T,TWJF-5120-11,Pending,0.343,8.8,2.385,9.69,0.0,21.96,0.08,2.0,24.519,538.43,1.5,0.31,0.0,60.032,35.02,760.021,34.19,162.0166067602,0.385,2574.65123826776,2.07,0.757336956521598,0.529808403134663,4.58573369565214,0.0561733919664075,0.208419099450111,0.13653526827693,21.96,0.65,538.43,2.88,12.66,50.91,0.22,3047.82,3.4,35.15,0.08,271.69,1.5,33.26,0.15,391.92,1.5,0.259928,0.54,0.055825,2.7,7.0,10.0,1109.00259611381,0.3,2607.06100147072,1.3,1.0,0.0,0.0,11.0,0.197,0.0,0.0,267.263714468915,0.5,981.612318898062,5.1,69.1544290390117,0.1,293.643235035014,0.7,1.0,3.0,0.0
chr4-125490417-125490418-G-C,TWJF-5120-11,Pending,0.525,95.0,0.158,92.0,0.0,7.56,0.14,2.0,0.556,4.2,0.06,0.201,1.0,50.326,11192.855,9.426,9559.08,87.7417258552909,0.2025,64.8128808143611,0.13675,0.829374999999885,0.496170753571371,0.680027173912976,0.56836825756309,0.0019753692249651,0.0009289867202824,7.56,0.32,4.2,0.18,0.187,31.84,0.16,5.92,0.03,34.4,0.73,9.39,0.13,51.06,0.26,16.52,0.06,0.493499,0.14,0.668634,0.06,1.0,9.0,2010.83257949086,3.8,883.596918697149,0.8,3.0,0.0,0.0,54.0,2.207,0.0,0.0,52.1158709493376,0.9,9.46171799875859,0.2,49.5918146310751,0.8,7.48876150833737,0.2,1.0,3.0,0.0
chr4-182793276-182793277-C-T,TWJF-5120-11,Pending,2.826,21.0,2.45,26.0,0.0,97.834,1.3,2.0,1.667,163.114,2.1,0.176,0.0,346.78,55.865,827.72,77.37,1643.82186901758,2.451,1175.62929271703,2.153625,3.42187499999991,0.0801665226827892,2.29201086956516,0.143984589364758,0.121153131127357,0.214956130832434,112.5,1.33,275.56,2.04,2.387,203.6,1.3,479.81,2.1,489.96,3.2,1215.83,5.0,1101.41,3.2,2910.88,5.1,0.0418,3.8,0.040103,3.9,7.0,9.0,1637.17642763048,5.4,2812.1856201345,9.8,1.0,0.0,0.0,102.0,10.342,0.0,0.0,97.8340427404402,1.5,163.1135350516,2.4,103.003029913517,1.6,171.336542984601,2.5,5.0,3.0,0.0
chr5-134899526-134899527-G-A,TWJF-5120-11,Accept,13.2,1.6,16.965,16.13,6.883,3279.82,5.3,2.0,1.396,4579.837,13.0,0.105,0.0,4414.307,14.885,9621.37,69.57,11898.770032009,6.316375,20069.8499015991,10.509,27.6173913043478,0.0083763684180442,46.2246739130435,0.0050123398783039,0.0049518570303916,0.0023824982345104,13072.83,13.4,16253.83,15.93,2.18,3981.49,6.2,6927.2,8.5,7247.76,13.0,12315.54,18.0,4586.28,6.5,13607.04,15.0,0.020336,5.3,0.001871,13.0,0.0,9.0,4242.33386040426,17.0,6195.39204102335,23.0,8.0,0.0,0.0,707.0,60.914,0.113,0.0,3779.98433466025,19.0,5438.63608653853,23.0,3279.81992580904,18.0,4579.83677436057,21.0,1.0,3.0,0.0
chr5-178994544-178994545-C-T,TWJF-5120-11,Pending,5.15,12.0,7.015,12.0,0.0,179.279,0.546,2.0,1.076,192.896,0.568,0.102,0.0,4020.58,215.665,5140.983,224.255,179.279373715815,0.545625,192.896100059363,0.567625,1.1791847826086,0.355695392225291,1.24312499999988,0.335638475722052,0.0345628410577774,0.0295924954116344,2225.76,3.8,4114.06,5.63,1.279,14349.16,12.0,13745.4,12.0,8163.8,6.7,10933.64,8.8,5343.08,3.1,5095.28,3.1,0.048469,1.7,0.056424,1.6,5.0,9.0,1437.8310001274,6.5,1884.4390402882,8.4,1.0,0.0,0.0,3.0,0.02,0.0,0.0,3880.52066022973,7.9,5186.68651632891,9.4,4160.63865854448,8.2,5625.48537558342,9.9,2.0,3.0,0.0
chr5-178994927-178994928-C-G,TWJF-5120-11,Pending,0.01,0.37,0.025,0.2,0.0,0.953,0.001,2.0,0.787,0.75,0.009,0.075,0.0,3.43,38.69,3.255,28.44,30.2676145482777,0.001375,32.9305633292728,0.0087499999999999,0.0904347826086962,0.920909323081177,0.285570652173874,0.795608651920311,0.407911311835051,0.121379010379314,18.53,0.01,25.8,0.04,0.949,2.76,0.01,2.58,0.01,4.1,0.01,3.93,0.01,2.13,0.01,2.06,0.01,0.995897,0.01,0.993636,0.01,11.0,9.0,23.302379521964,0.1,19.5982255350661,0.1,4.0,0.0,0.0,4.0,0.02,0.0,0.0,0.952554866216586,0.1,0.749704296909342,0.1,1.08933134391402,0.1,0.728047977921779,0.1,2.0,3.0,0.0
chr5-90652472-90652473-G-A,TWJF-5120-11,Pending,0.835,3.6,16.425,4.34,0.0,53.8,0.477,2.0,300.295,16155.85,11.014,0.067,0.0,90.74,72.64,11828.99,87.24,102.340345537797,0.663,20786.2961882884,11.01375,0.476902173913004,0.677325487591866,46.2246739130435,0.005149903377595,0.258134059607983,0.0197034664452075,53.8,0.87,16155.85,15.85,130.361,58.17,0.5,16229.5,17.0,79.14,1.4,14252.45,20.0,55.39,0.51,9405.53,11.0,0.347576,0.98,0.001375,14.0,6.0,9.0,396.762312086394,0.8,4989.871863861,19.0,9.0,0.0,0.0,3.0,1.144,0.0,0.0,165.382670356576,2.4,784.314059175434,7.5,155.185092706349,2.3,8391.70097376692,28.0,1.0,3.0,0.0
chr7-102808312-102808313-C-T,TWJF-5120-11,Reject,0.46,28.0,0.375,28.0,1.157,4.72,0.126,2.0,1.097,5.18,0.163,0.16,0.0,38.54,94.41,39.095,94.5,61.851766082672,0.126,74.9316859077189,0.162625,0.58864130434776,0.614611526412947,0.687499999999915,0.563743475203891,0.0422269962728023,0.035435564815998,4.72,0.2,5.18,0.22,1.014,32.24,0.16,38.59,0.19,44.84,0.88,39.6,0.81,78.74,0.39,48.38,0.25,0.301187,0.42,0.516931,0.12,5.0,9.0,1925.66187886762,3.5,2289.62075429042,4.8,4.0,4.0,1.0,234.0,12.31,0.094,0.0,27.9878797953231,0.5,31.9867414547751,0.5,31.4347492209065,0.5,30.861000386974,0.5,2.0,3.0,1.0
chr7-143935708-143935709-G-T,TWJF-5120-11,Pending,3.865,0.2,7.7,0.43,0.0,188.873,0.16,2.0,3.365,635.58,0.87,0.091,0.0,552.275,28.05,5873.875,42.33,298.742720058669,1.631,281.68789283598,1.5575,0.790543478260716,0.515391947634704,1.17062499999987,0.359165156283896,0.36007196828723,0.162884216755629,386.29,36.2,11814.96,97.1,10.636,6229.67,1.6,8981.65,2.4,4106.84,6.1,8806.13,13.0,718.26,0.24,2941.62,0.92,0.208918,0.16,0.038134,0.87,2.0,9.0,5382.47700914843,14.0,18279.5623628811,48.0,2.0,0.0,0.0,0.0,0.0,0.0,0.0,188.873052808391,11.0,635.579674132917,41.0,231.009585042982,15.0,1665.82739537432,76.0,6.0,3.0,0.0
chr7-150945441-150945442-G-A,TWJF-5120-11,Pending,0.34,0.98,0.325,1.48,0.0,43.372,0.062,2.0,1.226,53.192,0.118,0.124,0.0,167.205,75.59,136.585,97.58,43.3718316285745,0.0625,53.1922415778426,0.12375,0.0733967391304446,0.932156382078846,0.11815217391306,0.902783239799916,0.553455851972103,0.49876581504941,173.34,0.61,86.44,0.31,0.817,116.27,0.38,101.15,0.34,118.1,0.53,90.6,0.47,161.07,0.3,172.02,0.31,0.668922,0.14,0.757431,0.1,5.0,10.0,198.51637314368,0.3,241.20027143288,0.4,9.0,9.0,1.0,18.0,3.336,0.0,1.0,469.699394148641,2.0,648.365652776292,2.5,541.539325872857,2.2,1136.65848962513,4.4,1.0,3.0,1.0
chr7-44226559-44226560-G-A,TWJF-5120-11,Pending,0.475,44.67,7.3,60.06,0.0,89.14,0.12,2.0,94.095,8387.64,2.2,0.167,0.0,189.203,5954.13,7795.65,12529.23,97.1432964238226,0.33325,7152.70855593841,2.998875,0.851548913043359,0.485690381117139,17.305597826087,0.0139689006647547,0.0180677250027656,0.0113706216216087,2132.7,3.7,25790.12,32.98,41.203,215.02,0.59,13143.56,9.9,89.14,0.36,8387.64,4.7,126.9,0.26,7203.66,3.9,0.69877,0.12,0.029613,2.2,6.0,8.0,163.386011848196,0.3,1804.62185661009,3.0,8.0,0.0,0.0,6.0,1.277,0.0,1.0,23823.7432492321,42.0,34198.7316972032,50.0,5183.70167875301,16.0,6451.19248227198,19.0,1.0,3.0,0.0
chr7-99967166-99967167-C-T,TWJF-5120-11,Accept,0.91,0.14,6.5,0.18,41.201,13.27,0.38,2.0,21.645,287.23,2.0,0.151,0.0,864.669,145.52,3915.71,164.05,137.768068743035,0.8115,1216.42915855684,3.704375,1.00907608695638,0.419022864536083,3.67942934782602,0.0739890175221553,0.037808071821928,0.0139322355389595,13.27,0.54,287.23,31.75,4.529,3685.53,0.78,18602.79,6.9,1170.65,2.0,4174.04,6.1,1182.61,0.38,5707.87,2.0,0.055812,0.65,0.005971,2.8,1.0,9.0,3975.67635914596,9.1,9245.5059762491,25.0,9.0,0.0,0.0,4409.0,400.006,0.103,0.0,558.688844802869,37.0,3657.37927855816,93.0,284.203878236707,19.0,1379.2087380975,69.0,1.0,3.0,0.0
chr8-109382518-109382519-C-T,TWJF-5120-11,Pending,0.799,17.61,14.058,24.92,0.0,15.41,0.2,2.0,2.23,34.37,1.4,0.298,0.0,926.687,112.47,8638.436,160.815,115.463027543551,0.652625,5609.8915796813,7.96225,0.708097826086856,0.553671564561115,11.1157880434782,0.0210811828652234,0.142592504620552,0.0630326196551323,15.41,0.89,34.37,5.48,9.322,30008.83,18.0,41005.54,44.0,384.09,0.49,11666.98,17.0,4172.28,1.4,29085.62,25.0,0.030954,1.0,9.1e-05,20.0,3.0,11.0,1469.28411373604,0.2,3975.67635914596,1.4,11.0,0.0,0.0,141.0,9.052,0.0,0.0,926.687,0.799,8638.436,14.058,926.687,0.799,8638.436,14.058,1.0,3.0,0.0
chr8-143324560-143324561-G-A,TWJF-5120-11,Accept,1.6,13.94,0.805,18.43,3.741,29.32,0.13,2.0,0.586,17.19,0.06,0.085,0.0,630.399,47.85,345.54,80.345,149.305523785149,0.89725,86.6651810837432,0.408875,0.507717391304325,0.660012638853299,0.222663043478235,0.835027289821303,0.339734755456448,0.461260408163071,29.32,4.22,17.19,1.24,0.548,5367.01,1.4,1958.99,0.37,1050.6,1.8,567.02,1.2,2002.91,0.61,1276.84,0.41,0.245759,0.13,0.400812,0.06,4.0,9.0,1602.12922627967,2.2,1422.35784649154,1.7,8.0,0.0,0.0,421.0,34.966,0.107,0.0,157.822892989242,7.8,105.966844005222,4.1,210.198687535878,13.0,124.059492434379,5.2,1.0,3.0,0.0
chr8-3574969-3574970-GA-G,TWJF-5120-11,Reject,0.015,1.07,6.21746286952349,4.833615948565826,0.0,1.27,0.0,2.0,105.59549217884859,2928.29152509448,4.465118354975033,0.073,0.0,4.567,73.72,3777.475819704809,270.16218413915306,22.8727712491364,0.00525,4179.290818930605,4.437822127943758,0.291249999999962,0.791737640369579,10.743849131948735,0.5980147756669174,0.0146409571170806,0.09435031585002784,1.27,0.0,3295.533944310528,8.738000324194918,16.09775911803299,1.99,0.01,4749.198836263268,6.446041643232937,3.4,0.02,4434.449501000338,8.034846936209629,3.12,0.01,5012.261473633119,6.690640909356029,0.897707,0.01,0.765456633019808,6.836622246197442,18.0,9.0,172.468474522702,0.2,3198.7984482428296,6.604948557085359,0.0,0.0,1.0,0.0,0.397,0.0,0.0,5.75400188727393,0.2,6354.750970689569,6.170338550130435,5.73337040075071,0.2,7154.421850325061,7.445631508317794,5.0,0.0,0.0
chr9-977316-977317-G-A,TWJF-5120-11,Pending,2.49,12.41,1.17,24.36,0.0,112.32,0.379,2.0,0.691,77.608,0.252,0.133,0.0,1226.362,662.0,398.905,1782.87,112.319623288608,0.378625,77.6081518635273,0.25175,0.938097826086846,0.447831146787238,0.703994565217286,0.556035589704423,0.0149077177047729,0.0362295620143413,1373.38,2.78,413.51,1.24,0.325,1391.13,2.2,384.3,0.85,4936.17,4.6,922.68,2.2,4886.01,3.0,2477.83,1.9,0.326997,0.44,0.553796,0.21,1.0,9.0,471.752198162359,2.2,487.31619267946,2.2,1.0,0.0,0.0,0.0,0.038,0.0,1.0,895.138012375507,3.1,244.281174831971,1.1,1079.34429412298,3.4,326.708173742537,1.4,1.0,3.0,0.0
chrX-137030686-137030687-T-C,TWJF-5120-11,Pending,0.975,5.75,0.924,16.91,0.0,51.416,0.27,2.0,1.262,64.883,0.42,0.487,0.0,108.833,1223.85,98.788,3167.32,51.4164729033663,0.325625,64.8827970845712,0.4395,0.534701086956474,0.644131698255242,0.678043478260804,0.569402329358304,0.0272799134254455,0.0024166628718376,70.42,1.02,88.56,1.17,0.908,143.33,0.93,80.59,0.65,171.54,1.9,117.46,1.6,54.64,0.51,48.37,0.46,0.734844,0.27,0.625108,0.42,2.0,9.0,1109.00259611381,3.3,984.563865690705,2.8,1.0,0.0,0.0,0.0,0.0,0.0,0.0,103.154932686503,1.6,109.015939024852,1.7,114.511736360992,1.8,129.673131849921,2.0,6.0,3.0,0.0
chrX-151744493-151744494-C-A,TWJF-5120-11,Pending,7.356,11.9,11.5,38.44,0.0,448.559,1.9,2.0,2.673,1199.002,4.6,0.215,0.0,8606.825,700.59,13525.08,3591.9,17643.0140415592,6.411875,16661.2760802418,5.99575,46.2246739130435,0.0057173796038257,37.3590489130435,0.0060675977435984,0.0043976195156574,0.0055823996663093,11190.17,11.86,14867.16,15.44,1.571,6040.83,5.5,18547.93,16.0,11172.82,8.3,12183.0,9.0,21624.0,15.0,19165.25,13.0,0.000749,14.0,0.001306,11.0,0.0,10.0,3606.78531917385,6.4,6062.766657073,12.0,10.0,0.0,0.0,0.0,0.0,0.0,0.0,448.559439070711,1.9,1199.00225530243,4.6,913.334788417845,3.6,2310.09585042982,8.4,5.0,3.0,0.0
chrX-24211278-24211279-A-C,TWJF-5120-11,Accept,2.25,14.0,1.86,13.12,29.265,91.411,0.604,2.0,1.214,110.962,0.701,0.458,0.0,430.914,135.35,272.325,116.75,91.4107327165599,0.60375,110.961734580641,0.700749999999999,0.842201086956422,0.489567515870994,0.796711956521605,0.51179472982777,0.0057550780475139,0.0840998068451881,173.94,1.65,270.89,2.02,0.632,481.69,2.1,267.11,1.5,285.24,2.8,243.82,2.6,587.0,2.4,273.76,1.6,0.251048,1.4,0.198599,1.7,4.0,10.0,3272.12256819681,4.4,2579.00523176605,3.3,7.0,0.0,0.0,884.0,60.842,0.481,0.0,437.512030955463,4.8,442.578181506067,4.9,424.316578064825,4.7,410.856346584718,4.6,1.0,3.0,0.0
chr1-1712271-1712272-C-T,TWJF-10146-MO011-0024,Accept,0.775,2.2,1.737,7.81,15.766,23.14,0.44,2.0,2.786,64.46,0.97,0.137,0.0,276.136,89.67,1103.758,567.3,93.4422190982675,0.614125,362.275133410035,1.337,0.81081521739118,0.50466658143683,1.7730978260869,0.21092221505306,0.0288615152239799,0.0227001346647739,23.14,0.44,64.46,0.97,3.997,1575.83,3.8,4716.42,6.8,28.62,0.62,120.03,1.7,458.83,2.1,1845.24,4.1,0.445367,0.74,0.192613,1.7,2.0,11.0,1347.4542324467,1.6,3167.61691360185,4.3,3.0,0.0,0.0,1350.0,156.103,0.101,0.0,276.136,0.775,1103.758,1.737,276.136,0.775,1103.758,1.737,1.0,3.0,0.0
chr1-17623068-17623069-G-A,TWJF-10146-MO011-0024,Review,3.164,4.53,4.25,3.93,25.626,19.28,0.37,2.0,2.522,48.63,1.1,0.286,0.0,919.905,285.2,1406.877,244.71,2558.84010941537,2.92725,9941.76636033629,5.592375,5.44942934782604,0.0462755139741945,18.6179891304348,0.0128263836984086,0.0771123059093952,0.0773191191256046,94.09,1.21,173.3,1.65,1.529,1228.18,3.4,2049.36,4.4,19.28,0.37,48.63,1.1,1365.42,3.5,1829.19,4.1,0.053837,3.5,0.025986,4.8,3.0,8.0,611.630610489998,0.6,984.563865690705,1.1,6.0,0.0,0.0,1879.0,95.621,0.268,0.0,919.905,3.164,1406.877,4.25,919.905,3.164,1406.877,4.25,1.0,3.0,0.0
chr1-2479949-2479950-T-A,TWJF-10146-MO011-0024,Pending,1.485,1.72,1.45,3.5,0.083,10.747,0.29,2.0,1.112,11.947,0.22,0.275,0.0,565.508,456.91,475.67,910.26,261.239132648282,0.925499999999999,248.989669742194,0.903999999999999,1.46918478260859,0.272696162753156,1.2591847826086,0.3308355657462,0.0285756103694438,0.0935615636408329,664.34,7.8,1596.16,12.27,0.841,809.18,0.29,514.0,0.22,719.41,1.3,437.34,0.86,16571.8,5.0,14726.32,4.2,0.019521,2.1,0.017688,2.2,4.0,9.0,466.675458100716,1.0,531.376816391114,1.3,7.0,0.0,0.0,31.0,0.857,0.097,0.0,12.8727104311105,1.8,11.4201024501834,1.6,10.7465731698015,1.5,11.9473063524215,1.7,1.0,3.0,0.0
chr10-104167631-104167632-C-T,TWJF-10146-MO011-0024,Pending,7.6,33.0,56.52,39.0,10.462,2726.813,3.007,2.0,10.298,28081.935,22.38,0.808,0.0,7446.33,3294.605,38381.9,3565.97,2726.81255966012,3.0065,28081.9351087451,22.380125,3.29679347826078,0.084448942979562,62.7446739130435,0.0045147658033264,0.276127301156521,0.0649114847183227,9510.18,10.73,36835.71,54.04,5.154,30837.3,34.0,45928.59,92.0,5382.48,9.4,35176.57,59.0,14890.39,16.0,39928.09,72.0,0.016342,5.8,9.2e-05,32.0,2.0,11.0,3890.56865327316,5.3,48929.6449435955,49.0,11.0,0.0,0.0,145.0,11.154,0.938,0.0,7446.33,7.6,38381.9,56.52,7446.33,7.6,38381.9,56.52,1.0,3.0,0.0
chr10-87961075-87961079-CAAAT-C,TWJF-10146-MO011-0024,Accept,0.43,0.06,7.501943425029401,3.6361222807465863,35.824,6.43,0.03,2.0,103.5809457636212,3006.696953717362,4.4762261377623735,0.685,0.0,125.321,14.44,3901.1266472770167,145.29386721338884,138.972926337315,0.816124999999999,4381.546799646869,5.5500516831909295,0.319945652173885,0.77325691287835,10.441176876851738,0.5498190491075083,0.479294959455728,0.3702376435251018,7.46,0.1,3594.610154718517,9.923095202126083,14.976718490293376,239.95,1.5,4921.5930763102115,7.562292436965828,6.43,0.03,4627.945798056245,9.600724371312705,111.67,0.91,5242.019799218997,7.873991285380596,0.558305,0.54,0.44902439348579326,7.744496620268435,21.0,8.0,260.17800677216,0.2,3406.085127714624,7.824522560670805,1.0,0.0,0.0,1922.0,111.602,0.321,0.0,125.321,0.43,5891.783032078185,8.12679992270955,125.321,0.43,6568.440243121558,8.724070513953132,1.0,0.0,0.0
chr11-108259024-108259025-T-A,TWJF-10146-MO011-0024,Accept,0.997,0.02,2.8,0.07,36.475,96.512,0.132,2.0,8.974,866.124,0.497,0.21,0.0,242.997,9.58,1842.006,14.84,238.393002034402,0.593125,1091.01163413798,1.3015,0.131711956521755,0.893481918823756,0.496684782608682,0.665875904179868,0.881824061274529,0.893171742558479,4391.99,2.37,4919.04,3.87,7.58,247.6,0.44,3159.51,2.7,133.03,1.7,2593.0,6.8,248.12,0.29,2803.38,1.6,0.231608,0.55,0.04937,1.6,6.0,9.0,696.429008571064,1.9,1028.11044838492,2.9,9.0,0.0,0.0,2361.0,188.015,0.194,0.0,96.5117076567819,1.4,866.123854576344,6.6,132.935202052322,1.8,960.815498791715,7.0,1.0,3.0,0.0
chr11-117780806-117780807-C-T,TWJF-10146-MO011-0024,Accept,0.125,0.25,0.785,1.83,14.749,20.91,0.02,2.0,7.814,163.39,0.1,0.53,0.0,97.986,28.94,710.261,117.77,43.2700309714156,0.080875,66.7505013015318,0.183625,0.0411684782608858,0.954254154817333,0.0643206521739188,0.938517962589538,0.670820467174053,0.70157428458333,1396.91,0.09,3301.77,0.87,7.249,61.03,0.17,1139.98,1.4,20.91,0.14,163.39,0.7,53.15,0.11,469.65,0.46,0.949474,0.02,0.737094,0.1,4.0,10.0,520.001579145507,0.4,1145.59068280975,0.9,1.0,0.0,0.0,953.0,21.786,0.677,0.0,139.926509278159,0.2,810.774348666073,1.5,134.942887833531,0.2,609.747460186993,1.1,1.0,3.0,0.0
chr11-73352943-73352944-G-C,TWJF-10146-MO011-0024,Review,6.705,1.1,7.465,1.76,12.061,823.171,1.802,2.0,1.045,859.983,2.029,0.54,0.0,2495.475,77.51,3481.925,113.78,871.84960755831,1.91825,1003.41686636333,2.028625,1.8016032608695,0.205532358848526,2.03478260869558,0.171803907372963,0.254563257098198,0.230735883116722,3034.14,5.71,4629.48,7.03,1.395,1956.81,4.3,2334.37,4.6,6646.79,12.0,6434.51,12.0,7034.3,8.3,9321.85,10.0,0.034087,4.3,0.021057,5.2,2.0,9.0,8119.75721135566,28.0,8664.36747969986,30.0,6.0,0.0,0.0,1073.0,60.609,0.199,0.0,823.170882493145,7.7,859.983264814418,7.9,874.681618721402,8.0,858.716879977127,7.9,1.0,3.0,0.0
chr11-93753747-93753747-C-CA,TWJF-10146-MO011-0024,Review,10.526,2.43,11.358662610498612,15.84,0.0,713.149,4.1,2.0,49.209680072022394,1717.5404750840135,6.114523388347502,0.499,0.0,3908.335,151.38,4608.521280459546,1497.33,20930.7293998824,12.951,19470.518079268233,12.031395265882043,46.2246739130435,0.0058895157100611,46.56470189019774,0.09596986271955502,0.0597431622445583,0.253368307490178,5646.65,93.54,6340.732285729398,72.2162233301497,2.9701144857460813,8424.57,17.0,8901.197755666133,16.11054305146888,2678.54,6.5,2425.960679137455,5.099078850006352,5138.13,8.1,6115.407107618907,7.069353141113369,0.014605,4.1,0.18554775308510538,5.305649807567465,0.0,11.0,784.45046119223,7.0,1703.8621103975452,8.298456243863392,5.533563482736141,0.0,2.0,792.0,30.407,0.0,0.0,1530.77020323144,16.0,3487.533067913056,15.669203000186087,713.14854421938,7.8,1937.5485779203264,9.43017453604231,5.0,0.0,0.0
chr11-95827987-95827988-T-G,TWJF-10146-MO011-0024,Accept,2.5,0.55,2.15,0.44,37.481,76.545,0.22,2.0,0.672,51.403,0.12,0.572,0.0,476.625,277.03,380.851,246.46,76.5453331351722,0.50075,51.4032044046044,0.362,0.661603260869484,0.577561452285173,0.208940217391273,0.844101229212652,0.0572261549532413,0.336898986250162,4963.08,0.93,4527.22,0.69,0.799,486.57,2.8,488.05,2.8,466.68,4.0,283.7,3.4,463.76,2.2,234.05,1.5,0.569767,0.22,0.7201,0.12,3.0,9.0,172.468474522702,4.6,159.888390969646,4.4,5.0,0.0,0.0,1869.0,69.026,0.543,0.0,618.172953852404,5.5,507.119137355745,4.9,585.369378320116,5.3,478.002315069345,4.7,1.0,3.0,0.0
chr13-24434426-24434427-G-A,TWJF-10146-MO011-0024,Accept,0.928,1.17,0.685,1.54,17.992,191.74,0.17,2.0,0.642,123.03,0.2,0.805,0.0,305.595,62.59,313.89,78.7,216.641365833443,0.825374999999999,160.428900048172,0.670875,1.03135869565205,0.410170292586986,0.7702173913042,0.523651347948344,0.151774670928717,0.198734603822231,191.74,3.95,123.03,2.99,1.027,24371.03,7.4,21712.86,6.2,331.89,0.63,261.59,0.57,279.3,0.17,366.19,0.2,0.153756,0.6,0.229356,0.45,5.0,10.0,1391.90928823136,1.2,1073.58306648468,0.7,6.0,0.0,0.0,487.0,31.4,0.573,0.0,305.595,0.928,313.89,0.685,305.595,0.928,313.89,0.685,1.0,3.0,0.0
chr13-48367565-48367566-G-C,TWJF-10146-MO011-0024,Accept,3.25,2.7,2.25,3.6,8.711,394.333,0.83,2.0,0.382,150.7,0.46,0.825,1.0,680.4,206.685,438.43,245.51,394.333076409149,1.212,150.70024179326,0.770999999999999,1.76711956521731,0.211720189342225,0.962065217391199,0.438276648714601,0.0473320372402668,0.0846626758575439,5299.09,1.42,4694.35,0.77,0.644,732.4,3.5,359.04,2.3,628.4,3.9,276.13,2.7,835.13,3.0,462.55,2.2,0.190793,0.83,0.345607,0.46,3.0,10.0,776.008632837805,6.8,414.310836296246,4.4,3.0,0.0,0.0,105.0,35.125,0.248,0.0,559.087780033947,5.0,509.894115542392,4.7,550.579453021801,4.9,519.780520884786,4.8,1.0,3.0,0.0
chr16-50793646-50793647-TA-T,TWJF-10146-MO011-0024,Accept,1.14,16.78,7.145412019794481,20.707351128219543,10.909,50.99,0.115,2.0,98.17389951981102,2917.5294407822307,3.9224616546657707,0.703,0.0,100.748,1441.4,3837.9278587005138,1799.50043874609,76.8792915273284,0.52,3971.9585768399543,3.992853389168867,0.114918478260876,0.904894749081611,9.008765432944848,0.6981123332843278,0.606751635670662,0.5015457012225136,50.99,0.83,3462.716555173918,8.928746372964865,15.575140690561271,212.7,1.4,4685.193028520875,7.255057124202327,86.76,1.5,4388.74565335731,8.870405602246185,107.01,0.88,4882.45709365673,6.534728653123106,0.611898,0.45,0.5009604645756897,5.934283875500519,5.0,9.0,1437.8310001274,4.6,4387.4371207922795,10.921995004792265,1.0,0.0,0.0,691.0,22.967,0.475,0.0,95.6070680425396,1.5,5699.9436375240275,8.651043784389492,105.888793507504,1.6,6358.375109604866,9.037515894273863,1.0,0.0,0.0
chr17-28724566-28724567-G-C,TWJF-10146-MO011-0024,Pending,3.1,2.32,7.05,8.95,6.14,136.047,0.394,2.0,5.795,788.458,1.115,0.473,0.0,1459.62,113.71,3346.236,534.45,136.046769673487,0.39425,788.457793910597,1.11475,0.496684782608682,0.665775445380322,1.95434782608687,0.182476380470091,0.321492593735456,0.185247462242842,6166.72,18.49,6411.72,30.77,2.293,1045.15,1.3,3348.77,2.8,2565.09,6.7,8478.89,14.0,1874.09,1.3,7264.01,3.2,0.091726,1.1,0.007941,4.1,5.0,9.0,2579.00523176605,8.9,3343.70152488211,13.0,8.0,0.0,0.0,1442.0,12.48,0.492,0.0,531.593913705837,4.9,1572.46142388479,10.0,994.580637198352,7.3,1984.4492645996,13.0,1.0,3.0,0.0
chr17-413572-413573-G-A,TWJF-10146-MO011-0024,Accept,1.2,4.28,4.055,8.92,3.369,73.36,0.509,2.0,17.535,1286.36,1.389,0.747,0.0,162.399,212.17,1301.685,532.49,74.5978308120405,0.509,397.470362908855,1.389375,0.596195652173861,0.609826750789494,1.6929347826086,0.224853908740102,0.0879711359739303,0.0712668299674987,73.36,1.05,1286.36,3.91,8.015,162.62,1.2,1317.01,3.5,255.99,2.6,1957.17,5.9,161.46,1.2,1948.3,4.2,0.559537,0.54,0.120412,2.3,1.0,10.0,3202.07590947592,4.2,5210.57046486107,7.5,1.0,0.0,0.0,142.0,4.195,0.803,0.0,162.177275423132,2.4,448.735057307638,4.9,219.124026666186,3.0,595.237110782171,5.6,1.0,3.0,0.0
chr17-7670684-7670685-CG-C,TWJF-10146-MO011-0024,Accept,8.7,0.38,12.5,14.74,49.845,4912.74,3.15,2.0,1.019,5006.62,3.542,0.776,1.0,12528.355,100.2,16634.901,1231.03,10942.7064149505,3.1505,12881.4482909373,3.54175,24.5792391304348,0.0100080875674473,27.6173913043478,0.0084355475446044,0.0327245965600013,0.0287440232932567,4912.74,5.44,5006.62,99.58,1.328,17999.1,9.4,22157.38,14.0,13429.05,6.6,17505.31,9.9,11627.66,4.1,21079.74,9.5,0.00099,8.0,0.000605,10.0,0.0,9.0,5743.49177498518,15.0,4576.12241190687,12.0,8.0,0.0,0.0,920.0,67.541,0.738,0.0,30521.0872224201,20.0,33542.853083269,21.0,38965.4772629294,24.0,15764.4927090661,13.0,1.0,0.0,0.0
chr18-26078140-26078141-T-C,TWJF-10146-MO011-0024,Accept,0.07,0.09,0.1,0.21,50.509,5.41,0.013,2.0,1.429,7.73,0.038,0.187,0.0,15.453,55.61,17.694,76.47,14.0618472797341,0.035375,16.0011893123648,0.054,0.0130978260869767,0.975717798260241,0.0383152173913146,0.95607104406915,0.547536253929138,0.409702252596617,727.47,0.0699999999999999,876.07,0.11,1.145,9.11,0.07,10.8,0.09,9.65,0.33,12.51,0.47,5.41,0.04,7.73,0.06,0.834808,0.06,0.821859,0.07,17.0,9.0,16.8434546326416,0.5,19.3873201124765,0.6,4.0,0.0,0.0,2574.0,221.53,0.228,0.0,27.6127715597363,0.5,34.1279341395456,0.6,26.3287354039796,0.5,32.9936224188647,0.6,1.0,3.0,0.0
chr18-65843875-65843876-A-G,TWJF-10146-MO011-0024,Accept,0.468,2.68,0.48,11.96,0.114,27.02,0.236,2.0,1.098,29.66,0.358,0.252,0.0,40.578,116.12,35.922,1150.88,41.9553632636262,0.236125,54.4897182380128,0.3585,0.4658967391304,0.682726069757726,0.5904076086956,0.612758902654525,0.0203436911106109,0.0052264407277107,28.07,0.54,13.23,0.24,0.885,39.2,0.34,36.85,0.32,30.54,0.47,29.09,0.46,27.02,0.3,29.66,0.32,0.611858,0.45,0.581275,0.51,3.0,10.0,864.681670102131,0.7,912.748447087475,0.8,8.0,0.0,0.0,13.0,0.493,0.231,0.0,58.2089814503264,1.0,34.9937109335875,0.5,57.7683548888505,1.0,38.7873402584402,0.6,1.0,3.0,0.0
chr19-42234353-42234354-G-A,TWJF-10146-MO011-0024,Review,1.023,0.89,1.15,1.02,19.712,45.81,0.11,1.0,4.745,217.38,0.16,0.185,0.0,102.546,33.32,247.861,38.18,165.84472592051,0.4585,115.578529220424,0.342625,0.745597826086836,0.536331018830757,0.276032608695644,0.80167202195829,0.222237024456263,0.476732928305864,5212.2,5.21,5065.78,4.48,2.417,45.81,0.14,217.38,0.4,73.76,1.3,181.07,1.9,56.63,0.11,100.58,0.16,0.394087,0.33,0.456464,0.26,9.0,9.0,1437.8310001274,4.6,1844.09866318303,6.1,1.0,0.0,0.0,1890.0,92.983,0.212,0.0,86.6123854576343,1.3,278.342805302705,3.2,118.478623540131,1.7,397.777304061527,4.0,6.0,3.0,0.0
chr19-53796006-53796007-C-T,TWJF-10146-MO011-0024,Pending,2.53,0.55,5.1,1.07,0.0,294.65,1.794,2.0,4.475,1318.61,3.364,0.406,0.0,565.388,36.03,1478.6,58.28,739.9021149691,1.794125,3587.84510392194,3.364125,2.27100543478254,0.145721564733265,7.5582608695652,0.0320614120024909,0.0917967893183231,0.0620087236166,456.56,2.56,1079.97,3.64,2.615,623.96,2.4,1638.59,3.9,294.65,2.5,1318.61,5.2,739.31,2.6,2763.53,5.0,0.141318,2.1,0.035427,4.2,3.0,9.0,1709.58761513716,5.7,4151.51779043547,16.0,2.0,5.0,0.0,46.0,0.811,0.0,0.0,449.251980142074,5.2,859.98326481442,7.9,506.815630124296,5.6,961.28020661911,8.5,1.0,3.0,1.0
chr2-173051720-173051721-G-C,TWJF-10146-MO011-0024,Accept,0.225,3.58,1.4,1.92,46.029,11.58,0.005,2.0,14.532,168.28,0.256,0.81,0.0,22.593,175.35,183.469,95.77,21.7165104094442,0.00475,52.197899478362,0.33825,0.138342391304363,0.889214001459968,0.255679347826074,0.813879823687042,0.211614463478327,0.280727174133062,34.67,0.64,388.55,2.39,8.121,23.47,0.21,272.55,1.5,14.71,0.24,172.47,1.9,11.58,0.1,168.28,1.3,0.94937,0.03,0.554053,0.55,6.0,9.0,371.823292618383,0.8,476.884165661415,1.1,1.0,0.0,0.0,494.0,54.152,0.85,0.0,20.677117705483,0.3,156.851978076183,2.3,25.6950815281407,0.4,194.468829407427,2.8,1.0,3.0,0.0
chr20-63567291-63567292-C-T,TWJF-10146-MO011-0024,Accept,0.503,1.52,0.555,2.34,3.159,33.29,0.06,2.0,0.876,29.15,0.06,0.376,0.0,103.309,58.07,77.908,97.52,52.3481677263334,0.200125,79.5607346484225,0.356375,0.526358695652135,0.648887318744115,0.532771739130382,0.644917951680945,0.0380916371941566,0.148103002458811,33.29,1.1,29.15,0.97,0.754,72.1,0.06,60.5,0.06,95.12,0.48,164.27,0.57,199.65,0.13,1265.86,0.45,0.527045,0.2,0.175235,0.54,5.0,9.0,681.520482356048,1.9,548.907939487181,1.3,7.0,0.0,0.0,314.0,13.977,0.226,0.0,241.362613622743,14.0,63.4848357052112,6.2,111.498750363365,8.4,76.2552940308301,6.9,1.0,3.0,0.0
chr22-46258683-46258684-C-G,TWJF-10146-MO011-0024,Pending,8.15,1.36,14.5,0.46,0.029,79.008,2.434,2.0,1.021,80.662,4.732,0.817,0.0,1783.138,455.65,5958.046,251.02,1577.08262218161,2.43375,5273.30229743813,4.732,4.27116847826083,0.0611426456013884,12.1872282608695,0.0190839012471811,0.0274235941469669,0.0173372775316238,1517.26,11.95,6642.79,27.62,3.341,27466.12,9.3,31634.53,14.0,21040.32,20.0,29745.37,36.0,24013.47,9.9,38857.47,40.0,0.012769,2.6,0.001311,8.0,0.0,9.0,1989.19309513165,6.5,3890.56865327316,15.0,1.0,0.0,0.0,12.0,0.043,0.667,0.0,79.0078056610412,7.0,80.6621883204601,7.2,242.253466356319,14.0,362.468274174797,17.0,6.0,3.0,0.0
chr3-114350524-114350525-C-T,TWJF-10146-MO011-0024,Accept,1.035,0.01,1.25,0.02,117.583,61.879,0.414,2.0,0.871,53.914,0.353,0.383,0.0,151.116,5.94,207.861,6.83,61.8791837157608,0.41425,53.913606989227,0.353125,0.586820652173856,0.61462942263495,0.450978260869562,0.691871729887304,0.0423700213432312,0.101219456642866,202.74,1.78,393.16,2.4,1.376,90.26,0.7,194.06,1.3,96.15,1.6,123.32,1.9,103.17,0.87,82.22,0.74,0.426257,0.79,0.578213,0.51,5.0,10.0,1235.72622310726,1.2,1249.16910019277,1.2,6.0,0.0,0.0,6082.0,285.396,0.412,0.0,199.062750256734,2.7,235.499505750657,3.1,201.228736360297,2.8,221.661363310213,3.0,1.0,3.0,0.0
chr3-123223591-123223591-T-TG,TWJF-10146-MO011-0024,Review,1.1,0.32,11.0,3.85,0.0,25.89,0.23,2.0,58.219,1507.29,4.0,0.354,0.0,77.07,33.72,2497.353,239.51,230.489680302686,0.956499999999999,11773.1791731219,6.239125,1.43986413043469,0.279678217405517,27.6173913043478,0.0083293125707303,0.0040669292211532,0.0004330702095103,5604.83,73.47,5715.36,97.38,32.404,39.54,0.35,2015.17,6.4,90.6,1.7,4358.65,9.0,25.89,0.23,1507.29,4.0,0.061817,1.9,0.003519,8.1,4.0,10.0,87.231755348375,1.2,1925.66187886762,13.0,9.0,0.0,0.0,1036.0,55.19,0.0,0.0,66.9083006925212,1.0,2920.65325605712,17.0,64.2421400742002,1.0,2074.05371595795,14.0,1.0,0.0,0.0
chr4-152411451-152411451-A-AT,TWJF-10146-MO011-0024,Reject,12.0,4.31,9.5,24.41,0.0,822.034,2.49,2.0,2.63,2162.171,5.29,0.76,0.0,9465.745,405.4,10210.172,2304.5,9172.03483323697,2.837625,8038.00029906935,2.63975,22.1923097826087,0.0105896437567621,18.6179891304348,0.0120141080705989,0.0003948488129026,0.0002387766635365,4760.16,2.49,4907.87,5.29,1.079,28721.62,25.0,22084.13,14.0,18985.07,12.0,14722.66,8.0,32906.7,34.0,30215.07,26.0,0.000311,14.0,0.000491,11.0,0.0,10.0,9759.45427565568,12.0,12382.3442447187,15.0,6.0,0.0,0.0,1489.0,87.578,0.0,1.0,822.034415115951,2.5,2162.17081031593,5.8,985.802692502821,2.9,2902.61877446237,7.3,1.0,0.0,0.0
chr4-47806935-47806936-C-T,TWJF-10146-MO011-0024,Accept,1.28,2.78,1.4,2.52,1.775,11.045,0.14,2.0,1.228,13.566,0.17,0.774,0.0,87.95,135.32,108.529,123.06,15707.1021107981,8.429,15613.4305210264,8.312,37.3590489130435,0.0063757453434332,37.3590489130435,0.006455873002611,0.0034805759787559,0.0053911209106445,5224.23,1.26,5243.02,1.3,1.234,147.98,1.3,184.61,1.5,20.24,0.14,23.43,0.17,289.71,1.7,426.76,2.1,0.019118,3.6,0.016394,3.9,12.0,11.0,11.0451429482641,0.2,13.5659986979217,0.2,1.0,0.0,0.0,165.0,6.802,0.261,0.0,27.9196519491278,0.2,27.9840133939227,0.2,22.8128739058692,0.2,32.4474072733207,0.2,1.0,3.0,0.0
chr5-134750839-134750840-A-G,TWJF-10146-MO011-0024,Accept,2.0,9.7,1.8,9.8,10.436,185.349,0.107,2.0,0.971,179.883,0.129,0.821,0.0,254.572,109.945,280.767,107.05,223.485452458749,1.06225,274.393714458975,1.177625,0.107173913043496,0.909688122486948,0.128532608695679,0.895534174248946,0.915824249386787,0.926583155989647,1020.2,3.56,646.14,2.95,1.103,272.72,1.5,287.14,1.6,199.59,2.3,155.62,2.1,457.61,2.1,346.42,1.9,0.373971,0.91,0.331749,1.1,5.0,10.0,1619.55802714288,1.9,1517.75856701751,1.7,7.0,0.0,0.0,1112.0,14.699,0.71,0.0,185.348894476331,2.6,179.882949507212,2.5,236.423150333283,3.1,218.620055389909,3.0,1.0,3.0,0.0
chr7-100766647-100766648-T-C,TWJF-10146-MO011-0024,Pending,59.0,4.3,56.5,4.1,0.0,344.51,5.49,2.0,1.648,567.61,7.16,0.392,0.0,33131.371,34.8,32244.788,32.75,27488.4232420656,36.68475,28152.4653310568,39.73275,99.2866032608696,0.0038168252244064,99.2866032608696,0.0038404530299696,0.0113846696913242,0.0196888484060764,344.51,5.49,567.61,7.16,0.973,47494.69,81.0,46664.91,68.0,38774.32,70.0,36337.11,58.0,46462.91,89.0,45296.39,79.0,1e-05,48.0,6e-06,55.0,0.0,8.0,24218.0412200515,36.0,13797.2512781836,21.0,7.0,0.0,0.0,0.0,0.001,0.0,0.0,33131.371,59.0,32244.788,56.5,33131.371,59.0,32244.788,56.5,1.0,3.0,0.0
chr7-7520062-7520063-G-A,TWJF-10146-MO011-0024,Pending,5.155,5.69,20.0,11.98,0.49,264.556,0.634,2.0,22.741,6016.393,2.279,0.718,0.0,7436.2,344.64,26278.19,1152.22,264.555718035829,0.634499999999999,6016.39255796554,2.2795,1.20777173913032,0.346528575935029,14.2770380434783,0.0166367681888397,0.130015332251787,0.0140397623181343,4853.83,4.01,4812.2,3.3,3.534,13201.57,6.4,29434.18,26.0,14175.55,7.2,27278.95,38.0,10998.42,3.8,25277.43,16.0,0.102101,0.72,0.005309,3.6,0.0,9.0,3066.44897989438,6.3,17505.3143476997,37.0,9.0,0.0,0.0,16.0,0.56,0.875,0.0,7204.43620415285,6.7,177255.61442846,53.0,7667.96284776025,7.0,39055.3019648395,24.0,1.0,3.0,0.0
chr8-104013488-104013489-C-T,TWJF-10146-MO011-0024,Pending,3.4,7.05,2.07,22.06,4.703,190.417,0.637,2.0,0.421,80.179,0.177,0.377,0.0,1125.045,387.14,514.267,2382.39,190.417025105057,0.977999999999999,80.1790175040648,0.5425,0.636956521739037,0.588642061113517,0.177472826086941,0.864075792477708,0.320305939763784,0.504310503602028,456.29,2.55,273.95,2.04,0.457,1723.83,4.0,566.99,2.3,1430.07,5.3,528.51,3.6,815.92,2.8,280.12,1.6,0.270923,1.3,0.552669,0.56,2.0,10.0,5441.03041320878,8.0,1728.18540463734,2.1,2.0,0.0,0.0,347.0,25.841,0.182,0.0,986.256775968254,7.3,500.023021388871,5.1,1263.83389904525,8.3,670.949757094923,6.0,1.0,3.0,0.0
chrX-43731721-43731722-C-T,TWJF-10146-MO011-0024,Accept,0.445,0.67,0.545,0.14,0.779,22.89,0.23,2.0,1.832,41.93,0.07,0.645,0.0,34.954,25.81,40.122,8.65,42.3457967867407,0.236125,39.4003330416908,0.201625,0.285570652173874,0.795167515823972,0.17043478260868,0.869268370565495,0.189650576561689,0.321956474334001,22.89,0.44,41.93,0.74,1.148,51.8,0.45,71.05,0.59,33.85,0.54,32.06,0.5,30.58,0.33,35.97,0.37,0.772435,0.23,0.90442,0.07,7.0,10.0,953.118683204384,0.9,864.681670102131,0.7,5.0,0.0,0.0,61.0,1.25,0.623,0.0,36.0570340487147,0.6,39.535751652008,0.6,32.6354796507907,0.5,40.7089592958073,0.6,1.0,3.0,0.0
chr1-11526714-11526715-T-G,mcdb046,Reject,0.15,0.74,0.425,0.35,0.155,14.1,0.03,2.0,2.287,32.25,0.11,0.084,0.0,25.434,28.03,66.847,15.66,34.4885587388186,0.054125,66.8484125391407,0.260875,0.378749999999982,0.737599237179175,0.667445652173839,0.574544204129012,0.0420599728822708,0.0165464356541633,2148.79,0.29,5399.73,1.94,2.628,14.1,0.03,32.25,0.11,29.73,0.1,66.92,0.32,14.75,0.04,47.84,0.15,0.904913,0.03,0.492833,0.35,4.0,10.0,1050.60076521104,1.1,2416.89844963521,3.4,1.0,0.0,0.0,1.0,0.155,1.0,0.0,14.866200985286,0.2,45.3106194978559,0.5,21.1382972147662,0.2,66.8451650562545,0.7,1.0,3.0,0.0
chr1-16251411-16251412-G-C,mcdb046,Accept,1.6,1.73,25.0,1.62,3.954,67.345,0.261,2.0,296.888,19993.855,7.9,0.223,0.0,735.715,67.54,19939.387,62.11,67.3447785503333,0.260875,19993.8549602631,7.9005,0.266956521739104,0.807185991208304,46.2246739130435,0.0052211945273446,0.338354330509901,0.0129384323954582,4721.98,0.86,5678.81,93.67,27.102,841.82,2.4,19884.92,26.0,797.29,2.1,22573.33,24.0,674.14,1.3,29700.36,32.0,0.454286,0.4,0.000543,15.0,1.0,10.0,1485.26775588534,1.9,22451.5445725759,33.0,10.0,0.0,0.0,28.0,12.318,0.321,0.0,485.512035242281,2.9,3691.47558165414,13.0,671.537083192791,3.7,10117.4251474469,24.0,1.0,3.0,0.0
chr1-169127289-169127290-G-C,mcdb046,Pending,18.795,9.01,13.965,12.72,86.713,3048.878,9.3,2.0,0.225,687.29,5.6,0.281,0.0,14734.546,520.53,8557.011,754.67,31296.8074988291,46.754125,31728.42900137,56.84775,99.2866032608696,0.0033287722617318,99.2866032608696,0.0034425884507647,0.0081990770995616,0.0214939340949058,5343.68,20.59,5333.41,15.93,0.581,29646.1,27.0,23186.99,19.0,15967.2,12.0,8163.8,4.7,28098.86,17.0,19746.84,8.6,7.9e-05,22.0,0.000186,16.0,0.0,8.0,13501.8921247818,17.0,8950.22129972122,12.0,1.0,0.0,0.0,729.0,244.951,0.354,0.0,3048.87767326889,9.3,687.289960413881,5.6,6057.73122156017,15.0,705.19625941908,5.6,1.0,3.0,0.0
chr1-201224729-201224730-CA-C,mcdb046,Pending,17.5,0.64,71.5,6.53,0.0,28.802,2.617,2.0,1.702,49.026,30.172,0.122,0.0,4060.435,24.81,27902.961,427.49,1375.58394463638,3.851875,23018.2829836619,30.17225,2.61733695652164,0.117765563963828,62.7446739130435,0.004684446244199,0.19273966178298,0.0207986943423748,3368.13,61.55,3961.16,65.1,6.872,19984.35,13.0,44285.03,71.0,4752.74,19.0,32787.64,75.0,18784.63,16.0,43881.05,83.0,0.006797,3.2,1e-05,42.0,0.0,9.0,22209.9332855032,64.0,50000.0,91.0,8.0,0.0,0.0,0.0,1.734,0.0,0.0,34.4516478980338,53.0,87.9447664681375,95.0,28.802487711077,41.0,49.0263995203506,72.0,5.0,0.0,0.0
chr1-231203908-231203909-G-A,mcdb046,Pending,17.541,6.42,17.497,12.52,0.0,30.354,2.0,2.0,1.019,30.918,2.9,0.203,0.0,3176.455,315.66,5023.516,669.65,1578.16918138919,4.083,3553.99109045645,5.99475,2.14633152173906,0.15898638942839,2.5035597826086,0.125850382779697,0.328807063400745,0.474698178470135,1999.35,50.97,1229.94,42.23,1.581,7089.08,3.5,10640.24,5.3,11355.63,31.0,14099.07,35.0,4353.56,3.4,6493.04,4.7,0.015484,2.0,0.00821,2.9,1.0,9.0,10191.1082266841,32.0,9146.0108795381,29.0,1.0,0.0,0.0,0.0,0.215,0.0,0.0,30.3535855538316,44.0,30.9179008416967,45.0,62.8680514624581,83.0,69.0923556709857,88.0,1.0,3.0,0.0
chr1-6579519-6579520-T-C,mcdb046,Pending,6.1,6.64,6.875,6.54,0.0,2942.524,1.732,2.0,1.064,3131.266,4.34,0.125,0.0,6831.625,384.64,12461.263,379.25,3629.07427071542,2.094625,11753.0554226003,4.340375,1.7317391304347,0.217573427738485,5.05404891304345,0.0508503064268322,0.666494883596897,0.523666623979807,5299.8,7.48,5294.02,6.65,1.824,8363.45,6.2,13169.47,9.3,15044.73,9.6,15795.37,12.0,20690.63,9.1,21088.65,9.4,0.022166,2.0,0.006147,3.7,0.0,10.0,15541.0817113483,17.0,22451.5445725759,23.0,4.0,0.0,0.0,2.0,0.094,0.0,0.0,2942.52390683817,5.2,3131.26627141998,5.4,3695.30253547672,6.0,5054.17179706894,7.1,1.0,3.0,0.0
chr10-132168184-132168185-G-A,mcdb046,Pending,10.155,9.67,7.68,9.68,0.0,2443.19,6.1,2.0,0.414,1011.56,3.8,0.187,0.0,9638.0,803.26,6857.172,805.23,17044.1194949101,7.697625,14890.4646397824,6.65975,22.1923097826087,0.0102344783124599,13.5008967391304,0.0171310976178371,0.160768307745457,0.271253522485495,4975.43,11.01,2489.35,7.66,0.711,19409.83,26.0,14246.28,18.0,2443.19,6.1,1011.56,3.8,13343.02,16.0,8778.17,9.6,0.007025,6.2,0.011568,4.9,0.0,8.0,5932.98039812903,9.3,4936.17358223685,7.7,7.0,0.0,0.0,1.0,1.38,0.0,0.0,9638.0,10.155,6857.172,7.68,9638.0,10.155,6857.172,7.68,6.0,3.0,0.0
chr10-98209608-98209609-G-A,mcdb046,Reject,2.05,2.54,1.662,1.32,8.218,25.131,0.57,2.0,0.516,12.978,0.4,0.247,0.0,296.64,108.15,199.476,49.74,189.679192295572,1.333,170.002336848872,1.2235,1.26923913043468,0.327741546413751,1.18195652173902,0.35493114401524,0.0149063616991043,0.0190327614545822,4133.87,66.07,1023.73,39.22,0.672,2554.07,1.6,1607.76,1.2,215.3,2.5,164.27,2.1,377.98,0.57,228.95,0.4,0.030618,1.4,0.05238,0.88,2.0,9.0,6062.766657073,17.0,4989.871863861,13.0,9.0,0.0,0.0,106.0,15.023,0.547,0.0,25.1310132998668,34.0,12.9780666444453,15.0,53.5093899873626,76.0,26.4502633248997,36.0,2.0,3.0,0.0
chr11-17611388-17611389-C-G,mcdb046,Pending,10.195,0.01,9.992,0.01,0.174,3.503,0.8,2.0,1.023,3.585,0.9,0.064,0.0,3447.524,11.44,3911.729,10.58,9249.07878253099,10.59025,6030.33215478557,7.983,22.1923097826087,0.0105487612936081,15.1609510869565,0.0159739148245415,0.0015863738954067,0.002993244677782,33.7,5.53,21.04,3.48,1.135,4050.71,2.2,6902.13,3.4,3587.33,16.0,3932.89,17.0,13321.23,9.8,14038.48,12.0,0.000141,18.0,0.000197,16.0,0.0,9.0,3307.718431318,5.7,3890.56865327316,7.5,7.0,0.0,0.0,2.0,0.174,1.0,0.0,11.020720798183,13.0,11.4080128053993,13.0,3.50291823380008,0.8,3.5845116811801,0.9,5.0,3.0,0.0
chr11-64116553-64116554-C-A,mcdb046,Pending,10.85,7.09,12.0,1.5,0.011,105.257,1.76,2.0,1.34,141.01,0.9,0.07,0.0,2653.705,409.62,2185.32,117.74,12925.4034337431,5.841625,15122.6840146107,6.733125,17.305597826087,0.0135587624577264,20.2322554347826,0.011184081069978,0.165275905281305,0.153280202299356,136.39,1.76,51.2,0.9,0.823,2190.79,3.7,1026.94,2.3,3116.62,8.7,3343.7,9.0,16192.67,20.0,12152.99,15.0,0.000714,17.0,0.000496,19.0,0.0,10.0,11604.0356333116,19.0,9865.62273093003,17.0,6.0,0.0,0.0,21.0,0.056,0.19,0.0,105.256760608252,6.1,141.010028380848,7.3,268.311940371618,13.0,366.133949176563,16.0,1.0,3.0,0.0
chr11-64116553-64116555-CC-AT,mcdb046,Pending,10.85,7.09,12.0,1.5,-0.5922124824853716,105.257,1.76,2.0,1.34,141.01,0.9,0.085,0.0,2653.705,409.62,2185.32,117.74,12925.4034337431,5.841625,15122.6840146107,6.733125,17.305597826087,0.0135587624577264,20.2322554347826,0.011184081069978,0.165275905281305,0.153280202299356,136.39,1.76,51.2,0.9,0.823,2190.79,3.7,1026.94,2.3,3116.62,8.7,3343.7,9.0,16192.67,20.0,12152.99,15.0,0.000714,17.0,0.000496,19.0,0.0,10.0,11604.0356333116,19.0,9865.62273093003,17.0,6.0,0.0,0.0,391.08977748691956,0.056,0.132436986975532,0.0,105.256760608252,6.1,141.010028380848,7.3,268.311940371618,13.0,366.133949176563,16.0,1.0,3.0,0.0
chr11-64878463-64878464-T-A,mcdb046,Reject,1.715,4.2,0.98,3.9,25.248,27.556,0.016,2.0,0.522,14.395,0.018,0.229,0.0,61.505,62.135,55.883,70.155,33.5149934024775,0.015875,33.9259628651865,0.017875,0.164103260869567,0.873416670984575,0.249918478260838,0.818160888655952,0.288000606000423,0.170498784631491,75.04,10.2,77.84,10.46,0.909,228.57,0.33,163.91,0.26,291.48,3.1,183.04,2.2,47.97,0.11,26.56,0.07,0.544421,0.05,0.57808,0.05,8.0,9.0,2664.09147713626,3.6,1904.93895517228,1.7,9.0,0.0,0.0,81.0,136.478,0.185,0.0,27.5556081302883,38.0,14.3949446728158,17.0,37.8817470665202,59.0,26.8182231408492,37.0,5.0,3.0,0.0
chr11-65107850-65107851-C-T,mcdb046,Accept,0.352,0.15,0.289,0.82,15.087,30.38,0.011,2.0,0.823,25.0,0.014,0.19,0.0,61.587,66.44,60.363,144.43,55.8174033249818,0.22475,57.0166057989055,0.237625,0.0108695652174048,0.977064159571061,0.0141576086956831,0.974143352580444,0.942532889544964,0.913643926382065,578.35,30.77,909.46,37.36,0.98,58.13,0.12,30.66,0.06,30.38,0.48,25.0,0.34,41.58,0.1,39.73,0.1,0.476798,0.07,0.427517,0.09,4.0,9.0,3099.80741799732,5.0,2873.70327679293,4.2,7.0,0.0,0.0,61.0,101.942,0.148,0.0,65.0444131935993,85.0,63.710351329916,84.0,67.6752704480264,87.0,64.6293815348608,85.0,1.0,3.0,0.0
chr11-6608790-6608816-GGTCCATCTCCCCATCCCCTAGCTTGT-G,mcdb046,Review,0.157,0.72,6.0280962661457265,4.632261521962138,0.0,26.006,0.014,2.0,114.06964364537049,2948.6272818241628,4.3725800678496025,0.083,0.0,37.856,27.58,3843.9159109918855,234.11408991281507,43.1129646967599,0.113625,4155.326983949553,4.3084918563006696,0.0141576086956831,0.974059551371565,10.918197716754348,0.7095185497665004,0.835966363549232,0.6951517262376534,863.04,0.1,4035.786843054248,9.195038127376574,15.862647625374345,51.15,0.21,4884.771515807295,6.512467825891273,31.55,0.11,4545.636866754304,7.323556855939506,27.85,0.07,5100.836113682636,6.281234983135343,0.512341,0.32,0.45844487332705397,6.80640567271585,11.0,10.0,277.628727329086,0.2,3314.4885199999567,6.530043112467985,0.0,0.0,1.0,37.0,113.444,0.0,0.0,32.5986788904469,0.3,6252.885633433481,5.4125324609653,26.0057869314772,0.2,7016.460164319129,6.771894524799608,5.0,0.0,0.0
chr12-25245349-25245350-C-T,mcdb046,Accept,1.75,1.97,0.79,2.82,23.593,71.073,0.169,2.0,0.743,52.818,0.138,0.199,1.0,764.565,118.33,385.03,153.65,71.0734633178562,0.279875,52.8184554045771,0.18025,0.168750000000003,0.870748332520783,0.138342391304363,0.889773368746972,0.487616375088692,0.457229468971491,5462.48,2.38,4535.29,0.77,0.504,938.8,2.6,396.16,1.4,1445.63,3.0,466.68,1.6,590.33,1.2,373.9,0.78,0.289601,0.67,0.375303,0.53,3.0,10.0,1967.78648311005,2.7,1422.35784649154,1.7,6.0,0.0,0.0,401.0,75.137,0.314,0.0,242.214422857512,1.8,89.7842170909726,0.9,209.445001410281,1.7,76.3958909282397,0.8,1.0,3.0,0.0
chr12-52791215-52791216-C-T,mcdb046,Pending,0.13,12.0,14.0,17.0,0.0,11.03,0.03,2.0,1024.422,11299.37,15.0,0.242,0.0,28.034,328.205,9454.375,538.39,31.9645381976864,0.038125,24403.5567415506,11.27075,0.176141304347794,0.865094119285787,46.2246739130435,0.0050483546891787,0.254293564707041,0.0580913722515106,1091.12,0.15,5760.86,99.47,337.25,11.03,0.03,11299.37,15.0,32.77,0.11,16763.86,15.0,13.92,0.03,11374.2,7.5,0.892267,0.03,0.003171,7.4,2.0,10.0,461.653351148899,0.3,7609.37914115875,13.0,10.0,0.0,0.0,0.0,0.043,0.0,0.0,19.778802779424,0.2,2095.07705236518,8.4,24.102938908542,0.2,5572.75563901934,17.0,1.0,3.0,0.0
chr14-104713520-104713521-G-A,mcdb046,Pending,31.42,3.59,30.0,2.9,107.577,9447.755,18.0,1.0,1.699,16053.811,16.0,0.231,0.0,19303.596,188.625,15542.387,137.31,27157.4853762776,20.860125,25428.7282493538,16.466125,99.2866032608696,0.0037164249001898,99.2866032608696,0.0039647899951057,0.0004967525601387,0.0007938295602798,19814.05,31.84,19648.79,31.52,0.805,18889.38,25.0,12685.15,16.0,19717.81,39.0,15881.05,29.0,14561.08,18.0,13426.0,16.0,0.000111,33.0,0.000205,27.0,0.0,9.0,9447.75502346994,31.0,16053.8113000761,43.0,9.0,0.0,0.0,439.0,219.544,0.49,0.0,21627.1852372702,37.0,14256.0759360218,31.0,10231.7518810275,26.0,15203.7248030559,31.0,1.0,3.0,0.0
chr14-19780614-19780615-T-A,mcdb046,Pending,4.9,6.93,3.1,8.41,0.0,15.468,0.362,2.0,1.062,16.422,0.221,0.143,0.0,640.1,469.54,320.657,638.79,94.0948078489158,0.641375,83.4245520708087,0.536875,0.362445652173875,0.746967341783044,0.221249999999983,0.836394766975225,0.33144972845912,0.45361290127039,262.86,21.19,65.29,9.27,0.501,4336.5,2.3,2404.51,1.5,1139.41,7.5,557.89,4.7,1017.34,1.2,1134.62,1.3,0.060539,0.78,0.051854,0.89,6.0,9.0,16583.4568046996,52.0,11604.0356333116,37.0,1.0,0.0,0.0,0.0,0.066,0.0,0.0,17.147862797488,21.0,17.3065300184118,21.0,15.4678517154118,18.0,16.4221494456614,20.0,6.0,3.0,0.0
chr14-20457175-20457176-G-A,mcdb046,Pending,30.822,10.35,45.5,10.46,45.349,1675.907,8.8,2.0,2.661,4459.129,20.0,0.214,0.0,14351.99,852.92,21600.815,861.44,28270.1941330901,25.336375,28707.1327655999,26.759625,31.6431793478261,0.0073885977421197,62.7446739130435,0.0044806694903659,0.206784710288048,0.0688042938709259,27242.77,52.12,28642.61,58.21,1.505,7019.77,8.8,15489.71,20.0,18780.76,35.0,23957.42,49.0,9923.22,12.0,19244.21,24.0,0.00059,18.0,0.000154,30.0,0.0,10.0,21500.588336426,30.0,34986.7816160714,42.0,1.0,0.0,0.0,593.0,143.058,0.317,0.0,1675.90732821594,34.0,4459.12862608463,50.0,2374.87086726919,39.0,4893.72994924836,52.0,1.0,3.0,0.0
chr16-3564259-3564260-G-A,mcdb046,Accept,2.1,4.48,3.6,12.95,0.492,6.229,0.23,2.0,1.119,6.973,0.73,0.241,0.0,146.215,417.31,506.095,1070.58,763.076303710946,2.93775,1783.50671316827,4.331875,0.403260869565216,0.721472856065294,1.28986413043469,0.322168370695941,0.869127131998539,0.622967224568129,154.12,15.93,107.32,12.88,3.461,138.31,0.23,886.85,0.73,55.08,0.87,125.34,1.8,1020.3,1.2,4095.35,3.2,0.032055,1.3,0.01474,2.1,1.0,9.0,7131.08155905495,21.0,11112.5358162574,35.0,1.0,0.0,0.0,53.0,2.179,0.226,0.0,23.2921726180596,31.0,23.0255493228664,30.0,6.2291673702166,2.9,6.97316593667791,4.0,1.0,3.0,0.0
chr16-88598620-88598621-G-A,mcdb046,Review,0.48,1.58,0.442,7.36,30.239,79.495,0.162,2.0,0.874,69.481,0.127,0.345,0.0,1954.15,60.75,2029.45,515.54,79.494603759467,0.162125,69.4807458349439,0.127,0.671467391304276,0.572434127388944,0.524483695652137,0.650597602917529,0.0616752319037914,0.117946572601795,15543.94,7.65,16468.08,8.86,1.039,31847.46,6.4,31857.44,6.4,2365.16,0.36,2327.08,0.36,1543.14,0.2,1731.82,0.22,0.311896,0.28,0.292925,0.3,0.0,11.0,846.171342146649,0.6,810.330961006521,0.6,7.0,0.0,0.0,334.0,64.752,0.467,0.0,1954.15,0.48,2029.45,0.442,1954.15,0.48,2029.45,0.442,1.0,3.0,0.0
chr17-7676152-7676153-CG-C,mcdb046,Accept,2.6,2.9,3.9,5.271121684513515,7.693,399.92,0.88,2.0,2.477,990.78,3.3,0.223,1.0,614.19,43.005,1201.66,137.77104496994104,470.107003930174,1.096375,477.231229410379,1.103625,1.37679347826078,0.29671350659175,1.85812499999992,0.19639360411607,0.223221480846405,0.0730343386530876,610.1,3.88,828.74,4.5,1.956,623.54,1.7,1207.06,2.6,618.28,3.5,1196.26,4.9,399.92,1.0,990.78,2.0,0.21308,0.88,0.027961,3.3,7.0,9.0,2904.96492618402,12.0,3343.70152488211,14.0,9.0,0.0,0.0,335.0,53.796,0.143,0.0,665.273156201743,4.1,1294.19584144999,7.0,552.013882675347,3.5,1210.45876631246,6.6,1.0,0.0,0.0
chr19-7527617-7527618-A-C,mcdb046,Pending,0.046,4.9,0.05,5.22,0.0,26.62,0.01,2.0,0.912,24.27,0.01,0.063,0.0,62.947,81.05,75.807,87.76,30.1802878973589,0.011125,31.122104676971,0.014,0.0411684782608858,0.954289249376563,0.0267391304348052,0.964341736384699,0.572139386087656,0.653730675578117,688.93,0.04,684.55,0.04,1.204,27.6,0.05,30.73,0.06,40.46,0.22,48.9,0.24,26.62,0.04,24.27,0.04,0.972772,0.01,0.975189,0.01,5.0,9.0,145.052828540483,0.3,161.627740630609,0.3,8.0,0.0,0.0,74.0,29.663,0.0,0.0,85.4338543482406,0.3,102.714084595174,0.3,88.0967729144836,0.3,114.277307665249,0.3,1.0,3.0,0.0
chr2-159412485-159412486-T-G,mcdb046,Accept,2.73,3.7,2.05,3.8,45.209,579.421,1.254,2.0,0.859,497.976,1.172,0.209,0.0,1318.83,137.075,736.155,115.885,855.42275745992,1.2545,721.794260347781,1.171875,2.760054347826,0.108468669825997,2.54364130434774,0.122289253013594,0.0361182577908039,0.027797881513834,5644.5,65.75,5591.8,8.89,0.558,1431.3,3.4,704.79,2.1,1517.76,2.7,711.66,2.0,999.68,1.6,1022.66,1.6,0.086092,1.7,0.092603,1.6,1.0,9.0,579.421175080228,1.7,497.976424355032,1.3,6.0,0.0,0.0,240.0,171.897,0.263,0.0,1348.34180524608,3.3,792.13645415285,2.5,1289.31786392729,3.3,750.516077321542,2.5,1.0,3.0,0.0
chr2-169185775-169185776-C-T,mcdb046,Pending,0.275,3.49,12.61,26.7,0.0,9.809,0.01,2.0,26.792,262.809,6.5,0.074,0.0,33.685,347.38,8036.48,2619.55,41.7631966461891,0.061625,5951.83959005336,3.516,0.0225815217391556,0.967394193651192,9.15535326086956,0.0260516217921087,0.760658107697964,0.140549160540104,35.65,0.65,5971.54,12.22,238.577,46.81,0.25,11259.34,15.0,31.72,0.3,11417.23,22.0,19.57,0.06,10101.42,12.0,0.954861,0.01,0.006127,6.5,3.0,10.0,1619.55802714288,1.6,14564.226482042,23.0,10.0,0.0,0.0,0.0,0.189,0.0,0.0,17.8751625581649,1.4,718.207605830169,23.0,9.80934479274749,0.9,262.808858559576,13.0,6.0,3.0,0.0
chr2-197489033-197489034-C-A,mcdb046,Accept,0.918,2.06,1.009,1.76,41.315,23.68,0.04,2.0,1.196,28.31,0.05,0.186,0.0,523.251,147.17,591.901,131.59,485.586719429437,0.995749999999999,610.616113782061,1.098,1.94760869565209,0.183851639644718,1.8984782608695,0.19102694075282,0.0547708123922348,0.130987126380205,4685.14,0.84,4818.93,0.92,1.131,396.25,1.4,481.26,1.6,23.68,0.04,28.31,0.05,338.66,0.73,411.68,0.82,0.420037,0.45,0.308589,0.64,1.0,8.0,560.91551463325,0.4,573.185760166311,0.4,7.0,0.0,0.0,379.0,116.054,0.356,0.0,11611.2773806127,4.5,11611.2773806127,4.5,20320.2946008742,12.0,20320.2946008742,12.0,1.0,3.0,0.0
chr2-229026055-229026056-C-A,mcdb046,Pending,0.97,1.32,10.65,21.87,0.0,36.765,0.1,2.0,1.279,47.036,1.4,0.204,0.0,75.476,186.7,1169.995,1988.71,56.0165881252461,0.22475,196.070183330899,1.36725,0.113179347826105,0.905894559755874,1.09779891304332,0.384921149710214,0.523134898394346,0.0945797488093376,130.81,14.51,289.19,22.23,15.501,45.15,0.1,2050.8,1.4,92.58,1.5,4526.88,18.0,259.95,0.44,4309.46,3.3,0.308439,0.17,0.016044,2.0,4.0,9.0,3454.01654281483,6.0,6262.78876057716,18.0,1.0,0.0,0.0,29.0,12.375,0.0,0.0,58.3727293213404,80.0,60.008117108463,81.0,36.7646131047305,57.0,47.0359586607769,71.0,1.0,3.0,0.0
chr2-71611530-71611531-G-A,mcdb046,Accept,1.743,0.53,4.594,1.68,6.316,214.14,0.69,2.0,0.771,165.16,1.3,0.177,0.0,711.445,20.98,2394.304,64.66,289.28664788654,1.78675,3674.63773536573,6.088875,1.608179347826,0.241342796935181,9.49423913043476,0.0259084392882429,0.010123711079359,0.0065548308193683,889.9,37.02,117.32,13.6,3.365,29617.88,23.0,26225.2,19.0,214.14,2.0,165.16,1.7,532.99,0.69,1113.97,1.3,0.0211,1.7,0.007287,3.1,5.0,10.0,3932.89229682844,0.8,5210.57046486107,1.7,10.0,0.0,0.0,43.0,24.673,0.256,0.0,711.445,1.743,2394.304,4.594,711.445,1.743,2394.304,4.594,1.0,3.0,0.0
chr20-32909854-32909855-G-A,mcdb046,Pending,0.345,3.4,0.468,2.4,0.0,50.177,0.1,2.0,1.293,64.894,0.25,0.082,0.0,197.054,40.82,363.898,33.445,50.1771056033232,0.10675,64.8938447096555,0.17625,0.418288043478256,0.712674664267293,0.536467391304299,0.643344262469449,0.109630383551121,0.0902204811573028,1529.36,0.1,3674.12,0.25,1.847,243.76,0.4,711.63,0.98,105.99,0.39,401.08,0.93,113.82,0.15,383.74,0.36,0.641206,0.13,0.248734,0.4,2.0,9.0,151.468415393893,0.3,198.51637314368,0.4,7.0,0.0,0.0,3.0,1.103,0.0,0.0,263.408630269854,0.5,344.056684541167,0.7,242.638660632535,0.5,304.761428105256,0.6,5.0,3.0,0.0
chr20-46613675-46613676-G-A,mcdb046,Pending,7.465,4.37,14.0,13.67,0.0,1028.11,0.7,2.0,2.179,2240.607,2.8,0.272,0.0,6552.25,232.08,18025.043,1442.92,17743.6511818361,8.12925,21595.5954564091,11.029,6.79260869565216,0.0363871006975082,8.01565217391304,0.0305440515782909,0.537888705730438,0.540642663836479,8004.65,14.67,22862.27,38.5,2.751,20875.69,28.0,27530.09,42.0,2635.42,6.8,8571.13,16.0,5099.85,6.0,14454.49,17.0,0.002371,9.8,0.001476,12.0,6.0,11.0,1028.11044838492,0.7,2240.60661125835,2.8,1.0,0.0,0.0,75.0,8.143,0.0,0.0,6552.25,7.465,18025.043,14.0,6552.25,7.465,18025.043,14.0,1.0,3.0,0.0
chr20-57228315-57228316-C-T,mcdb046,Accept,0.259,1.79,0.265,2.58,2.587,16.19,0.04,2.0,1.172,18.98,0.05,0.237,0.0,103.834,222.87,74.807,281.82,69.0152747576428,0.268625,65.4366913591955,0.25375,0.108641304347841,0.90816157875621,0.109809782608707,0.907429470042021,0.588024128228426,0.570934306830168,1839.17,0.25,2004.4,0.27,0.72,16.19,0.04,18.98,0.05,73.37,0.38,63.39,0.3,25.56,0.06,19.39,0.05,0.604039,0.25,0.579309,0.26,6.0,10.0,573.185760166311,0.4,573.185760166311,0.4,7.0,0.0,0.0,15.0,6.468,0.4,0.0,136.207179529909,1.2,84.1782707660815,0.8,134.298140672165,1.2,88.1190892753228,0.9,1.0,3.0,0.0
chr20-63563894-63563895-C-T,mcdb046,Accept,1.65,1.1,3.55,18.0,11.406,135.925,0.51,2.0,10.668,1450.012,1.548,0.153,0.0,601.376,16.615,2203.302,311.605,135.925083553631,0.509625,1450.01202066291,1.547875,0.91285326086944,0.459116359731093,4.0479076086956,0.0655645170731004,0.0801478177309036,0.0254303514957427,5414.0,2.01,5646.86,69.14,3.664,438.25,1.5,2980.45,5.5,497.98,1.8,3167.62,3.7,541.51,0.97,2762.99,2.8,0.31843,0.62,0.080377,1.7,2.0,9.0,666.931104469387,2.0,953.118683204384,3.0,3.0,0.0,0.0,67.0,63.718,0.179,0.0,763.484105183099,2.5,1643.61463639055,3.9,661.241344098542,2.3,1378.35155330041,3.4,1.0,3.0,0.0
chr20-63563894-63563896-CC-TA,mcdb046,Pending,1.65,1.1,3.55,18.0,14.210569678344166,135.925,0.51,2.0,10.668,1450.012,1.548,0.143,0.0,601.376,16.615,2203.302,311.605,135.925083553631,0.509625,1450.01202066291,1.547875,0.91285326086944,0.459116359731093,4.0479076086956,0.0655645170731004,0.0801478177309036,0.0254303514957427,5414.0,2.01,5646.86,69.14,3.664,438.25,1.5,2980.45,5.5,497.98,1.8,3167.62,3.7,541.51,0.97,2762.99,2.8,0.31843,0.62,0.080377,1.7,2.0,9.0,666.931104469387,2.0,953.118683204384,3.0,3.0,0.0,0.0,622.6345419171544,63.718,0.1622846441592592,0.0,763.484105183099,2.5,1643.61463639055,3.9,661.241344098542,2.3,1378.35155330041,3.4,1.0,3.0,0.0
chr21-42903318-42903319-G-A,mcdb046,Pending,1.795,1.89,3.255,3.34,0.672,8.5,0.291,2.0,1.021,8.678,0.537,0.085,0.0,308.204,74.57,637.722,157.37,61.638510296081,0.290625,83.5538504828717,0.536875,0.623288043478183,0.596220429674883,0.802418478260719,0.509064109430956,0.0195166654884815,0.0031263940036296,37.11,6.01,30.18,5.01,2.069,1054.75,0.79,2414.05,1.5,666.93,5.3,1325.76,8.1,554.77,0.72,1191.89,1.3,0.117969,0.48,0.040994,1.1,5.0,9.0,2365.15966010755,2.8,3202.07590947592,5.4,7.0,0.0,0.0,117.0,19.773,0.034,1.0,8.99932632346125,8.1,9.16663629136635,8.4,8.50021674838755,7.1,8.67820689850216,7.5,1.0,3.0,0.0
chr3-25596552-25596553-T-A,mcdb046,Accept,1.628,4.31,1.418,4.22,1.26,62.548,0.2,2.0,1.0,62.548,0.17,0.185,0.0,152.465,227.46,108.352,220.01,68.8817759465072,0.374125,64.7302437406455,0.33175,0.655597826086876,0.579950027227762,0.636956521739037,0.589221086547861,0.0310337468981742,0.0247580409049987,80.23,10.67,15.14,2.36,0.711,622.2,0.58,641.88,0.59,223.61,2.6,177.2,2.2,216.94,0.38,126.25,0.25,0.266184,0.2,0.29791,0.17,1.0,9.0,7945.93674759663,24.0,7446.48439236199,22.0,6.0,0.0,0.0,42.0,13.265,0.095,0.0,62.5475063672255,83.0,62.5475063672255,83.0,87.9893278216993,95.0,90.4544630619001,95.0,1.0,3.0,0.0
chr4-118700586-118700587-G-A,mcdb046,Accept,0.955,2.97,0.335,1.99,22.22,30.84,0.05,2.0,3.006,92.69,0.01,0.172,0.0,61.119,193.03,66.93,143.92,52.2608162922315,0.184625,43.4889076647142,0.088375,0.0761684782608824,0.930421984164905,0.0255434782608858,0.965761540303008,0.596978902816772,0.757487565279007,30.84,5.11,92.69,11.74,1.095,318.87,0.41,74.49,0.14,96.68,1.5,32.77,0.53,40.47,0.1,16.1,0.04,0.547571,0.05,0.774794,0.01,5.0,9.0,8758.62300723931,28.0,7775.83727608344,24.0,5.0,0.0,0.0,387.0,104.809,0.212,0.0,58.6421655978653,80.0,60.8429131728907,82.0,63.5960291887766,84.0,73.0180112259153,90.0,1.0,3.0,0.0
chr4-121036663-121036664-G-T,mcdb046,Pending,0.185,1.16,0.16,0.7,0.0,16.68,0.045,2.0,0.782,13.038,0.027,0.097,0.0,28.945,43.45,24.296,26.67,32.8245440224479,0.045125,29.6323310495876,0.026875,0.294239130434761,0.789169413143944,0.297798913043437,0.78772558421072,0.109430018812418,0.0788952931761741,3229.04,0.43,2690.65,0.35,0.839,18.68,0.05,17.8,0.05,39.38,0.17,34.4,0.12,23.09,0.05,18.96,0.05,0.841216,0.05,0.853542,0.05,4.0,10.0,696.429008571064,0.5,645.630535743832,0.5,5.0,0.0,0.0,87.0,8.982,0.0,0.0,16.6801518508529,0.2,13.0376704713822,0.2,25.0651322267387,0.2,18.5383040149282,0.2,1.0,3.0,0.0
chr4-150921256-150921257-G-A,mcdb046,Accept,0.215,2.9,0.195,1.2,10.435,28.026,0.007,2.0,0.992,27.793,0.017,0.099,0.0,105.621,47.31,78.11,29.71,28.0264722424963,0.019,27.7933011710256,0.017625,0.0072554347826212,0.980741765523479,0.0165760869565616,0.972284469374891,0.803849011659622,0.696213010698557,1684.64,0.24,2135.62,0.29,0.74,47.63,0.19,29.1,0.1,63.74,0.33,57.51,0.31,29.63,0.08,22.49,0.05,0.930855,0.02,0.963365,0.01,5.0,9.0,330.101822680163,0.7,356.074368186113,0.8,5.0,0.0,0.0,138.0,89.956,0.116,0.0,147.502710175976,0.6,100.415325412088,0.4,149.747644585794,0.6,98.7097381852803,0.4,1.0,3.0,0.0
chr4-168276157-168276158-T-C,mcdb046,Accept,1.362,0.63,1.265,0.63,39.105,5.511,0.17,2.0,1.007,5.549,0.19,0.258,0.0,100.77,15.97,94.777,15.425,57.627803958229,0.246,59.3730828363903,0.26875,0.423233695652158,0.709069530960056,0.369809782608684,0.742671982715726,0.142681654542684,0.198647581040859,86.34,11.2,13.77,2.08,0.941,282.46,0.38,386.36,0.45,314.41,3.2,379.96,3.7,115.2,0.24,130.18,0.26,0.300949,0.17,0.279081,0.19,5.0,9.0,3066.44897989438,4.9,3133.52874666195,5.1,7.0,0.0,0.0,344.0,115.014,0.34,0.0,5.51074099943057,2.3,5.54893963116668,2.4,5.66800206760782,2.5,5.81339723863892,2.6,1.0,3.0,0.0
chr4-86029226-86029227-C-A,mcdb046,Pending,3.416,0.73,2.148,0.24,7.414,95.12,0.47,2.0,1.803,171.54,0.69,0.214,0.0,2344.617,27.93,2876.85,12.17,2148.53359668854,1.808625,1340.08036765338,1.496625,4.73220108695648,0.0544301001053809,3.35877717391296,0.0824938826814623,0.0774315148591995,0.0738709606230259,5632.98,47.13,5236.63,1.42,1.227,2540.7,5.0,2925.25,5.5,95.12,0.47,171.54,0.69,1620.35,2.1,2828.45,2.8,0.104799,1.5,0.188228,0.97,0.0,8.0,963.487207450801,1.0,1006.1015840455,1.1,5.0,5.0,1.0,45.0,30.384,0.244,0.0,17134.8378902488,12.0,17056.1104613939,12.0,22280.7599690647,12.0,22280.7599690647,12.0,1.0,3.0,1.0
chr5-172683739-172683740-G-A,mcdb046,Pending,0.695,6.68,24.33,28.53,0.0,10.334,0.17,2.0,40.179,415.193,21.0,0.29,0.0,74.564,574.71,18468.66,2888.03,66.4870736524652,0.210875,24523.7902516355,14.9135,0.355978260869563,0.751229843704784,62.7446739130435,0.0041596372256447,0.242513727396727,0.0044603906571865,63.17,1.06,15583.81,24.66,247.69,104.33,0.46,18156.56,24.0,82.64,0.88,18780.76,35.0,141.73,0.51,21775.21,29.0,0.660227,0.17,0.000371,21.0,4.0,10.0,2812.1856201345,4.0,25289.1885284499,34.0,10.0,0.0,0.0,1.0,13.718,0.0,0.0,10.3335608216098,0.9,415.192978147146,17.0,26.8930463273318,1.9,720.509978780781,23.0,1.0,3.0,0.0
chr5-178932403-178932404-C-T,mcdb046,Pending,1.978,11.0,1.036,17.0,0.0,4.74,0.25,2.0,0.954,4.52,0.22,0.052,0.0,195.085,86.665,84.225,256.265,369.706722685295,2.05525,181.400702907505,1.287375,1.7490489130434,0.214936125287841,1.09244565217377,0.386680930030801,0.0350444205105304,0.0753294564783573,4.74,0.25,4.52,0.22,0.432,246.68,0.35,116.56,0.2,143.49,1.9,51.89,0.83,966.28,1.2,267.94,0.45,0.0138,2.2,0.046873,0.98,2.0,9.0,4478.16089666066,9.8,3167.61691360185,5.3,2.0,0.0,0.0,14.0,2.435,0.0,0.0,12.3370123646004,14.0,15.4244611147494,18.0,23.3039746931681,31.0,19.8348993026609,25.0,1.0,3.0,0.0
chr6-138263223-138263245-AGACTGCAGGACAAGGTCCTATG-A,mcdb046,Review,1.235,0.13,9.330361850735592,3.4193791674301885,0.0,39.557,0.024,2.0,70.71181301617722,2206.6648341113982,4.051901746152598,0.121,0.0,126.945,32.42,3750.350798324469,144.37972764805951,39.5571651351063,0.050375,3836.138313889114,4.79643234071228,0.0240489130435008,0.965969677084666,9.764215421259578,0.7972262459831365,0.733256839215755,0.6414407367339745,160.77,16.32,2692.057104632371,24.21373563280789,11.905515294874089,598.7,0.57,5045.317409679684,5.487424271024635,137.41,1.9,4325.901456635605,9.912890388232906,116.48,0.24,4545.4163949983895,7.030916312422141,0.371537,0.11,0.40873881501617815,5.457805992060384,19.0,9.0,6755.54752439606,20.0,9848.97611020302,28.970177208750684,0.0,0.0,1.0,8.0,2.169,0.0,0.0,88.5543704665439,95.0,4084.622012626959,99.3173956980404,72.1821809630736,90.0,5294.194734674972,96.16742918013955,1.0,0.0,0.0
chr6-30578566-30578567-G-A,mcdb046,Pending,7.071,4.16,13.05,4.78,11.732,3.165,0.6,2.0,1.472,4.66,1.6,0.238,0.0,3309.736,254.55,4073.201,285.87,4704.52350780954,6.9415,12108.5702854289,13.099375,11.6303260869565,0.0208250272455677,27.6173913043478,0.0082521269649356,0.0111826658248901,0.0054914057254791,11269.06,89.08,12963.28,91.96,1.231,1183.09,0.85,2146.24,1.4,2812.19,14.0,2277.27,13.0,27467.91,29.0,30356.63,34.0,0.003381,4.6,0.00157,6.7,0.0,9.0,3807.28285666677,7.2,5869.13289643332,17.0,8.0,0.0,0.0,200.0,36.098,0.325,0.0,3.29010683188433,0.7,3.8744494587486,1.0,3.1654102184657,0.6,4.66047303997533,1.6,1.0,3.0,0.0
chr6-54149095-54149096-T-A,mcdb046,Pending,0.02,0.04,0.02,0.11,0.0,3.02,0.002,2.0,1.626,4.91,0.002,0.196,0.0,22.595,4.93,25.493,7.63,28.2290936194767,0.002125,28.9659459512488,0.00275,0.0037228260869568,0.984586192338237,0.0016847826086774,0.9884523696583,0.869868233799934,0.959670498967171,16.96,2.72,22.02,3.66,1.128,5.19,0.02,8.71,0.02,3.02,0.01,4.91,0.02,4.07,0.02,5.45,0.02,0.931181,0.01,0.887471,0.01,9.0,9.0,2693.07285958329,3.7,3766.31095345203,7.1,4.0,0.0,0.0,0.0,4.229,0.0,0.0,38.5664798049305,60.0,38.5664798049305,60.0,28.2767830642082,40.0,35.680423460065,55.0,1.0,3.0,0.0
chr8-78736512-78736513-T-G,mcdb046,Pending,1.95,3.91,2.35,6.62,1.577,42.33,0.75,2.0,1.205,51.0,0.9,0.172,0.0,1237.174,197.35,1475.261,437.16,485.154704959304,1.114125,747.222537866586,1.355125,0.922608695652045,0.454731140314571,1.3074184782608,0.316558512926771,0.424466107040644,0.376831483095884,42.33,0.75,51.0,0.9,1.192,7902.12,9.8,7902.12,9.8,363.86,2.4,588.9,3.0,2002.32,3.1,2203.3,3.3,0.105387,1.6,0.094024,1.7,2.0,11.0,1989.19309513165,2.3,2469.76904535209,3.2,7.0,0.0,0.0,51.0,10.047,0.157,0.0,1237.174,1.95,1475.261,2.35,1237.174,1.95,1475.261,2.35,1.0,3.0,0.0
chr9-129875586-129875587-T-G,mcdb046,Accept,0.015,0.56,0.02,0.35,4.902,18.06,0.002,2.0,3.817,68.94,0.002,0.198,0.0,47.78,119.51,75.73,96.42,24.2642422136837,0.00225,24.9635308658234,0.003375,0.0153804347826422,0.972976656500851,0.0020652173913049,0.98778482657399,0.666282571852207,0.902770608663559,24833.88,21.27,22362.98,17.45,1.585,47.78,0.015,75.73,0.02,47.78,0.03,75.73,0.05,18.06,0.01,68.94,0.02,0.960206,0.01,0.884783,0.01,5.0,9.0,1158.05301827804,1.7,1967.78648311005,4.3,2.0,0.0,0.0,60.0,19.606,0.25,0.0,47.78,0.015,75.73,0.02,47.78,0.015,75.73,0.02,1.0,3.0,0.0
chr9-21971124-21971126-TGA-T,mcdb046,Accept,1.123,0.12,7.5791208913728765,3.488852244370865,37.006,111.88,0.46,2.0,96.39360674018138,2973.431552790912,4.709649494693315,0.194,0.0,199.525,8.15,3918.876112369666,192.09751109921345,178.249318338809,0.615625,4267.088657556356,5.001641221118591,1.24649456521728,0.334778681444158,10.872707612114162,0.20103904953232246,0.0068221129477024,0.05156742284140686,283.75,2.62,3480.962741982932,11.059980842394998,15.420792033458143,142.69,0.59,4838.484406511054,6.89379118107035,111.88,1.0,4516.076945516785,9.662137328989989,129.97,0.46,5076.064696336372,7.0820854605102515,0.068558,2.1,0.1468505023833785,8.562696972588572,24.0,9.0,503.393672721951,0.9,3517.8220180852386,7.665738585634668,0.0,0.0,1.0,166.0,59.687,0.62,0.0,220.80047330189,1.4,6465.3836172158935,8.440449654945583,221.794105519999,1.4,7257.252470399808,9.3570620975584,1.0,0.0,0.0
chr9-70108300-70108301-G-A,mcdb046,Accept,0.025,0.95,4.1,2.45,2.303,7.16,0.007,2.0,2051.327,14687.5,2.527,0.238,0.0,38.216,156.05,3773.899,272.87,31.7677652065067,0.016125,5244.20874477499,2.52725,0.0072554347826212,0.980897456680846,11.6303260869565,0.0203877617572929,0.840588502585888,0.0348736271262168,584.46,0.03,5382.02,50.74,98.752,14.25,0.02,2303.59,2.4,7.86,0.03,5267.25,4.4,7.16,0.02,14687.5,5.8,0.933513,0.02,0.001759,6.5,4.0,9.0,68.0139975910683,0.2,1262.75821593613,2.9,2.0,0.0,0.0,30.0,6.275,0.367,0.0,60.2046450143539,0.2,2273.15997219565,3.8,44.6642452966299,0.2,1428.76235857446,2.4,1.0,3.0,0.0
chr9-93112223-93112224-T-G,mcdb046,Pending,0.891,0.33,0.498,2.09,0.0,97.12,0.44,2.0,0.423,41.07,0.22,0.059,0.0,144.733,14.85,91.311,84.36,138.128065633846,0.509,75.7301118054166,0.2605,0.822771739130317,0.498883936492578,0.605788043478199,0.605138176693539,0.129623975604773,0.0865494199097156,1232.99,5.45,275.27,2.58,0.631,97.12,0.44,41.07,0.22,104.28,0.96,46.83,0.39,381.01,0.97,83.31,0.29,0.329321,0.56,0.467254,0.33,3.0,9.0,984.563865690705,2.9,801.610620817419,2.2,7.0,0.0,0.0,27.0,19.217,0.0,0.0,114.551294144554,0.8,99.3116048420934,0.7,151.338700328836,1.0,118.563223935323,0.8,1.0,3.0,0.0
chr9-98388998-98388999-C-T,mcdb046,Pending,1.25,12.39,1.395,14.93,0.686,500.68,0.72,2.0,1.132,567.02,0.82,0.212,0.0,1162.403,428.51,992.579,522.65,516.266524847554,1.018375,453.366686721248,0.965749999999999,1.09546195652158,0.385531200733489,0.798586956521603,0.511072825705725,0.361102513968944,0.46970072388649,5077.87,1.17,5224.36,1.39,0.854,1506.5,3.5,1590.11,3.7,500.68,0.72,567.02,0.82,720.64,1.3,741.39,1.3,0.157317,1.2,0.110476,1.4,2.0,11.0,1637.17642763048,1.9,1709.58761513716,2.1,8.0,0.0,0.0,4.0,0.915,0.75,0.0,1363.92346164676,3.7,1041.81354606695,2.4,960.881871867472,2.1,943.343801191083,2.0,1.0,3.0,0.0
chr1-10649430-10649431-G-C,TWJF-10146-MO011-0021,Accept,0.555,1.31,1.945,3.8,17.925,10.93,0.08,2.0,6.325,69.13,0.34,0.105,0.0,36.853,14.53,148.016,31.76,26.2615758595797,0.179125,54.4383067540401,0.434,0.230027173913044,0.830275948477563,0.514374999999959,0.655997617841631,0.123838389758021,0.0577026446117088,30.53,0.56,257.48,2.09,4.016,75.06,0.68,352.18,2.1,10.93,0.55,69.13,2.4,21.59,0.2,138.07,1.1,0.795116,0.08,0.432575,0.34,1.0,9.0,43.1759161375421,1.1,63.7388878884826,1.8,4.0,0.0,0.0,709.0,29.146,0.615,0.0,44.314923099316,1.5,157.96104566448,4.8,48.0806134391438,1.7,169.812634599786,5.0,1.0,3.0,0.0
chr1-150750066-150750067-A-T,TWJF-10146-MO011-0021,Pending,1.645,12.72,1.035,11.98,0.0,44.448,0.066,2.0,1.138,50.585,0.089,0.228,0.0,341.947,129.96,227.76,119.04,44.4479050107526,0.066375,50.5853045013928,0.089125,0.289646739130404,0.792777415103254,0.160923913043476,0.87545180323051,0.19882193300873,0.406258199363947,1223.89,4.18,526.51,2.85,0.666,428.55,0.85,307.4,0.67,270.22,2.8,111.28,1.8,209.52,0.89,100.23,0.47,0.543063,0.1,0.571205,0.09,3.0,9.0,1517.75856701751,2.4,1170.65092555888,1.4,8.0,0.0,0.0,5338.0,228.447,0.0,0.0,353.972888657985,5.0,236.031518275244,3.3,329.92103041387,4.6,219.487605200766,3.2,1.0,3.0,0.0
chr1-15410037-15410038-G-C,TWJF-10146-MO011-0021,Pending,2.9,3.1,33.5,2.16,1.656,45.42,0.18,2.0,251.886,11440.66,5.1,0.055,0.0,407.998,50.24,10501.344,30.095,294.826426850373,1.196625,4626.96244481212,3.60125,0.563695652173863,0.628588904449657,1.68184782608688,0.226544533268934,0.487756043672562,0.74786589667201,45.42,0.73,11440.66,23.72,25.739,673.74,3.1,18388.66,34.0,947.98,8.7,19295.7,42.0,521.17,2.7,18596.96,33.0,0.575049,0.18,0.017215,5.1,1.0,9.0,819.146165623611,13.0,8208.08818314808,39.0,2.0,0.0,0.0,1872.0,29.049,0.057,0.0,181.363546635108,5.3,9562.02775595793,46.0,176.998668774554,5.2,8749.23335577051,45.0,1.0,3.0,0.0
chr1-154348412-154348413-G-T,TWJF-10146-MO011-0021,Pending,0.518,1.9,0.431,1.9,0.043,49.887,0.1,2.0,0.888,44.284,0.11,0.051,0.0,94.3,7.17,85.2,6.055,49.8867507520224,0.1525,44.2840641605992,0.10425,0.518124999999955,0.654630639163029,0.431086956521725,0.70422382467398,0.0320214860839769,0.0637666964903473,691.89,5.41,639.07,5.17,0.903,94.3,0.518,85.2,0.431,78.12,1.3,54.96,0.88,94.3,0.2,85.2,0.18,0.516145,0.1,0.496713,0.11,5.0,9.0,704.005128091668,0.9,784.45046119223,1.1,5.0,0.0,0.0,823.0,21.409,0.002,0.0,94.3,0.518,85.2,0.431,94.3,0.518,85.2,0.431,1.0,3.0,0.0
chr1-154948279-154948280-C-T,TWJF-10146-MO011-0021,Pending,1.25,20.16,1.35,24.75,6.543,11.43,0.09,2.0,1.292,14.77,0.14,0.051,0.0,91.668,276.01,150.797,403.87,2113.60745426955,1.84775,1680.96733810333,1.637875,5.91374999999996,0.0427577234759259,4.80709239130432,0.0530827313529263,0.0012454803454602,0.002568420022726,11.43,0.43,14.77,0.52,1.645,18.18,0.09,26.96,0.14,61.7,1.2,91.58,1.6,106.88,0.5,180.14,0.78,0.169677,0.92,0.14933,1.1,10.0,9.0,1318.60914342724,1.8,1050.60076521104,1.1,4.0,0.0,0.0,3252.0,82.829,0.079,0.0,127.048634009005,1.9,184.914088043941,2.8,76.455723079319,1.3,121.453490309344,1.8,1.0,3.0,0.0
chr1-180020010-180020011-C-G,TWJF-10146-MO011-0021,Pending,5.55,3.3,8.75,3.3,7.899,114.19,0.2,2.0,17.389,1985.63,1.5,0.114,0.0,634.425,79.08,2032.899,62.35,344.866454869008,1.279625,2080.16746660258,2.555,1.56138586956511,0.251875216333357,5.2477717391304,0.048722932125273,0.0743951185140758,0.0355461451108567,114.19,1.31,1985.63,6.86,3.204,6391.62,15.0,8134.0,18.0,2228.52,14.0,2889.29,15.0,650.05,3.0,3948.37,9.3,0.543918,0.2,0.113308,1.5,3.0,9.0,456.685289375157,8.1,466.675458100716,8.2,9.0,9.0,1.0,2361.0,53.738,0.147,0.0,618.799565385117,14.0,1141.6947395171,19.0,845.220457382906,16.0,1402.71680497106,21.0,1.0,3.0,1.0
chr1-180020754-180020755-C-G,TWJF-10146-MO011-0021,Pending,19.0,23.08,19.5,36.71,7.953,328.21,2.41,2.0,0.474,155.57,1.58,0.093,0.0,3839.228,354.14,5413.942,898.98,10143.4135849939,5.6805,11362.3730663563,6.21975,24.5792391304348,0.0098336145492604,27.6173913043478,0.0087230850831044,0.0068807363713858,0.003850111275824,328.21,2.41,155.57,1.58,1.41,5064.55,13.0,7153.03,16.0,5900.97,19.0,6646.79,21.0,11218.24,21.0,12343.95,23.0,0.000836,21.0,0.001259,18.0,0.0,10.0,1437.8310001274,9.6,1925.66187886762,13.0,8.0,8.0,1.0,1581.0,53.738,0.148,0.0,1358.03198884535,19.0,1721.51178455444,21.0,2613.90620679727,27.0,4181.09465912829,33.0,1.0,3.0,1.0
chr1-201490235-201490236-C-A,TWJF-10146-MO011-0021,Accept,1.1,0.19,0.434,3.83,30.043,24.74,0.2,2.0,0.739,18.29,0.2,0.111,0.0,406.06,10.52,238.03,191.55,286.746043915868,1.225625,85.3001998537816,0.434,1.13690217391289,0.370841423219931,0.555027173913004,0.63270140731338,0.182009599171579,0.152260552335065,1700.83,8.96,401.56,3.84,0.586,406.06,1.1,238.03,0.434,24.74,0.27,18.29,0.2,406.06,0.49,238.03,0.34,0.042012,1.1,0.140826,0.48,4.0,10.0,1017.04648403787,0.2,743.140059082542,0.2,4.0,0.0,0.0,6285.0,222.543,0.135,0.0,406.06,1.1,238.03,0.434,406.06,1.1,238.03,0.434,1.0,3.0,0.0
chr1-21560652-21560653-G-A,TWJF-10146-MO011-0021,Pending,2.71,14.27,40.5,13.0,0.118,126.926,0.38,2.0,97.051,12318.278,5.7,0.054,0.0,251.855,357.91,13820.549,188.99,448.894204628223,1.426875,13730.6785405294,7.28625,1.1225271739129,0.375666999683037,12.1872282608695,0.0192341146824672,0.310885353945196,0.282323381863534,634.94,3.52,33128.24,81.54,54.875,152.29,1.3,24459.0,45.0,207.3,4.6,15457.23,36.0,296.41,1.9,13910.42,25.0,0.398336,0.38,0.014239,5.7,1.0,9.0,719.405514696889,12.0,12653.2128518332,46.0,2.0,0.0,0.0,2140.0,59.032,0.002,0.0,126.925826479165,4.0,12318.2779698901,49.0,137.078707227793,4.2,12189.0539701476,49.0,1.0,3.0,0.0
chr1-21560719-21560720-G-C,TWJF-10146-MO011-0021,Pending,0.199,0.92,0.981,0.9,0.059,30.07,0.07,2.0,11.698,351.76,0.31,0.052,0.0,117.99,11.61,850.67,13.785,49.8044444683731,0.1525,203.145987562402,0.981,0.199375000000003,0.850314707845475,0.507717391304325,0.660551027146903,0.341792757622898,0.424951866269112,1594.82,8.65,8622.53,21.76,7.21,117.99,0.199,850.67,0.981,117.99,1.6,850.67,4.5,30.07,0.08,351.76,0.45,0.601362,0.07,0.223273,0.31,8.0,9.0,1534.26953965883,3.9,2842.77804823565,9.4,8.0,0.0,0.0,1922.0,59.032,0.001,0.0,117.99,0.199,850.67,0.981,117.99,0.199,850.67,0.981,2.0,3.0,0.0
chr1-21864131-21864132-C-G,TWJF-10146-MO011-0021,Pending,4.1,12.34,33.74,28.82,2.645,79.86,0.55,2.0,294.982,23557.29,8.6,0.068,0.0,385.726,124.19,12873.901,544.16,9430.14017361383,4.803875,22704.801773695,13.994625,22.1923097826087,0.0103462957073494,62.7446739130435,0.0046928611047673,0.0013735892716795,0.0175437597936252,79.86,1.25,23557.29,34.48,33.376,201.85,0.55,8625.93,8.6,503.39,3.8,16228.45,43.0,449.04,1.7,13094.59,27.0,0.019311,5.6,0.001273,24.0,1.0,9.0,1804.62185661009,3.2,12653.2128518332,39.0,3.0,5.0,0.0,5600.0,165.285,0.016,0.0,311.150139478041,4.4,6807.22334436608,36.0,322.411110896527,4.5,5799.75970106126,33.0,1.0,3.0,1.0
chr1-222629207-222629209-TG-GT,TWJF-10146-MO011-0021,Pending,7.015,4.39,2.5,5.09,38.26532118287564,143.731,2.38,2.0,0.411,59.095,0.44,0.045,0.0,631.315,36.32,104.249,42.13,11657.0140709854,6.329375,3431.43772694605,3.138,27.6173913043478,0.0086323903509233,3.32657608695644,0.0834286169333983,0.007898687836132,0.33547845389694,320.03,2.38,22.6,0.44,0.165,539.32,2.7,64.26,0.61,723.31,7.7,143.49,3.6,4475.5,12.0,531.83,2.7,0.004015,11.0,0.063265,2.3,2.0,9.0,1407.05120650257,18.0,645.630535743832,12.0,7.0,0.0,0.0,1070.045504679685,209.151,0.09396151388544871,0.0,143.73085200898,4.5,59.0948997176075,2.0,154.514770082996,4.7,65.0084782526164,2.1,5.0,3.0,0.0
chr1-226161579-226161580-C-T,TWJF-10146-MO011-0021,Pending,3.8,37.86,6.95,29.42,11.24,96.22,0.833,2.0,4.605,443.09,0.768,0.159,0.0,1245.113,959.65,1827.156,567.11,501.036924843909,0.8335,437.976371708249,0.768,2.12934782608689,0.160177159897921,1.96823369565207,0.18040695115016,0.0163270951161393,0.019904209402739,96.22,1.37,443.09,2.64,1.467,2552.96,3.0,9232.11,9.2,1989.19,8.6,4288.48,15.0,2070.82,5.1,3104.67,6.9,0.06786,2.3,0.055566,2.7,1.0,9.0,2240.60661125835,4.6,2936.56665617096,7.0,7.0,0.0,0.0,2496.0,47.831,0.235,1.0,445.625464617725,5.9,717.744709510827,8.5,384.955031157566,5.3,627.205705009723,7.6,1.0,3.0,0.0
chr1-243426533-243426534-G-C,TWJF-10146-MO011-0021,Pending,6.28,31.0,6.7,31.0,4.464,257.365,1.0,2.0,0.946,243.529,1.2,0.086,0.0,1078.471,188.5,1478.674,155.07,880.44741029806,1.851125,1814.78018833076,2.415,2.67695652173906,0.113658783858531,4.88741847826084,0.0524353053133618,0.0588948221411556,0.0199351418414153,1519.47,5.86,1372.46,5.51,1.371,2352.09,6.7,4219.13,10.0,788.71,8.0,747.17,7.8,1557.38,5.2,2358.82,6.7,0.175424,1.0,0.14352,1.2,1.0,9.0,1276.49516119806,17.0,1584.88798467302,19.0,5.0,0.0,0.0,797.0,57.23,0.078,0.0,257.36530501276,6.9,243.528615649315,6.7,321.343855450196,8.1,319.867414547751,8.1,1.0,3.0,0.0
chr1-247444018-247444019-C-T,TWJF-10146-MO011-0021,Pending,2.92,2.5,3.5,25.0,0.0,306.067,0.67,2.0,0.682,208.692,0.35,0.082,0.0,507.179,20.785,814.76,162.7,306.06711935157,1.21575,208.692043803408,1.023,1.62741847826076,0.237754666735606,1.21771739130423,0.34417356127279,0.0200367627548985,0.0619528150418773,435.53,2.84,290.14,2.25,1.606,354.21,2.1,865.36,3.6,735.14,7.7,846.17,8.3,625.97,3.0,783.35,3.4,0.263939,0.67,0.420395,0.35,5.0,9.0,309.352836369049,6.2,352.242489888701,6.8,1.0,0.0,0.0,149.0,3.937,0.0,0.0,578.828624621279,13.0,954.003570239228,17.0,626.570581214995,14.0,1066.52244592507,18.0,1.0,3.0,0.0
chr1-248848093-248848094-C-T,TWJF-10146-MO011-0021,Pending,2.964,1.24,13.0,5.09,1.282,54.66,0.78,2.0,398.493,21781.64,3.8,0.051,0.0,563.965,113.88,3673.505,366.07,3887.48172645648,2.627625,11634.6218237945,5.77275,9.84945652173911,0.0240945943083585,27.6173913043478,0.0084367191875192,0.0009734661143738,0.0008347903622052,54.66,1.04,21781.64,30.97,6.514,380.76,0.78,3468.81,3.8,747.17,4.7,3685.69,14.0,1188.44,3.3,3661.32,8.0,0.085928,1.8,0.036126,3.6,1.0,9.0,1249.16910019277,1.6,4778.52115918281,15.0,2.0,0.0,0.0,952.0,17.09,0.075,0.0,328.828915394665,4.6,1204.95270231299,14.0,265.711285193513,3.7,1010.20613113282,12.0,1.0,3.0,0.0
chr1-31619291-31619292-T-A,TWJF-10146-MO011-0021,Pending,0.284,0.68,0.116,0.32,0.0,60.293,0.1,2.0,1.008,60.804,0.03,0.058,0.0,525.83,55.45,106.88,35.42,60.2931038092536,0.111,60.8043853310032,0.1155,0.284103260869543,0.796219716824002,0.102500000000006,0.91249759646991,0.288487765705213,0.568265169858932,9160.68,27.46,11671.59,34.78,0.203,525.83,0.284,106.88,0.116,662.79,1.3,102.59,0.3,525.83,0.1,106.88,0.03,0.505204,0.22,0.780605,0.06,4.0,9.0,432.635519663766,1.1,257.378112854794,0.4,3.0,0.0,0.0,2.0,0.01,0.0,1.0,525.83,0.284,106.88,0.116,525.83,0.284,106.88,0.116,1.0,3.0,0.0
chr1-36296651-36296652-G-A,TWJF-10146-MO011-0021,Accept,1.826,4.65,2.777,7.23,12.197,27.351,0.36,2.0,1.13,30.901,0.52,0.053,0.0,318.635,254.19,513.91,500.39,2003.91571381538,1.792875,3261.98435792513,2.354125,5.55494565217388,0.0453267065144172,8.26921195652172,0.0295311144980422,0.00386480727866,0.0118952706252457,195.17,1.86,123.59,1.53,1.613,106.91,0.36,181.65,0.52,442.1,3.6,846.17,5.1,1241.11,3.5,3360.17,7.4,0.101518,1.6,0.043964,3.2,3.0,9.0,7775.83727608344,25.0,8664.36747969986,28.0,5.0,0.0,0.0,4028.0,129.755,0.094,0.0,27.3507978716268,0.5,30.9008196984054,0.5,44.710548732882,0.7,56.9390215652708,1.0,1.0,3.0,0.0
chr1-40463367-40463368-C-G,TWJF-10146-MO011-0021,Pending,0.442,3.0,0.477,2.0,0.649,61.02,0.14,2.0,0.82,50.05,0.12,0.059,0.0,135.38,10.29,91.746,7.515,85.9771566857542,0.441625,91.7462628838523,0.4775,0.233451086956521,0.828446950307704,0.242798913043458,0.82193944561955,0.445781519636512,0.450859747827053,135.38,1.57,85.73,0.94,0.678,135.38,0.442,91.746,0.477,441.14,3.3,232.2,2.4,61.02,0.14,50.05,0.12,0.304527,0.23,0.298337,0.24,5.0,9.0,1249.16910019277,2.7,1109.00259611381,2.2,7.0,0.0,0.0,219.0,4.301,0.151,0.0,135.38,0.442,91.746,0.477,135.38,0.442,91.746,0.477,1.0,3.0,0.0
chr1-45206315-45206316-G-C,TWJF-10146-MO011-0021,Pending,1.1,5.81,3.0,19.0,0.283,77.518,0.47,2.0,2.211,171.366,0.923,0.085,0.0,128.409,32.265,299.18,95.435,77.517653849271,0.56925,171.365533512723,0.92275,0.469836956521675,0.680793468290762,1.17380434782598,0.35748071799046,0.186365225352347,0.0243677198886871,726.01,3.8,3871.02,10.43,2.33,156.66,1.3,603.96,2.9,80.87,1.9,209.55,3.4,104.31,0.81,443.15,2.4,0.3049,0.56,0.083583,1.9,2.0,10.0,78.2861456979178,0.9,309.352836369049,3.1,3.0,0.0,0.0,93.0,1.76,0.161,0.0,217.725852652593,4.0,289.008090115534,5.2,152.507077938663,2.8,263.809238314391,4.7,1.0,3.0,0.0
chr1-52988129-52988130-G-A,TWJF-10146-MO011-0021,Pending,6.5,13.98,6.6,31.89,3.321,380.163,1.9,2.0,0.713,271.0,1.3,0.096,0.0,2846.035,149.94,2077.265,667.51,5754.49317283578,3.364625,6540.42156549294,3.67675,14.2770380434783,0.0166712820877059,16.1575543478261,0.0148245150030058,0.0024165631039068,0.0038499716756632,12728.05,17.34,11066.93,15.38,0.73,1407.25,1.9,766.5,1.3,2858.2,12.0,1904.94,8.4,2833.87,6.5,2249.59,5.4,0.015476,6.5,0.011279,7.8,0.0,9.0,6682.84800356916,22.0,5154.49714516903,16.0,7.0,0.0,0.0,10183.0,415.181,0.008,0.0,380.163134674523,5.2,271.00044249513,3.8,391.210047227873,5.3,274.416360423119,3.8,1.0,3.0,0.0
chr1-53142328-53142329-G-A,TWJF-10146-MO011-0021,Pending,0.53,0.26,0.435,0.18,0.0,17.58,0.1,2.0,1.03,18.1,0.13,0.064,0.0,28.318,32.31,27.724,26.73,371.726578539077,0.69,515.440708465977,0.8495,1.8524184782608,0.197399596768034,2.22214673913037,0.15017887089148,0.0062409979000221,0.0025464338104939,17.58,0.58,18.1,0.59,0.979,20.25,0.1,24.87,0.13,20.8,0.41,19.49,0.37,25.49,0.11,19.77,0.08,0.252598,0.56,0.489819,0.14,6.0,9.0,375.868181143635,0.2,446.908981201792,0.3,4.0,4.0,1.0,0.0,0.64,0.0,0.0,33.72640104817,0.6,38.5451730683845,0.7,31.1465537077673,0.5,30.578065034762,0.5,1.0,3.0,1.0
chr1-66874871-66874872-C-G,TWJF-10146-MO011-0021,Pending,8.5,5.1,15.0,5.0,2.378,1063.923,3.7,2.0,2.642,2811.318,7.4,0.055,0.0,1517.904,12.165,3937.615,14.735,6121.41094579809,4.164625,9488.84315036633,5.41775,13.5008967391304,0.0178191835865325,11.1157880434782,0.021173257288802,0.0385364937828853,0.208584433421492,1450.92,5.69,9916.13,20.95,2.594,3007.99,7.9,4495.15,12.0,1347.45,8.2,3380.08,15.0,3644.76,8.8,7014.84,15.0,0.029992,3.7,0.008744,7.4,0.0,10.0,1584.88798467302,12.0,3307.718431318,18.0,1.0,0.0,0.0,196.0,12.925,0.184,0.0,1063.9225158862,16.0,2811.31817308968,28.0,1304.0372582466,18.0,2680.95793604213,27.0,1.0,3.0,0.0
chr1-85029173-85029174-C-G,TWJF-10146-MO011-0021,Pending,0.85,3.1,0.746,2.5,0.0,33.96,0.17,2.0,0.793,26.94,0.14,0.051,0.0,102.793,25.175,86.986,16.07,92.0934384198531,0.215375,77.1502772956393,0.170875,0.476902173913004,0.677569948266876,0.671467391304276,0.57200036641053,0.229486353695393,0.052956368192099,50.64,1.0,251.87,2.07,0.846,33.96,0.17,26.94,0.14,64.43,1.3,40.03,0.82,155.83,0.7,67.7,0.34,0.35065,0.32,0.417657,0.23,4.0,9.0,2077.17373775978,4.0,2314.52844807955,4.8,6.0,0.0,0.0,111.0,2.039,0.0,0.0,113.493241461069,1.8,96.8210972306635,1.6,123.426950771455,1.8,105.781567932523,1.7,1.0,3.0,0.0
chr1-92840553-92840554-G-C,TWJF-10146-MO011-0021,Pending,1.12,11.0,1.98,11.0,41.545,29.172,0.21,2.0,1.596,46.555,0.42,0.052,0.0,137.78,33.21,293.165,46.205,3134.26233920518,2.310625,3717.18194747022,2.56025,8.01565217391304,0.0308059082867914,9.49423913043476,0.0256807587774874,0.0132459435626515,0.0071543246231158,1424.07,4.49,8833.23,12.83,2.128,47.24,0.21,128.79,0.42,79.14,1.4,239.9,2.7,196.42,0.84,346.43,1.4,0.188741,0.83,0.154884,1.1,9.0,9.0,2390.88910567882,5.0,3133.52874666195,7.6,5.0,0.0,0.0,11323.0,716.3,0.058,0.0,29.1722549224299,0.5,46.55539330858,0.8,34.467517121953,0.6,56.0286295713992,0.9,6.0,3.0,0.0
chr10-102141486-102141487-C-G,TWJF-10146-MO011-0021,Pending,10.3,0.55,10.1,0.11,4.606,832.05,3.5,2.0,0.6,499.04,2.6,0.111,0.0,1573.373,21.87,1456.777,7.85,23405.3087718712,16.05025,23980.6694426042,17.404125,46.2246739130435,0.0050127767252055,46.2246739130435,0.0057868541597742,0.0446159729035571,0.0920892528956756,2293.27,7.49,2158.73,7.22,0.926,832.05,3.5,499.04,2.6,1509.57,8.6,1067.79,7.2,2556.39,7.1,2296.59,6.6,0.009281,7.2,0.007059,8.2,0.0,10.0,1637.17642763048,12.0,1746.98551063258,12.0,6.0,0.0,0.0,489.0,21.034,0.219,0.0,1111.50136403057,16.0,1166.56784105501,17.0,1186.56080928555,17.0,1074.70680791808,16.0,1.0,3.0,0.0
chr10-114861438-114861439-G-T,TWJF-10146-MO011-0021,Pending,4.1,16.0,25.0,16.0,2.67,203.025,1.266,2.0,32.434,6584.912,5.594,0.083,0.0,550.979,38.065,8841.851,41.275,1347.11519178418,2.159625,9849.94632318218,5.594375,1.26605978260859,0.328569497747987,8.54532608695651,0.0282446780660997,0.554169613867998,0.302333431318402,702.84,3.73,5648.85,13.52,16.048,224.66,1.6,11547.3,23.0,576.3,7.1,17316.93,39.0,1044.4,4.0,15227.99,27.0,0.024209,4.2,0.001621,17.0,4.0,9.0,525.658428682249,9.0,5210.57046486107,33.0,1.0,0.0,0.0,1102.0,26.704,0.1,0.0,203.025224783301,5.8,6584.91237184814,40.0,242.644247658488,6.7,7833.75527232815,43.0,1.0,3.0,0.0
chr10-124974204-124974205-G-C,TWJF-10146-MO011-0021,Pending,1.2,14.0,1.017,14.0,2.245,279.001,0.2,2.0,0.665,185.399,0.2,0.082,0.0,3732.12,74.4,3304.64,71.55,279.000715814258,1.2425,185.398888774898,0.927375,1.33062499999993,0.310157681644898,1.01682065217378,0.415967897643861,0.097961904015392,0.115778590668924,36313.53,86.75,36719.01,90.13,0.885,3732.12,1.2,3304.64,1.017,3732.12,1.0,3304.64,0.79,5822.83,1.2,8225.07,1.8,0.191673,0.96,0.129881,1.5,0.0,10.0,548.907939487181,0.2,520.001579145507,0.2,4.0,0.0,0.0,2602.0,25.515,0.088,0.0,3732.12,1.2,3304.64,1.017,3732.12,1.2,3304.64,1.017,1.0,3.0,0.0
chr10-23030747-23030748-C-T,TWJF-10146-MO011-0021,Pending,0.905,0.25,0.415,0.58,0.301,14.705,0.038,2.0,0.949,13.95,0.03,0.073,0.0,70.248,31.56,31.96,50.16,14.7051868978106,0.0385,13.9497954365541,0.029625,0.0918750000000017,0.919903867745757,0.0355978260869562,0.958617544348462,0.205848740413785,0.389665879309177,115.9,1.33,30.98,0.56,0.455,24.95,0.29,20.45,0.23,43.88,1.8,32.94,1.5,54.6,0.48,30.82,0.27,0.68086,0.12,0.869091,0.05,10.0,9.0,141.947667971001,3.5,153.116168150452,3.7,8.0,0.0,0.0,17.0,1.709,0.176,0.0,91.9496329637456,3.0,84.4403451853087,2.8,85.8954185002949,2.8,79.6104355577236,2.6,1.0,3.0,0.0
chr10-27035634-27035635-C-G,TWJF-10146-MO011-0021,Pending,4.705,58.0,3.9,60.0,1.518,621.64,2.037,2.0,0.85,528.51,2.493,0.064,0.0,3693.928,1237.39,4170.332,2909.305,2504.80379413027,2.03675,3562.14339003758,2.4925,6.79260869565216,0.0367263203623473,9.15535326086956,0.0262620041763021,0.0031143721789703,0.0019524101044225,2011.82,5.31,481.1,2.74,1.129,25269.23,40.0,25955.61,42.0,621.64,4.1,528.51,3.7,7724.52,17.0,9066.21,19.0,0.050211,2.9,0.030183,4.1,2.0,11.0,4883.05317225511,3.4,4778.52115918281,3.2,10.0,0.0,0.0,518.0,16.68,0.091,0.0,3693.928,4.705,4170.332,3.9,3693.928,4.705,4170.332,3.9,1.0,3.0,0.0
chr10-28058595-28058596-C-T,TWJF-10146-MO011-0021,Pending,0.996,56.0,1.205,74.0,2.286,78.518,0.22,2.0,1.455,114.28,0.23,0.09,0.0,123.114,338.05,194.257,719.95,96.008203346965,0.227875,93.1835878241522,0.218375,0.692907608695563,0.561554952026934,0.464619565217362,0.684398511146074,0.100968148792162,0.241601311136037,231.16,2.0,858.17,3.54,1.578,150.22,0.46,255.65,0.61,218.82,2.5,311.03,3.0,80.26,0.39,131.25,0.6,0.42146,0.22,0.416161,0.23,1.0,9.0,2904.96492618402,6.9,2314.52844807955,4.8,4.0,0.0,0.0,477.0,14.938,0.153,0.0,78.5181394327484,1.3,114.279939027795,1.8,83.639225000557,1.4,132.864818929873,2.0,1.0,3.0,0.0
chr10-68646710-68646711-C-A,TWJF-10146-MO011-0021,Pending,1.12,19.0,21.68,21.0,0.188,64.726,0.07,2.0,187.317,12124.353,2.8,0.066,0.0,148.966,69.8,11864.197,71.62,64.7264116521181,0.13675,12124.3532275271,6.01075,0.0978804347825956,0.915430162273135,12.1872282608695,0.0197119654081946,0.595967378467321,0.255239932332188,105.36,1.43,20345.45,28.36,79.644,402.29,0.81,13319.21,15.0,570.09,4.1,11604.04,31.0,123.98,0.58,4508.69,9.4,0.613475,0.07,0.053491,2.8,5.0,9.0,2169.04570370701,4.4,12930.0068153155,40.0,9.0,0.0,0.0,374.0,3.926,0.048,0.0,131.816567975206,2.0,10888.548753054,44.0,166.115439665316,2.5,9647.39365585241,42.0,1.0,3.0,0.0
chr10-72859238-72859239-G-A,TWJF-10146-MO011-0021,Pending,0.107,5.5,6.53,8.4,2.169,2.85,0.01,2.0,801.018,2282.9,0.74,0.071,0.0,11.48,386.875,1798.063,585.335,58.2584845977219,0.11425,13175.4250710718,6.459125,0.231875000000002,0.829555068805845,20.2322554347826,0.0118925372951293,0.341142658144236,0.132999035529792,2.85,0.1,2282.9,5.66,156.623,10.3,0.06,7365.95,7.3,7.24,0.07,1628.34,7.6,11.32,0.04,398.76,1.5,0.887063,0.01,0.205186,0.74,8.0,9.0,323.035299579482,0.2,1967.78648311005,3.7,9.0,0.0,0.0,764.0,25.518,0.085,0.0,11.6404561721061,0.2,515.193055077094,6.6,14.7710034643864,0.3,570.702795659015,7.1,1.0,3.0,0.0
chr10-77821745-77821746-C-T,TWJF-10146-MO011-0021,Pending,4.681,37.0,18.64,47.0,8.213,431.489,1.7,2.0,6.412,2766.751,5.4,0.067,0.0,988.14,134.455,5860.05,214.41,8087.83046954518,4.262875,21217.656159547,12.0485,11.1157880434782,0.0215175902612295,46.2246739130435,0.0053004740331724,0.169384051114321,0.0335302666353527,4113.19,7.78,13489.23,18.28,5.93,1096.4,1.7,5465.04,5.4,837.07,5.1,5965.16,19.0,879.88,2.7,5754.94,13.0,0.090706,1.8,0.010142,8.3,4.0,9.0,1534.26953965883,2.4,6539.78760053311,21.0,2.0,0.0,0.0,243.0,47.473,0.173,0.0,431.489269575475,5.7,2766.75051845531,22.0,446.077173243378,5.9,2246.00128294428,20.0,1.0,3.0,0.0
chr10-98257702-98257703-C-T,TWJF-10146-MO011-0021,Pending,34.322,5.3,75.5,5.3,0.0,11857.878,7.0,2.0,4.217,50000.0,23.0,0.068,0.0,15913.753,261.98,35361.775,303.96,15647.8227113202,7.7745,21636.0821122557,12.550625,31.6431793478261,0.0073885963177856,12.8054619565217,0.018745263380526,0.0444015693501569,0.399747150950134,16417.51,22.21,27131.95,42.81,2.222,30557.65,58.0,40202.91,95.0,19191.6,51.0,29266.51,86.0,13438.05,28.0,30520.64,73.0,0.013672,7.0,0.001409,23.0,2.0,9.0,11857.878436159,37.0,50000.0,78.0,3.0,0.0,0.0,510.0,7.812,0.0,0.0,16179.6826849426,52.0,361384.898193,94.0,13848.7316523793,49.0,289341.014585519,93.0,1.0,3.0,0.0
chr11-102110909-102110910-C-T,TWJF-10146-MO011-0021,Pending,6.6,41.67,47.0,57.58,9.364,1798.048,1.9,2.0,9.065,16298.738,27.0,0.066,0.0,3555.63,1184.28,26635.32,2481.38,1798.04783380042,2.96225,16298.7382532127,12.622625,3.18451086956512,0.0890053920598739,37.3590489130435,0.0066342536923859,0.178063216619193,0.0249384959752205,4859.34,15.62,26635.32,51.16,7.491,3555.63,6.6,26635.32,47.0,3555.63,8.9,35801.15,50.0,20264.58,9.2,43613.61,52.0,0.00087,6.6,2e-06,47.0,0.0,10.0,2904.96492618402,1.9,16946.2263866992,27.0,10.0,0.0,0.0,2124.0,111.479,0.084,0.0,3555.63,6.6,26635.32,47.0,3555.63,6.6,26635.32,47.0,1.0,3.0,0.0
chr11-106079578-106079579-C-G,TWJF-10146-MO011-0021,Pending,3.757,19.0,4.943,17.0,3.497,178.52,0.51,2.0,2.019,360.36,0.74,0.057,0.0,920.865,119.845,1920.01,85.99,1808.09448762584,1.700375,3362.6644194419,2.399625,4.21347826086952,0.0622329244032703,4.58573369565214,0.0563249774113127,0.0702760296408087,0.210649522952735,3566.18,7.18,3135.69,6.69,2.085,178.52,0.51,360.36,0.74,1011.56,5.7,1785.2,8.1,830.17,2.6,2211.82,5.3,0.079262,2.0,0.059028,2.5,1.0,9.0,1844.09866318303,3.3,2054.82032600981,4.0,6.0,0.0,0.0,1860.0,69.94,0.05,0.0,374.947100922737,5.2,432.483955069904,5.7,411.538054340305,5.5,480.186559590825,6.2,1.0,3.0,0.0
chr11-114247211-114247212-G-A,TWJF-10146-MO011-0021,Pending,0.08,44.0,3.65,46.0,0.0,1.97,0.02,2.0,3481.619,6858.79,1.7,0.09,0.0,43.733,1063.2,2381.3,1266.39,57.4150618219602,0.11025,20656.185861932,11.59825,0.58154891304342,0.61836280619755,62.7446739130435,0.0049508444379045,0.0262763930368237,0.0067816409136867,1.97,0.04,6858.79,10.74,54.451,4.46,0.03,1600.76,2.1,30.05,0.06,1073.58,4.0,6.53,0.02,457.09,1.7,0.769487,0.02,0.041205,3.3,2.0,10.0,645.630535743832,0.2,3932.89229682844,2.6,10.0,0.0,0.0,883.0,35.951,0.0,1.0,439.480894714073,1.4,3161.84080554191,22.0,102.759030931075,0.1,605.090033942524,2.4,1.0,3.0,0.0
chr11-3359683-3359684-C-T,TWJF-10146-MO011-0021,Pending,5.278,6.4,57.5,8.0,10.376,1011.56,3.8,2.0,21.486,21734.48,76.0,0.122,0.0,2831.715,72.8,32060.336,82.2,10688.2778545686,5.356625,29207.6312991682,30.11675,24.5792391304348,0.0092128239695122,99.2866032608696,0.0034721744770963,0.0026375994675618,0.0011937968083657,1696.29,4.87,35577.4,71.37,11.322,3499.61,3.8,34913.04,76.0,1011.56,5.4,21734.48,60.0,2163.82,5.2,24261.05,55.0,0.030526,4.1,0.000221,47.0,0.0,11.0,6539.78760053311,5.8,39837.4594339754,47.0,11.0,9.0,0.0,1003.0,31.635,0.328,1.0,2831.715,5.278,32060.336,57.5,2831.715,5.278,32060.336,57.5,1.0,3.0,1.0
chr11-5709110-5709111-G-C,TWJF-10146-MO011-0021,Pending,1.304,3.64,2.415,3.87,0.238,123.4,0.2,2.0,2.669,329.39,0.56,0.063,0.0,218.748,30.59,359.84,32.31,159.090244293757,0.382,345.215388466896,0.656125,1.0780978260868,0.392223372714187,1.69836956521731,0.223848228076491,0.0458879717043601,0.0309367007575929,123.4,1.53,329.39,2.33,1.645,166.45,0.49,333.77,0.71,367.82,3.3,850.76,5.1,168.98,0.75,784.26,2.5,0.436713,0.2,0.252225,0.56,2.0,9.0,3202.07590947592,7.8,3725.77996753086,9.7,5.0,0.0,0.0,1136.0,59.443,0.004,0.0,268.51589550425,3.7,276.67505184553,3.8,320.191648420562,4.5,374.463937837497,5.2,1.0,3.0,0.0
chr11-6632530-6632531-C-T,TWJF-10146-MO011-0021,Pending,1.0,8.78,4.4,8.02,0.0,48.256,0.089,2.0,5.598,270.116,0.957,0.08,0.0,82.78,78.4,615.919,69.88,83.5608665567226,0.602,546.618771078198,1.548125,0.088804347826084,0.921301471620832,0.957445652173803,0.43987071452134,0.688229653984308,0.440223749727011,82.0,1.07,438.09,2.85,7.44,101.64,0.87,1383.83,4.8,59.73,2.2,685.22,7.5,125.51,0.93,1025.3,4.0,0.675618,0.12,0.299256,0.57,2.0,9.0,271.685501087089,5.7,973.968525934644,15.0,7.0,0.0,0.0,752.0,17.128,0.0,0.0,48.2558533466021,1.7,270.115807273938,7.1,60.9494793377205,2.0,329.586944331547,8.2,1.0,3.0,0.0
chr11-74133548-74133549-C-G,TWJF-10146-MO011-0021,Pending,3.0,14.45,5.5,13.0,1.457,317.665,0.728,2.0,1.596,506.956,1.066,0.055,0.0,613.47,51.565,1508.18,49.645,400.740261507495,0.72775,759.144260633625,1.066375,1.91288043478254,0.188230758844231,2.72456521739124,0.110214403049084,0.0102208914177026,0.00840384636831,7404.69,11.32,7970.47,11.92,2.458,1439.89,2.0,2621.74,3.0,421.09,3.5,1249.17,6.5,805.85,2.5,1767.19,4.5,0.1111,1.5,0.059207,2.5,1.0,9.0,4106.84141846427,12.0,5382.47700914843,17.0,5.0,0.0,0.0,516.0,13.005,0.112,1.0,317.665462754283,4.4,506.955687806867,6.5,334.510689130599,4.7,543.763434501483,6.9,1.0,3.0,0.0
chr11-75566661-75566662-G-A,TWJF-10146-MO011-0021,Pending,3.55,29.0,55.625,38.0,9.424,485.71,1.142,2.0,65.163,31650.12,19.988,0.063,0.0,2951.355,170.02,31188.425,312.685,858.555980882428,1.142125,26160.4880078434,19.987875,1.9055434782608,0.189703898584432,62.7446739130435,0.0042479988531356,0.222119154408574,0.0281634863349609,485.71,2.75,31650.12,56.25,10.567,23422.5,35.0,39246.2,93.0,487.32,3.5,18082.85,48.0,5768.34,13.0,33497.99,81.0,0.035237,3.7,0.000131,55.0,0.0,11.0,5044.15430351795,3.6,30726.7307012736,39.0,11.0,0.0,0.0,4998.0,168.29,0.056,0.0,2951.355,3.55,31188.425,55.625,2951.355,3.55,31188.425,55.625,1.0,3.0,0.0
chr12-103690457-103690458-G-C,TWJF-10146-MO011-0021,Pending,0.016,4.43,0.029,10.43,0.0,5.75,0.0,2.0,0.75,4.31,0.01,0.101,0.0,13.96,36.64,61.758,98.16,26.6262562327876,0.000375,35.4337768778139,0.01,0.0225815217391556,0.96778320961652,0.0282065217391647,0.963122931271328,0.640589408576488,0.679494764655828,5.75,0.03,4.31,0.01,4.424,14.21,0.01,43.95,0.03,13.71,0.01,69.5,0.07,9.68,0.01,62.06,0.02,0.973812,0.01,0.809642,0.01,5.0,9.0,688.934419119916,0.9,801.610620817419,1.2,5.0,0.0,0.0,663.0,24.63,0.0,0.0,11.2411307683187,0.3,61.632530599322,1.1,15.7968320206962,0.3,61.8828062814385,1.1,1.0,3.0,0.0
chr12-14424711-14424712-C-T,TWJF-10146-MO011-0021,Pending,0.44,6.17,0.775,10.31,9.282,10.71,0.17,2.0,1.917,20.53,0.29,0.09,0.0,368.54,51.6,1017.046,96.52,53.9780801102156,0.1915,80.894100391257,0.4015,0.439701086956504,0.699265218189875,0.774945652173784,0.522504898418147,0.1114163226448,0.0094563883612863,8435.22,21.47,24492.86,47.16,2.76,368.54,0.44,1017.046,0.775,10.71,0.17,20.53,0.29,368.54,0.47,2005.14,1.4,0.109417,0.6,0.031106,1.3,1.0,11.0,1006.1015840455,0.2,1017.04648403787,0.2,3.0,0.0,0.0,3218.0,70.319,0.132,0.0,368.54,0.44,1017.046,0.775,368.54,0.44,1017.046,0.775,1.0,3.0,0.0
chr12-1831282-1831283-C-T,TWJF-10146-MO011-0021,Pending,3.35,0.4,10.95,3.41,0.0,67.282,0.514,2.0,1.681,113.097,2.12,0.059,0.0,568.534,40.39,1970.61,172.49,272.437361952721,1.151875,1389.96990713024,2.18325,0.514374999999959,0.655815902405498,2.120054347826,0.161524318834924,0.499575812369585,0.299275557510555,2918.29,8.7,16515.46,33.84,3.466,831.61,3.5,5400.74,13.0,792.98,8.1,2551.25,15.0,716.37,3.2,3654.83,8.9,0.182428,0.97,0.059335,2.4,5.0,9.0,67.2820680151848,1.8,113.096689290843,3.0,6.0,0.0,0.0,0.0,0.036,0.0,0.0,399.530556315708,9.5,866.064026926457,16.0,420.69756662233,9.8,941.824535341673,17.0,1.0,3.0,0.0
chr12-31413493-31413494-C-G,TWJF-10146-MO011-0021,Pending,1.75,0.01,4.76,0.04,3.824,137.711,0.71,2.0,2.594,357.248,1.4,0.11,0.0,517.582,8.79,1388.114,14.24,730.794826096565,1.039875,1611.89750759883,1.600625,2.66062499999992,0.114335900949316,4.5192663043478,0.0572681706430339,0.0096437641623197,0.0137516636168584,4869.53,8.6,6169.05,9.99,2.682,949.4,1.5,6017.41,5.9,304.37,3.0,1164.33,6.1,208.95,0.88,393.74,1.5,0.211055,0.71,0.122103,1.4,6.0,9.0,963.487207450801,0.9,1864.15973431607,3.3,7.0,0.0,0.0,893.0,44.986,0.085,0.0,137.71143379199,2.0,357.248159470973,5.0,146.693205917633,2.2,360.919211588302,5.0,2.0,3.0,0.0
chr12-4662607-4662608-G-C,TWJF-10146-MO011-0021,Pending,2.71,14.0,19.5,15.0,8.078,45.58,0.47,2.0,154.767,7054.26,16.0,0.061,0.0,316.86,42.915,7230.285,47.6,4345.12844465139,3.492375,8799.32737493145,5.154,1.72603260869558,0.218637512455628,2.83290760869558,0.104343211913687,0.717696730047464,0.663758210837841,482.25,3.02,6881.25,15.64,22.819,45.58,0.47,7054.26,16.0,151.47,3.8,7406.31,23.0,718.71,3.2,15021.3,27.0,0.224689,0.76,0.009733,7.0,3.0,9.0,2751.98487817332,25.0,27575.7068844242,58.0,2.0,0.0,0.0,3249.0,118.788,0.068,1.0,68.9524973097574,2.3,3635.38156013809,32.0,73.4463131489015,2.4,3630.52975092837,32.0,1.0,3.0,0.0
chr12-52646824-52646825-C-T,TWJF-10146-MO011-0021,Pending,1.95,5.0,1.7,28.0,0.013,66.558,0.57,2.0,1.164,77.444,0.32,0.053,0.0,265.548,14.095,166.485,92.485,228.654571409417,1.063875,135.897499966283,0.821125,1.03135869565205,0.41022193115246,0.434728260869562,0.702357590640496,0.166651613079011,0.369072582572699,2297.96,7.5,564.27,3.29,0.627,372.67,2.1,189.18,1.4,205.07,4.6,106.56,3.1,238.31,1.6,143.79,1.2,0.303084,0.57,0.449319,0.32,8.0,9.0,66.5580150665107,1.8,77.443672862212,2.0,5.0,0.0,0.0,16.0,0.209,0.062,0.0,292.785793406786,7.7,239.634862369561,6.6,325.814193777476,8.2,261.198091891745,7.0,1.0,3.0,0.0
chr12-55701102-55701103-T-G,TWJF-10146-MO011-0021,Pending,8.92,78.0,7.73,60.0,0.162,593.78,2.2,2.0,0.665,394.69,3.5,0.078,0.0,1667.653,947.81,1176.928,538.1,2589.50057160842,2.787,1700.26179182188,2.34975,5.91374999999996,0.0422859964341889,3.13263586956514,0.0903170350441069,0.0537209594622254,0.167253145948052,3653.28,10.04,2997.62,8.86,0.706,593.78,2.9,394.69,2.2,1637.18,12.0,1189.81,9.5,2995.58,7.8,2294.33,6.6,0.069835,2.2,0.033122,3.5,0.0,9.0,1050.60076521104,15.0,864.681670102131,14.0,5.0,0.0,0.0,117.0,4.754,0.034,0.0,1322.97001179384,20.0,1012.86135207471,18.0,1698.12634599786,23.0,1164.04561721061,19.0,1.0,3.0,0.0
chr12-78006701-78006702-C-G,TWJF-10146-MO011-0021,Pending,0.285,5.73,0.345,5.9,0.0,13.3,0.05,2.0,0.686,9.12,0.071,0.12,0.0,19.275,20.8,21.106,17.67,19.4699309819558,0.094125,17.5504187092252,0.07125,0.049510869565239,0.948626570425437,0.0931521739130403,0.918495709899334,0.417113818228245,0.249049683101475,85.26,1.1,46.18,0.74,1.095,13.3,0.14,9.12,0.09,19.08,0.94,12.85,0.64,18.38,0.17,20.61,0.19,0.810344,0.07,0.727275,0.1,8.0,9.0,17.9731827893526,0.4,21.6026724758933,0.5,6.0,0.0,0.0,292.0,8.157,0.0,1.0,38.774838712353,1.3,23.4719947845777,0.8,49.0873966609081,1.7,27.667505184553,0.9,1.0,3.0,0.0
chr12-9163708-9163709-T-A,TWJF-10146-MO011-0021,Pending,3.997,27.0,2.719,26.0,0.0,127.635,1.9,2.0,0.399,50.93,0.97,0.057,0.0,3731.985,99.675,924.945,133.0,5582.57743889701,3.29375,3913.77346376239,2.627625,9.49423913043476,0.0254096455700543,7.5582608695652,0.0323304885825606,0.1157267059898,0.0883206262951716,305.79,2.26,507.12,2.81,0.248,4556.21,4.7,794.15,1.4,6262.79,19.0,1904.94,8.4,2907.76,6.6,1055.74,3.1,0.080293,1.9,0.161753,0.97,0.0,9.0,5044.15430351795,16.0,4830.5044151761,15.0,1.0,0.0,0.0,3024.0,124.154,0.0,0.0,127.635063858747,1.9,50.9295688942224,0.9,179.22970913866,2.7,81.7353638024423,1.3,1.0,3.0,0.0
chr12-92145485-92145486-G-T,TWJF-10146-MO011-0021,Accept,0.48,3.32,0.34,1.99,7.53,13.96,0.15,2.0,0.981,13.7,0.14,0.069,0.0,24.776,28.27,17.424,18.99,25.0421816065075,0.167,18.8281719339839,0.0875,0.291249999999962,0.791180719227961,0.219673913043479,0.83729912941969,0.0385644611378666,0.0468099658028222,17.34,0.35,16.02,0.33,0.703,13.96,0.15,13.7,0.14,19.28,0.94,11.85,0.59,24.51,0.23,12.58,0.12,0.283507,0.61,0.420341,0.35,7.0,9.0,70.2579076135694,1.9,50.7839072124827,1.4,7.0,0.0,0.0,3807.0,101.76,0.074,0.0,43.0080745656036,1.5,28.9434302143865,0.9,40.1763057081585,1.4,29.1722549224299,0.9,1.0,3.0,0.0
chr13-35118245-35118246-G-C,TWJF-10146-MO011-0021,Pending,5.8,16.0,21.0,17.0,2.513,362.485,1.99,2.0,5.42,1964.672,5.505,0.068,0.0,1992.564,38.07,8362.288,46.12,3252.56627434439,3.064875,9732.05894177806,5.5045,1.98970108695644,0.177224422926722,8.26921195652172,0.0295916528325161,0.564237900078297,0.312587085179985,2701.92,8.3,13548.25,27.73,4.197,1670.6,5.3,8778.64,19.0,2327.08,12.0,9865.62,26.0,617.3,2.9,7097.9,15.0,0.041713,3.0,0.003446,12.0,0.0,10.0,2314.52844807955,14.0,7945.93674759663,28.0,1.0,0.0,0.0,501.0,30.649,0.082,0.0,706.171197364027,12.0,3005.45340998885,29.0,362.484966840053,6.3,1964.67174784512,23.0,5.0,3.0,0.0
chr13-37586782-37586783-C-G,TWJF-10146-MO011-0021,Pending,1.202,0.22,1.029,0.62,0.0,125.25,0.23,2.0,2.197,275.2,0.38,0.113,0.0,229.66,6.51,338.74,9.74,165.86001046045,0.840375,151.586797782173,0.788875,1.20198369565206,0.349130228017866,1.02915760869551,0.411153849887585,0.005072637082776,0.0548896875698119,13800.65,29.64,3911.76,13.88,1.475,229.66,1.202,338.74,1.029,229.66,2.4,338.74,2.9,125.25,0.23,275.2,0.38,0.029053,1.4,0.023366,1.6,5.0,9.0,784.45046119223,1.1,674.186330339194,0.9,5.0,0.0,0.0,7262.0,209.452,0.0,0.0,229.66,1.202,338.74,1.029,229.66,1.202,338.74,1.029,1.0,3.0,0.0
chr13-51973942-51973943-A-G,TWJF-10146-MO011-0021,Pending,0.49,0.29,0.381,0.71,7.842,55.007,0.14,2.0,1.01,55.566,0.13,0.074,0.0,375.81,13.59,343.3,26.91,55.0065607343035,0.2025,55.566442721331,0.2025,0.490190217391273,0.669750998287689,0.380624999999981,0.735797704752343,0.0779499009950086,0.170376696623862,624.23,5.1,2638.04,11.28,0.913,375.81,0.49,343.3,0.381,375.81,3.0,343.3,2.9,61.35,0.14,54.19,0.13,0.295613,0.24,0.299562,0.23,7.0,9.0,828.057266653624,1.2,846.171342146649,1.3,3.0,0.0,0.0,1013.0,51.593,0.152,0.0,375.81,0.49,343.3,0.381,375.81,0.49,343.3,0.381,1.0,3.0,0.0
chr13-52099854-52099855-C-T,TWJF-10146-MO011-0021,Pending,0.885,17.0,0.661,10.97,0.528,72.506,0.156,2.0,1.308,94.854,0.225,0.071,0.0,105.99,68.995,55.805,50.725,72.5055986757952,0.15625,94.85403543419,0.225,0.463016304347803,0.684975012884249,0.521331521739086,0.651767332820842,0.173472149763256,0.204863082617521,122.93,1.53,47.27,0.96,0.527,216.03,0.57,110.23,0.36,110.68,1.8,52.74,0.95,101.3,0.47,58.87,0.3,0.454372,0.18,0.429012,0.21,6.0,9.0,1318.60914342724,1.8,1121.06690721145,1.3,5.0,0.0,0.0,43.0,1.42,0.372,0.0,73.7853259271183,1.2,46.5553933085801,0.8,83.2549376686378,1.4,51.0987174833731,0.9,1.0,3.0,0.0
chr14-64070737-64070738-G-C,TWJF-10146-MO011-0021,Pending,2.065,8.41,1.81,13.18,16.146,82.963,0.2,2.0,1.026,85.113,0.23,0.06,0.0,370.154,74.15,207.085,136.8,82.9625535235364,0.59725,85.1131317744391,0.612875,0.691114130434684,0.56246018396056,0.72472826086944,0.546200799319944,0.0619127341778948,0.0503354545217007,223.83,1.93,221.43,1.92,0.559,269.24,1.7,124.92,0.97,659.75,7.5,226.04,4.7,399.61,2.2,267.33,1.7,0.550012,0.2,0.521125,0.23,3.0,9.0,784.45046119223,13.0,759.396537558375,13.0,8.0,0.0,0.0,1503.0,148.126,0.109,0.0,378.922156262697,9.2,175.610306139779,5.2,361.384898192999,8.9,192.739176908568,5.5,1.0,3.0,0.0
chr14-67023658-67023659-G-C,TWJF-10146-MO011-0021,Pending,1.191,5.0,1.373,5.1,0.133,106.54,0.18,2.0,0.973,103.69,0.21,0.064,0.0,188.888,14.31,224.631,12.57,332.414720715061,0.642625,321.14877180841,0.6245,0.68182065217384,0.567503038406648,0.945516304347706,0.445028722148184,0.448769874870777,0.300120847299695,1109.14,3.98,624.8,3.08,1.189,235.08,0.58,302.23,0.67,123.99,1.9,136.67,2.0,106.54,0.5,103.69,0.49,0.457449,0.18,0.43248,0.21,2.0,9.0,1709.58761513716,2.9,1709.58761513716,2.9,4.0,0.0,0.0,1042.0,33.34,0.004,0.0,110.400235548703,1.7,115.603238354591,1.8,142.69540880332,2.1,147.031368681684,2.2,1.0,3.0,0.0
chr14-67805586-67805589-GTCT-G,TWJF-10146-MO011-0021,Reject,0.895,15.0,23.0,15.0,7.422,36.413,0.04,2.0,358.252,13045.143,6.936,0.139,0.0,80.465,34.6,7525.485,44.785,36.4132735058803,0.282625,13045.1428003075,6.935875,0.0396467391304469,0.955363800443429,18.6179891304348,0.012326323367822,0.630723966285586,0.140520605957136,112.19,1.3,19453.14,40.46,93.525,48.74,0.49,4859.86,12.0,44.12,1.8,10191.11,28.0,40.87,0.37,15386.99,28.0,0.773839,0.08,0.006106,8.8,3.0,9.0,123.322310242363,3.2,3491.59114386168,28.0,4.0,0.0,0.0,1210.0,37.484,0.198,1.0,129.285553773328,4.0,1650.25098254942,23.0,126.464898559675,4.0,1625.43647069873,23.0,1.0,1.0,0.0
chr15-24962177-24962178-C-T,TWJF-10146-MO011-0021,Pending,2.95,4.94,5.785,8.5,0.0,4.56,0.19,2.0,451.029,2056.69,5.37,0.114,0.0,205.543,40.81,1348.775,75.12,18260.5288915498,9.45825,24327.982424935,16.2115,46.2246739130435,0.005448038547291,62.7446739130435,0.0041303776262807,0.0001271813489438,0.0002561316382525,4.56,0.19,2056.69,5.37,6.562,154.88,0.47,647.11,1.2,211.83,2.5,1170.65,6.2,380.79,1.5,1526.9,4.0,0.038775,3.5,0.011219,7.8,2.0,9.0,4989.871863861,16.0,8853.9038957751,29.0,2.0,2.0,1.0,5028.0,86.54,0.0,0.0,196.322465739706,2.9,357.248159470972,5.0,199.255354120899,3.0,338.384140354834,4.7,2.0,3.0,1.0
chr15-48878200-48878201-G-C,TWJF-10146-MO011-0021,Pending,4.4,10.37,14.0,10.7,31.349,94.095,0.751,2.0,2.087,196.38,1.709,0.093,0.0,937.863,504.5,4722.745,522.56,116.817780852347,0.751375,717.014498644741,1.70875,0.917282608695516,0.457286498953712,2.43758152173903,0.130184327888692,0.0364750537555664,0.0462099317228421,1797.59,6.47,18508.5,38.26,5.036,1083.28,4.1,5901.03,14.0,1109.0,9.2,6504.5,22.0,1328.81,4.7,5990.58,14.0,0.214543,0.8,0.049635,2.7,4.0,9.0,94.0951852953971,2.5,196.380048123136,4.6,1.0,0.0,0.0,4983.0,235.704,0.133,0.0,660.009216258736,14.0,3544.45935028353,32.0,792.446588318727,16.0,3334.03381278094,31.0,3.0,3.0,0.0
chr15-49996726-49996727-G-A,TWJF-10146-MO011-0021,Pending,0.363,13.0,0.47,13.0,0.0,1.74,0.03,2.0,1.42,2.47,0.08,0.051,0.0,25.427,38.6,34.92,44.25,125.45642862782,0.30575,145.265847519026,0.35,1.00907608695638,0.41889340316848,1.1116576086955,0.379669901459956,0.0119573502452112,0.0059585128037724,1.74,0.03,2.47,0.08,1.373,8.45,0.05,15.44,0.08,21.72,0.42,28.78,0.59,11.23,0.04,15.87,0.06,0.560336,0.09,0.419472,0.22,7.0,9.0,792.984124177032,0.6,1121.06690721145,1.3,7.0,0.0,0.0,385.0,16.158,0.0,0.0,37.150956523918,0.6,49.5415967500125,0.8,29.134663068387,0.5,41.0591543080732,0.7,3.0,3.0,0.0
chr15-50252699-50252700-C-T,TWJF-10146-MO011-0021,Pending,0.215,38.0,7.6,38.0,0.0,36.208,0.03,2.0,75.509,2734.072,0.364,0.052,0.0,307.021,199.375,6605.531,232.035,64.646628049873,0.124625,251.559405569885,0.90875,0.0298641304348024,0.962583307263202,0.363913043478234,0.745880668559807,0.840302482247353,0.59980184212327,629.24,3.13,22698.93,42.56,21.515,276.72,0.11,19316.38,8.2,605.05,0.79,23067.13,26.0,591.88,0.13,10476.99,3.0,0.573201,0.03,0.02776,1.5,6.0,9.0,337.322928728272,0.3,2607.06100147072,7.0,2.0,0.0,0.0,4.0,0.29,0.0,0.0,36.2084554965673,0.7,2734.07233212278,18.0,42.9111348242737,0.8,2130.93400584544,16.0,1.0,3.0,0.0
chr15-50908878-50908879-C-T,TWJF-10146-MO011-0021,Pending,0.172,0.01,12.798,0.05,0.939,13.62,0.03,2.0,763.994,10405.6,8.8,0.06,0.0,37.86,11.42,10405.6,21.51,37.8598539541666,0.05525,16427.578206816,12.797625,0.17184782608696,0.868821229139494,37.3590489130435,0.006073859525703,0.309896585531533,0.0019976575567852,197.59,2.23,2273.22,10.43,274.845,37.86,0.172,10405.6,12.798,13.62,0.25,10405.6,19.0,13.93,0.04,13460.03,5.7,0.813027,0.03,0.000402,8.8,13.0,9.0,681.520482356048,0.9,3975.67635914596,16.0,9.0,0.0,0.0,471.0,10.097,0.093,0.0,37.86,0.172,10405.6,12.798,37.86,0.172,10405.6,12.798,1.0,3.0,0.0
chr15-59091121-59091122-G-C,TWJF-10146-MO011-0021,Pending,15.5,16.5,13.59,30.04,3.459,2780.407,2.1,2.0,1.328,3693.676,3.0,0.081,0.0,5671.113,195.67,5665.561,591.1,2780.40735317953,2.1595,3693.67567285057,2.541375,6.04790760869562,0.0419994452902172,7.5582608695652,0.0326441239606535,0.0712432072032243,0.0752505827695131,12441.96,16.98,8228.61,12.18,0.999,17871.03,23.0,18573.83,24.0,5441.03,15.0,5470.55,15.0,4465.73,9.4,5238.5,12.0,0.075949,2.1,0.046969,3.0,5.0,10.0,12249.092204073,16.0,11857.878436159,15.0,9.0,0.0,0.0,957.0,36.797,0.094,0.0,5901.19546511576,38.0,5860.5719212753,38.0,3153.69725433237,22.0,3039.62494544876,22.0,1.0,3.0,0.0
chr15-90241535-90241536-G-T,TWJF-10146-MO011-0021,Reject,0.728,8.8,0.35,8.4,0.355,6.64,0.12,2.0,1.051,6.98,0.13,0.124,0.0,42.635,19.27,37.506,18.64,49.2695760695566,0.391125,44.3391548123404,0.354625,0.536467391304299,0.643271305961982,0.346086956521717,0.757652270846515,0.0145100477093365,0.141085899667814,6.64,0.12,6.98,0.13,0.88,19.72,0.22,20.33,0.23,48.9,2.0,35.15,1.5,19.49,0.18,18.35,0.17,0.19129,0.92,0.528355,0.22,5.0,9.0,174.344676921567,4.2,186.038364160127,4.4,5.0,5.0,1.0,309.0,1.424,0.249,0.0,42.5157652070637,1.5,39.8611661535242,1.4,42.7533352173827,1.5,43.9511254027339,1.5,1.0,3.0,1.0
chr15-97960900-97960901-G-A,TWJF-10146-MO011-0021,Pending,0.7,2.44,16.0,3.28,1.154,3.77,0.16,2.0,5376.011,20267.56,28.23,0.074,0.0,62.249,102.48,7922.469,153.75,163.602669305497,0.388875,8670.04712679255,4.52275,1.08366847826071,0.39017984574783,15.1609510869565,0.0157626256881869,0.0511414568172767,0.0988464942201972,3.77,0.16,20267.56,28.23,127.27,31.94,0.16,13032.68,15.0,66.56,1.3,12051.9,32.0,89.17,0.43,7174.89,16.0,0.238081,0.6,0.007405,10.0,4.0,9.0,1376.93031903257,2.0,5210.57046486107,17.0,1.0,0.0,0.0,1195.0,10.986,0.105,0.0,57.9388672292917,1.0,2285.44092525641,20.0,47.4689909496179,0.8,1619.60832338551,16.0,1.0,3.0,0.0
chr15-99129825-99129826-C-T,TWJF-10146-MO011-0021,Pending,0.945,1.15,0.835,0.59,0.29,10.48,0.4,2.0,1.625,17.03,0.57,0.055,0.0,109.789,42.72,92.234,23.03,257.599465291196,0.54575,158.105749203129,0.378,1.31402173913035,0.315072577339224,1.17062499999987,0.358690296966941,0.082515942514874,0.0037451025091286,10.48,0.4,17.03,0.57,0.84,187.95,0.53,119.08,0.39,128.08,1.9,99.86,1.7,88.43,0.43,67.39,0.34,0.240793,0.59,0.387744,0.27,8.0,9.0,1304.4189904398,1.7,1028.11044838492,1.1,4.0,0.0,0.0,557.0,7.628,0.038,0.0,80.532280954875,1.3,70.1406845278097,1.2,91.4976626594236,1.5,84.6077215807845,1.4,1.0,3.0,0.0
chr16-19542980-19542981-G-C,TWJF-10146-MO011-0021,Pending,0.89,26.99,0.435,29.13,0.669,17.78,0.16,2.0,0.733,13.04,0.2,0.069,0.0,251.877,478.72,88.2,556.25,73.9841384383237,0.161,58.0470939575727,0.1125,0.272717391304326,0.80365854457549,0.313695652173877,0.777247212606778,0.357806127518415,0.246088952757418,17.78,0.58,13.04,0.47,0.35,115.94,0.38,42.72,0.2,268.76,2.8,93.08,1.6,259.99,1.2,83.32,0.4,0.46438,0.16,0.433684,0.2,2.0,9.0,1672.99030017259,2.8,1602.12922627967,2.6,6.0,0.0,0.0,465.0,7.437,0.09,0.0,243.764242617938,3.4,153.098170155994,2.3,260.861507675927,3.7,152.198369546987,2.3,1.0,3.0,0.0
chr16-23392378-23392379-C-A,TWJF-10146-MO011-0021,Pending,6.8,7.01,12.662,6.64,6.515,87.078,1.6,2.0,1.349,117.465,2.1,0.064,0.0,724.765,59.65,2182.71,55.96,15711.5756222564,8.45425,21254.1933385985,13.323375,27.6173913043478,0.0089930507627725,46.2246739130435,0.0053474018719662,0.101516934577376,0.0365072585409507,322.49,2.39,548.42,3.25,3.012,432.48,2.3,1961.56,5.9,1017.05,7.1,2403.86,12.0,2232.57,6.5,8263.88,17.0,0.004081,11.0,0.000436,27.0,1.0,10.0,2523.79620595976,15.0,4018.92584890218,20.0,8.0,0.0,0.0,155.0,19.802,0.329,0.0,87.0783116556628,1.6,117.465410302237,2.1,87.154536983197,1.6,115.688449357497,2.1,3.0,3.0,0.0
chr16-268816-268817-G-C,TWJF-10146-MO011-0021,Pending,5.703,0.51,17.595,0.96,5.675,592.12,1.8,2.0,5.272,3121.835,5.9,0.058,0.0,1398.45,63.64,5859.205,95.57,10829.0124215207,5.40625,12031.6804367604,5.949875,24.5792391304348,0.009105264379736,27.6173913043478,0.0086334325472019,0.0028790522774215,0.0166181746390066,2012.48,5.31,12605.89,17.19,4.19,1217.35,1.8,5974.92,5.9,1091.15,6.0,5743.49,18.0,1579.55,4.1,4518.85,9.4,0.035661,3.7,0.011522,7.8,2.0,9.0,8208.08818314808,26.0,13947.3450041095,42.0,1.0,0.0,0.0,81.0,65.987,0.086,0.0,680.722334436608,8.1,4425.57800496898,29.0,592.120367483009,7.4,3121.83539293698,24.0,2.0,3.0,0.0
chr16-48258683-48258684-G-A,TWJF-10146-MO011-0021,Pending,0.385,0.24,0.445,0.24,12.595,28.574,0.064,2.0,1.109,31.693,0.13,0.076,0.0,32.737,7.22,71.478,7.27,43.5091310077837,0.064,62.6565510297515,0.129625,0.469836956521675,0.681102852908494,0.58154891304342,0.618614577260507,0.0282120711635798,0.0505620932672172,32.71,0.81,22.77,0.67,2.183,34.87,0.18,81.44,0.29,31.04,0.66,80.43,1.5,32.49,0.15,80.3,0.39,0.50222,0.14,0.320196,0.38,7.0,9.0,442.099590302049,0.3,531.376816391114,0.3,6.0,0.0,0.0,6331.0,229.005,0.055,0.0,28.5739315483097,0.5,31.6934852464169,0.5,32.7649870015585,0.6,42.2094798159891,0.7,1.0,3.0,0.0
chr16-58586721-58586722-G-A,TWJF-10146-MO011-0021,Pending,0.91,1.04,0.632,2.26,0.0,43.73,0.41,2.0,0.572,25.03,0.36,0.051,0.0,76.055,72.05,96.124,124.31,73.8196067033682,0.550625,98.1470147720662,0.673375,0.416739130434777,0.712820376551906,0.457989130434754,0.688412954676869,0.215821434743702,0.261119635775685,43.73,0.72,25.03,0.48,1.264,46.42,0.48,46.33,0.47,78.29,1.9,94.1,2.1,45.58,0.41,38.51,0.36,0.166106,1.1,0.290391,0.59,4.0,10.0,230.98400762356,2.4,228.498283614918,2.4,3.0,0.0,0.0,2987.0,290.085,0.0,0.0,425.510224381301,7.4,427.474290338358,7.5,674.978593986529,12.0,658.097134817917,12.0,1.0,3.0,0.0
chr16-676879-676880-C-T,TWJF-10146-MO011-0021,Pending,0.605,1.31,0.355,0.52,0.296,28.93,0.271,2.0,1.289,37.29,0.098,0.066,0.0,55.903,14.55,33.1,9.01,35.042892838875,0.270625,19.973735496993,0.098375,0.424565217391276,0.708662101149628,0.251005434782599,0.816849862090538,0.0055592733551748,0.0225748387747444,28.93,0.54,37.29,0.64,0.592,64.74,0.61,28.91,0.31,32.59,0.74,12.58,0.17,61.79,0.54,19.5,0.18,0.012469,6.1,0.059774,2.4,14.0,10.0,53.606933103778,0.6,40.9022040991997,0.4,4.0,0.0,0.0,69.0,1.7,0.174,0.0,58.1982599472063,1.0,58.3324207921042,1.0,62.5590291049375,1.1,54.8643198949788,0.9,1.0,3.0,0.0
chr16-75478879-75478880-C-T,TWJF-10146-MO011-0021,Pending,1.625,3.76,20.084,2.38,0.123,76.13,0.38,2.0,41.203,3136.82,7.0,0.139,0.0,583.92,31.47,7677.605,21.65,7676.59911463617,4.0975,26927.7607687141,21.4185,18.6179891304348,0.0130022464632771,46.2246739130435,0.0059259336006941,0.0102314353862311,0.130662904586643,79.07,1.25,13851.05,18.75,13.148,620.9,1.2,4770.77,4.9,226.04,1.2,10584.44,26.0,76.13,0.38,3136.82,7.0,0.169598,0.92,0.006851,11.0,5.0,10.0,6903.32775987199,6.4,26123.5265413555,35.0,1.0,0.0,0.0,11.0,0.449,0.273,0.0,546.940395066025,2.0,1610.42313163085,9.7,797.664014678055,3.6,3394.84538860871,24.0,1.0,3.0,0.0
chr16-77735952-77735953-A-T,TWJF-10146-MO011-0021,Pending,0.722,40.81,0.404,30.0,0.424,120.567,0.17,2.0,0.511,61.629,0.13,0.077,0.0,583.205,391.93,359.0,450.615,120.567450777576,0.41275,61.6289230444615,0.1105,0.443831521739113,0.696597449612975,0.158124999999998,0.877136128778558,0.328467669896781,0.464862940832973,978.31,4.1,2181.16,6.74,0.616,469.98,0.17,333.22,0.13,968.71,1.3,471.75,0.65,969.77,0.24,384.78,0.09,0.202887,0.27,0.441329,0.07,5.0,9.0,696.429008571064,1.0,618.284248621816,0.7,7.0,0.0,0.0,434.0,26.525,0.016,0.0,311.752539587987,3.9,196.702554513393,2.7,274.517477771805,3.5,227.284594523241,3.1,1.0,3.0,0.0
chr17-1271179-1271180-G-A,TWJF-10146-MO011-0021,Pending,19.5,23.32,25.0,30.44,0.0,2088.863,7.77,2.0,1.026,2142.447,9.296,0.051,0.0,7324.595,361.03,12578.81,607.23,14589.6510462291,7.76975,16959.134904816,9.296125,13.5008967391304,0.0172493325811292,22.1923097826087,0.010970992640424,0.267628557048738,0.179247418651357,3294.78,9.4,5516.81,13.29,1.717,8109.4,18.0,15736.35,29.0,6539.79,21.0,10081.44,26.0,13196.85,24.0,15076.18,27.0,0.005584,9.2,0.00498,9.7,1.0,10.0,28485.4814491769,46.0,33144.3223549893,48.0,9.0,0.0,0.0,3.0,0.052,0.0,0.0,2088.86320532243,24.0,2142.44657021464,24.0,3238.09808649101,30.0,3305.90218861695,30.0,6.0,3.0,0.0
chr17-3216460-3216461-C-T,TWJF-10146-MO011-0021,Pending,0.581,0.94,0.76,0.64,0.0,36.96,0.11,2.0,0.554,20.46,0.11,0.065,0.0,109.172,11.99,61.2,9.9,109.172315423459,0.58075,227.872471729388,1.0655,0.523070652173885,0.651253513388659,1.36945652173904,0.299062941238763,0.242820369079709,0.0275825945427641,321.13,3.26,61.2,0.61,0.561,109.172,0.581,61.2,0.76,36.96,0.64,20.46,0.35,42.77,0.11,43.41,0.11,0.288595,0.24,0.080784,0.76,13.0,9.0,1967.78648311005,5.8,1407.05120650257,3.3,8.0,0.0,0.0,0.0,0.001,0.0,1.0,109.172,0.581,61.2,0.76,109.172,0.581,61.2,0.76,6.0,3.0,0.0
chr17-39605533-39605534-C-T,TWJF-10146-MO011-0021,Pending,0.06,5.24,4.05,2.6,0.0,2.33,0.01,2.0,2053.361,4784.33,0.68,0.069,0.0,9.202,43.36,1324.305,23.13,26.6891437778466,0.011125,3557.98100905622,2.47575,0.255679347826074,0.81449122970086,8.54532608695651,0.0282848460800709,0.0977129008388146,0.0231915611657314,2.33,0.0699999999999999,4784.33,8.51,143.922,4.38,0.03,2023.45,2.5,5.35,0.05,784.45,4.8,7.86,0.02,605.05,2.1,0.953674,0.01,0.218276,0.68,6.0,9.0,306.023749734804,0.2,1864.15973431607,3.3,9.0,0.0,0.0,6.0,0.004,0.0,0.0,10.5431406444032,0.2,466.627145739666,6.1,14.7710034643864,0.3,570.702795659014,7.1,1.0,3.0,0.0
chr17-42703765-42703766-G-A,TWJF-10146-MO011-0021,Accept,0.045,11.0,0.045,9.5,2.98,1.64,0.02,2.0,1.152,1.89,0.04,0.099,0.0,9.11,38.665,8.825,53.465,33.4763976906324,0.03025,32.8297858470174,0.02775,0.394103260869556,0.727111629514665,0.362445652173875,0.746849474975462,0.0187583477818407,0.0421934678452089,1.64,0.02,1.89,0.04,0.969,3.39,0.02,3.66,0.02,4.26,0.03,5.12,0.05,4.78,0.02,4.88,0.02,0.675866,0.06,0.724548,0.04,9.0,9.0,466.675458100716,0.3,503.393672721951,0.3,8.0,0.0,0.0,850.0,27.852,0.107,0.0,13.5197916855619,0.3,12.5305461400549,0.2,13.4403321023421,0.3,13.7217657174249,0.3,1.0,3.0,0.0
chr17-76293230-76293231-C-A,TWJF-10146-MO011-0021,Accept,2.94,8.29,12.0,10.27,0.964,52.377,0.418,2.0,79.914,4185.623,3.42,0.132,0.0,220.147,72.7,4456.362,96.09,52.3765809358367,0.417625,4185.62341879649,3.419875,0.519483695652113,0.65321364259706,10.2319836956522,0.0230452745202034,0.0436229626648128,0.0083716780136455,719.31,3.78,13183.59,27.02,20.243,370.23,2.1,12839.95,25.0,194.27,4.4,4727.1,19.0,324.25,2.0,5058.2,12.0,0.174561,1.1,0.007292,8.1,3.0,9.0,192.176120573425,4.5,1039.29477233106,15.0,2.0,0.0,0.0,107.0,3.557,0.271,0.0,199.319596812176,5.7,312.284191599001,8.0,240.973896406668,6.6,497.702703706675,12.0,1.0,3.0,0.0
chr17-9239843-9239844-C-G,TWJF-10146-MO011-0021,Pending,15.0,1.5,21.5,1.5,0.706,751.224,5.594,2.0,1.022,767.658,9.562,0.055,0.0,3632.456,40.47,7558.495,25.35,9933.39810251343,5.594375,17337.7273145782,9.562125,24.5792391304348,0.0098427626384501,46.2246739130435,0.0057488423743868,0.0014022705327079,0.0011655696762318,1889.02,6.67,8757.86,18.9,2.081,4427.19,12.0,6359.13,15.0,9346.08,26.0,10874.65,29.0,8100.19,17.0,11774.14,22.0,0.003002,13.0,0.000878,21.0,0.0,9.0,751.224325876238,13.0,767.657650839511,13.0,9.0,9.0,1.0,582.0,3.459,0.204,0.0,2492.01125813777,27.0,4597.79919603303,35.0,2837.72299871076,29.0,4709.44793559484,35.0,1.0,3.0,1.0
chr18-2750351-2750352-G-C,TWJF-10146-MO011-0021,Pending,0.103,0.46,0.08,1.22,2.082,25.57,0.02,2.0,0.998,25.51,0.02,0.073,0.0,31.606,18.87,30.336,45.61,31.6059682394513,0.021,30.3360092586631,0.01675,0.102500000000006,0.912387408773724,0.0733967391304446,0.932362115138022,0.388240344822407,0.456235973164439,177.32,2.04,140.0,1.63,0.96,31.606,0.103,30.336,0.08,25.57,0.45,25.51,0.45,30.88,0.09,28.64,0.08,0.872363,0.02,0.884239,0.02,5.0,9.0,893.209148776166,1.4,776.008632837805,1.0,5.0,0.0,0.0,1169.0,44.303,0.047,0.0,31.606,0.103,30.336,0.08,31.606,0.103,30.336,0.08,5.0,3.0,0.0
chr18-33957381-33957382-G-A,TWJF-10146-MO011-0021,Pending,0.492,7.6,0.396,5.9,0.0,5.85,0.14,2.0,1.284,7.51,0.07,0.093,0.0,88.923,167.455,51.861,155.77,92.5967265597681,0.218375,159.335161390785,0.382,0.683722826086878,0.565944485461164,1.08627717391288,0.389176268814763,0.0960799693129956,0.0426925268257036,5.85,0.25,7.51,0.31,0.583,85.25,0.3,30.61,0.15,35.54,0.77,20.8,0.41,39.65,0.19,49.72,0.26,0.49722,0.14,0.615708,0.07,7.0,9.0,1050.60076521104,1.1,1235.72622310726,1.5,5.0,5.0,1.0,33.0,4.993,0.0,0.0,96.8210972306636,1.6,55.7147261233278,0.9,109.751382599776,1.7,54.0020193347909,0.9,1.0,3.0,1.0
chr18-9549259-9549260-C-T,TWJF-10146-MO011-0021,Pending,0.03,2.0,0.209,8.0,11.868,18.613,0.01,2.0,3.69,68.677,0.02,0.062,0.0,34.424,7.245,136.271,24.035,36.9283428402656,0.0125,79.9201456769829,0.207875,0.0153804347826422,0.973377133506983,0.102500000000006,0.912362286164934,0.785918317735195,0.642836079001427,1039.38,4.25,7333.16,15.52,3.959,30.47,0.02,93.6,0.05,45.09,0.04,157.31,0.21,31.92,0.02,335.14,0.07,0.946381,0.01,0.701734,0.02,7.0,9.0,784.45046119223,1.1,1222.42801093886,2.2,1.0,0.0,0.0,1675.0,108.882,0.109,0.0,18.6127266816152,0.4,68.6767919382495,1.2,24.6359889146137,0.5,115.231177557267,1.8,1.0,3.0,0.0
chr19-17652672-17652673-C-A,TWJF-10146-MO011-0021,Pending,0.134,31.0,3.6,53.0,0.0,46.003,0.01,2.0,17.014,782.674,2.5,0.07,0.0,182.056,201.555,11823.39,378.09,46.0030931195819,0.0145,782.674413137207,1.561125,0.133586956521754,0.892385882291657,2.48913043478252,0.126326004996347,0.42690952681005,0.0605110612232238,18991.39,61.02,11823.39,35.24,64.944,182.056,0.134,11823.39,3.6,252.3,0.59,21631.25,22.0,123.5,0.03,25973.6,8.9,0.963593,0.01,0.017722,2.5,2.0,9.0,182.055822084847,0.3,1158.05301827804,3.6,9.0,0.0,0.0,9.0,0.528,0.0,0.0,182.056,0.134,11823.39,3.6,182.056,0.134,11823.39,3.6,5.0,3.0,0.0
chr19-3626635-3626636-C-T,TWJF-10146-MO011-0021,Pending,1.546,10.68,20.571,24.97,2.823,28.081,0.28,2.0,38.637,1084.951,12.0,0.098,0.0,93.335,949.23,9530.425,4010.96,1779.98847795904,1.691125,24822.7595895517,17.141125,5.1492119565217,0.0499872550173171,62.7446739130435,0.0040546572304339,0.0003781480877478,0.0005326190375853,47.43,0.97,18262.81,24.97,102.11,78.36,0.28,10396.48,12.0,108.31,1.8,8664.37,24.0,329.26,1.4,7643.95,16.0,0.084871,1.8,0.001266,24.0,2.0,9.0,2122.61272297631,4.2,12930.0068153155,40.0,9.0,0.0,0.0,981.0,17.428,0.162,1.0,37.4084746520696,0.6,1655.65559088281,16.0,28.0808338588168,0.5,1084.95068911886,13.0,1.0,3.0,0.0
chr19-38725834-38725835-G-A,TWJF-10146-MO011-0021,Pending,5.85,29.0,22.0,38.0,103.934,557.558,2.0,2.0,5.058,2820.266,6.5,0.138,0.0,819.87,144.11,7896.565,258.09,4134.19556951344,3.402625,18609.2024785226,10.484125,4.5192663043478,0.0579933293784841,31.6431793478261,0.0077388876478838,0.276108202058822,0.105177299119532,2083.07,7.07,13511.24,27.66,9.631,572.0,2.8,9182.2,19.0,611.63,5.8,6610.93,21.0,1884.89,5.9,9689.91,19.0,0.080217,2.0,0.011272,6.5,1.0,10.0,1028.11044838492,7.5,5154.49714516903,23.0,1.0,0.0,0.0,5665.0,386.371,0.269,0.0,560.931720615299,9.2,3089.65508872833,29.0,557.557933785119,9.2,2820.26553404012,28.0,1.0,3.0,0.0
chr19-39200697-39200698-G-A,TWJF-10146-MO011-0021,Pending,7.1,16.52,5.6,14.28,9.556,1080.986,2.3,2.0,0.906,979.084,1.5,0.139,0.0,1515.335,195.88,951.997,154.89,29586.3987921315,31.7505,22412.9677276708,13.372125,99.2866032608696,0.0034213291464862,62.7446739130435,0.0044774987043611,0.0005473179462569,0.0006533771756949,1336.22,4.36,333.35,2.34,0.628,1789.75,2.3,924.91,1.5,1354.76,4.6,582.56,2.5,1592.07,4.2,820.94,2.5,0.001769,21.0,0.007249,11.0,0.0,10.0,9972.94614226821,12.0,6755.54752439606,6.2,9.0,0.0,0.0,773.0,9.633,0.992,0.0,1438.59981461678,8.4,1445.24008965559,8.5,1080.98582730512,5.8,979.084104899161,5.0,1.0,3.0,0.0
chr19-39480887-39480888-G-A,TWJF-10146-MO011-0021,Pending,0.205,2.81,0.18,1.9,11.896,46.818,0.01,2.0,1.024,47.937,0.01,0.059,0.0,282.69,24.57,163.75,18.45,46.8180856432327,0.019,47.936751587397,0.023125,0.205380434782597,0.846625659095937,0.268396739130395,0.806757158196221,0.316706691868603,0.244248768314719,16953.49,53.01,18675.85,59.76,0.579,282.69,0.205,163.75,0.18,95.53,0.24,67.7,0.18,282.69,0.06,163.75,0.04,0.967566,0.01,0.938453,0.01,4.0,9.0,456.685289375157,1.2,414.310836296246,1.0,4.0,0.0,0.0,667.0,80.928,0.147,0.0,282.69,0.205,163.75,0.18,282.69,0.205,163.75,0.18,1.0,3.0,0.0
chr19-39830745-39830746-G-A,TWJF-10146-MO011-0021,Pending,0.367,1.4,7.2,1.7,2.476,17.37,0.04,2.0,3.428,59.54,1.0,0.052,0.0,112.498,25.95,5229.88,29.8,103.655699289121,0.3345,12390.1605204572,18.699,0.683722826086878,0.565628683876926,24.5792391304348,0.0090896496354985,0.126690385863185,0.0393626445438712,637.16,3.15,7245.95,15.37,46.489,66.67,0.04,3213.81,1.0,121.34,0.14,13070.67,14.0,623.63,0.14,21264.6,9.0,0.444825,0.07,0.002969,5.4,9.0,9.0,520.001579145507,0.6,1109.00259611381,1.9,9.0,0.0,0.0,696.0,19.808,0.125,0.0,17.3704072251763,0.4,59.5401603598416,1.1,24.2979704747214,0.5,79.5371453934078,1.3,1.0,3.0,0.0
chr19-4217567-4217568-C-T,TWJF-10146-MO011-0021,Accept,0.53,1.23,0.37,60.67,0.776,12.045,0.16,2.0,0.414,4.987,0.1,0.146,0.0,358.414,80.65,225.927,10128.15,185.159392648628,0.6805,150.541559163294,0.54,0.929673913043359,0.451696809089981,0.849211956521643,0.486840431292354,0.156555800233036,0.139631090220064,3489.22,9.2,8484.72,17.28,0.63,439.2,0.16,213.25,0.1,1269.61,1.6,474.31,0.65,2933.83,0.66,2439.34,0.54,0.254754,0.21,0.352879,0.13,1.0,9.0,277.628727329086,0.2,238.604605560771,0.2,4.0,0.0,0.0,162.0,5.703,0.136,0.0,12.0450886309539,0.3,4.98666277638976,0.2,19.9788276314706,0.4,7.70140566346683,0.2,1.0,3.0,0.0
chr19-47544848-47544849-C-T,TWJF-10146-MO011-0021,Pending,1.885,7.0,1.302,11.0,0.121,86.76,0.88,2.0,0.466,40.46,0.41,0.074,0.0,202.364,16.08,107.64,22.18,623.594273064679,1.618625,329.804847598582,1.255,1.46918478260859,0.272974308591003,0.86771739130424,0.478540116254306,0.267837974242866,0.345545968040824,252.13,2.07,120.1,1.35,0.532,104.3,0.88,38.45,0.41,86.76,2.8,40.46,1.8,257.72,1.7,136.55,1.0,0.153853,1.2,0.260138,0.68,4.0,9.0,828.057266653624,13.0,645.630535743832,12.0,8.0,0.0,0.0,19.0,1.148,0.105,0.0,152.598407010321,4.7,95.180942291462,3.1,136.44888777809,4.2,84.5220457382908,2.8,1.0,3.0,0.0
chr19-49591722-49591723-G-C,TWJF-10146-MO011-0021,Pending,0.733,14.0,1.3,30.0,6.321,17.76,0.2,2.0,1.105,19.62,0.2,0.118,0.0,522.57,38.81,539.677,87.825,144.231248447739,0.761125,539.676823066617,1.703875,0.732880434782487,0.54253030933137,1.65130434782598,0.23247614416074,0.190954583697021,0.167449622415006,630.16,5.13,457.38,4.18,1.033,522.57,0.733,539.677,1.3,17.76,0.24,19.62,0.26,522.57,0.57,571.18,0.6,0.054695,0.94,0.031843,1.3,3.0,11.0,776.008632837805,0.2,1028.11044838492,0.2,4.0,0.0,0.0,395.0,18.483,0.342,0.0,522.57,0.733,539.677,1.3,522.57,0.733,539.677,1.3,5.0,3.0,0.0
chr19-49657850-49657851-G-C,TWJF-10146-MO011-0021,Pending,8.45,32.0,8.75,33.0,7.93,569.39,2.5,2.0,1.117,635.931,2.9,0.117,0.0,4050.275,153.645,4348.251,158.41,11056.4678661873,5.51075,8258.47430882774,4.33325,24.5792391304348,0.0092474332024435,18.6179891304348,0.0125896937868723,0.01300530746812,0.0210588204645318,8769.5,12.76,11480.56,15.85,1.074,2018.51,2.5,2410.06,2.9,4335.14,15.0,4909.54,16.0,3765.41,8.2,4589.66,9.6,0.009338,8.7,0.011395,7.8,0.0,9.0,4526.87667639995,14.0,4106.84141846427,12.0,4.0,0.0,0.0,1400.0,41.517,0.191,0.0,579.388672292917,7.2,657.612409530483,7.9,569.390215652709,7.1,635.931005508358,7.7,2.0,3.0,0.0
chr19-54153797-54153798-G-C,TWJF-10146-MO011-0021,Accept,0.367,2.07,0.395,2.17,8.105,30.309,0.01,2.0,0.836,25.326,0.03,0.14,0.0,179.245,116.94,253.47,120.71,45.2450700639914,0.036125,53.112129719455,0.06825,0.454836956521717,0.690169679002302,0.553369565217366,0.634425231387856,0.0508427104214206,0.0242905853665433,11314.05,21.86,11712.1,22.52,1.414,161.49,0.08,212.29,0.1,201.76,0.28,294.65,0.39,197.0,0.05,623.27,0.14,0.835123,0.01,0.679171,0.03,6.0,9.0,573.185760166311,0.7,792.984124177032,1.2,1.0,0.0,0.0,551.0,36.674,0.221,0.0,37.6539030444044,0.7,20.2213431922878,0.4,30.3088877997292,0.6,25.3261981246859,0.5,1.0,3.0,0.0
chr19-57212881-57212882-G-C,TWJF-10146-MO011-0021,Pending,0.187,3.69,0.23,4.53,6.365,2.58,0.02,2.0,2.678,6.91,0.13,0.059,0.0,10.855,30.95,20.0,37.47,32.4605530608064,0.245875,46.4870884746303,0.3705,0.174646739130424,0.865913314603887,0.135353260869579,0.890959270238585,0.260510050226003,0.425608441233635,2.58,0.02,6.91,0.13,1.843,7.02,0.05,20.41,0.23,5.93,0.05,13.94,0.23,11.07,0.11,19.59,0.18,0.17049,1.1,0.177982,0.99,5.0,10.0,11.6591312415544,0.2,24.5977351637435,0.2,8.0,0.0,0.0,1080.0,54.867,0.116,0.0,10.639225158862,0.2,16.7459580912466,0.3,13.1913729803167,0.2,23.0297911764739,0.3,1.0,3.0,0.0
chr19-8935150-8935151-G-C,TWJF-10146-MO011-0021,Pending,0.934,1.61,0.371,1.4,1.112,50.794,0.15,2.0,0.403,20.455,0.12,0.119,0.0,517.97,16.5,323.07,15.08,162.284044901006,0.59075,73.3575387745531,0.1715,0.968722826086847,0.434494275490433,0.341277173912999,0.760710171059685,0.100647251587361,0.284037183504552,382.47,2.27,166.67,1.3,0.624,749.89,0.28,762.43,0.29,1229.06,1.5,479.47,0.66,653.47,0.15,543.69,0.12,0.113079,0.49,0.35169,0.13,2.0,9.0,1864.15973431607,4.4,1672.99030017259,3.7,1.0,1.0,1.0,63.0,1.112,1.0,0.0,50.7937175916064,0.9,20.4554953108567,0.4,313.018495711128,3.9,93.0186431010495,1.4,5.0,3.0,1.0
chr2-102015945-102015946-C-G,TWJF-10146-MO011-0021,Pending,0.777,11.0,0.79,11.0,0.0,34.96,0.48,2.0,0.995,34.77,0.39,0.075,0.0,65.352,29.02,70.772,29.91,137.839174269672,0.826125,80.504995166126,0.587875,0.794456521738994,0.512946401981486,0.478858695652136,0.675923113855907,0.144950650283135,0.190437485696748,35.56,0.62,58.13,0.87,1.083,68.33,0.63,94.2,0.82,34.96,0.76,34.77,0.76,53.46,0.48,42.92,0.39,0.041996,3.0,0.071916,2.1,7.0,10.0,62.3744230696619,0.7,61.0391674872034,0.7,5.0,0.0,0.0,267.0,6.556,0.0,0.0,372.314542527025,6.6,441.478949016699,7.6,399.291440092135,7.0,390.202457267081,6.8,1.0,3.0,0.0
chr2-108247293-108247294-G-C,TWJF-10146-MO011-0021,Pending,4.7,15.8,4.7,30.18,0.0,109.485,0.5,2.0,0.917,100.406,0.7,0.054,0.0,831.97,182.06,795.027,596.54,23383.5572513065,16.05025,18345.7754629523,10.314875,46.2246739130435,0.0052323732304552,37.3590489130435,0.0067985355609319,0.0565410703711677,0.0643799100071191,2501.67,7.92,1755.54,6.38,0.956,3687.32,9.1,1638.29,5.3,156.47,1.3,162.5,1.3,1192.67,4.4,1064.92,4.1,0.017433,5.0,0.016204,5.3,2.0,11.0,109.484586351382,1.2,100.406359728292,1.0,6.0,0.0,0.0,9.0,0.0,0.222,0.0,324.578687677049,0.5,376.114433570711,0.7,471.270223084301,1.1,525.133833427392,1.2,2.0,3.0,0.0
chr2-171791482-171791483-C-T,TWJF-10146-MO011-0021,Pending,4.45,0.37,5.45,0.53,2.609,238.941,1.089,2.0,0.995,237.843,2.095,0.126,0.0,740.295,7.8,1316.567,9.1,508.54755072134,1.500625,1234.43395600876,2.094875,1.08913043478243,0.387573200215469,2.25141304347819,0.147340752970354,0.359400613233447,0.235978765413165,2518.56,7.94,2483.19,7.88,1.778,882.05,3.6,1398.7,4.8,598.54,5.7,968.71,6.9,1259.09,4.6,1661.86,5.4,0.042185,3.0,0.014992,5.5,3.0,10.0,1864.15973431607,13.0,2240.60661125835,14.0,4.0,0.0,0.0,326.0,12.133,0.215,0.0,408.234777987907,7.1,363.002820935338,6.3,238.940627559467,4.3,237.842795098066,4.3,1.0,3.0,0.0
chr2-171837132-171837133-C-G,TWJF-10146-MO011-0021,Pending,0.85,1.1,0.661,0.75,2.451,8.75,0.08,2.0,0.89,7.79,0.07,0.099,0.0,41.385,13.12,37.872,10.75,64.883801336402,0.499375,67.0056986125865,0.512375,0.1272282608696,0.896710360141687,0.138342391304363,0.889794666870823,0.534278996288776,0.522608261555433,135.26,1.45,52.68,0.81,0.915,8.75,0.08,7.79,0.07,29.56,1.3,27.41,1.3,34.8,0.32,28.05,0.26,0.655859,0.13,0.663895,0.13,4.0,9.0,216.465202567124,5.0,196.380048123136,4.6,4.0,0.0,0.0,420.0,12.133,0.202,0.0,46.2966961750702,1.6,41.5479882377607,1.4,36.4728751485814,1.2,34.195582022661,1.1,1.0,3.0,0.0
chr2-178532225-178532226-C-T,TWJF-10146-MO011-0021,Pending,0.685,16.36,0.786,16.93,0.0,47.421,0.089,2.0,1.13,53.576,0.132,0.062,0.0,62.735,881.96,95.92,924.76,50.8580732947561,0.089125,63.8359901751515,0.132375,0.570570652173856,0.624546703877931,0.671467391304276,0.571592573233521,0.0004133527954763,0.000477575730656,108.53,1.44,91.43,1.35,1.529,108.45,0.36,171.08,0.5,63.39,1.2,100.41,1.7,62.08,0.32,126.85,0.59,0.563326,0.09,0.44142,0.2,2.0,9.0,1158.05301827804,1.4,1290.38154414547,1.7,5.0,0.0,0.0,101.0,2.937,0.0,0.0,47.4209226915918,0.8,53.5759647269751,0.9,58.1312952796681,1.0,74.0303836421466,1.2,5.0,3.0,0.0
chr2-179443451-179443452-T-A,TWJF-10146-MO011-0021,Pending,0.28,0.3,13.0,2.16,0.0,10.63,0.037,2.0,87.908,934.46,7.525,0.056,0.0,25.33,14.01,1374.435,87.5,24.1392806831511,0.15275,14212.4610364918,7.52525,0.0369565217391425,0.957060869950658,24.5792391304348,0.0095002000378145,0.52932009100914,0.0896368236280977,10.63,0.22,934.46,4.4,54.262,26.66,0.3,3010.37,7.9,22.68,1.2,1814.41,13.0,26.52,0.25,6260.08,14.0,0.490577,0.26,0.002677,13.0,10.0,9.0,24.0711689595713,0.6,442.099590302049,8.0,9.0,0.0,0.0,704.0,22.461,0.0,0.0,53.1557193767477,1.8,840.52377040489,16.0,58.2063008893898,2.0,632.368167421979,14.0,1.0,3.0,0.0
chr2-200877026-200877027-C-G,TWJF-10146-MO011-0021,Pending,0.258,0.98,6.0,9.6,2.535,2.41,0.01,2.0,420.286,1012.89,4.61,0.05,0.0,6.04,4.44,659.908,24.905,40.1434886081899,0.316,2458.26739157555,2.72225,0.475326086956485,0.677846982898607,6.63130434782606,0.037414459900915,0.0018834772527043,0.0034144825185649,2.41,0.01,1012.89,4.61,109.256,4.56,0.02,211.83,1.5,7.52,0.35,645.63,7.4,19.2,0.17,1804.54,5.7,0.136853,1.3,0.002805,13.0,20.0,9.0,67.2820680151848,1.8,674.186330339194,12.0,2.0,0.0,0.0,1429.0,33.802,0.075,0.0,4.18359851336835,0.2,220.571806445192,6.2,4.08291181602896,0.2,201.822694468794,5.8,5.0,3.0,0.0
chr2-213284514-213284515-C-T,TWJF-10146-MO011-0021,Pending,1.35,6.78,2.6,6.92,0.0,30.54,0.041,2.0,1.663,50.784,0.608,0.059,0.0,183.72,57.41,301.412,58.74,37.9678955174209,0.29675,119.405862777643,0.759125,0.0411684782608858,0.954068452983246,0.607853260869504,0.60407015806806,0.633732941001654,0.210298554040491,489.15,3.04,486.26,3.03,1.641,304.14,1.9,586.28,2.8,126.7,3.4,333.69,5.7,89.09,0.73,450.02,2.4,0.609348,0.16,0.230489,0.76,10.0,9.0,30.5403859694987,0.8,50.7839072124827,1.4,6.0,0.0,0.0,729.0,26.384,0.0,0.0,240.740966637651,6.6,240.187277779088,6.6,254.079718743535,6.8,269.134888571088,7.1,1.0,3.0,0.0
chr2-31177141-31177142-C-T,TWJF-10146-MO011-0021,Pending,0.719,20.38,0.9,14.56,0.0,101.819,0.27,2.0,1.74,177.194,0.22,0.08,0.0,192.3,208.99,177.194,126.91,101.819274990274,0.53425,177.193930205995,0.892125,0.719048913043366,0.548660869378605,0.978722826086823,0.430590563737275,0.102344216546044,0.120283118565567,1034.14,6.84,1699.16,8.96,0.921,192.3,0.719,177.194,0.9,192.3,2.2,137.53,1.9,167.24,0.27,114.56,0.22,0.186764,0.36,0.147849,0.46,3.0,9.0,631.809457573781,0.8,659.753955386447,0.9,7.0,0.0,0.0,3.0,0.049,0.0,0.0,192.3,0.719,177.194,0.9,192.3,0.719,177.194,0.9,2.0,3.0,0.0
chr2-32491427-32491428-G-T,TWJF-10146-MO011-0021,Reject,1.235,1.25,22.731,1.48,18.732,43.65,0.57,2.0,239.875,10470.53,32.0,0.118,0.0,94.631,14.1,8651.47,15.61,281.020763470766,1.16925,26328.4934496778,22.461875,1.49035326086948,0.26790547428253,99.2866032608696,0.0038819368459222,0.0417498131282627,0.0043477477897795,88.59,1.12,6832.41,15.57,91.423,57.68,0.57,17066.93,32.0,43.65,0.99,10470.53,27.0,108.22,0.83,12251.87,23.0,0.014116,5.7,2.4e-05,63.0,6.0,10.0,118.098878081502,1.3,3807.28285666677,19.0,10.0,0.0,0.0,2147.0,118.559,0.158,1.0,100.67230213453,1.8,203.661997979849,3.7,82.0899516742386,1.5,289.927893403761,5.2,1.0,3.0,0.0
chr2-86030197-86030198-C-T,TWJF-10146-MO011-0021,Pending,0.116,0.94,0.358,2.9,2.11,5.36,0.02,2.0,1.007,5.4,0.02,0.066,0.0,133.005,13.625,390.49,41.135,73.0399667332591,0.1715,130.652853834656,0.456,0.0523369565217564,0.946694761456442,0.260380434782604,0.810841533242579,0.769081890583038,0.52698314934969,5.36,0.02,5.4,0.02,2.936,111.55,0.06,247.09,0.11,719.41,0.87,1646.06,1.9,124.57,0.04,532.34,0.12,0.550793,0.04,0.264765,0.2,3.0,9.0,1362.11254533707,2.7,1362.11254533707,2.7,5.0,0.0,0.0,771.0,22.691,0.093,0.0,658.88557556045,6.9,970.085470570229,9.0,141.439267986369,2.1,248.63942913427,3.3,1.0,3.0,0.0
chr2-86080844-86080845-C-G,TWJF-10146-MO011-0021,Pending,6.63,46.0,6.416,48.0,5.514,530.774,1.5,2.0,0.906,480.74,1.9,0.114,0.0,996.204,224.48,880.099,230.315,2486.79831613727,2.7355,2519.93745541508,2.761625,6.04790760869562,0.041864291919585,6.63130434782606,0.0376340236323674,0.0396534641040489,0.0119350566819775,1839.05,6.56,1162.53,4.99,0.883,807.08,3.4,807.08,3.4,1039.29,7.1,755.3,6.2,2360.48,6.7,2653.85,7.2,0.116098,1.5,0.081358,1.9,1.0,10.0,953.118683204384,7.1,953.118683204384,7.1,8.0,0.0,0.0,886.0,22.691,0.243,0.0,530.774439035051,8.9,480.739713157501,8.1,536.154555037997,8.9,548.643198949788,9.1,1.0,3.0,0.0
chr20-36194213-36194214-G-A,TWJF-10146-MO011-0021,Accept,0.36,0.48,11.299,1.47,12.554,10.36,0.08,2.0,503.846,5219.84,4.6,0.085,0.0,23.772,19.57,4062.402,56.17,97.5131303971151,0.22925,20746.7301995035,11.59825,0.885896739130317,0.470541558253302,62.7446739130435,0.0048286849472268,0.001950375677552,0.000886371366505,10.36,0.4,5219.84,8.97,170.889,23.28,0.12,6157.5,6.1,21.49,0.41,6646.79,20.0,20.1,0.08,1810.51,4.6,0.350352,0.32,0.00642,11.0,4.0,9.0,476.884165661415,0.3,2904.96492618402,6.9,9.0,0.0,0.0,2032.0,89.036,0.141,0.0,24.2644247658488,0.4,1073.91522634324,12.0,27.441636042312,0.5,1060.25419630861,12.0,1.0,3.0,0.0
chr20-46021770-46021771-C-A,TWJF-10146-MO011-0021,Pending,0.29,11.0,3.89,14.0,0.222,15.68,0.02,2.0,88.532,1388.18,0.06,0.054,0.0,75.89,410.06,4550.507,575.94,58.6741894164354,0.0945,4550.50664934627,3.8905,0.505760869565179,0.661215020110304,8.26921195652172,0.0299116227904709,0.0848328493302688,0.10701930191135,15124.26,46.21,13687.63,41.24,59.962,75.89,0.29,4550.507,3.89,15.68,0.05,1388.18,1.9,75.89,0.02,300.18,0.06,0.418707,0.29,0.281421,0.44,3.0,10.0,592.096239149258,0.4,8664.36747969986,12.0,2.0,0.0,0.0,78.0,1.157,0.192,0.0,75.89,0.29,4550.507,3.89,75.89,0.29,4550.507,3.89,3.0,3.0,0.0
chr21-36460986-36460987-C-T,TWJF-10146-MO011-0021,Pending,4.451,1.15,5.05,1.45,0.0,132.67,1.44,2.0,2.434,322.88,2.39,0.066,0.0,702.257,13.41,728.288,15.42,1524.27372776814,2.255375,1012.52376576914,1.9395,4.10201086956516,0.064857358029365,3.15885869565209,0.0895464857309682,0.0358637272147461,0.0222888365969993,132.67,1.44,322.88,2.39,1.037,3200.34,8.2,3920.53,9.5,942.86,8.7,989.9,8.8,1389.28,4.8,1622.29,5.3,0.039228,3.2,0.022057,4.4,1.0,9.0,461.653351148899,8.2,466.675458100716,8.2,7.0,0.0,0.0,1011.0,18.875,0.0,0.0,134.756586066706,4.1,155.43542321149,4.8,182.376971641942,5.3,207.47701924572,5.9,1.0,3.0,0.0
chr21-41257233-41257234-C-T,TWJF-10146-MO011-0021,Pending,0.25,0.26,0.2,1.5,4.909,11.02,0.06,2.0,0.783,8.63,0.04,0.055,0.0,64.63,7.395,38.895,18.235,46.182939945313,0.1225,38.8953586051568,0.063625,0.315244565217355,0.775947504284279,0.236684782608677,0.826490757404417,0.18119995854795,0.224142849445343,330.33,3.34,183.52,2.1,0.602,64.63,0.25,38.895,0.2,11.02,0.06,8.63,0.04,64.63,0.15,38.53,0.1,0.279998,0.25,0.350427,0.2,11.0,10.0,1290.38154414547,0.4,1050.60076521104,0.3,9.0,0.0,0.0,2027.0,70.132,0.07,0.0,64.63,0.25,38.895,0.2,64.63,0.25,38.895,0.2,1.0,3.0,0.0
chr22-17102207-17102208-T-G,TWJF-10146-MO011-0021,Accept,0.837,9.67,11.96,11.0,2.121,84.25,0.11,2.0,82.604,6959.371,4.6,0.108,0.0,309.405,28.84,13592.417,30.87,112.004946842691,0.374,4117.63558630611,7.540875,0.299592391304316,0.786026355757948,2.09464673913035,0.165090787002278,0.441079218871891,0.604801163077354,336.68,2.09,7907.22,16.38,43.931,282.13,0.11,12263.42,4.6,1318.61,1.6,16946.23,18.0,1550.1,0.34,16538.66,5.7,0.342328,0.13,0.007526,3.3,2.0,9.0,1422.35784649154,2.9,15541.0817113483,49.0,2.0,0.0,0.0,883.0,18.606,0.114,0.0,147.84614328413,2.2,14921.4146804815,39.0,84.2500175479349,1.3,6959.37117471374,28.0,1.0,3.0,0.0
chr22-45205638-45205639-C-G,TWJF-10146-MO011-0021,Pending,5.9,0.21,7.65,24.0,7.126,183.887,1.5,2.0,1.265,232.568,1.7,0.098,0.0,1268.454,29.57,2228.282,208.53,1375.3286089674,2.1765,1750.7542995679,2.379625,4.0479076086956,0.065303098321281,4.88741847826084,0.0525519535339191,0.0097047454037237,0.0107372158381622,6274.07,14.6,9389.33,20.01,1.757,1161.58,4.3,2705.81,7.4,2339.71,14.0,3435.38,16.0,5630.09,13.0,7174.96,15.0,0.108277,1.5,0.095259,1.7,2.0,9.0,995.274467102104,15.0,1347.4542324467,17.0,4.0,0.0,0.0,2738.0,71.979,0.099,0.0,183.886564890921,5.4,232.56802242916,6.4,230.658784977281,6.4,309.008196984054,7.9,2.0,3.0,0.0
chr22-50280492-50280493-G-A,TWJF-10146-MO011-0021,Pending,0.462,5.7,1.063,3.7,43.836,9.94,0.16,2.0,4.269,42.43,0.56,0.097,0.0,22.387,16.18,53.065,10.805,36.1548808771459,0.282625,107.116805529287,0.711625,0.424565217391276,0.707986172306075,0.925271739130324,0.454416650285476,0.0132109359619789,0.0094038287643343,9.94,0.2,42.43,0.7,2.37,14.63,0.16,56.16,0.56,21.14,0.97,49.97,2.0,37.2,0.34,160.24,1.3,0.101311,1.6,0.155504,1.2,6.0,9.0,19.3873201124765,0.5,27.1135167538688,0.7,4.0,4.0,1.0,4435.0,184.185,0.238,0.0,23.6346948797157,0.8,49.8367829384527,1.7,24.1529398608444,0.8,61.939828708108,2.1,5.0,3.0,1.0
chr3-111133696-111133697-G-C,TWJF-10146-MO011-0021,Pending,4.2,21.56,6.65,35.6,0.096,138.502,0.83,2.0,1.989,275.547,1.157,0.137,0.0,946.97,311.91,1114.545,841.44,138.502047970127,0.829875,275.546664179548,1.157,0.877119565217299,0.475299447149714,1.50665760869556,0.263547667271856,0.103680308209732,0.0300365986768156,934.49,4.4,2833.31,8.54,1.177,1052.08,4.0,1115.95,4.2,755.3,7.9,805.96,8.1,959.45,3.9,1551.97,5.2,0.098341,1.7,0.048551,2.7,1.0,9.0,1453.47247883281,18.0,1407.05120650257,18.0,6.0,0.0,0.0,1114.0,31.961,0.003,0.0,973.97991245532,17.0,1113.14054046562,19.0,895.302918078896,17.0,914.050098945448,17.0,1.0,3.0,0.0
chr3-122720469-122720470-C-G,TWJF-10146-MO011-0021,Pending,0.511,0.95,0.42,1.4,2.386,3.32,0.03,1.0,0.892,2.96,0.02,0.077,0.0,27.918,13.015,24.343,14.095,237.317888098594,0.51225,140.464103503036,0.339375,1.44413043478252,0.278289078980828,1.08913043478243,0.388281002359696,0.0101300744572654,0.0070198744651861,3.32,0.13,2.96,0.11,0.872,4.74,0.03,3.63,0.02,12.04,0.22,10.13,0.17,18.13,0.07,16.37,0.06,0.267471,0.51,0.261795,0.53,6.0,9.0,883.596918697149,0.8,759.396537558375,0.6,7.0,0.0,0.0,46.0,55.484,0.043,0.0,39.5339310052824,0.7,33.5714423111186,0.6,37.7059597851529,0.6,32.3154345266104,0.5,5.0,3.0,0.0
chr3-122806907-122806908-G-C,TWJF-10146-MO011-0021,Pending,0.6,2.9,0.57,3.81,2.918,18.1,0.09,2.0,1.007,18.22,0.054,0.084,0.0,28.595,25.22,28.388,31.82,19.14552872317,0.09,16.1519773646487,0.05425,0.193043478260861,0.85411610298766,0.194701086956513,0.853288834000359,0.0878554256632924,0.039304414705839,36.74,0.63,35.2,0.61,0.993,18.1,0.21,18.22,0.21,37.11,1.6,34.4,1.5,20.85,0.19,16.02,0.15,0.302068,0.57,0.316909,0.54,6.0,9.0,26.2475602508103,0.7,24.5977351637435,0.6,8.0,0.0,0.0,1228.0,22.445,0.13,0.0,30.9421152921303,1.0,32.177329665694,1.1,33.6488324782642,1.1,34.8313253577807,1.1,1.0,3.0,0.0
chr3-123447568-123447569-G-A,TWJF-10146-MO011-0021,Accept,0.079,0.69,0.447,4.05,6.128,5.99,0.032,2.0,2.442,14.63,0.43,0.153,0.0,18.742,56.07,68.873,199.88,18.0347069276249,0.07825,53.9367579297389,0.42975,0.031548913043494,0.961688123207333,0.464619565217362,0.68370689723924,0.482870739884674,0.0905902771046385,19.45,0.39,87.13,1.11,3.675,6.8,0.05,21.12,0.24,5.99,0.05,14.63,0.24,6.83,0.05,46.73,0.41,0.776244,0.08,0.377585,0.42,7.0,10.0,128.77677121554,1.4,392.492572310797,3.7,3.0,0.0,0.0,491.0,27.357,0.224,0.0,56.7427003817091,1.0,100.904375758801,1.8,37.782439883044,0.6,83.8088728798852,1.5,1.0,3.0,0.0
chr3-123448172-123448173-C-T,TWJF-10146-MO011-0021,Pending,1.7,11.53,9.915,10.21,4.76,34.48,0.46,2.0,185.204,6385.85,3.9,0.066,0.0,165.794,112.74,2123.92,95.3,1303.88999838717,1.4355,8646.81176740994,4.482,3.996902173913,0.0667833118511211,20.2322554347826,0.0113063853722442,0.0018435507663525,0.0029206365670688,34.48,0.83,6385.85,10.23,12.811,201.88,0.55,1401.22,1.9,202.86,2.4,2781.92,12.0,97.4,0.46,1465.92,3.9,0.096571,1.7,0.012415,7.4,6.0,9.0,3567.97106119069,9.2,8478.88848885099,27.0,1.0,0.0,0.0,115.0,27.357,0.174,0.0,129.70896681092,1.9,1002.2360036762,12.0,109.49896142441,1.7,859.8248646324,9.6,1.0,3.0,0.0
chr3-127599366-127599367-G-A,TWJF-10146-MO011-0021,Pending,1.5,0.5,0.929,0.59,5.666,80.84,0.2,2.0,0.378,30.53,0.08,0.056,0.0,367.822,20.3,476.884,23.19,354.047576335712,1.0275,300.110426932058,0.929,1.7730978260869,0.210311746475332,1.65641304347815,0.23177706277641,0.0153554638673085,0.0052363513750606,29130.16,96.22,28657.42,95.3,1.297,367.822,1.5,476.884,0.929,80.84,0.2,30.53,0.08,9966.26,2.1,4920.07,0.89,0.046583,1.5,0.076112,1.2,2.0,8.0,367.821932979062,0.2,476.884165661415,0.3,3.0,0.0,0.0,1002.0,40.182,0.141,0.0,367.822,1.5,476.884,0.929,367.822,1.5,476.884,0.929,1.0,3.0,0.0
chr3-141443354-141443355-G-A,TWJF-10146-MO011-0021,Pending,5.715,35.67,9.35,31.2,10.007,72.706,1.2,2.0,1.758,127.812,1.9,0.17,0.0,2887.19,844.81,5051.873,638.02,8247.23166670789,12.6485,7943.27631940248,12.3105,20.2322554347826,0.0117232228891655,18.6179891304348,0.0121493956257015,0.0002831046499522,0.0001878517209661,1320.67,4.93,2160.47,6.7,1.75,4453.71,1.5,8111.24,2.9,7406.31,6.8,11479.16,12.0,23765.34,13.0,31883.32,25.0,0.001955,6.5,0.000313,15.0,0.0,9.0,1039.29477233106,1.8,1039.29477233106,1.8,5.0,0.0,0.0,1794.0,76.978,0.13,0.0,81.6225201918383,1.3,120.173856958511,1.8,72.7059577928587,1.2,127.811520079551,1.9,1.0,3.0,0.0
chr3-14496425-14496426-C-G,TWJF-10146-MO011-0021,Pending,0.936,32.0,0.23,26.0,0.0,133.484,0.705,2.0,0.401,53.544,0.138,0.072,0.0,834.6,97.815,124.52,71.12,133.484106372055,0.704875,53.5438291269504,0.18725,0.935679347825953,0.44921265744119,0.138342391304363,0.889006602650843,0.063880963018164,0.458771198987961,1418.12,8.11,1140.25,7.22,0.149,834.6,0.936,124.52,0.23,371.49,3.0,55.96,0.88,834.6,0.75,124.52,0.23,0.062633,0.87,0.4194,0.15,3.0,9.0,1967.78648311005,5.8,1391.90928823136,3.2,8.0,0.0,0.0,8.0,0.458,0.0,0.0,834.6,0.936,124.52,0.23,834.6,0.936,124.52,0.23,1.0,3.0,0.0
chr3-155914534-155914535-G-A,TWJF-10146-MO011-0021,Accept,0.4,6.5,15.0,6.5,7.139,7.73,0.09,2.0,136.649,1056.3,5.5,0.109,0.0,110.094,21.04,14625.118,24.885,104.838637754138,0.250875,21091.375424733,12.0485,0.768260869565083,0.524771501327228,62.7446739130435,0.0048401868514916,0.0832074070349335,0.0060852498427266,36.45,0.85,21252.78,29.97,132.842,1233.25,1.8,22915.39,33.0,7.73,0.09,1056.3,5.5,115.35,0.55,8158.86,17.0,0.419478,0.22,0.004589,13.0,2.0,11.0,883.596918697149,0.2,5382.47700914843,4.2,11.0,0.0,0.0,1478.0,44.898,0.159,0.0,110.094,0.4,14625.118,15.0,110.094,0.4,14625.118,15.0,1.0,3.0,0.0
chr3-165188552-165188553-C-T,TWJF-10146-MO011-0021,Pending,6.175,6.97,7.63,3.98,0.0,1983.56,1.8,2.0,1.257,2493.19,2.3,0.051,0.0,4481.584,59.24,5196.492,33.16,6042.44746038931,9.8925,6308.30303878392,10.212375,12.1872282608695,0.019638466731347,12.1872282608695,0.0193886375687805,0.0629723121528513,0.0711026759818196,1983.56,6.35,2493.19,7.36,1.16,34839.85,28.0,38465.1,38.0,2920.72,2.6,4084.68,3.5,17090.96,6.0,19808.04,7.9,0.007317,3.4,0.004407,4.4,0.0,10.0,2842.77804823565,1.8,3307.718431318,2.3,6.0,0.0,0.0,312.0,5.032,0.0,0.0,4481.584,6.175,5196.492,7.63,4481.584,6.175,5196.492,7.63,1.0,3.0,0.0
chr3-170297387-170297388-G-C,TWJF-10146-MO011-0021,Accept,0.155,11.71,0.4,21.0,13.081,2.122,0.02,2.0,1.714,3.638,0.04,0.139,0.0,62.469,44.84,261.164,119.075,91.2971269843127,0.26625,468.693618098499,1.548875,0.717173913043354,0.549675375501592,1.96823369565207,0.180367001999465,0.0735556522849947,0.0384372564149089,6.59,0.04,9.78,0.08,4.181,33.64,0.02,75.42,0.04,97.2,0.11,522.82,0.69,129.0,0.04,1143.55,0.26,0.488412,0.05,0.072928,0.73,3.0,9.0,333.692843203167,0.3,446.908981201792,0.5,7.0,0.0,0.0,1788.0,52.744,0.248,0.0,2.12231576446459,0.2,3.63755861334441,0.2,5.03002333714246,0.2,9.34479976495848,0.3,1.0,3.0,0.0
chr3-179234296-179234297-A-G,TWJF-10146-MO011-0021,Review,0.293,46.0,2.0,51.0,2.009,61.256,0.06,2.0,7.459,456.936,1.4,0.108,0.0,665.09,201.965,9649.11,233.39,61.2557465298359,0.1155,456.936066988922,1.1845,0.292527173913001,0.79044388729011,0.653478260869477,0.580921233914262,0.282879291567951,0.551629697438329,15058.12,45.98,14321.94,43.43,14.508,665.09,0.293,9649.11,2.0,115.6,0.32,4865.89,4.7,665.09,0.13,9649.11,2.0,0.786738,0.06,0.051516,1.4,2.0,10.0,1290.38154414547,1.3,11479.1593257801,16.0,2.0,0.0,0.0,1198.0,18.599,0.108,0.0,665.09,0.293,9649.11,2.0,665.09,0.293,9649.11,2.0,2.0,3.0,0.0
chr3-196238698-196238699-C-T,TWJF-10146-MO011-0021,Pending,6.755,28.01,65.5,12.44,10.37,377.8,0.695,2.0,64.394,24328.105,16.212,0.169,0.0,2146.98,514.62,30549.76,125.65,377.799809573212,0.695,24328.1051942975,16.2115,1.72040760869558,0.220088723159591,62.7446739130435,0.0042553727350136,0.049546108872164,0.0087193446379387,4881.67,8.61,38585.89,84.67,14.229,4311.79,4.5,33865.69,72.0,2339.71,9.4,26123.53,74.0,1954.25,4.9,27233.83,63.0,0.149369,1.1,0.000761,30.0,0.0,9.0,3848.70047370434,12.0,23444.5609490774,58.0,9.0,0.0,0.0,1099.0,45.285,0.229,0.0,977.169718131583,12.0,43248.3955069904,69.0,1031.35932595707,12.0,39848.3185026557,68.0,1.0,3.0,0.0
chr3-49968064-49968065-G-A,TWJF-10146-MO011-0021,Pending,1.886,66.0,11.5,62.0,8.773,86.57,0.42,2.0,42.737,3699.71,8.0,0.058,0.0,214.155,821.035,5425.545,1134.725,1752.70880633898,1.672625,17667.2226926752,9.044,4.5192663043478,0.0575229565310229,24.5792391304348,0.0094247976961378,0.0380754402140155,0.147100511472672,94.87,1.37,6752.23,10.63,25.335,289.59,0.65,5640.52,5.6,155.62,2.1,5210.57,17.0,86.57,0.42,3699.71,8.0,0.110051,1.5,0.00712,11.0,4.0,9.0,3167.61691360185,7.7,11479.1593257801,36.0,3.0,0.0,0.0,1568.0,69.628,0.126,0.0,211.334305022829,3.1,1315.13398281733,14.0,216.975151360058,3.1,1003.25192104123,12.0,1.0,3.0,0.0
chr3-52697930-52697931-G-A,TWJF-10146-MO011-0021,Pending,1.259,5.6,1.162,12.0,3.814,180.11,0.76,2.0,0.873,157.32,0.95,0.066,0.0,743.14,37.46,776.009,118.055,180.109758030006,0.899875,157.319981639757,0.815375,1.2591847826086,0.331248578509047,1.16173913043464,0.361682978757071,0.0051807224808726,0.006047627699445,11794.8,26.61,21658.33,42.19,1.044,743.14,1.259,776.009,1.162,330.11,2.8,405.85,3.1,851.57,0.76,1215.21,0.95,0.01396,2.0,0.018666,1.7,2.0,9.0,743.140059082542,1.0,776.008632837805,1.0,1.0,0.0,0.0,1999.0,57.788,0.066,0.0,743.14,1.259,776.009,1.162,743.14,1.259,776.009,1.162,1.0,3.0,0.0
chr3-62438127-62438128-C-G,TWJF-10146-MO011-0021,Pending,1.98,36.0,1.311,47.0,0.0,25.24,0.28,2.0,11.218,283.15,1.86,0.051,0.0,432.494,158.93,312.071,251.745,459.545548454058,1.534625,138.424494209081,0.495625,2.05934782608688,0.168871788562987,1.02144021739116,0.414006758556423,0.010476761337486,0.0332794603600632,25.24,0.28,283.15,1.86,0.722,1684.82,0.52,1103.9,0.39,6504.5,6.0,2157.34,2.3,15349.57,5.1,6275.61,1.6,0.00972,2.9,0.096888,0.56,2.0,9.0,405.441642325188,0.4,340.992504225032,0.3,8.0,0.0,0.0,131.0,4.351,0.0,0.0,123.825474249986,1.9,132.071770544532,2.0,166.943686695787,2.4,149.820071500911,2.2,1.0,3.0,0.0
chr4-165041221-165041222-G-A,TWJF-10146-MO011-0021,Pending,0.072,1.51,0.04,5.76,0.0,3.6,0.01,2.0,0.672,2.42,0.02,0.065,0.0,8.839,132.07,6.05,411.18,16.9275322900389,0.06475,13.0769020720378,0.019625,0.0096467391304457,0.978450617820956,0.058288043478285,0.942144176293848,0.632992789149284,0.272316507063806,3.63,0.04,2.3,0.01,0.684,3.83,0.02,2.7,0.02,4.6,0.11,3.27,0.05,3.6,0.03,2.42,0.02,0.797558,0.08,0.911337,0.03,10.0,9.0,69.5018303009072,1.8,54.77960566194,1.5,5.0,0.0,0.0,0.0,0.0,0.0,0.0,13.0782609929713,0.5,9.54003570239227,0.4,13.3342931894771,0.5,8.83018901526975,0.4,1.0,3.0,0.0
chr4-184716556-184716557-G-A,TWJF-10146-MO011-0021,Accept,1.75,30.0,1.812,42.22,4.197,105.053,0.66,2.0,0.63,66.132,0.38,0.145,0.0,386.84,176.52,344.145,486.685,1111.04583933988,1.3145,1845.87326798905,1.72325,3.48760869565209,0.0788699808425098,5.2477717391304,0.0486205125158698,0.0086036970751592,0.0021147212119103,2734.73,6.22,2106.81,5.44,0.89,292.65,0.66,114.79,0.38,198.52,2.4,158.17,2.1,481.03,1.8,530.12,1.9,0.215558,0.69,0.209996,0.71,4.0,9.0,4288.48419012512,13.0,3685.68515399165,9.6,6.0,0.0,0.0,338.0,7.802,0.538,0.0,111.936055810842,1.7,72.271987815729,1.2,105.053372740917,1.7,66.1317476704092,1.1,1.0,3.0,0.0
chr4-39228314-39228315-G-T,TWJF-10146-MO011-0021,Pending,0.315,18.0,0.88,11.88,1.378,8.86,0.051,2.0,8.956,79.35,0.43,0.066,0.0,18.76,99.725,59.644,127.01,15.7691119789806,0.0505,54.3083072374142,0.42975,0.140054347826123,0.888171509935007,0.519483695652113,0.653628693842597,0.120777983451262,0.0540841079782694,21.75,0.43,27.48,0.52,3.179,13.47,0.14,50.37,0.5,11.53,0.58,55.38,2.1,8.86,0.07,79.35,0.66,0.543941,0.2,0.167697,1.1,4.0,9.0,28.6207296486937,0.7,82.6379931308113,2.2,7.0,0.0,0.0,721.0,25.061,0.055,0.0,30.6584362739978,1.0,63.9072309031677,2.1,34.4326144734368,1.1,73.4463131489016,2.4,1.0,3.0,0.0
chr4-47560963-47560964-G-A,TWJF-10146-MO011-0021,Pending,1.55,4.55,2.25,5.39,0.0,72.51,0.32,2.0,4.595,333.21,1.4,0.054,0.0,105.719,221.62,654.608,258.29,535.096605818538,0.870125,852.52501044561,1.142125,1.8201630434782,0.202339082648516,2.45013586956512,0.129188109886902,0.114982421509921,0.0912396819330751,1116.75,4.0,5706.6,9.49,6.192,91.98,0.32,854.77,1.4,112.49,1.8,456.69,3.7,72.51,0.36,333.21,1.4,0.30303,0.42,0.121637,1.4,2.0,9.0,1728.18540463734,3.0,2264.98110352767,4.7,7.0,0.0,0.0,678.0,14.306,0.0,0.0,88.0988014409983,1.5,141.895950005381,2.1,98.9486788643063,1.6,161.216689908556,2.4,1.0,3.0,0.0
chr5-103017408-103017409-G-A,TWJF-10146-MO011-0021,Pending,0.509,1.6,3.2,1.6,0.03,24.61,0.246,2.0,8.76,215.58,1.448,0.087,0.0,170.43,21.785,2319.53,21.8,60.5728687892136,0.246,390.366964958604,1.448125,0.509429347826057,0.658685820207539,1.51160326086948,0.262702550186557,0.0903907725587487,0.124434774275869,170.43,1.97,2319.53,10.55,13.61,170.43,0.509,2319.53,3.2,24.61,0.27,215.58,1.9,426.31,0.5,7020.08,3.2,0.107287,0.61,0.003018,4.0,6.0,10.0,2314.52844807955,1.2,4478.16089666066,4.1,10.0,0.0,0.0,1686.0,29.993,0.001,0.0,170.43,0.509,2319.53,3.2,170.43,0.509,2319.53,3.2,1.0,3.0,0.0
chr5-176532431-176532432-G-C,TWJF-10146-MO011-0021,Pending,1.984,10.27,2.608,31.25,1.913,187.69,0.81,2.0,1.227,230.31,0.96,0.052,0.0,596.159,96.0,1319.007,640.16,1150.58283230784,1.34025,1094.97493035386,1.306625,2.36703804347816,0.136622725323334,2.51668478260861,0.124838467115351,0.191790103679523,0.148864186136052,436.41,2.62,1543.04,4.65,2.213,639.72,1.2,1818.64,2.3,1637.18,7.6,2302.04,9.4,187.69,0.81,230.31,0.96,0.149784,1.1,0.243751,0.58,6.0,9.0,1276.49516119806,1.6,1654.98649030649,2.7,7.0,7.0,1.0,383.0,18.393,0.104,0.0,389.018271635923,5.3,582.063008893897,7.3,552.598879543013,7.0,725.120193934466,8.6,1.0,3.0,1.0
chr5-177235879-177235880-G-A,TWJF-10146-MO011-0021,Pending,0.678,59.0,0.732,61.0,9.551,127.652,0.29,2.0,1.091,139.296,0.5,0.057,0.0,490.52,382.13,525.74,701.125,127.652388890921,0.678125,139.296314623771,0.7325,0.445624999999978,0.695559040277753,0.697255434782505,0.558645538968582,0.342756923288107,0.199805694632232,930.7,6.43,423.4,3.98,1.072,490.52,0.678,525.74,0.732,490.52,3.4,798.61,4.3,330.53,0.43,525.74,0.57,0.241185,0.29,0.132736,0.5,1.0,9.0,4478.16089666066,18.0,2551.25138296514,8.3,3.0,0.0,0.0,1767.0,62.836,0.152,0.0,490.52,0.678,525.74,0.732,490.52,0.678,525.74,0.732,1.0,3.0,0.0
chr5-179114105-179114106-G-A,TWJF-10146-MO011-0021,Pending,9.802,0.61,34.735,1.62,0.162,281.08,1.8,2.0,21.585,6067.23,24.0,0.122,0.0,935.431,23.61,12760.397,62.24,14305.5188379954,7.60375,24552.0244141816,18.42025,31.6431793478261,0.0070188113330335,62.7446739130435,0.0042573056777594,0.0051623245381051,0.0113635804445948,329.16,2.42,15884.96,32.47,13.641,285.06,1.8,12308.75,24.0,1682.07,12.0,16404.99,37.0,281.08,1.8,6067.23,14.0,0.011839,6.3,0.002583,14.0,1.0,9.0,1453.47247883281,18.0,8478.88848885099,40.0,7.0,0.0,0.0,3908.0,162.381,0.001,0.0,821.391113537777,16.0,10175.3650765698,47.0,1049.4699313338,18.0,13212.0436547,51.0,1.0,3.0,0.0
chr5-90783938-90783939-C-G,TWJF-10146-MO011-0021,Pending,2.742,0.17,1.939,0.19,19.152,109.57,0.88,2.0,1.499,164.22,1.2,0.064,0.0,832.391,26.32,747.014,27.26,1394.69239224215,2.18325,1209.32843809445,2.07825,3.94624999999994,0.0674944123593438,3.26619565217382,0.0858246057525904,0.0235349835202214,0.0579006605548784,109.57,1.28,164.22,1.62,0.897,3402.09,8.6,4984.31,13.0,121.34,0.88,151.47,1.2,270.09,1.7,284.7,1.8,0.036753,3.3,0.21604,0.8,3.0,11.0,123.322310242363,1.3,151.468415393893,1.6,7.0,7.0,1.0,1696.0,80.135,0.239,0.0,2693.51873087623,16.0,2261.10119751111,13.0,2281.76019682613,13.0,2266.05267011614,13.0,1.0,3.0,1.0
chr6-104776783-104776784-C-G,TWJF-10146-MO011-0021,Pending,1.7,8.3,0.925,8.1,0.656,293.062,0.08,2.0,0.841,246.477,0.02,0.066,0.0,1915.118,32.15,617.12,24.46,1915.11799783627,3.435625,290.333976162967,1.28025,3.89864130434776,0.0687491370643691,0.925271739130324,0.453820849564431,0.116179172182456,0.282470309175551,28386.94,40.6,20031.88,21.93,0.322,1915.118,1.7,617.12,0.925,993.51,0.08,617.12,0.02,2337.25,0.27,1848.37,0.21,0.114115,1.7,0.142399,1.3,0.0,11.0,293.061826679596,0.1,246.476621392745,0.1,10.0,0.0,0.0,288.0,6.074,0.108,0.0,1915.118,1.7,617.12,0.925,1915.118,1.7,617.12,0.925,1.0,3.0,0.0
chr6-116616864-116616865-C-T,TWJF-10146-MO011-0021,Pending,9.2,1.11,11.5,1.83,0.0,462.722,1.0,2.0,1.079,499.252,1.1,0.093,0.0,1908.33,41.53,2968.09,71.53,14627.9709696698,7.76975,12107.7855137525,6.557125,37.3590489130435,0.0068350905908597,27.6173913043478,0.0081663980821054,0.0037328755061025,0.0024976102868095,1659.32,6.16,2802.65,8.48,1.555,21224.38,39.0,25634.65,47.0,2157.34,8.9,3133.53,12.0,11431.31,22.0,13420.04,25.0,0.001108,19.0,0.001138,19.0,0.0,11.0,1347.4542324467,9.5,1501.42527646561,11.0,7.0,0.0,0.0,16.0,0.334,0.0,0.0,462.721841873834,1.0,499.252214593922,1.1,1381.24271352539,5.8,1469.83979007126,6.4,1.0,3.0,0.0
chr6-163563586-163563587-C-G,TWJF-10146-MO011-0021,Accept,0.387,0.81,4.0,3.17,5.257,42.714,0.093,2.0,21.51,918.789,1.633,0.099,0.0,197.2,11.17,5743.492,27.2,42.7142154119052,0.09275,918.789351285378,2.19475,0.386603260869563,0.732101984507306,1.63266304347816,0.236845200266494,0.0928105933126062,0.320403795689344,22094.66,42.94,42661.81,90.4,29.125,197.2,0.387,5743.492,4.0,160.37,2.0,3434.75,9.3,197.2,0.3,9149.88,4.0,0.206563,0.34,0.007548,2.7,3.0,9.0,1376.93031903257,3.2,5743.49177498518,24.0,2.0,0.0,0.0,4027.0,159.302,0.033,0.0,197.2,0.387,5743.492,4.0,197.2,0.387,5743.492,4.0,1.0,3.0,0.0
chr6-167024825-167024826-C-T,TWJF-10146-MO011-0021,Pending,1.533,1.88,7.65,1.93,2.643,34.52,0.37,2.0,8.978,309.93,1.9,0.059,0.0,156.516,18.27,805.065,18.58,650.885313975426,1.646,23550.1382812353,16.482125,2.28182065217383,0.144964382662422,62.7446739130435,0.0045100306262755,0.0548823804128915,0.0162961788009852,130.26,1.42,737.21,3.83,5.144,34.52,0.37,309.93,1.9,55.08,1.4,2456.44,12.0,70.57,0.6,872.92,3.6,0.276067,0.64,0.017435,5.0,8.0,10.0,476.884165661415,4.4,5210.57046486107,23.0,10.0,0.0,0.0,1612.0,36.208,0.073,0.0,182.77214133267,3.3,368.901142283913,6.5,256.619704177039,4.6,528.798238761706,8.8,1.0,3.0,0.0
chr6-17764141-17764142-C-G,TWJF-10146-MO011-0021,Accept,0.76,8.0,0.288,8.5,8.49,28.17,0.33,2.0,0.274,7.72,0.05,0.101,0.0,31.623,17.585,8.735,28.22,45.8019945757112,0.36725,23.3431414435581,0.140625,0.493315217391284,0.667765583110578,0.225298913043474,0.833779486113449,0.0251418906118487,0.098582237958908,28.17,0.52,7.72,0.15,0.276,30.64,0.33,6.32,0.05,32.06,1.4,7.69,0.35,49.15,0.44,9.78,0.08,0.134781,1.3,0.409948,0.36,4.0,9.0,45.5760215218462,1.2,30.8726202840702,0.8,4.0,0.0,0.0,92.0,39.123,0.217,0.0,30.7999491861021,1.0,8.64072134938942,0.4,31.1867414627509,1.0,8.83018901526975,0.4,1.0,3.0,0.0
chr6-26043650-26043651-C-T,TWJF-10146-MO011-0021,Pending,4.214,21.56,5.925,12.51,0.096,9.21,0.03,2.0,194.396,1790.39,3.6,0.052,0.0,2171.538,312.06,3945.001,126.73,3418.31372570453,2.428625,9673.38810355225,4.93775,8.83929347826086,0.0273641512281018,22.1923097826087,0.0101013618849543,0.0025766778053366,0.0015240449392877,4465.62,8.16,3182.18,6.75,1.817,9.21,0.06,1790.39,2.3,3236.91,8.6,17410.87,44.0,9.81,0.03,1312.73,3.6,0.748583,0.03,0.064444,2.4,0.0,10.0,12930.0068153155,16.0,48929.6449435955,54.0,1.0,0.0,0.0,632.0,32.01,0.003,0.0,334.919165168783,0.8,986.143235496785,5.1,1106.16522183615,6.0,4707.82163077198,32.0,6.0,3.0,0.0
chr6-69233307-69233308-CG-C,TWJF-10146-MO011-0021,Review,1.171,0.98,7.215635441014292,4.365463438396533,0.0,162.508,0.34,2.0,89.9261602948857,2798.7545156513424,4.404621286376185,0.093,0.0,333.84,3.935,3904.7357878913317,165.1740724610911,162.508168600878,0.8335,4037.729133607079,4.733498302454165,1.17062499999987,0.358514960494294,10.15047950004972,0.2090119467731241,0.0110696202027611,0.02458836426406516,1438.44,8.18,4282.775836784912,14.782236342794537,14.317290802373563,333.84,1.171,4805.911827957349,6.92405837760327,333.84,2.8,4494.864250755153,10.256006742387259,241.1,0.34,4907.343487871877,6.014180042081923,0.066414,0.84,0.06037537322564093,6.628153461792388,13.0,9.0,2032.70746949495,6.1,4949.244231066341,12.36667941628156,1.0,0.0,0.0,101.0,4.029,0.0,0.0,333.84,1.171,5941.054058071495,7.970394384647557,333.84,1.171,6790.097211713693,8.697784782189528,1.0,0.0,0.0
chr7-107182567-107182568-CA-C,TWJF-10146-MO011-0021,Review,4.065,35.0,36.0,45.98,1.469,221.968,3.5,2.0,10.093,2240.217,38.0,0.141,0.0,815.685,151.06,22393.51,532.075,5048.80230051605,3.76075,27900.2282207501,28.610875,12.1872282608695,0.019914138515418,99.2866032608696,0.0036491796540203,0.0176685684127733,0.0027244672382948,800.11,4.03,26538.32,59.54,27.454,836.66,3.5,20568.98,38.0,723.31,6.2,24218.04,50.0,831.26,3.5,18081.29,32.0,0.022617,4.4,0.000228,34.0,2.0,10.0,1422.35784649154,9.5,40708.9193881324,52.0,10.0,0.0,0.0,2736.0,66.783,0.022,0.0,225.896758985271,4.1,2238.25725050349,25.0,221.967811438848,4.0,2240.21654310783,25.0,1.0,0.0,0.0
chr7-12369909-12369910-G-C,TWJF-10146-MO011-0021,Pending,1.5,6.48,1.126,5.79,0.0,114.6,0.46,2.0,0.691,79.16,0.28,0.109,0.0,414.134,54.45,248.791,48.11,414.133989207573,1.499625,248.791084733724,1.126375,1.7317391304347,0.217521063562497,1.1472282608694,0.367074465321083,0.0705099329934455,0.138456834247336,7661.47,20.26,4851.31,15.61,0.601,414.134,1.5,248.791,1.126,114.6,1.2,79.16,0.8,362.79,0.46,175.92,0.28,0.041684,1.2,0.180759,0.38,1.0,10.0,3000.80519647765,2.0,2416.89844963521,1.4,8.0,8.0,1.0,18.0,0.383,0.0,0.0,414.134,1.5,248.791,1.126,414.134,1.5,248.791,1.126,5.0,3.0,1.0
chr7-24289537-24289539-CC-AA,TWJF-10146-MO011-0021,Pending,0.751,2.01,0.835,2.2,0.0009464829263863273,23.81,0.3,2.0,0.806,19.18,0.4,0.04,0.0,75.07,114.05,60.285,121.74,153.122429762417,0.8725,179.892100131676,0.94925,0.910326086956402,0.460305242698834,1.1225271739129,0.376228198273211,0.114207546925172,0.0605150586925447,81.81,1.07,70.81,0.98,0.803,68.33,0.63,49.76,0.5,23.81,0.45,19.18,0.35,42.61,0.39,35.84,0.32,0.331444,0.5,0.239377,0.72,1.0,10.0,36.7076862856637,0.3,40.9022040991997,0.4,0.0,0.0,1.0,439.56942013534785,0.02,0.10155287479498731,0.0,216.725493227871,4.0,123.569133130955,2.2,314.260646785807,5.5,189.360765246716,3.5,1.0,3.0,0.0
chr7-27662720-27662721-G-A,TWJF-10146-MO011-0021,Pending,0.219,0.04,5.272,8.03,4.824,9.91,0.11,2.0,192.224,1904.94,10.0,0.084,0.0,23.099,19.04,888.394,567.44,27.9980536245535,0.1985,10817.2174842049,5.958375,0.184021739130444,0.860543945293198,4.58573369565214,0.0561378186752578,0.207053222693503,0.530425196513534,11.52,0.24,993.52,4.56,38.46,13.12,0.14,81.05,0.73,9.91,0.11,1904.94,10.0,18.2,0.17,95.94,0.77,0.177622,0.99,0.052228,2.6,18.0,10.0,30.5403859694987,0.3,2936.56665617096,16.0,2.0,0.0,0.0,2964.0,89.33,0.054,1.0,58.1982599472064,1.0,783.267307379874,13.0,45.5291979740049,0.7,695.488574838913,12.0,1.0,3.0,0.0
chr7-38776758-38776759-C-T,TWJF-10146-MO011-0021,Pending,0.053,1.76,0.074,2.5,7.147,1.65,0.0,2.0,0.921,1.52,0.0,0.069,0.0,11.348,20.12,9.002,22.61,17.1550854022268,0.066375,16.7650694189084,0.062625,0.0072554347826212,0.980791017360886,0.0847826086956331,0.924227814696028,0.669828332960606,0.258850599639118,1.65,0.0,1.52,0.0,0.793,5.2,0.04,4.36,0.02,5.15,0.15,4.17,0.1,5.54,0.04,4.23,0.03,0.894718,0.04,0.904057,0.04,4.0,9.0,78.2861456979178,2.0,47.0796604064987,1.2,6.0,0.0,0.0,1900.0,115.272,0.062,0.0,24.7485637330227,0.8,15.7961045664481,0.6,23.9866721923502,0.8,13.6448887778089,0.5,1.0,3.0,0.0
chr7-73435051-73435052-G-A,TWJF-10146-MO011-0021,Pending,0.36,1.7,2.2,3.29,0.0,24.02,0.221,2.0,12.446,298.96,0.514,0.056,0.0,279.49,65.92,3685.685,153.85,72.9800513096418,0.34525,300.349732909254,1.255,0.221249999999983,0.836448903829091,0.514374999999959,0.656499249781125,0.417003400623798,0.527210047468543,1383.49,8.01,3818.81,13.71,13.187,279.49,0.36,3685.685,2.2,24.02,0.26,298.96,2.2,279.49,0.39,4638.78,2.3,0.192524,0.36,0.024111,1.5,3.0,10.0,2192.64171894287,1.1,3685.68515399165,2.9,1.0,0.0,0.0,14.0,0.215,0.0,0.0,279.49,0.36,3685.685,2.2,279.49,0.36,3685.685,2.2,6.0,3.0,0.0
chr7-74240052-74240053-A-T,TWJF-10146-MO011-0021,Pending,4.7,29.0,4.4,19.0,2.473,155.944,1.6,2.0,3.999,623.692,1.7,0.056,0.0,559.055,88.435,586.301,45.8,2899.16864676446,2.928,491.85755986006,1.481625,5.67187499999996,0.0442084877712835,2.04293478260864,0.170287727953715,0.0978666881565004,0.0319738133985083,406.45,2.73,257.66,2.09,1.049,361.53,2.1,1132.05,4.2,711.66,7.7,548.91,6.9,1267.01,4.6,1303.23,4.6,0.099972,1.6,0.096593,1.7,3.0,9.0,2216.49442399124,23.0,466.675458100716,8.2,2.0,0.0,0.0,1260.0,27.781,0.089,0.0,174.000301175692,5.2,735.444661797271,15.0,155.944477647739,4.8,623.6917508945,14.0,1.0,3.0,0.0
chr7-77294813-77294814-G-C,TWJF-10146-MO011-0021,Pending,2.2,1.85,1.8,3.78,0.451,358.993,0.77,2.0,0.718,257.825,0.57,0.059,0.0,1851.46,72.83,2139.17,188.09,358.992821022063,1.392125,257.825066473866,1.149125,1.03135869565205,0.409445639774132,0.824701086956395,0.498367168900405,0.28958610445261,0.300379322841763,14659.38,30.95,15758.53,32.63,1.155,1851.46,2.2,2139.17,1.8,1851.46,7.0,2139.17,7.5,4386.56,2.2,3057.9,1.8,0.075923,0.77,0.117825,0.57,1.0,9.0,1844.09866318303,5.3,1946.61023738087,5.8,6.0,0.0,0.0,534.0,15.045,0.03,0.0,1851.46,2.2,2139.17,1.8,1851.46,2.2,2139.17,1.8,1.0,3.0,0.0
chr8-132842624-132842625-G-A,TWJF-10146-MO011-0021,Pending,7.439,30.0,4.65,30.0,2.934,337.65,2.09,2.0,1.48,499.81,2.7,0.07,0.0,4402.46,732.975,3105.495,706.225,2935.78644416471,6.0035,2756.97397634763,5.742125,7.77809782608696,0.0316262687011569,7.3480163043478,0.0334735236908959,0.0029534735658671,0.0022849464003229,337.65,2.09,499.81,2.7,0.705,9634.29,3.5,6187.09,2.2,7650.66,7.1,5238.84,5.0,20331.78,8.3,12610.43,3.8,0.004717,4.3,0.012716,2.5,0.0,9.0,5869.13289643332,20.0,3454.01654281483,12.0,3.0,0.0,0.0,1249.0,31.208,0.094,0.0,848.809047332823,8.1,353.842504245677,4.3,2106.54140598822,16.0,658.521562525207,6.9,5.0,3.0,0.0
chr8-143872679-143872680-C-G,TWJF-10146-MO011-0021,Pending,4.0,19.93,5.45,20.71,10.382,190.74,1.064,2.0,9.877,1883.85,1.351,0.063,0.0,364.277,270.27,471.263,289.97,229.237032493848,1.063875,391.19080769329,1.351375,1.41483695652164,0.286477031557974,1.89105978260862,0.191697763207084,0.012039677647408,0.0099677222315222,190.74,1.77,1883.85,6.66,1.294,856.7,3.5,922.66,3.7,317.83,5.6,469.21,6.5,1223.74,4.5,1813.76,5.7,0.164228,1.1,0.111143,1.5,1.0,9.0,246.476621392745,5.3,238.604605560771,5.2,6.0,0.0,0.0,1749.0,38.74,0.268,0.0,410.723923492084,9.7,469.407473738955,12.0,463.414907062916,12.0,473.118575959256,12.0,5.0,3.0,0.0
chr8-143917032-143917033-G-C,TWJF-10146-MO011-0021,Pending,3.98,3.44,2.862,4.27,12.886,1222.43,0.9,2.0,0.635,776.01,0.8,0.062,0.0,2717.828,29.1,2308.39,35.38,1521.41676029925,1.550625,484.162434500261,0.81575,2.05934782608688,0.168827130315889,1.02394021739116,0.412625502416101,0.339053278323263,0.375418083742261,19489.59,26.89,20924.06,29.38,0.849,21744.12,31.0,21983.29,31.0,1222.43,5.9,776.01,4.7,2939.02,6.7,2251.62,5.4,0.118239,1.4,0.2631,0.53,0.0,11.0,2496.63648660682,0.9,2365.15966010755,0.8,10.0,10.0,1.0,5322.0,125.105,0.103,0.0,2717.828,3.98,2308.39,2.862,2717.828,3.98,2308.39,2.862,1.0,3.0,1.0
chr8-143917764-143917765-G-C,TWJF-10146-MO011-0021,Pending,0.605,10.35,0.91,9.08,11.885,15.15,0.08,2.0,2.591,39.26,0.19,0.06,0.0,70.872,97.01,118.318,81.77,59.7400062742848,0.11825,55.3759541661341,0.103375,0.260380434782604,0.811286844717929,0.302798913043446,0.784227323758273,0.312966492492706,0.244680852629244,69.97,1.18,270.95,2.14,1.669,15.15,0.08,39.26,0.19,49.97,0.93,89.14,1.6,135.91,0.61,160.21,0.72,0.460785,0.17,0.572381,0.09,1.0,9.0,792.984124177032,0.6,1028.11044838492,1.1,7.0,7.0,1.0,5894.0,125.105,0.095,0.0,71.7744709510827,1.2,107.391522634324,1.7,98.4940509813068,1.6,129.243883751663,1.9,1.0,3.0,1.0
chr8-22148170-22148171-G-A,TWJF-10146-MO011-0021,Pending,3.95,24.0,2.5,22.0,0.0,336.179,0.52,2.0,0.366,123.188,0.37,0.063,0.0,1369.415,69.79,913.814,57.435,8384.52796332573,12.88575,5202.55622920741,8.919625,16.1575543478261,0.014116461593503,10.2319836956522,0.0238017761335629,0.058006253093481,0.0774302120553329,826.38,3.69,179.26,1.38,0.667,1676.8,0.52,1051.62,0.37,10246.39,9.7,6866.08,6.3,6284.44,1.6,5940.62,1.5,0.005757,3.8,0.006503,3.6,2.0,9.0,1062.02975060326,1.8,776.008632837805,1.1,8.0,0.0,0.0,7.0,0.076,0.0,0.0,997.263674321884,9.1,234.860510206726,3.1,336.178550260735,4.1,123.188452606168,1.9,1.0,3.0,0.0
chr8-38417901-38417902-C-T,TWJF-10146-MO011-0021,Accept,1.25,1.12,1.041,4.32,20.554,59.35,0.24,2.0,0.745,44.22,0.2,0.104,0.0,117.67,41.75,116.08,228.26,116.600369180131,0.284,122.080744815589,0.2965,0.655597826086876,0.580530668310612,0.981358695652034,0.430395048748814,0.176213915110566,0.0177750291841221,2864.55,6.37,2262.81,5.63,0.986,59.35,0.24,44.22,0.2,118.74,1.9,110.08,1.8,721.87,2.3,719.42,2.3,0.360412,0.3,0.363144,0.3,1.0,9.0,2099.77032163072,4.1,2054.82032600981,4.0,6.0,0.0,0.0,2227.0,78.452,0.262,0.0,60.3906911523952,1.0,41.6840588148059,0.7,91.4976626594235,1.5,68.6135673957562,1.1,1.0,3.0,0.0
chr9-128169193-128169194-G-A,TWJF-10146-MO011-0021,Accept,0.427,16.96,0.455,32.1,8.349,26.39,0.06,2.0,1.023,26.99,0.06,0.104,0.0,109.56,926.33,82.785,2510.86,46.0371376563066,0.071875,51.7225087245261,0.092875,0.394103260869556,0.727531795509627,0.549130434782555,0.635849171711917,0.106827274430543,0.0187486276263371,26.39,0.72,26.99,0.73,0.756,148.86,0.46,85.57,0.3,70.26,0.29,80.0,0.36,47.85,0.25,41.77,0.2,0.645618,0.06,0.649559,0.06,2.0,10.0,1804.62185661009,0.6,1864.15973431607,0.6,7.0,0.0,0.0,2193.0,50.297,0.166,0.0,1101.38713677377,5.9,1523.84221267218,9.0,543.025219725455,2.0,1098.55043401058,5.9,1.0,3.0,0.0
chr9-128705376-128705377-C-G,TWJF-10146-MO011-0021,Accept,3.85,35.0,6.415,33.0,0.059,74.419,0.079,2.0,1.879,139.821,0.113,0.102,0.0,307.942,161.06,737.924,204.045,74.4188933458711,0.550625,139.821056503052,0.8345,0.0794021739130386,0.928444030754061,0.113179347826105,0.905382157202187,0.685494035482407,0.772564984858036,1307.66,5.35,2359.31,7.63,2.396,876.81,3.6,1620.61,5.2,173.4,4.1,1050.6,9.0,121.89,0.9,672.85,3.1,0.731021,0.1,0.609026,0.16,4.0,9.0,174.344676921567,4.2,605.048575185664,9.8,2.0,0.0,0.0,107.0,3.107,0.019,0.0,465.10392015197,12.0,763.044734876338,15.0,441.539945800923,11.0,712.803789684423,15.0,1.0,3.0,0.0
chr9-137107560-137107561-G-A,TWJF-10146-MO011-0021,Pending,0.745,0.39,20.0,0.44,5.757,5.59,0.187,2.0,5550.76,31028.75,3.572,0.069,0.0,221.655,39.83,11652.217,42.53,111.750405704409,0.271,6281.06658217166,3.572375,0.18717391304348,0.85861763973496,4.21347826086952,0.062422085217057,0.582540474832058,0.413064541295171,5.59,0.24,31028.75,54.17,52.569,223.64,0.57,12855.66,15.0,162.5,2.2,14564.23,38.0,219.67,0.92,10247.28,21.0,0.265926,0.51,0.008018,9.5,8.0,9.0,1550.96012730843,2.5,5869.13289643332,19.0,1.0,0.0,0.0,2131.0,53.31,0.108,0.0,304.76844557726,4.3,12021.8138800083,46.0,330.681576935879,4.6,11282.6210054484,45.0,1.0,3.0,0.0
chr9-137457898-137457899-G-A,TWJF-10146-MO011-0021,Pending,3.15,21.26,18.5,22.69,3.064,111.88,1.716,2.0,2.887,323.035,5.047,0.06,0.0,242.735,304.05,2924.715,343.18,731.883057239582,1.715625,8523.32568949268,5.047125,2.67695652173906,0.114075862673781,20.2322554347826,0.0118081901799807,0.009325765829999,0.0113887813058681,184.37,1.73,1298.0,5.33,12.049,785.06,3.4,8839.64,19.0,301.1,5.4,4551.43,19.0,374.75,2.2,4909.12,12.0,0.006855,8.4,0.001126,19.0,2.0,9.0,111.879604356001,2.9,323.035299579482,6.5,1.0,0.0,0.0,1033.0,29.463,0.104,0.0,157.96104566448,4.8,1206.5629908988,19.0,149.269129455587,4.6,995.3366595561,18.0,1.0,3.0,0.0
chr9-5988382-5988383-C-G,TWJF-10146-MO011-0021,Pending,1.17,6.43,3.907,8.1,1.988,6.26,0.04,2.0,75.316,471.48,2.6,0.051,0.0,671.067,53.93,1673.589,70.77,383.304716290454,1.313,1503.07910240335,3.765125,1.23980978260856,0.33671952137775,4.0479076086956,0.0658373103019104,0.219481440261006,0.0365543778170831,6.26,0.04,471.48,2.6,2.494,958.83,0.35,7826.57,2.8,1978.46,2.2,8711.37,8.2,2775.79,0.63,11221.76,3.3,0.0952,0.57,0.010961,2.7,1.0,9.0,1073.58306648468,1.8,1844.09866318303,4.3,1.0,0.0,0.0,1626.0,24.846,0.08,0.0,68.0471593251718,1.1,382.65729750356,4.5,91.3208615269653,1.4,400.47001126833,4.8,5.0,3.0,0.0
chr9-70610710-70610711-C-A,TWJF-10146-MO011-0021,Pending,0.902,11.0,0.95,8.6,0.0,10.181,0.3,2.0,4.355,44.341,0.8,0.095,0.0,916.106,413.01,1332.254,588.495,218.893663109958,0.804,166.056562006702,0.61275,1.41483695652164,0.287283255944028,1.2147010869564,0.34516335299668,0.0004779256441906,0.0004506968607529,1284.25,4.84,3764.23,9.69,1.454,1365.67,0.44,2434.35,0.77,1097.07,1.4,2065.97,2.2,5509.93,1.4,4325.16,1.1,0.09036,0.59,0.128311,0.43,1.0,9.0,735.142790762325,1.0,598.537372158204,0.7,3.0,0.0,0.0,46.0,1.512,0.0,0.0,10.1814586078261,0.3,44.341461151464,0.8,27.0128246852992,0.5,92.3783072659916,1.4,1.0,3.0,0.0
chr9-74762190-74762191-C-G,TWJF-10146-MO011-0021,Pending,1.2,28.07,1.9,30.02,0.0,277.122,0.567,2.0,2.447,678.046,1.444,0.059,0.0,2551.251,517.02,2496.636,590.13,277.121844340049,0.886,678.045702331938,1.444375,0.567065217391246,0.626222897176041,1.8984782608695,0.191137190708062,0.467893386259675,0.159945607185364,19794.96,64.26,16996.4,53.17,0.979,2551.251,1.2,2496.636,1.9,749.59,1.2,772.04,1.2,9529.99,1.9,9740.36,2.0,0.099316,0.95,0.031649,1.9,0.0,10.0,2551.25138296514,3.3,2496.63648660682,3.3,5.0,0.0,0.0,4.0,0.176,0.0,0.0,2551.251,1.2,2496.636,1.9,2551.251,1.2,2496.636,1.9,1.0,3.0,0.0
chrX-10138838-10138839-G-A,TWJF-10146-MO011-0021,Pending,2.2,45.08,2.65,42.37,0.026,85.921,0.197,2.0,1.304,112.022,0.271,0.079,0.0,696.857,1408.78,742.903,1228.1,85.920519148969,0.197125,112.021832579822,0.271,0.429538043478246,0.705081151669335,0.691114130434684,0.562247002205142,0.246894598007202,0.144113088957965,1887.73,5.14,1063.57,3.9,1.066,357.51,0.74,534.47,0.98,696.43,4.5,805.96,5.0,838.59,2.6,972.75,2.9,0.257909,0.54,0.186455,0.84,1.0,9.0,1318.60914342724,1.8,1517.75856701751,2.4,8.0,0.0,0.0,1522.0,25.555,0.001,0.0,609.494793377205,7.5,562.302481369406,7.1,697.284481791326,8.3,679.84514428768,8.1,1.0,3.0,0.0
chrX-112804948-112804949-C-G,TWJF-10146-MO011-0021,Reject,1.6,8.47,3.62,5.27,21.04,88.914,0.302,2.0,2.594,230.659,0.484,0.104,0.0,333.845,74.81,1496.21,43.6,124.924307924573,0.30225,215.476562504937,0.48425,0.862880434782525,0.48119167300022,1.28986413043469,0.322248820683715,0.0820283233188092,0.0428381491219624,253.38,2.08,973.3,3.74,4.482,660.24,1.3,5200.88,5.2,414.31,3.4,2252.76,9.3,877.92,2.7,2019.12,5.0,0.217459,0.68,0.101999,1.6,4.0,9.0,2054.82032600981,4.0,3975.67635914596,12.0,7.0,0.0,0.0,1709.0,31.45,0.669,1.0,88.9139696142243,1.5,230.65878497728,3.2,102.190376682134,1.7,251.425892244366,3.5,1.0,3.0,0.0
chrX-124392117-124392118-C-G,TWJF-10146-MO011-0021,Pending,4.3,10.43,6.15,15.0,0.0,432.484,0.922,2.0,1.067,461.286,1.028,0.057,0.0,1168.05,40.69,2757.89,78.615,590.466946806579,0.922,708.858061238133,1.028125,2.39032608695643,0.134542528038342,2.66062499999992,0.114505328135484,0.0036259513617551,0.0017491134840383,2077.53,5.4,3962.8,7.62,2.361,1602.96,2.1,3411.64,3.7,1229.06,6.4,2192.64,9.1,1107.04,3.2,3323.14,7.3,0.049109,2.9,0.029963,4.2,1.0,9.0,3343.70152488211,8.3,3646.02181898492,9.5,6.0,0.0,0.0,317.0,6.121,0.0,0.0,432.483955069904,5.7,461.285708971881,6.0,458.574604316378,6.0,487.988963518252,6.3,1.0,3.0,0.0
chrX-141897048-141897049-G-C,TWJF-10146-MO011-0021,Pending,17.0,23.96,10.0,21.29,0.0,456.685,7.003,2.0,0.771,352.242,7.143,0.052,0.0,3505.315,379.73,1021.356,304.93,13154.3865483878,7.00275,13399.514115396,7.143125,27.6173913043478,0.0080842371026818,31.6431793478261,0.0077146214323928,0.0223773106699809,0.014113899989752,3911.03,10.51,280.16,2.21,0.291,3364.61,8.5,1603.2,5.2,3646.02,17.0,5295.83,20.0,10847.97,21.0,7291.1,16.0,0.001585,17.0,0.002417,14.0,0.0,9.0,456.685289375157,8.1,352.242489888701,6.8,9.0,0.0,0.0,1.0,0.088,0.0,0.0,1590.55979324511,22.0,430.080745656035,10.0,1202.18138800082,19.0,439.511254027338,10.0,1.0,3.0,0.0
chrX-152652643-152652644-C-T,TWJF-10146-MO011-0021,Pending,2.925,5.29,9.3,5.39,0.0,55.89,0.443,2.0,11.286,630.784,1.625,0.053,0.0,370.269,43.82,2695.644,44.59,55.8904100478793,0.4435,630.784149784147,1.62475,0.541929347826041,0.640616953668634,2.48913043478252,0.126576378983493,0.0458616258110851,0.00191913661547,776.72,3.95,6728.68,15.39,7.28,195.15,1.5,3594.28,8.9,432.64,6.4,3766.31,17.0,312.02,1.9,4197.13,9.7,0.301053,0.57,0.06172,2.4,2.0,9.0,223.606797749979,5.0,312.718138551361,6.3,6.0,0.0,0.0,26.0,0.078,0.0,0.0,501.822350144212,12.0,1797.00795645114,24.0,428.51891833683,9.9,1702.04093151174,23.0,1.0,3.0,0.0
chrX-154362265-154362266-C-T,TWJF-10146-MO011-0021,Accept,0.182,0.36,0.192,0.67,78.541,2.37,0.018,2.0,1.013,2.4,0.066,0.079,0.0,24.14,15.86,33.116,25.77,29.5863933863773,0.018125,44.3141643517442,0.066375,0.2636413043478,0.808940895354363,0.213750000000004,0.841793408433242,0.115741339046508,0.291231433860958,2.37,0.0699999999999999,2.4,0.0699999999999999,1.372,7.59,0.04,9.73,0.06,17.21,0.36,26.11,0.52,23.31,0.1,36.17,0.17,0.688296,0.05,0.554906,0.1,4.0,9.0,611.630610489998,0.4,681.520482356048,0.5,5.0,0.0,0.0,6717.0,206.145,0.381,0.0,30.476844557726,0.5,34.4326144734368,0.6,24.9695088576432,0.4,31.7987464616814,0.5,1.0,3.0,0.0
chrX-18938718-18938719-C-T,TWJF-10146-MO011-0021,Pending,0.682,11.0,1.35,10.44,0.0,45.3,0.16,2.0,4.692,212.55,0.34,0.064,0.0,236.885,86.3,442.875,101.17,279.64624089784,0.57775,351.643145140326,0.665625,0.603777173913002,0.605938651354471,1.1116576086955,0.38025599836389,0.446140008047223,0.249367905780673,45.3,0.94,212.55,1.93,1.87,201.82,0.55,606.63,1.2,208.42,1.0,359.95,1.7,171.46,0.76,341.19,1.4,0.473691,0.16,0.337948,0.34,2.0,10.0,2240.60661125835,0.9,2579.00523176605,1.3,8.0,0.0,0.0,883.0,43.327,0.0,0.0,845.162073638669,4.0,1570.14586568046,9.4,265.350554801504,0.5,525.799295651558,1.9,1.0,3.0,0.0
chrX-49213826-49213827-C-T,TWJF-10146-MO011-0021,Pending,0.71,13.0,0.38,25.0,0.0,31.89,0.024,2.0,0.41,13.06,0.064,0.063,0.0,111.267,48.185,43.275,166.36,35.0297175604212,0.270625,36.0412584141328,0.279625,0.0240489130435008,0.966782123133793,0.0643206521739188,0.938797474647269,0.706953801214695,0.533748839050531,166.87,1.64,43.88,0.72,0.389,76.35,0.68,42.67,0.45,31.89,0.74,13.06,0.19,78.89,0.66,34.09,0.31,0.575751,0.18,0.673414,0.12,4.0,10.0,178.158534690519,1.9,141.947667971001,1.6,9.0,0.0,0.0,2.0,0.19,0.0,0.0,144.514025945506,2.6,59.55387156691,1.1,143.644830106524,2.6,59.0595318364039,1.0,1.0,3.0,0.0
chr1-169730602-169730603-C-T,TWJF-10146-MO011-0026,Pending,2.4,14.16,0.64,13.29,1.819,279.759,1.212,2.0,0.229,64.114,0.277,0.178,0.0,3033.45,2657.84,1347.454,2502.57,279.759052277935,1.211625,64.1136184743073,0.27675,1.23980978260856,0.337189693691671,0.500163043478224,0.663978170161939,0.133623588364571,0.11266587022692,22983.38,44.5,10230.3,24.25,0.444,3033.45,2.4,1347.454,0.64,347.81,2.4,52.9,0.64,9726.78,4.2,2447.29,1.6,0.007466,2.7,0.072506,0.8,2.0,11.0,3033.44952712265,2.1,1347.4542324467,0.4,2.0,0.0,0.0,387.0,12.996,0.14,0.0,3033.45,2.4,1347.454,0.64,3033.45,2.4,1347.454,0.64,1.0,3.0,0.0
chr1-206557649-206557663-AAGACTACCTTTTTC-A,TWJF-10146-MO011-0026,Review,11.354,4.89,1.2973407181843628,32.11,0.088,2693.073,4.5,2.0,-107.94546427466273,-1089.0390065355155,0.5764798968853364,0.091,0.0,13719.71,310.25,8027.758516506107,5259.33,27863.8569487006,9.70875,19971.07672243584,4.593470781161875,62.7446739130435,0.0042603508983281,43.33153084486479,0.12737251235864944,0.0463055847212672,0.09869942351036584,18966.79,8.31,13951.160857663745,3.783170373950348,-14.38794613474701,16266.6,13.0,10120.228195720718,-0.5011356778302019,11172.82,5.7,5638.667774089329,-3.087404200980986,30596.02,19.0,24022.151993207277,8.346251281724617,0.00142,6.4,0.12241936357668132,0.15877186506544472,1.0,8.0,2693.07285958329,4.5,-610.5242574247424,2.404103520691544,1.0,0.0,0.0,610.0,29.456,0.003,0.0,8857.27237257775,16.0,-3215.9517417899315,5.352064777961119,6906.84961373871,14.0,-7658.23457067277,4.940016009548521,1.0,0.0,0.0
chr1-226223921-226223922-G-A,TWJF-10146-MO011-0026,Pending,2.35,14.1,1.72,11.51,0.0,94.303,0.38,2.0,0.615,58.012,0.17,0.167,0.0,372.405,418.35,258.49,282.86,94.3028267808194,0.43875,58.0124057361167,0.248625,0.806521739130304,0.506782471152391,0.323505434782604,0.771295501107633,0.0337708744627889,0.236299676238559,5385.01,3.4,5056.44,1.34,0.694,360.72,2.4,279.34,2.1,384.09,2.7,286.79,2.5,423.17,1.9,181.46,1.2,0.484783,0.38,0.653519,0.17,3.0,9.0,3343.70152488211,7.5,2607.06100147072,5.9,3.0,0.0,0.0,1.0,0.209,0.0,0.0,182.167123215482,2.3,192.96120387083,2.3,226.944676583447,2.6,237.640249678705,2.7,1.0,3.0,0.0
chr1-230995980-230995981-A-G,TWJF-10146-MO011-0026,Accept,0.45,1.22,1.31,2.36,2.575,83.334,0.34,2.0,3.894,324.494,0.75,0.064,0.0,252.31,31.35,838.58,47.22,83.333962329296,0.421375,324.493589671567,1.309625,0.360951086956504,0.748647059572489,1.15603260869553,0.363689255606878,0.300625257194042,0.207262400072068,252.31,2.72,839.45,6.06,3.324,252.31,0.45,838.58,1.31,308.42,2.7,632.49,3.9,246.03,0.34,838.58,0.75,0.152856,0.45,0.037464,1.2,8.0,9.0,1709.58761513716,4.6,2365.15966010755,7.5,4.0,0.0,0.0,1038.0,22.197,0.116,0.0,252.31,0.45,838.58,1.31,252.31,0.45,838.58,1.31,1.0,3.0,0.0
chr1-237270595-237270596-G-C,TWJF-10146-MO011-0026,Pending,9.073,3.97,20.0,4.78,0.201,2635.422,2.533,2.0,1.414,3725.78,4.564,0.281,0.0,5250.77,72.03,13240.971,86.19,3569.09943731757,2.533375,10542.6224237425,4.563875,8.54532608695651,0.0284915365003206,24.5792391304348,0.0099030712488781,0.0261660976393613,0.019487519384711,5582.05,9.6,5587.15,9.92,2.522,6825.79,14.0,17175.86,28.0,6539.79,12.0,13070.67,20.0,6174.78,8.2,16687.31,20.0,0.017453,4.9,0.003124,11.0,0.0,9.0,2635.42197653288,5.9,3725.77996753086,8.5,3.0,0.0,0.0,66.0,1.105,0.182,0.0,4523.45214352822,14.0,13411.2729041436,25.0,4919.48906996918,15.0,13456.1246024944,25.0,1.0,3.0,0.0
chr10-50009070-50009071-T-C,TWJF-10146-MO011-0026,Pending,3.733,7.01,4.314,6.81,27.093,163.56,1.4,2.0,0.302,49.38,1.8,0.073,0.0,1867.73,133.09,2972.88,128.0,2926.69852113861,3.73325,3863.38634159847,4.314125,7.14706521739129,0.0341395560616847,9.49423913043476,0.0254309161023258,0.0244495331426151,0.0149099170230329,163.56,1.9,49.38,0.46,1.592,1867.73,3.733,2972.88,4.314,1641.33,6.6,2115.99,7.5,1867.73,1.4,2972.88,1.8,0.024404,1.5,0.006315,2.9,0.0,9.0,2145.7036159278,6.6,4106.84141846427,17.0,6.0,0.0,0.0,2389.0,180.621,0.15,0.0,1867.73,3.733,2972.88,4.314,1867.73,3.733,2972.88,4.314,1.0,3.0,0.0
chr10-69343941-69343942-C-A,TWJF-10146-MO011-0026,Accept,0.125,13.14,0.573,14.93,15.564,10.02,0.03,2.0,3.032,30.38,0.05,0.077,0.0,31.813,75.375,115.571,89.75,40.9503439238188,0.130375,90.1443862419507,0.42075,0.395624999999995,0.726631165118106,0.72472826086944,0.546395644082864,0.0733992442546878,0.066324762214208,623.87,0.03,691.44,0.05,3.633,12.77,0.12,71.42,0.76,10.02,0.08,30.38,0.37,10.6,0.05,35.88,0.25,0.834158,0.05,0.594574,0.24,2.0,10.0,973.968525934644,0.4,1967.78648311005,1.2,1.0,0.0,0.0,2851.0,111.174,0.14,0.0,32.9913433788864,0.3,161.5846120949,1.8,30.6344438229801,0.3,140.997041475354,1.6,1.0,3.0,0.0
chr11-111995031-111995032-A-G,TWJF-10146-MO011-0026,Pending,4.3,14.53,8.1,15.37,5.325,194.993,1.2,2.0,1.183,230.685,0.8,0.166,0.0,1368.384,444.91,5474.29,499.93,2080.81864111769,1.6605,7002.62994770498,3.43275,5.55494565217388,0.0452888703716756,16.1575543478261,0.0146099909813317,0.0139562299882527,0.0184152084111701,655.95,47.02,3945.95,80.66,4.001,9931.27,1.9,9585.42,1.8,8478.89,6.2,14485.65,14.0,18872.22,5.0,30336.92,16.0,0.004001,4.4,0.000413,12.0,1.0,9.0,375.868181143635,1.2,316.120050253441,0.8,9.0,0.0,0.0,975.0,70.069,0.076,0.0,312.723126949923,4.2,312.723126949923,4.2,194.993439548783,2.1,230.685342079994,2.9,1.0,3.0,0.0
chr11-36576185-36576186-G-T,TWJF-10146-MO011-0026,Reject,0.4,0.51,0.593,2.01,0.152,76.453,0.1,2.0,0.737,56.367,0.06,0.146,0.0,170.825,20.56,176.416,42.32,76.4525835911407,0.2475,56.3668615811258,0.1525,0.7105706521738,0.552927280981411,0.586820652173856,0.614998727655995,0.0285546975210309,0.0171956600388512,251.88,0.68,364.88,0.83,1.033,156.25,0.28,152.4,0.28,294.65,0.84,242.51,0.81,185.4,0.27,116.64,0.19,0.816844,0.1,0.914389,0.06,1.0,10.0,784.45046119223,1.4,674.186330339194,1.2,1.0,0.0,0.0,49.0,0.934,0.163,0.0,88.3140903523949,0.3,165.970155159939,0.6,117.630515429167,0.5,186.861572820885,0.6,1.0,3.0,0.0
chr11-62560400-62560401-G-A,TWJF-10146-MO011-0026,Accept,0.137,3.2,0.205,4.42,168.835,10.28,0.023,2.0,1.865,19.17,0.031,0.216,0.0,34.619,59.62,45.56,79.71,37.8478846023302,0.023,39.1707551323541,0.031,0.154673913043481,0.879756096058182,0.300923913043434,0.785225158174914,0.337945029139519,0.151300908997655,31.39,0.12,51.95,0.21,1.316,10.28,0.03,19.17,0.05,15.03,0.18,28.01,0.32,20.7,0.05,24.95,0.05,0.887627,0.07,0.905181,0.06,4.0,9.0,68.0139975910683,0.3,64.432272895153,0.2,6.0,0.0,0.0,10121.0,778.04,0.217,0.0,55.8341617025928,0.4,88.8996395304544,0.7,39.6396672317145,0.3,71.9664367262927,0.6,1.0,3.0,0.0
chr11-65032448-65032449-T-G,TWJF-10146-MO011-0026,Accept,1.474,2.56,0.9,2.86,5.208,27.21,0.19,2.0,0.473,12.87,0.06,0.256,0.0,248.312,50.05,101.33,54.33,580.916561137647,1.244125,378.215174850069,1.037,1.70380434782599,0.222826761578648,1.5202989130434,0.260866134366659,0.172152807470411,0.113066988997161,5216.97,1.91,5009.62,1.23,0.408,29.88,0.31,11.19,0.1,71.41,0.9,20.24,0.23,27.21,0.19,12.87,0.06,0.445592,0.44,0.45626,0.43,3.0,10.0,2936.56665617096,2.2,1728.18540463734,0.9,6.0,0.0,0.0,585.0,16.274,0.32,0.0,300.192612224169,3.0,126.590174930025,1.5,196.43098752655,2.1,76.0694016191593,0.9,1.0,3.0,0.0
chr11-67409074-67409075-T-C,TWJF-10146-MO011-0026,Pending,0.779,1.93,0.958,1.7,0.938,116.83,0.31,2.0,1.202,140.42,0.29,0.156,0.0,528.123,41.19,482.53,37.9,176.853247473494,0.4535,862.172392440729,0.815374999999999,0.897010869565122,0.465814335659243,2.83290760869558,0.104643514100417,0.16002625785768,0.0269187704543583,692.51,1.15,249.34,0.68,0.914,183.2,0.31,166.28,0.29,116.83,0.56,140.42,0.61,382.06,0.39,340.05,0.36,0.189866,0.66,0.049124,1.4,3.0,10.0,674.186330339194,1.2,625.010268514176,1.1,4.0,0.0,0.0,518.0,26.798,0.035,0.0,1706.20024506997,4.8,1710.13344284343,4.8,726.975876919604,2.1,817.560687137755,2.4,1.0,3.0,0.0
chr14-19876994-19876995-A-G,TWJF-10146-MO011-0026,Pending,3.666,4.17,7.3,4.46,0.0,374.516,1.45,2.0,3.467,1298.584,32.31,0.251,0.0,1633.765,957.67,3895.391,1005.63,7776.96204103627,3.731125,16718.4549431498,6.95275,12.8054619565217,0.0189711825396032,31.6431793478261,0.0072624601183956,0.122291201492772,0.0576682743267156,5100.65,1.45,5690.03,32.31,2.384,618.55,3.3,1593.35,5.3,1576.34,5.2,5126.69,9.1,4725.61,6.9,10448.69,13.0,0.018438,4.8,0.006727,7.5,2.0,9.0,1691.18996491218,3.5,2664.09147713626,6.0,1.0,0.0,0.0,0.0,0.0,0.0,0.0,374.515675516195,3.6,1298.58385773588,7.1,379.245119006377,3.6,1238.56841278232,6.9,6.0,3.0,0.0
chr14-20403421-20403422-T-A,TWJF-10146-MO011-0026,Pending,50.0,9.46,50.5,29.28,30.831,1807.257,8.9,2.0,1.603,2897.477,13.0,0.259,0.0,16283.724,455.1,18307.438,2135.54,22040.1163043063,12.77775,19668.6492844689,10.079625,62.7446739130435,0.0047151187382362,16.1575543478261,0.014785400700105,0.010730274269008,0.305365758482367,2435.45,72.4,7031.39,89.31,1.124,41387.53,59.0,41151.32,58.0,36141.06,62.0,37944.28,71.0,33891.36,22.0,39814.18,39.0,0.000832,8.9,0.000385,13.0,6.0,9.0,10527.3321026536,41.0,16946.2263866992,55.0,9.0,0.0,0.0,1511.0,112.111,0.275,0.0,7518.9985314024,81.0,7518.9985314024,81.0,1807.25735137131,30.0,2897.47701837674,46.0,1.0,3.0,0.0
chr14-45176192-45176196-TGTGA-T,TWJF-10146-MO011-0026,Accept,1.75,0.63,3.7,2.42,2.536,693.266,0.813,2.0,1.556,1078.698,1.228,0.22,0.0,1575.553,296.06,3029.374,656.48,1547.38008378687,0.978499999999999,3167.20246178262,1.228375,0.812717391304218,0.503964936912782,7.5582608695652,0.0321012298641505,0.798691380769014,0.0281353309983387,1326.17,1.58,1442.04,1.65,1.923,1337.68,1.6,8004.7,5.7,3745.99,2.7,8119.76,4.3,4827.53,1.9,8189.64,2.8,0.114189,0.89,0.026132,1.9,0.0,9.0,1672.99030017259,6.8,1534.26953965883,6.2,7.0,0.0,0.0,212.0,9.257,0.274,0.0,693.266157205119,2.4,1078.69831416608,3.1,1603.72537168608,3.9,2891.54529661661,5.4,1.0,0.0,0.0
chr14-64469474-64469475-C-G,TWJF-10146-MO011-0026,Pending,2.12,2.44,12.5,3.15,1.026,352.242,1.5,2.0,4.262,1501.425,6.1,0.348,0.0,2192.17,48.37,15213.975,58.82,10201.9986675654,2.0395,31024.0548351429,18.679375,20.2322554347826,0.0114093545820255,99.2866032608696,0.0038787419932413,0.050919194240123,0.0491689767222851,1821.19,1.86,22597.12,10.13,6.94,2563.15,2.5,14125.94,9.6,4830.5,3.1,19824.77,18.0,4024.37,1.7,16302.01,5.5,0.006691,3.3,0.000261,14.0,0.0,9.0,352.242489888701,1.5,1501.42527646561,6.1,2.0,0.0,0.0,219.0,2.496,0.411,0.0,511.564030007004,1.9,8707.63066265233,12.0,654.832159613029,2.2,11095.0688098091,13.0,1.0,3.0,0.0
chr15-68945808-68945809-A-G,TWJF-10146-MO011-0026,Pending,0.5,1.54,0.595,3.92,0.0,80.43,0.28,2.0,1.228,98.79,0.28,0.202,0.0,285.35,35.79,204.835,71.17,112.570829126445,0.348625,100.15607070093,0.319125,0.952527173912927,0.442380883720595,0.865461956521642,0.47992028161013,0.0092840581783093,0.0199216926703229,289.25,0.73,169.02,0.53,0.718,154.4,0.28,157.09,0.28,80.43,0.39,98.79,0.53,281.45,0.33,240.65,0.32,0.381758,0.4,0.191539,0.66,2.0,10.0,359.94793166265,0.6,427.979731978361,0.8,8.0,0.0,0.0,67.0,1.692,0.0,0.0,459.229734207446,1.4,548.31483985998,1.6,509.94108068876,1.5,554.013056595246,1.6,1.0,3.0,0.0
chr16-20483075-20483076-G-T,TWJF-10146-MO011-0026,Pending,0.157,0.04,0.1,0.1,0.0,10.84,0.03,2.0,0.69,7.48,0.02,0.176,0.0,35.899,13.54,21.36,19.77,87.5324738668434,0.2825,51.5692571432167,0.124625,0.113179347826105,0.905036448046077,0.0570108695652464,0.943027197655955,0.642845094203949,0.653616733849049,24.04,0.08,23.86,0.08,0.595,10.84,0.03,7.48,0.02,13.13,0.06,9.75,0.02,36.11,0.07,16.44,0.04,0.491596,0.28,0.776562,0.12,4.0,10.0,249.157923176163,0.4,133.025359709533,0.2,9.0,0.0,0.0,0.0,0.01,0.0,0.0,62.2343273634711,0.3,38.9072020209047,0.2,35.6878183752778,0.2,18.8590581666306,0.2,1.0,3.0,0.0
chr17-74745353-74745354-G-T,TWJF-10146-MO011-0026,Pending,0.64,6.63,0.58,5.91,0.0,37.823,0.027,2.0,0.936,35.419,0.037,0.072,0.0,334.603,124.06,149.639,108.54,37.8226400500416,0.047625,35.4193010851613,0.0375,0.0267391304348052,0.964800172436255,0.0465217391304406,0.950288175829281,0.711054392158985,0.591180983930826,464.27,40.19,155.06,20.36,0.447,6426.02,0.88,6324.82,0.86,3869.58,2.5,3510.53,2.3,173.38,0.09,127.62,0.07,0.907233,0.04,0.940578,0.03,2.0,9.0,163.386011848196,0.4,128.77677121554,0.3,8.0,0.0,0.0,75.0,2.845,0.0,0.0,443.77210550442,6.3,443.77210550442,6.3,225.434302609493,2.8,144.21817649203,1.2,1.0,3.0,0.0
chr17-76528540-76528541-C-T,TWJF-10146-MO011-0026,Pending,0.29,2.18,0.353,4.9,1.055,28.97,0.2,2.0,0.775,22.44,0.2,0.497,0.0,611.68,44.73,593.35,88.2,61.1656756605217,0.251375,104.478887720542,0.553125,0.269918478260834,0.805001570338171,0.352907608695645,0.753514949064722,0.30798302590847,0.370065601542592,8993.44,22.36,14375.55,30.52,0.97,611.68,0.29,593.35,0.353,28.97,0.39,22.44,0.32,611.68,0.62,593.35,0.61,0.242681,0.29,0.226273,0.31,2.0,11.0,743.140059082542,0.2,688.934419119916,0.2,5.0,0.0,0.0,524.0,31.023,0.034,1.0,611.68,0.29,593.35,0.353,611.68,0.29,593.35,0.353,3.0,3.0,0.0
chr17-7676040-7676041-CG-C,TWJF-10146-MO011-0026,Accept,6.1,0.03,1.985,0.74,13.905,978.408,1.954,2.0,0.984,962.764,1.23,0.301,1.0,4386.349,10.61,1565.505,57.98,8016.0349435519,3.782625,2168.24549266768,2.0695,1.95434782608687,0.18273020824751,1.230081521739,0.339928534686107,0.822416238486767,0.699265442788601,5230.93,1.99,4227.87,0.56,0.357,15190.96,25.0,239.42,1.9,2751.98,6.0,582.56,3.3,10082.42,13.0,168.7,0.97,0.010579,6.2,0.214997,1.2,5.0,11.0,3529.57450109899,2.7,3167.61691360185,2.4,10.0,0.0,0.0,1044.0,52.08,0.267,0.0,978.408011101151,12.0,962.764348889195,12.0,3541.76710491183,26.0,4258.14062593338,28.0,1.0,0.0,0.0
chr19-47755513-47755514-G-A,TWJF-10146-MO011-0026,Pending,1.55,1.7,1.55,1.5,27.242,186.22,0.38,2.0,1.393,259.49,0.42,0.235,0.0,733.364,109.495,797.687,85.31,350.734793815773,0.707499999999999,277.409953997384,0.619374999999999,1.1026630434781,0.382491569420675,1.01682065217378,0.415883090379792,0.251335970591754,0.226315351435915,186.22,0.69,259.49,0.86,1.088,539.03,1.6,591.1,1.7,797.29,2.1,747.17,2.0,1123.37,1.5,995.2,1.4,0.322332,0.38,0.306631,0.42,3.0,10.0,5441.03041320878,4.7,4778.52115918281,4.1,9.0,0.0,0.0,1719.0,100.523,0.271,0.0,673.75189547058,2.9,848.203382452402,3.5,792.975920983284,3.3,918.882541211686,3.8,1.0,3.0,0.0
chr19-47755513-47755515-GG-AA,TWJF-10146-MO011-0026,Pending,1.55,1.7,1.55,1.5,25.633527753549423,186.22,0.38,2.0,1.393,259.49,0.42,0.23,0.0,733.364,109.495,797.687,85.31,350.734793815773,0.707499999999999,277.409953997384,0.619374999999999,1.1026630434781,0.382491569420675,1.01682065217378,0.415883090379792,0.251335970591754,0.226315351435915,186.22,0.69,259.49,0.86,1.088,539.03,1.6,591.1,1.7,797.29,2.1,747.17,2.0,1123.37,1.5,995.2,1.4,0.322332,0.38,0.306631,0.42,3.0,10.0,5441.03041320878,4.7,4778.52115918281,4.1,9.0,0.0,0.0,757.8281977233205,100.523,0.21816299284197882,0.0,673.75189547058,2.9,848.203382452402,3.5,792.975920983284,3.3,918.882541211686,3.8,1.0,3.0,0.0
chr19-52290110-52290111-C-T,TWJF-10146-MO011-0026,Accept,4.65,0.01,2.866,0.11,9.124,470.54,1.0,2.0,0.682,321.03,0.74,0.15,0.0,1841.188,9.75,1729.025,20.69,853.140404886085,1.0425,767.903232633921,0.98775,2.64657608695644,0.115476670557551,2.23160326086948,0.149622491314958,0.0553102379199117,0.11075488710776,470.54,40.43,321.03,33.08,0.939,19503.71,6.4,14182.92,3.5,4382.3,2.9,2797.01,1.8,8202.58,1.7,3885.77,0.77,0.057463,1.0,0.094097,0.74,1.0,9.0,1967.78648311005,9.3,1391.90928823136,6.4,2.0,0.0,0.0,774.0,44.077,0.207,0.0,1714.58886904662,29.0,2066.14121016262,34.0,1472.38030649036,25.0,1358.37600067338,23.0,1.0,3.0,0.0
chr2-127763091-127763092-G-A,TWJF-10146-MO011-0026,Accept,0.058,6.31,0.095,11.41,28.176,4.21,0.0,2.0,1.568,6.6,0.0,0.267,0.0,7.661,1316.47,12.625,2172.5,29.8046053742144,0.045,32.0693722509463,0.0635,0.231875000000002,0.829236941173768,0.167038043478243,0.87127835777998,0.156504057347775,0.270468447357416,503.25,0.0,506.21,0.0,1.648,4.21,0.02,6.6,0.04,5.68,0.04,8.66,0.11,5.1,0.02,7.99,0.04,0.794624,0.07,0.762221,0.08,11.0,9.0,309.352836369049,0.3,466.675458100716,0.5,8.0,0.0,0.0,2173.0,92.38,0.305,0.0,7.50706195381978,0.2,12.4299676970397,0.3,7.81483836686181,0.2,12.8209439038809,0.3,1.0,3.0,0.0
chr2-157415938-157415939-G-T,TWJF-10146-MO011-0026,Pending,0.426,6.05,0.16,4.8,0.0,34.88,0.19,2.0,0.556,19.38,0.1,0.284,0.0,81.27,1273.21,68.525,1062.04,73.1495046664724,0.1915,41.6729513761983,0.047375,0.431086956521725,0.703911895085526,0.109809782608707,0.907021044075317,0.201129144988954,0.44568250188604,34.88,0.19,19.38,0.1,0.843,83.83,0.34,43.54,0.17,78.71,0.54,71.02,0.5,224.42,0.42,66.03,0.15,0.380472,0.31,0.659391,0.08,4.0,9.0,1085.26206538749,1.7,1085.26206538749,1.7,6.0,0.0,0.0,1158.0,33.236,0.0,0.0,77.2769548356585,0.5,80.9189055148579,0.5,91.2430932591198,0.6,97.9941161095594,0.6,1.0,3.0,0.0
chr2-203402614-203402615-C-G,TWJF-10146-MO011-0026,Reject,0.205,27.0,0.195,20.0,80.512,8.12,0.03,2.0,1.02,8.28,0.03,0.305,0.0,22.415,252.045,29.985,177.705,120.898425353854,0.342125,137.779228487865,0.38125,0.872309782608596,0.477050533384999,0.755407608695521,0.530811498567076,0.0683452505618333,0.165069371461868,8.12,0.03,8.28,0.03,1.338,16.62,0.04,14.51,0.03,43.18,0.21,39.81,0.19,28.21,0.05,25.83,0.04,0.373081,0.31,0.538945,0.14,4.0,10.0,3848.70047370434,3.1,3848.70047370434,3.1,9.0,9.0,1.0,2460.0,164.646,0.489,0.0,11.6815372986132,0.2,22.8823171157501,0.2,16.5676152357079,0.2,34.1397235462475,0.2,1.0,3.0,1.0
chr2-216415003-216415004-G-T,TWJF-10146-MO011-0026,Pending,2.7,4.14,4.6,5.05,1.805,264.507,0.94,2.0,1.289,340.859,0.809,0.061,0.0,1824.253,74.9,2169.046,91.14,264.507267990532,1.1725,340.858875352164,1.34925,0.940461956521617,0.446552721015992,0.808749999999876,0.505653190910155,0.248593974392861,0.385264426469803,1307.39,7.78,614.42,5.05,1.189,1824.253,2.7,2169.046,4.6,2906.38,8.6,7002.48,15.0,5678.24,2.7,10631.39,4.6,0.026836,1.4,0.022266,1.6,0.0,9.0,1824.25347836465,5.2,2169.04570370701,6.7,5.0,0.0,0.0,913.0,27.769,0.065,0.0,1824.253,2.7,2169.046,4.6,1824.253,2.7,2169.046,4.6,1.0,3.0,0.0
chr2-240788064-240788065-C-G,TWJF-10146-MO011-0026,Pending,4.1,4.5,68.0,1.35,0.208,191.214,1.8,2.0,5.984,1144.248,74.0,0.096,0.0,1523.105,81.01,30493.396,33.11,4144.79670615428,2.702375,31561.5227003645,41.365125,10.6558423913043,0.0228192334898755,99.2866032608696,0.0032102810274043,0.0028293558298173,0.0002336874904358,5633.74,14.25,5745.96,77.81,20.021,1458.85,5.1,40681.63,93.0,249.16,2.6,29425.27,62.0,1587.36,3.8,40965.62,87.0,0.12167,1.8,7e-06,74.0,0.0,11.0,5154.49714516903,4.4,50000.0,44.0,11.0,0.0,0.0,321.0,10.968,0.019,0.0,191.214137994171,3.1,1144.24757315176,13.0,955.476477945691,12.0,8714.04904636078,41.0,5.0,3.0,0.0
chr2-32499685-32499686-T-C,TWJF-10146-MO011-0026,Accept,6.55,0.51,8.895,0.79,85.226,1209.122,2.2,2.0,2.723,3292.077,2.9,0.255,0.0,3105.17,47.73,5138.829,62.69,5524.34850449973,3.086625,4702.67890036854,2.8535,3.18451086956512,0.0889484361219852,1.5202989130434,0.260710016326639,0.486024305224419,0.80479196459055,5620.0,12.54,5574.98,9.19,1.655,3209.53,7.7,5872.82,12.0,3000.81,6.9,6062.77,10.0,3962.11,6.3,6731.61,8.6,0.089777,2.2,0.057433,2.9,1.0,9.0,2469.76904535209,5.5,2010.83257949086,4.4,9.0,0.0,0.0,2344.0,230.34,0.37,0.0,1209.12165689327,6.8,3292.07711684864,12.0,1261.59511877593,7.0,3458.75659306638,13.0,1.0,3.0,0.0
chr2-69465916-69465917-C-G,TWJF-10146-MO011-0026,Review,0.125,5.37,0.305,3.36,4.522,13.7,0.01,2.0,5.13,70.28,0.01,0.088,0.0,31.525,97.26,80.416,62.11,35.8925183064538,0.013375,35.5814741421979,0.0115,0.031548913043494,0.961623371737542,0.12551630434784,0.896955511339128,0.671320375055075,0.370092498604208,116.05,0.42,232.62,0.65,2.551,13.7,0.04,70.28,0.15,16.93,0.21,40.46,0.46,21.86,0.05,41.32,0.08,0.978922,0.01,0.975573,0.01,2.0,9.0,145.052828540483,0.5,161.627740630609,0.6,6.0,0.0,0.0,786.0,79.327,0.057,0.0,27.1581385758833,0.2,90.5524072268359,0.7,40.2837600100592,0.3,126.803137657326,0.9,5.0,3.0,0.0
chr2-73252788-73252789-C-G,TWJF-10146-MO011-0026,Accept,1.037,14.36,3.9,23.4,15.397,137.198,0.53,2.0,8.586,1177.996,2.1,0.077,0.0,410.52,433.74,2129.47,1413.61,137.197853613585,0.7265,1177.99634123147,2.45825,1.03660326086944,0.407960964854874,3.42187499999991,0.0803253476102595,0.0237769610830582,0.0302826024708338,410.52,3.9,2096.82,10.01,5.187,410.52,1.037,2129.47,3.9,290.78,2.6,2129.47,7.5,461.7,0.53,4026.67,2.1,0.054695,0.94,0.00328,3.9,3.0,9.0,2496.63648660682,8.1,3725.77996753086,15.0,9.0,0.0,0.0,2188.0,120.292,0.128,0.0,410.52,1.037,2129.47,3.9,410.52,1.037,2129.47,3.9,1.0,3.0,0.0
chr20-33040305-33040306-C-A,TWJF-10146-MO011-0026,Pending,0.384,0.51,0.14,0.18,0.0,25.35,0.07,2.0,1.381,35.01,0.1,0.143,0.0,52.49,47.38,101.87,26.88,40.755176068098,0.076625,46.1536955644607,0.1225,0.383695652173898,0.733871248988,0.116820652173914,0.903303587369281,0.0824763005366548,0.461478743702173,342.39,3.42,751.48,5.68,1.941,52.49,0.384,101.87,0.14,52.49,0.87,101.87,1.5,25.35,0.07,35.01,0.1,0.578691,0.08,0.450368,0.14,8.0,9.0,461.653351148899,0.4,531.376816391114,0.5,3.0,0.0,0.0,0.0,0.0,0.0,0.0,52.49,0.384,101.87,0.14,52.49,0.384,101.87,0.14,1.0,3.0,0.0
chr20-33239802-33239803-C-G,TWJF-10146-MO011-0026,Pending,0.17,1.7,3.7,15.59,0.0,20.584,0.06,2.0,17.742,365.191,9.6,0.257,0.0,40.44,37.91,8690.11,516.25,46.5225712807949,0.087375,8947.0799297965,1.891875,0.135353260869579,0.891167432272876,16.1575543478261,0.0141944399837805,0.426424013450742,0.0774138672277331,1408.99,1.63,22765.19,10.23,214.887,25.33,0.06,14182.61,9.6,28.62,0.19,8433.14,4.2,58.37,0.12,11321.03,3.6,0.714425,0.15,0.012128,2.6,2.0,10.0,186.038364160127,0.3,2240.60661125835,3.8,2.0,0.0,0.0,0.0,0.0,0.0,0.0,34.3581680861855,0.2,796.214349056441,2.3,20.583536790494,0.2,365.190944532102,1.1,1.0,3.0,0.0
chr20-41447893-41447894-C-A,TWJF-10146-MO011-0026,Accept,0.33,1.03,0.635,0.99,37.467,17.41,0.029,2.0,2.53,44.04,0.043,0.2,0.0,28.485,28.65,54.041,28.14,27.3121025932888,0.028875,29.5542773050962,0.04325,0.176141304347794,0.865267320950981,0.165597826086937,0.87274281720878,0.211529091000557,0.251754681579769,4982.15,1.18,5387.03,3.43,1.897,17.41,0.16,44.04,0.48,22.93,0.47,40.46,0.79,27.63,0.19,39.53,0.28,0.854353,0.04,0.830315,0.05,4.0,9.0,801.610620817419,1.1,864.681670102131,1.2,5.0,0.0,0.0,998.0,90.283,0.415,0.0,29.3406681879999,0.7,64.0427540874078,1.2,35.803047937632,0.8,78.6900823855129,1.3,1.0,3.0,0.0
chr22-42519778-42519779-G-A,TWJF-10146-MO011-0026,Reject,0.946,56.0,1.837,69.0,22.836,19.49,0.21,2.0,1.775,34.59,0.43,0.137,0.0,82.282,969.61,188.53,1517.14,472.98206396201,1.142125,2445.25965639568,2.17475,2.120054347826,0.161310696540533,6.63130434782606,0.0373231235223282,0.0028823780448874,0.0012402939664752,5693.08,34.2,5677.06,25.68,2.291,29.49,0.31,63.24,0.67,19.49,0.21,34.59,0.43,119.44,0.75,294.76,1.5,0.084069,2.3,0.036237,3.6,2.0,10.0,3066.44897989438,2.4,6399.78970601227,5.8,2.0,7.0,0.0,461.0,80.979,0.282,0.0,45.1232113344338,0.5,82.3000312277347,1.0,41.8996118727866,0.4,78.2005846532242,1.0,1.0,3.0,1.0
chr3-129567750-129567751-G-A,TWJF-10146-MO011-0026,Accept,0.641,0.1,0.55,0.07,24.97,154.181,0.29,2.0,0.962,148.262,0.29,0.22,0.0,331.87,20.0,340.595,17.38,745.791153560381,0.774249999999999,405.253482977531,0.633749999999999,0.68182065217384,0.566624573494161,0.380624999999981,0.736613032409284,0.669602852314711,0.717053227126598,991.41,1.37,1404.75,1.63,1.026,275.47,0.42,307.35,0.47,388.27,1.1,373.84,1.0,219.29,0.29,216.75,0.29,0.425384,0.34,0.602601,0.2,3.0,10.0,942.861739365281,1.6,874.08813019978,1.5,8.0,0.0,0.0,2901.0,268.499,0.093,0.0,154.180695352234,0.5,148.262049740439,0.5,201.14998290584,0.6,179.688382782646,0.6,1.0,3.0,0.0
chr3-183508460-183508461-C-G,TWJF-10146-MO011-0026,Pending,3.6,3.2,1.7,0.66,0.0,774.18,2.164,2.0,0.468,362.23,0.629,0.322,0.0,7446.484,793.94,2906.98,304.76,954.916860473099,2.236,117.6509348049,0.6295,2.16448369565209,0.156490620337842,0.701385869565115,0.557318571307478,0.185570330824703,0.151920593809336,10578.55,24.76,4416.44,14.82,0.39,7446.484,3.6,2906.98,1.7,774.18,3.6,362.23,2.3,8593.88,3.8,2906.98,1.7,0.010701,2.3,0.043961,1.1,1.0,8.0,7446.48439236199,9.1,3133.52874666195,2.0,8.0,0.0,0.0,828.0,8.54,0.0,0.0,7446.484,3.6,2906.98,1.7,7446.484,3.6,2906.98,1.7,1.0,3.0,0.0
chr3-33397056-33397057-G-A,TWJF-10146-MO011-0026,Accept,0.062,0.51,0.15,1.3,141.528,9.22,0.014,2.0,1.077,9.93,0.023,0.462,0.0,17.977,13.515,26.418,21.13,24.7175969068405,0.0141249999999999,26.3842161391159,0.022625,0.0538586956521953,0.9456552151506,0.10138586956522,0.913854969850873,0.465852290391922,0.343892804346979,713.33,0.05,1869.16,0.19,1.47,9.26,0.07,11.55,0.11,12.58,0.22,16.66,0.34,9.22,0.04,9.93,0.04,0.924221,0.02,0.931342,0.01,12.0,9.0,497.976424355032,0.6,573.185760166311,0.7,5.0,0.0,0.0,2687.0,220.448,0.642,0.0,17.8020493240612,0.4,26.4526995963739,0.6,18.1518126322932,0.4,27.0969244212127,0.6,1.0,3.0,0.0
chr3-38728882-38728883-C-G,TWJF-10146-MO011-0026,Accept,1.54,0.11,1.65,0.66,2.599,47.08,0.4,2.0,1.276,60.06,0.57,0.413,0.0,205.49,21.44,193.447,54.62,720.400366612456,1.3595,733.101211114617,1.370875,2.46326086956512,0.129011590204049,2.54364130434774,0.122834587658087,0.0445648946333676,0.0334984453802462,5175.12,1.72,5371.25,3.21,0.941,106.43,1.2,190.83,1.7,47.08,0.57,60.06,0.75,56.13,0.4,84.14,0.57,0.092496,2.1,0.123817,1.8,2.0,10.0,953.118683204384,0.4,1276.49516119806,0.5,9.0,0.0,0.0,93.0,2.599,1.0,0.0,231.419526151126,2.4,196.06496672266,2.1,179.560166733097,2.0,141.322073224234,1.6,1.0,3.0,0.0
chr3-41224581-41224582-C-T,TWJF-10146-MO011-0026,Accept,1.67,3.52,3.7,10.32,88.827,143.69,0.5,2.0,12.497,1795.64,2.7,0.33,0.0,1271.85,64.5,3491.591,234.61,5361.44846785937,5.153,10950.8540766836,8.415375,5.91374999999996,0.042416432571949,6.47915760869564,0.0390092685079338,0.25443068658933,0.425830829888582,143.69,1.67,1795.64,9.23,2.745,1271.85,1.67,3491.591,3.7,277.39,2.2,755.13,3.7,1271.85,0.98,3601.95,2.0,0.027754,1.4,0.010439,2.3,1.0,10.0,1469.28411373604,0.5,3491.59114386168,2.7,3.0,0.0,0.0,8205.0,373.224,0.238,0.0,1271.85,1.67,3491.591,3.7,1271.85,1.67,3491.591,3.7,1.0,3.0,0.0
chr3-53665709-53665710-C-G,TWJF-10146-MO011-0026,Accept,0.73,0.52,0.36,0.14,0.876,58.279,0.228,2.0,0.829,48.339,0.142,0.33,0.0,195.15,16.495,256.91,12.795,58.2794908096123,0.22775,48.3393363891069,0.1425,0.463016304347803,0.68482705105558,0.233451086956521,0.827889592037592,0.113315417896956,0.286585311405361,153.53,1.79,365.64,3.59,1.316,195.15,0.73,256.91,0.36,195.15,2.2,122.51,1.7,448.05,0.52,256.91,0.36,0.085362,0.73,0.235943,0.3,6.0,9.0,7775.83727608344,32.0,6610.93083536569,27.0,6.0,0.0,0.0,66.0,8.267,0.106,0.0,195.15,0.73,256.91,0.36,195.15,0.73,256.91,0.36,1.0,3.0,0.0
chr3-87245870-87245871-A-C,TWJF-10146-MO011-0026,Accept,0.827,0.04,1.884,0.02,2.941,138.155,0.26,2.0,3.124,431.56,0.46,0.101,0.0,267.92,20.7,557.56,17.34,138.155108526393,0.7325,431.559996294396,1.529625,0.827119565217274,0.497399345640823,1.8842934782608,0.192485716341752,0.127999304793775,0.0383654794422909,5120.99,16.09,7495.74,19.99,2.081,267.92,0.827,557.56,1.884,229.44,2.4,483.87,3.3,267.92,0.37,557.56,0.59,0.267254,0.26,0.145415,0.46,2.0,9.0,2010.83257949086,6.0,2390.88910567882,7.6,6.0,0.0,0.0,1570.0,23.53,0.125,0.0,267.92,0.827,557.56,1.884,267.92,0.827,557.56,1.884,1.0,3.0,0.0
chr3-97637941-97637942-T-C,TWJF-10146-MO011-0026,Pending,0.55,4.49,1.2,2.63,0.0,46.07,0.157,2.0,2.288,105.42,0.184,0.221,0.0,131.967,44.715,206.974,35.82,74.9219395662761,0.349625,121.277672905562,0.54375,0.156630434782599,0.878499819408721,0.184021739130444,0.859931167519831,0.522078223526478,0.608071994036436,3863.29,0.45,4339.38,0.61,1.568,159.31,1.5,448.41,2.8,46.07,0.57,105.42,1.4,124.81,0.77,232.23,1.3,0.403248,0.53,0.233945,1.1,5.0,10.0,1290.38154414547,0.5,1534.26953965883,0.7,1.0,0.0,0.0,2.0,0.19,0.0,0.0,139.123341462881,1.6,181.718858478441,2.0,98.903121804427,1.1,160.40208160274,1.8,1.0,3.0,0.0
chr4-185175882-185175883-T-C,TWJF-10146-MO011-0026,Accept,1.55,13.59,5.0,9.72,38.096,50.567,0.203,2.0,12.662,640.278,1.297,0.495,0.0,138.292,388.7,1883.298,212.38,50.567045486785,0.202875,640.278129055389,1.296875,0.54350543478256,0.639391712723546,2.47728260869556,0.127840053903992,0.0168792755721369,0.0092373607913032,5334.96,2.79,5550.26,7.98,13.618,149.55,1.5,2488.25,6.7,110.08,1.6,1525.99,5.1,169.22,0.97,2327.01,4.7,0.588285,0.25,0.13663,1.6,3.0,9.0,1654.98649030649,3.4,2240.60661125835,4.9,9.0,0.0,0.0,2239.0,49.219,0.774,0.0,100.339053499119,1.6,1162.70623132817,6.7,127.034007836434,1.8,1396.11116418757,7.3,1.0,3.0,0.0
chr4-6323380-6323381-G-T,TWJF-10146-MO011-0026,Pending,0.907,0.02,1.562,0.09,0.274,182.074,0.284,2.0,2.483,452.177,0.238,0.113,0.0,386.37,17.11,1684.8,27.74,182.073751859687,0.906875,452.176757554557,1.562125,0.284103260869543,0.796251624553238,0.238179347826076,0.825076050044583,0.591961834579706,0.894861228764057,537.28,4.64,2993.38,12.07,4.361,386.37,0.907,1684.8,1.562,313.37,2.7,306.54,2.7,386.37,0.48,1684.8,1.3,0.145133,0.47,0.055835,0.93,1.0,9.0,6399.78970601227,26.0,6469.40997042221,27.0,2.0,0.0,0.0,136.0,5.366,0.051,0.0,386.37,0.907,1684.8,1.562,386.37,0.907,1684.8,1.562,1.0,3.0,0.0
chr5-134138128-134138129-C-A,TWJF-10146-MO011-0026,Pending,2.5,0.39,2.28,0.22,6.026,506.874,1.3,2.0,0.931,471.954,1.3,0.305,0.0,2035.75,37.54,2469.355,27.01,8521.68677903791,1.841,6182.16426670756,1.58025,16.1575543478261,0.0140369658557959,5.91374999999996,0.0428060286687515,0.0608420469216071,0.296233566012233,1511.84,1.69,3142.34,2.46,1.213,2559.66,2.5,1927.2,2.1,4429.97,3.0,4600.95,3.0,7407.59,2.6,3011.51,1.5,0.054406,1.3,0.061712,1.3,9.0,9.0,953.118683204384,3.8,1170.65092555888,4.7,9.0,0.0,0.0,451.0,19.823,0.304,0.0,506.873982789022,1.9,471.954357244604,1.9,755.31828783167,2.5,1009.55503708135,2.9,1.0,3.0,0.0
chr5-176577693-176577694-C-T,TWJF-10146-MO011-0026,Pending,0.18,8.5,0.21,6.5,0.008,8.47,0.026,2.0,2.213,18.74,0.035,0.1,0.0,11.798,101.735,20.916,82.89,27.0840137201236,0.0265,28.2320575812545,0.034625,0.231875000000002,0.829656982019014,0.174646739130424,0.866330822139977,0.131064627785236,0.223211046075448,2145.69,0.22,2325.36,0.24,1.773,8.47,0.06,18.74,0.18,9.44,0.14,17.78,0.37,11.85,0.05,22.56,0.16,0.725754,0.11,0.698633,0.13,8.0,9.0,497.976424355032,0.6,751.224325876238,1.0,8.0,0.0,0.0,9.0,0.072,0.111,0.0,11.0782203709588,0.3,18.3429845389298,0.4,11.7468115074404,0.3,19.2716988268094,0.4,1.0,3.0,0.0
chr5-37205403-37205404-A-G,TWJF-10146-MO011-0026,Pending,1.616,8.5,1.338,6.1,15.168,87.23,0.8,2.0,0.793,69.13,0.7,0.222,0.0,955.785,69.345,607.877,60.47,984.271327372068,1.53275,747.884032546746,1.37575,1.06298913043464,0.397416972332852,0.558315217391282,0.631204404981502,0.552358917891979,0.746484346687794,5384.62,3.4,4954.58,1.13,0.636,1053.23,4.3,620.75,3.3,87.23,1.4,69.13,1.3,362.85,1.7,291.09,1.5,0.198172,1.2,0.253201,0.94,1.0,11.0,1469.28411373604,0.8,1391.90928823136,0.7,7.0,0.0,0.0,981.0,47.105,0.322,0.0,595.004157082107,7.8,595.004157082107,7.8,927.29944531491,12.0,471.215969217942,6.6,1.0,3.0,0.0
chr5-58975683-58975684-C-G,TWJF-10146-MO011-0026,Pending,6.1,11.38,22.5,17.41,2.902,1770.709,1.393,2.0,5.704,10100.149,3.304,0.186,0.0,6602.146,666.6,15632.274,1102.19,1770.70874496832,1.393125,10100.1492644944,3.303625,4.88741847826084,0.0529481694218455,24.5792391304348,0.0099423381701642,0.0160897656169254,0.0088460463302908,2651.63,3.72,2722.54,3.78,2.368,13426.72,13.0,28341.0,30.0,10136.12,8.2,26123.53,24.0,8397.0,5.4,26186.63,21.0,0.041386,2.5,0.005225,6.6,1.0,9.0,3133.52874666195,6.8,5869.13289643332,15.0,2.0,0.0,0.0,310.0,34.553,0.084,0.0,7604.13817776895,16.0,16636.0416885326,27.0,5600.15438761556,14.0,14628.5068699985,25.0,1.0,3.0,0.0
chr5-75611812-75611813-C-T,TWJF-10146-MO011-0026,Review,0.314,0.95,0.215,2.72,0.714,40.583,0.074,2.0,0.896,36.376,0.045,0.172,0.0,164.31,70.94,93.16,160.12,40.5832416830123,0.073625,36.3755437430626,0.04525,0.313695652173877,0.777357596900501,0.215054347826083,0.839926468128944,0.148011960554868,0.233092114329338,20885.89,40.9,10787.68,25.07,0.567,164.31,0.314,93.16,0.215,164.31,2.0,93.16,1.4,60.96,0.14,31.04,0.09,0.513478,0.1,0.63355,0.07,5.0,9.0,893.209148776166,1.4,638.682611773156,0.8,4.0,0.0,0.0,89.0,4.226,0.169,0.0,164.31,0.314,93.16,0.215,164.31,0.314,93.16,0.215,5.0,3.0,0.0
chr5-9122730-9122731-G-C,TWJF-10146-MO011-0026,Pending,2.381,21.66,2.5,21.46,0.374,124.38,0.41,2.0,0.54,67.17,2.2,0.174,0.0,708.966,1141.77,519.107,1114.1,524.722155867333,0.818125,159.253049136795,0.3965,2.26105978260864,0.147020382498236,1.18195652173902,0.355013163018864,0.000389866214391,0.001201761177981,124.38,16.93,67.17,9.0,0.732,3870.5,0.41,10937.42,2.2,26407.71,33.0,28331.79,38.0,15587.23,3.7,8663.33,1.8,0.012312,2.5,0.125469,0.62,1.0,9.0,893.209148776166,3.8,801.610620817419,3.2,1.0,1.0,1.0,599.0,22.004,0.017,0.0,172.250305167982,1.7,226.026833047452,2.8,130.022945443376,1.1,236.602865462311,3.0,1.0,3.0,3.0
chr6-116792682-116792683-C-T,TWJF-10146-MO011-0026,Pending,0.835,0.24,22.401,0.26,0.0,33.12,0.25,2.0,611.668,20258.44,18.0,0.075,0.0,461.16,42.61,22806.97,44.3,528.129162778826,0.693124999999999,31077.4671566028,20.802375,2.01228260869556,0.174548570672748,99.2866032608696,0.0033566852162579,0.0599477842915803,0.0086362606380134,394.19,0.87,14589.27,6.53,49.456,2085.73,2.2,25355.5,24.0,33.12,0.25,20258.44,18.0,1638.75,0.93,37130.0,35.0,0.140891,0.8,9e-06,45.0,5.0,11.0,323.035299579482,0.5,5500.22079186674,9.7,2.0,0.0,0.0,0.0,0.0,0.0,0.0,461.16,0.835,22806.97,22.401,461.16,0.835,22806.97,22.401,1.0,3.0,0.0
chr6-33069703-33069704-C-G,TWJF-10146-MO011-0026,Pending,2.17,0.4,1.87,1.48,0.296,1133.262,1.7,2.0,0.797,902.926,1.4,0.075,0.0,2063.165,18.62,2157.104,34.92,10265.138657606,2.0395,1786.09844138849,1.024,7.77809782608696,0.0315430282174481,1.83932065217384,0.199896396255568,0.345845781266689,0.441598258912563,1590.24,1.74,3696.23,2.69,1.046,2536.09,2.5,2528.11,2.5,1369.5,1.7,907.82,1.4,6202.17,2.3,4840.86,1.9,0.010421,2.8,0.016042,2.3,0.0,11.0,1133.26246020407,1.7,902.925945728536,1.3,11.0,0.0,0.0,5509.0,296.37,0.001,0.0,2063.165,2.17,2157.104,1.87,2063.165,2.17,2157.104,1.87,6.0,3.0,0.0
chr6-33314004-33314005-C-T,TWJF-10146-MO011-0026,Review,0.121,0.54,0.04,2.6,12.653,7.2,0.021,2.0,0.812,5.85,0.006,0.242,0.0,31.481,15.045,27.287,45.26,31.4812124399892,0.021,27.2871904037973,0.00625,0.121195652173924,0.9003268508659,0.0396467391304469,0.955669838309989,0.346941640600562,0.553550200536847,1826.89,9.31,1115.44,7.13,0.867,31.481,0.121,27.287,0.04,20.45,0.35,14.86,0.27,7.2,0.03,5.85,0.02,0.839431,0.03,0.936437,0.01,6.0,9.0,388.268781147746,0.3,254.608349869884,0.2,4.0,0.0,0.0,2377.0,421.762,0.03,0.0,31.481,0.121,27.287,0.04,31.481,0.121,27.287,0.04,3.0,3.0,0.0
chr6-72251090-72251091-A-C,TWJF-10146-MO011-0026,Reject,0.08,0.07,0.175,0.38,0.268,10.79,0.026,2.0,1.486,16.03,0.019,0.217,0.0,20.243,16.57,38.838,39.3,38.0854401711229,0.026,37.1334826174207,0.01925,0.049510869565239,0.948331032996462,0.0601358695652436,0.941674731168639,0.599609147757292,0.556419756263494,160.7,0.52,235.47,0.65,1.919,15.88,0.04,65.12,0.15,11.29,0.1,19.92,0.21,10.79,0.03,16.03,0.04,0.918988,0.06,0.915589,0.06,11.0,9.0,56.5868881409458,0.2,71.0222099312458,0.3,6.0,0.0,0.0,9.0,0.804,0.333,0.0,23.653749870576,0.2,40.5415174406502,0.3,16.8317782149076,0.2,31.8515080954279,0.2,1.0,3.0,0.0
chr7-121331683-121331684-A-C,TWJF-10146-MO011-0026,Pending,0.42,0.15,0.313,0.18,0.0,34.24,0.069,2.0,1.028,35.19,0.052,0.091,0.0,129.63,34.66,95.22,37.71,69.6322074637394,0.2195,64.010155620827,0.196125,0.0685597826087018,0.93543064569005,0.0523369565217564,0.946724302725158,0.698398821055889,0.733017887920141,203.13,0.6,126.43,0.44,0.735,34.24,0.08,35.19,0.08,57.2,0.55,38.75,0.43,38.88,0.08,21.24,0.05,0.481699,0.29,0.640132,0.19,3.0,9.0,249.157923176163,1.0,141.947667971001,0.5,1.0,0.0,0.0,10.0,0.0,0.4,0.0,189.626923880999,1.2,177.378100569433,1.2,232.34321793144,1.3,182.02456422318,1.2,1.0,3.0,0.0
chr7-127582845-127582846-G-C,TWJF-10146-MO011-0026,Accept,0.35,0.45,0.387,0.38,2.096,13.66,0.07,2.0,0.679,9.27,0.11,0.092,0.0,56.311,9.795,44.1,7.47,46.021900421406,0.169625,45.6919763170516,0.165,0.300923913043434,0.785515767927546,0.37358695652172,0.740155475787678,0.196040228940547,0.123031008057296,5286.27,2.36,5319.73,2.64,0.783,13.66,0.13,9.27,0.07,30.38,0.62,19.7,0.43,16.59,0.1,13.57,0.07,0.774962,0.07,0.723172,0.11,5.0,9.0,437.341955446153,0.4,432.635519663766,0.4,4.0,0.0,0.0,682.0,17.918,0.117,0.0,66.5993514507267,1.2,42.5079342349704,0.8,82.5885801777424,1.4,47.4154634703717,0.9,1.0,3.0,0.0
chr8-123254917-123254918-C-G,TWJF-10146-MO011-0026,Pending,3.8,10.45,3.5,1.84,4.013,322.136,0.675,2.0,2.073,667.654,0.954,0.057,0.0,1881.47,239.31,1885.935,39.9,322.13556713129,0.675499999999999,667.654106086459,0.954374999999999,1.71461956521732,0.220698988175666,2.42600543478252,0.13194910206762,0.0067907054326497,0.0310079152986872,1793.45,2.9,1238.63,2.31,1.002,1969.49,3.4,2188.8,3.6,2664.09,3.9,3827.94,4.6,5729.71,4.1,6211.57,4.3,0.020013,3.7,0.024136,3.4,0.0,10.0,4989.871863861,4.2,3725.77996753086,2.9,1.0,1.0,1.0,1814.0,59.017,0.068,0.0,1463.86153755062,5.5,1583.06956670644,5.8,1406.88953760773,5.3,1084.57602513225,4.2,1.0,3.0,1.0
chr8-13567781-13567782-G-C,TWJF-10146-MO011-0026,Review,0.54,5.84,3.45,18.0,1.334,37.11,0.11,2.0,51.055,1894.66,1.1,0.36,0.0,80.764,115.605,1308.45,166.83,49.719000112841,0.195375,4451.27500480183,2.78,0.308858695652162,0.780625322277364,9.49423913043476,0.0251756904801119,0.209116661455482,0.0508724740357138,4941.2,1.11,5540.69,7.57,16.201,58.44,0.62,503.91,2.9,37.11,0.46,1894.66,5.6,46.31,0.33,722.24,2.5,0.728894,0.11,0.220056,1.1,4.0,10.0,1534.26953965883,0.7,11730.2704107223,13.0,2.0,0.0,0.0,60.0,2.352,0.567,0.0,106.02297833346,1.2,355.140334982883,3.3,103.088447678163,1.1,385.664798049305,3.6,6.0,3.0,0.0
chr8-143213892-143213893-G-C,TWJF-10146-MO011-0026,Pending,4.445,0.91,6.929,1.48,0.0,48.9,0.804,2.0,1.242,60.73,1.947,0.476,0.0,2369.873,362.42,3414.249,479.2,507.200246699989,0.80425,2818.35283342982,1.947,2.21184782608688,0.15191532162995,7.5582608695652,0.0325711358139739,0.0019492004284984,0.0003422948730076,48.9,5.89,60.73,7.92,1.441,9877.7,1.8,9515.05,1.8,16228.45,16.0,18082.85,18.0,23455.98,7.6,32307.3,19.0,0.008137,3.0,0.001828,6.3,0.0,9.0,645.630535743832,2.4,751.224325876238,3.0,5.0,0.0,0.0,12.0,0.129,0.0,1.0,4094.11464706687,59.0,4010.14429591707,59.0,414.973152414235,5.9,412.116497326403,5.8,1.0,3.0,0.0
chr8-144058788-144058789-G-C,TWJF-10146-MO011-0026,Pending,2.1,0.19,4.4,0.29,1.902,297.797,0.82,2.0,1.954,581.996,1.0,0.072,0.0,544.805,14.31,915.036,16.48,1213.59644643287,1.656375,848.121492211523,1.444375,0.957445652173803,0.439596211382105,0.490190217391273,0.67036098351912,0.65887862816453,0.829749777913094,5130.25,1.55,5575.13,9.2,1.68,349.18,2.4,981.95,4.2,707.82,3.7,1957.17,5.7,381.79,1.8,451.33,2.0,0.285119,0.82,0.237183,1.0,1.0,9.0,1453.47247883281,2.9,2145.7036159278,4.7,7.0,0.0,0.0,382.0,23.483,0.081,0.0,329.207711684864,3.2,679.939074853713,4.9,297.796781695745,3.1,581.996000270927,4.6,1.0,3.0,0.0
chr8-17964697-17964698-G-C,TWJF-10146-MO011-0026,Pending,3.6,16.07,3.55,7.4,43.887,252.36,0.97,2.0,0.993,250.622,1.6,0.325,0.0,1361.761,3007.69,2173.486,1494.5,1695.41124820084,1.491,3150.7117036704,2.0695,4.0479076086956,0.0653149903799939,8.26921195652172,0.0299039553613668,0.0672022516373545,0.0060214015393285,329.11,33.55,168.8,21.73,1.596,9559.11,1.8,8341.85,1.4,7326.61,5.1,7989.04,5.7,5179.77,0.97,7744.6,1.6,0.032289,1.5,0.016204,2.2,1.0,9.0,1028.11044838492,4.4,1196.25937088688,5.3,5.0,0.0,0.0,1628.0,109.717,0.4,0.0,299.336723073251,4.0,293.197322515307,3.9,252.359698574065,3.2,250.622466628573,3.2,1.0,3.0,0.0
chr8-93923445-93923446-A-T,TWJF-10146-MO011-0026,Accept,0.61,7.34,0.405,12.29,8.046,30.361,0.049,2.0,0.906,27.509,0.031,0.154,0.0,54.008,68.15,53.59,95.425,30.3609420361263,0.049125,27.5089792031078,0.030625,0.221249999999983,0.83623733218942,0.143451086956517,0.886767074646004,0.175788127817214,0.269572844728827,4803.48,0.92,4037.63,0.5,0.992,33.57,0.37,29.7,0.31,44.12,0.85,39.81,0.78,37.03,0.26,32.96,0.24,0.648205,0.18,0.729737,0.11,4.0,9.0,751.224325876238,1.0,743.140059082542,0.9,7.0,0.0,0.0,1256.0,47.895,0.168,0.0,63.8954598403787,1.2,67.3705355945893,1.2,70.7815387961679,1.3,72.7645754889319,1.3,1.0,3.0,0.0
chr9-34179146-34179147-G-T,TWJF-10146-MO011-0026,Pending,1.382,0.12,1.541,0.25,21.275,390.775,0.06,2.0,0.627,245.097,0.16,0.228,0.0,1786.107,21.56,1984.331,31.29,390.7752544107,0.8915,245.096740480522,0.619,1.86442934782602,0.195451403569304,1.48214673913034,0.269662431785587,0.0164723090128973,0.0067262538759678,5031.37,21.61,8493.91,48.45,1.111,4231.42,0.67,3027.19,0.43,3454.02,2.0,3049.9,1.7,708.65,0.06,1696.1,0.16,0.096182,0.69,0.043962,1.6,0.0,9.0,1262.75821593613,0.9,1262.75821593613,0.9,7.0,0.0,0.0,1286.0,73.109,0.291,0.0,1896.9243001208,6.7,2218.45181380208,7.9,1675.29001485926,6.0,1750.20935158219,6.2,2.0,3.0,0.0
chrX-48911611-48911612-A-T,TWJF-10146-MO011-0026,Pending,3.0,4.96,3.1,3.32,43.992,104.44,0.553,2.0,1.288,134.531,0.712,0.245,0.0,649.35,89.47,630.1,61.47,104.4398419302,0.553125,134.530526653773,0.712375,0.798586956521603,0.511378998387678,1.04739130434768,0.404376364251017,0.066999600501731,0.0141864742618054,649.35,5.21,630.1,5.12,0.97,649.35,3.0,630.1,3.1,499.49,3.0,529.88,3.1,10780.23,4.6,10637.25,4.6,0.001428,5.4,0.001033,6.2,3.0,10.0,2812.1856201345,1.8,2664.09147713626,1.6,8.0,0.0,0.0,303.0,60.846,0.723,0.0,649.35,3.0,630.1,3.1,649.35,3.0,630.1,3.1,1.0,3.0,0.0
chrX-70277494-70277495-A-C,TWJF-10146-MO011-0026,Pending,0.643,0.15,1.474,0.65,0.0,42.62,0.314,2.0,2.195,93.55,0.596,0.24,0.0,120.306,9.07,400.005,12.785,120.305568938645,0.643375,400.004703542778,1.47375,0.313695652173877,0.776791297948094,0.596195652173861,0.609824772132775,0.445423573255539,0.549019332975149,63.58,0.64,52.97,0.51,3.325,120.306,0.643,400.005,1.474,42.62,0.46,93.55,0.92,1562.57,1.2,2459.0,1.6,0.061214,0.89,0.018429,1.8,4.0,10.0,2443.19073685795,1.4,2722.36951668803,1.7,6.0,0.0,0.0,82.0,0.04,0.0,0.0,120.306,0.643,400.005,1.474,120.306,0.643,400.005,1.474,1.0,3.0,0.0
chr1-165667374-165667375-G-T,mcdb048,Pending,3.296,1.03,5.003,1.5,0.0,53.109,1.5,2.0,1.262,67.015,2.4,0.132,0.0,3171.177,162.56,4544.396,200.57,2053.86992695968,3.291125,4310.27071122647,4.805875,5.44942934782604,0.0460612900616635,10.2319836956522,0.0236731285037315,0.0153860230348072,0.0242069190717302,15049.76,4.45,19025.37,6.92,1.433,7879.67,2.3,10605.53,3.1,1362.11,2.3,4084.68,5.2,5234.47,1.5,7787.71,2.4,0.002609,3.3,0.001671,4.2,0.0,9.0,4288.48419012512,15.0,4778.52115918281,16.0,5.0,0.0,0.0,8.0,49.844,0.0,0.0,53.1092294031898,2.8,67.0146880018373,3.4,85.0491543993372,4.3,113.414870178884,5.6,1.0,3.0,0.0
chr1-179108920-179108920-A-AGTTTGAC,mcdb048,Review,0.334,0.77,6.664,3.058693678113806,0.0,71.149,0.099,2.0,226.72,16130.886,7.229,0.142,0.0,573.995,235.78,4188.798,325.09777596895447,71.1488024679566,0.09925,16130.8862489472,7.229,0.328315217391278,0.76785248830237,37.3590489130435,0.0063247111422782,0.286849885247648,0.0085036272066645,762.01,1.93,2353.09,4.09,7.298,150.37,0.34,7216.85,7.5,449.33,0.28,5441.03,4.1,461.46,0.45,6330.58,5.1,0.558357,0.12,0.009552,6.1,5.0,8.0,743.140059082542,0.2,2936.56665617096,2.2,6.0,0.0,0.0,5.0,55.34,0.0,0.0,818.521327632181,6.3,1794.85760692145,13.0,686.530759104956,5.3,1895.22161119928,13.0,1.0,0.0,0.0
chr1-37552705-37552706-C-T,mcdb048,Pending,1.699,50.0,2.446,80.0,0.0,26.618,0.2,2.0,1.888,50.254,0.2,0.051,0.0,1758.972,6644.43,2113.808,8051.33,461.763292430072,1.4985,547.585139645905,1.65725,2.05934782608688,0.16851684385086,2.29201086956516,0.143313600801323,0.0110831223355489,0.0036557275052473,39076.81,94.39,39378.39,96.4,1.202,3056.18,0.74,3680.03,0.91,7486.88,9.3,8758.62,12.0,9714.37,3.1,10082.63,3.3,0.026754,0.75,0.021941,0.87,0.0,9.0,192.176120573425,0.2,178.158534690519,0.2,3.0,0.0,0.0,5.0,17.789,0.0,0.0,26.6176677646609,1.4,50.253926472799,2.6,36.3638619197325,1.9,57.6328372081799,3.0,1.0,3.0,0.0
chr10-119808048-119808049-G-T,mcdb048,Pending,0.549,2.69,0.61,0.56,0.0,85.481,0.17,2.0,0.968,82.784,0.19,0.053,0.0,2157.331,698.85,2644.365,185.12,85.4814880111167,0.33,82.7843331179257,0.315125,0.717173913043354,0.550060870340746,0.730353260869435,0.543132333053401,0.0559258579742163,0.0392221203655935,27517.78,18.4,23795.41,11.78,1.226,13543.74,4.4,18281.14,6.8,261.59,0.33,358.01,0.47,746.69,0.17,858.76,0.19,0.061087,0.38,0.042254,0.49,0.0,10.0,3567.97106119069,2.5,4429.96936959386,3.5,8.0,0.0,0.0,9.0,29.983,0.0,0.0,2157.331,0.549,2644.365,0.61,2157.331,0.549,2644.365,0.61,6.0,3.0,0.0
chr11-108353849-108353850-G-A,mcdb048,Accept,5.7,2.6,34.0,2.4,49.449,2369.544,0.821,2.0,10.868,25752.321,8.844,0.12,0.0,7287.077,129.175,25752.321,72.785,2369.54382511467,0.820624999999999,25752.3210109555,8.844,3.80744565217384,0.0704842003283604,62.7446739130435,0.0040304344504618,0.182205045130104,0.0089252846082672,5468.5,90.95,5453.36,82.12,3.534,7287.077,5.7,25752.321,34.0,9650.41,3.3,31658.38,34.0,22142.75,7.7,35218.07,38.0,0.002592,5.7,0.000137,32.0,0.0,11.0,7287.07674792595,6.0,16763.8603336608,20.0,3.0,0.0,0.0,8.0,98.898,0.5,0.0,7287.077,5.7,25752.321,34.0,7287.077,5.7,25752.321,34.0,1.0,3.0,0.0
chr11-124619899-124619900-C-A,mcdb048,Reject,2.0,19.0,2.273,19.0,0.0,686.357,0.87,2.0,1.219,836.662,0.68,0.075,0.0,1248.695,1411.59,1245.577,1411.33,966.921873354923,1.212625,1179.40483164274,1.355875,1.49429347826076,0.266876313562995,1.84540760869558,0.198641621637584,0.379509349353611,0.325435598031618,4412.41,6.43,2387.95,4.13,0.998,2378.4,2.8,3544.04,3.9,1469.28,2.5,1628.34,2.7,1607.55,1.5,1311.75,1.2,0.134717,0.87,0.173311,0.68,1.0,9.0,1028.11044838492,1.8,953.118683204384,1.6,4.0,0.0,0.0,0.0,0.0,0.0,0.0,686.356893620491,2.2,836.66191447376,2.7,853.355515869871,2.7,843.58723605573,2.7,1.0,3.0,0.0
chr11-1258178-1258179-G-A,mcdb048,Reject,13.0,15.7,11.9,34.6,44.741,5439.26,4.596,2.0,1.0,5438.63,4.949,0.065,0.0,11669.967,1323.71,13472.911,3916.95,14661.9267500039,4.596125,15532.2910396531,4.949375,37.3590489130435,0.0067379172398064,37.3590489130435,0.0063722622806757,0.0002947541624962,0.0002525515801607,5439.26,62.76,5438.63,61.46,1.154,22141.79,15.0,21495.23,14.0,19400.38,13.0,20478.82,15.0,23564.34,13.0,19943.1,7.7,0.002201,9.1,0.002459,8.5,0.0,9.0,8387.64331174904,25.0,9759.45427565568,28.0,7.0,1.0,0.0,7.0,104.292,0.429,0.0,5451.92659700406,5.0,6661.16206346338,5.9,8678.00707770432,7.7,11413.5304025367,9.8,3.0,3.0,3.0
chr12-106083906-106083907-A-G,mcdb048,Accept,1.25,0.93,2.7,1.4,4.345,24.642,0.33,2.0,2.421,59.658,0.75,0.053,0.0,1180.92,452.39,3055.307,256.875,117.434782260601,0.499375,171.093925842769,0.722625,0.872309782608596,0.47675062367116,1.02394021739116,0.413374297253213,0.0600252862786874,0.0907138295006007,36440.66,67.75,35387.82,57.4,2.587,1418.98,0.34,3985.07,1.0,942.86,1.8,3236.91,4.2,4442.4,1.3,7475.38,2.3,0.067633,0.33,0.026766,0.75,1.0,9.0,2264.98110352767,6.2,2873.70327679293,8.3,4.0,0.0,0.0,11.0,23.875,0.182,0.0,82.636135672393,4.2,107.936914722993,5.4,24.6416622138339,1.2,59.6581799795533,3.1,1.0,3.0,0.0
chr12-130361524-130361525-G-A,mcdb048,Pending,55.0,25.0,54.5,25.0,0.0,4704.571,14.0,2.0,1.306,6144.973,17.0,0.081,0.0,27169.5,1144.805,28755.06,1149.765,32610.1336924358,75.113125,32466.5421185825,75.113125,99.2866032608696,0.0031572071455324,99.2866032608696,0.0031694475135878,0.004480039817281,0.0043656173220369,17245.77,22.45,26361.62,42.47,1.058,24106.93,38.0,25150.03,41.0,30232.07,63.0,32965.5,76.0,31273.1,55.0,31148.5,54.0,3e-06,96.0,3e-06,96.0,0.0,10.0,50000.0,55.0,50000.0,55.0,10.0,0.0,0.0,0.0,0.393,0.0,0.0,5992.66499190195,17.0,5992.66499190195,17.0,4704.57070575872,14.0,6144.97329701991,17.0,1.0,3.0,0.0
chr12-16551274-16551275-T-C,mcdb048,Pending,2.8,21.8,0.825,23.99,0.0,606.899,0.63,2.0,0.272,164.994,0.231,0.08,0.0,4598.006,1980.16,959.735,2249.28,606.898582584656,0.630249999999999,164.993930108667,0.231,1.9611684782608,0.182062428194174,1.1200271739129,0.376895433801809,0.112611014395952,0.0375848902622237,5492.24,96.03,5462.73,88.44,0.209,14355.37,6.2,1338.3,0.95,7650.66,2.6,927.68,0.56,4304.76,1.2,417.7,0.19,0.084152,1.1,0.396874,0.27,0.0,9.0,4242.33386040426,11.0,1304.4189904398,1.7,2.0,0.0,0.0,6.0,14.133,0.0,0.0,3292.68359572123,3.0,650.953550323524,0.7,4891.2515665183,4.5,991.790627826056,1.1,1.0,3.0,0.0
chr12-56344127-56344128-C-T,mcdb048,Accept,2.433,4.0,3.8,3.1,22.264,68.418,0.89,2.0,1.002,68.576,3.3,0.082,0.0,2641.476,240.595,3911.096,274.58,398.988048406893,1.36675,1660.22202912604,2.95925,1.24649456521728,0.334569644699994,3.5994836956521,0.0759913622800015,0.227765800897032,0.107481478946283,29589.93,24.13,35503.99,58.47,1.481,3651.19,0.9,7595.81,2.2,3272.12,4.2,6161.97,7.6,3643.85,0.89,10100.0,3.3,0.015866,1.1,0.001764,4.1,0.0,9.0,2010.83257949086,5.3,1654.98649030649,4.0,7.0,0.0,0.0,8.0,89.055,0.25,0.0,68.417940969427,3.5,68.5756606121612,3.5,185.212374665809,8.7,196.639155320915,9.3,1.0,3.0,0.0
chr13-91693401-91693402-C-A,mcdb048,Reject,0.315,0.3,4.35,1.69,0.0,61.013,0.06,2.0,75.113,4582.879,0.38,0.106,0.0,303.951,117.61,6040.525,448.0,61.013413442319,0.063875,4582.87862628693,1.972625,0.601766304347777,0.607368982788044,10.6558423913043,0.0230038718903243,0.0298678289400413,0.032744342694059,5421.14,23.69,5470.19,91.55,19.873,244.53,0.33,6610.86,2.9,72.97,0.07,14564.23,5.8,335.62,0.16,5230.34,1.4,0.820261,0.06,0.29513,0.38,1.0,11.0,1584.88798467302,0.4,15208.3922035136,19.0,2.0,0.0,0.0,0.0,0.0,0.0,0.0,272.282669599395,0.3,1273.56172935129,2.3,2892.01139621548,4.7,7314.75863014723,13.0,1.0,3.0,0.0
chr14-74357299-74357300-G-A,mcdb048,Reject,0.235,0.21,1.22,0.07,0.0,24.68,0.04,2.0,32.876,811.39,0.58,0.074,0.0,44.384,91.68,610.565,50.28,167.696064844381,0.348375,679.915342173741,1.002125,1.07567934782594,0.392432001242557,2.5035597826086,0.125563298810202,0.0605984358116984,0.0199119200697168,133.9,0.54,400.58,1.24,13.756,24.68,0.07,811.39,1.3,28.31,0.11,631.81,1.6,37.82,0.04,589.32,0.58,0.370451,0.27,0.123191,0.94,8.0,9.0,681.520482356048,0.9,1602.12922627967,3.9,3.0,0.0,0.0,0.0,0.0,0.0,0.0,34.6377760526189,0.2,279.608261995884,1.0,50.9483354975268,0.2,359.0293890052,1.2,1.0,3.0,0.0
chr14-75980838-75980839-T-C,mcdb048,Review,0.985,0.41,1.8,1.32,0.0,262.51,0.44,2.0,2.867,752.69,0.92,0.083,0.0,290.399,146.95,790.375,363.47,626.104194214601,0.95625,883.912591014631,1.160875,2.32364130434776,0.140909429822867,2.60176630434776,0.118382592226948,0.0348699285241309,0.0729927006177604,286.66,0.97,647.94,1.72,2.722,262.51,0.49,752.69,1.3,282.17,0.9,828.06,1.8,441.96,0.44,1072.25,0.92,0.038493,2.5,0.038145,2.5,1.0,9.0,1109.00259611381,2.1,1453.47247883281,3.3,8.0,0.0,0.0,30.0,143.444,0.0,0.0,294.137231225645,1.0,620.226045705832,2.0,269.234059795169,1.0,544.66566651904,1.8,1.0,3.0,0.0
chr16-3057589-3057590-G-A,mcdb048,Pending,8.4,2.87,5.25,3.87,0.0,252.204,0.29,2.0,0.533,134.413,0.095,0.079,0.0,4813.602,303.05,3043.145,374.85,252.203514808866,0.99275,134.413161296409,0.576,0.289646739130404,0.79208918147912,0.0947826086956382,0.917845697179687,0.674216032028198,0.805521354079247,31299.18,30.62,32420.77,36.1,0.632,21153.54,8.8,12222.88,3.8,15044.73,20.0,7989.04,10.0,6875.22,2.1,3643.1,0.89,0.009995,1.5,0.026964,0.74,0.0,9.0,2751.98487817332,8.0,2443.19073685795,6.7,5.0,0.0,0.0,0.0,1.7,0.0,0.0,1239.28159532405,36.0,595.895354841354,23.0,1724.52700685433,43.0,670.918859428197,24.0,1.0,3.0,0.0
chr16-50711027-50711028-C-T,mcdb048,Pending,2.59,4.6,2.825,0.24,0.0,502.944,0.5,2.0,1.265,636.092,0.7,0.059,0.0,2206.71,101.4,3446.84,33.755,4864.90570851388,2.880125,5047.93289640673,2.94925,2.95114130434774,0.0988853809184365,3.05951086956514,0.0940682131753654,0.484157539904118,0.478674631565809,4334.71,6.34,5625.53,7.79,1.562,1831.43,2.3,3560.99,3.9,1269.61,1.4,1884.44,2.1,2581.99,2.1,3332.69,2.7,0.019533,4.0,0.040398,2.4,0.0,10.0,3416.84629914709,2.9,4676.22687348547,4.9,8.0,8.0,1.0,2.0,0.924,0.0,0.0,613.225209129946,0.7,947.588976844921,1.5,502.944426763935,0.5,636.092097286391,0.7,1.0,3.0,1.0
chr16-72123613-72123614-G-T,mcdb048,Pending,35.68,1.48,50.01,2.28,0.0,21852.38,13.543,2.0,1.061,23192.26,19.677,0.068,0.0,25332.08,398.47,29920.606,594.61,23563.9131830654,13.543,26476.0836414797,19.676875,37.3590489130435,0.006394313831206,62.7446739130435,0.0040384641074461,0.115661621326581,0.0170994892832823,26752.06,43.67,30415.94,57.02,1.181,30111.93,57.0,30731.72,59.0,21852.38,34.0,23192.26,38.0,23912.1,33.0,27773.94,43.0,0.000463,27.0,0.000181,39.0,0.0,10.0,23699.6031625296,33.0,29425.271192222,39.0,9.0,0.0,0.0,0.0,0.304,0.0,0.0,37035.6524553075,62.0,34325.7472238917,59.0,41545.1183035351,65.0,41069.5552668482,65.0,1.0,3.0,0.0
chr16-75414602-75414602-C-CT,mcdb048,Review,0.905,55.14,5.625604254374199,60.78198835843145,0.0,135.97,0.31,2.0,126.85822888734907,3159.5921496249093,3.7016491075138998,0.108,0.0,541.16,6853.64,4165.769856249461,8049.3156415572485,878.986176648604,1.15375,3734.5415385541946,4.033750336823543,2.12934782608689,0.160435222533155,10.663430954457848,0.1358520315234219,0.171184197301045,0.16464098940021757,140.67,0.56,3977.443966376173,6.93898812472591,18.674115187889374,135.97,0.31,3898.3479435000945,4.487029560381395,638.68,0.45,4254.194817956899,7.159746661135722,924.7,0.81,4860.768954571348,4.684058526311172,0.194115,0.61,0.1837781763468678,4.897258737405409,4.0,8.0,1989.19309513165,1.0,4404.72889089163,8.007725414785487,1.0,0.0,0.0,12.0,29.071,0.0,0.0,443.639288389362,3.7,5216.575166062108,10.981787919214996,211.670336394794,1.9,5028.068800604486,9.757714431429905,1.0,0.0,0.0
chr16-81365387-81365388-A-G,mcdb048,Pending,4.05,2.09,1.658,1.35,0.0,76.59,1.5,2.0,0.231,17.667,0.23,0.075,0.0,8413.42,246.03,3498.445,189.37,16570.4015054604,13.733375,7899.93472785797,6.951625,4.5192663043478,0.0572282676475071,1.51595108695643,0.262167523730223,0.653274282813072,0.949334688484669,34037.54,46.25,32869.9,38.6,0.416,5101.9,1.5,880.89,0.23,20926.8,29.0,7169.76,8.9,11724.94,4.0,6116.0,1.8,0.003422,2.8,0.021435,0.88,0.0,9.0,1050.60076521104,2.0,735.142790762325,1.1,1.0,1.0,1.0,2.0,25.819,0.0,0.0,76.5896350299959,3.9,17.6672925290539,0.8,80.6621883204601,4.1,37.5551931551363,2.0,6.0,3.0,1.0
chr17-69043530-69043531-G-A,mcdb048,Review,0.938,0.13,1.1,0.31,0.0,176.795,0.22,2.0,0.863,152.635,0.22,0.126,0.0,527.588,68.14,753.004,119.46,176.795385810314,0.367625,152.635430030498,0.318375,0.895081521739016,0.466777154258696,0.347961956521715,0.755992050913728,0.161029896233231,0.477916587144136,312.54,1.04,743.7,1.9,1.427,378.89,0.69,537.19,0.9,319.56,0.98,407.64,1.3,691.44,0.65,1017.33,0.87,0.406832,0.22,0.411796,0.22,4.0,9.0,1158.05301827804,2.2,1183.38587947348,2.3,7.0,0.0,0.0,6.0,10.255,0.0,0.0,834.73764546837,2.7,908.970942188803,2.9,676.285381699723,2.2,762.307161900611,2.5,1.0,3.0,0.0
chr18-51065585-51065585-C-CA,mcdb048,Pending,21.0,22.0,7.1,47.0,0.0,1219.467,3.4,2.0,3.837,4679.183,6.5,0.121,1.0,12587.703,4116.63,10730.77,13721.45,13760.8961341972,10.998125,1891.00530981388,3.157625,31.6431793478261,0.0071970252841777,4.58573369565214,0.0565060557028065,0.001643760879233,0.0535796280018985,34739.64,51.74,33985.86,45.88,0.852,11414.51,3.4,17669.15,6.5,21734.48,30.0,6229.0,7.7,19647.74,9.6,12285.19,4.3,0.001908,3.9,0.000788,6.3,0.0,9.0,3646.02181898492,12.0,22209.9332855032,62.0,7.0,0.0,0.0,9.0,115.517,0.0,0.0,1219.46685296424,36.0,4679.18267120044,66.0,2758.48101937667,54.0,9176.35063675834,80.0,5.0,0.0,0.0
chr19-15170799-15170800-T-G,mcdb048,Pending,5.523,2.69,8.566,2.86,0.0,891.313,2.9,2.0,1.052,937.627,5.2,0.142,0.0,3968.201,290.27,6886.725,302.8,11702.3948982231,5.245125,18251.3463605824,8.432625,18.6179891304348,0.0122272212818282,31.6431793478261,0.0073552482074184,0.10838967980817,0.0853669613134116,9310.88,11.86,11408.24,14.33,1.735,2872.93,3.2,7233.66,7.5,4129.12,2.9,6539.79,5.2,7171.7,5.8,14468.11,15.0,0.021775,3.7,0.005084,8.7,1.0,8.0,3807.28285666677,3.4,5044.15430351795,5.4,6.0,0.0,0.0,10.0,79.991,0.0,0.0,891.312505693916,6.7,937.626773651844,7.0,2054.28171241354,14.0,2268.0885179316,14.0,1.0,3.0,0.0
chr2-208277663-208277664-G-A,mcdb048,Pending,6.95,20.01,8.715,24.06,0.0,71.642,2.1,2.0,1.641,117.536,3.8,0.089,0.0,5681.965,1774.74,8602.146,2258.67,10376.0155403609,8.500125,11502.0092376073,9.3295,24.5792391304348,0.009409152179994,27.6173913043478,0.0085204110119213,0.0005131234893269,0.0005013695763409,35981.16,63.04,36744.26,70.98,1.514,7323.2,2.1,12141.95,3.8,4040.73,5.1,5500.22,6.7,10548.2,3.5,11008.9,3.7,4.5e-05,24.0,4e-05,25.0,0.0,9.0,2842.77804823565,8.2,6195.39204102335,22.0,3.0,1.0,0.0,2.0,39.29,0.0,0.0,71.6423791879484,3.6,117.535754623432,5.8,117.13050076019,5.7,167.752885824595,8.1,1.0,3.0,3.0
chr2-233682103-233682112-GTCGTAGTCA-G,mcdb048,Pending,2.149,0.29,1.569,3.27,0.0,639.334,0.34,2.0,0.758,484.785,0.39,0.075,0.0,3137.655,114.32,3210.551,851.33,639.333979673034,1.807875,484.785271057964,1.537875,1.27247282608684,0.327286628187056,0.5904076086956,0.613189368998276,0.347912507131696,0.605796745046973,10402.47,2.49,2794.82,0.53,1.023,3104.61,0.75,5703.61,1.6,6940.78,8.5,6195.39,7.6,3170.7,0.76,1921.77,0.42,0.066854,0.34,0.059941,0.39,0.0,9.0,14564.226482042,47.0,29745.3747041878,72.0,2.0,0.0,0.0,0.0,0.757,0.0,0.0,1279.88220252109,37.0,3444.84749301215,59.0,1209.67860622631,36.0,2976.25405418966,56.0,1.0,1.0,0.0
chr2-47130243-47130244-G-A,mcdb048,Reject,0.665,6.5,1.1,4.9,0.0,400.586,0.29,2.0,0.707,283.214,0.2,0.113,0.0,1276.58,171.95,2322.07,250.55,400.586247342093,0.480749999999999,283.214195133734,0.368,1.62741847826076,0.238092913449414,1.51160326086948,0.262651963546401,0.0944491419941186,0.0362659655511379,5439.82,63.86,5444.0,71.17,1.819,2841.24,1.7,4776.45,2.3,1183.39,0.73,2635.42,1.2,1369.77,0.41,2008.72,0.56,0.382097,0.29,0.485906,0.2,1.0,10.0,4883.05317225511,4.0,6829.03790868801,6.8,7.0,0.0,0.0,0.0,0.0,0.0,0.0,704.368620528747,0.6,848.789503007243,0.8,634.658352483917,0.6,958.384982760478,1.0,1.0,3.0,0.0
chr2-9993240-9993241-A-G,mcdb048,Pending,9.849,8.8,8.7,4.3,0.0,5529.04,2.24,2.0,1.0,5529.82,2.323,0.08,0.0,10791.316,660.955,11315.128,442.05,10791.3157725584,2.240375,11315.1283177811,2.32325,9.84945652173911,0.0249187475763426,17.305597826087,0.0131822568540148,0.291016598697752,0.120680215768516,5529.04,98.24,5529.82,98.27,1.049,10791.316,9.849,11315.128,8.7,18462.73,10.0,17638.79,9.2,25702.69,13.0,23186.75,8.7,0.00311,5.1,0.005569,3.6,2.0,10.0,5869.13289643332,4.9,6262.78876057716,5.4,5.0,0.0,0.0,0.0,7.395,0.0,0.0,10791.316,9.849,11315.128,8.7,10791.316,9.849,11315.128,8.7,1.0,3.0,0.0
chr20-53992527-53992528-T-G,mcdb048,Pending,5.4,17.0,6.35,13.0,0.0,1369.462,2.1,2.0,1.368,1873.053,3.9,0.103,0.0,3424.885,617.95,4543.26,554.72,14994.0741243977,6.63625,20816.8039823545,10.537125,9.49423913043476,0.0255640792838188,13.5008967391304,0.0179171277627069,0.388729493133724,0.376140435691923,6874.49,9.14,5098.61,7.2,1.327,3542.05,3.9,3238.45,3.6,3307.72,4.5,4151.52,5.5,2491.73,2.1,4935.0,3.9,0.010021,6.0,0.004741,9.0,0.0,9.0,18082.847674707,50.0,16228.4530678281,47.0,2.0,0.0,0.0,0.0,36.222,0.0,0.0,1369.46204446007,4.1,1873.05271376746,5.3,1671.59090686866,4.8,1663.91064429261,4.8,5.0,3.0,0.0
chr3-41234238-41234239-G-T,mcdb048,Accept,0.978,0.4,21.596,1.7,32.376,214.272,0.2,2.0,68.071,14585.641,17.0,0.053,0.0,1035.481,101.5,15943.346,215.9,214.271821403657,0.442875,14585.6412472377,6.48675,0.856195652173795,0.483752790334794,22.1923097826087,0.0104756103346582,0.23305119946599,0.124654789920896,2044.84,3.71,17301.05,22.53,15.397,1224.79,1.7,22532.34,34.0,784.45,0.79,11986.87,15.0,685.4,0.64,13638.29,14.0,0.107059,1.1,0.000833,21.0,1.0,10.0,846.171342146649,0.2,11355.6268690153,17.0,10.0,0.0,0.0,96.0,259.009,0.125,0.0,2413.34827324475,6.0,25212.737370804,50.0,2246.57023199222,5.4,26032.7471384475,51.0,1.0,3.0,0.0
chr5-141389429-141389430-C-T,mcdb048,Pending,5.07,1.68,1.9,9.24,0.0,18.564,0.19,2.0,2.259,41.944,0.19,0.069,0.0,3717.93,215.01,1099.851,764.2,5195.25403789499,5.339875,337.762736535942,1.224625,11.6303260869565,0.0201275566954295,0.973505434782481,0.4324665512022,0.0285932717379182,0.299549110233784,36690.76,70.43,37369.06,77.81,0.296,725.01,0.19,746.23,0.19,8387.64,12.0,5470.55,6.7,11907.63,4.1,6736.94,2.0,0.001321,4.8,0.017109,1.1,0.0,9.0,2240.60661125835,6.1,1453.47247883281,3.4,1.0,1.0,1.0,0.0,0.998,0.0,0.0,31.2730327748928,1.7,34.5278868662559,1.8,18.5639333284387,0.9,41.9440149982717,2.2,1.0,3.0,1.0
chr5-141394928-141394929-G-A,mcdb048,Pending,3.19,1.8,2.55,2.3,0.0,516.452,0.4,2.0,12.589,6501.746,0.4,0.073,0.0,1412.67,223.84,2119.38,261.02,10368.1162872628,4.764375,6179.45414473467,3.309625,20.2322554347826,0.011982591471517,9.49423913043476,0.0254242737436582,0.0693725391756743,0.143781073391438,1319.78,2.78,690.48,1.8,1.5,1505.56,2.0,2012.94,2.5,3066.45,2.1,2483.17,1.6,2911.79,2.4,2225.82,1.9,0.022422,3.6,0.036426,2.6,1.0,8.0,1290.38154414547,0.4,1133.26246020407,0.4,3.0,0.0,0.0,0.0,0.0,0.0,1.0,516.452043283203,4.2,6501.74601262246,27.0,1006.14367175609,7.4,1287.24140294115,8.8,1.0,3.0,0.0
chr5-149008949-149008950-G-A,mcdb048,Review,0.387,9.08,0.645,19.34,0.0,49.554,0.029,2.0,1.158,57.405,0.056,0.055,0.0,143.92,752.52,548.451,1699.01,49.5540377730706,0.02925,57.4049986315023,0.05575,0.333152173913007,0.765192750087874,0.152717391304364,0.880459203298247,0.183346102014184,0.454189136624336,102.81,0.44,147.18,0.58,3.811,77.22,0.19,393.62,0.71,185.03,0.74,869.37,1.9,61.74,0.07,336.49,0.36,0.690536,0.07,0.597514,0.1,1.0,9.0,2607.06100147072,8.0,5382.47700914843,20.0,1.0,0.0,0.0,0.0,2.514,0.0,0.0,276.407612687678,1.0,708.842910309523,2.3,276.140432041402,1.0,703.282806284945,2.3,1.0,3.0,0.0
chr5-157806066-157806067-T-G,mcdb048,Pending,2.55,8.81,2.7,14.33,0.0,17.445,0.79,2.0,0.92,16.057,0.76,0.083,0.0,2230.6,732.29,2304.084,1193.85,270.006483292623,1.04375,265.472050283321,1.0345,1.54323369565208,0.255491476680734,1.54850543478253,0.254679604951806,0.0126109590055421,0.0067536644637584,37525.75,79.53,37334.78,77.43,1.033,3212.03,0.79,3122.9,0.76,8571.13,12.0,11730.27,16.0,12962.93,4.6,12901.92,4.6,0.004915,2.3,0.00636,1.9,0.0,9.0,1249.16910019277,2.8,1485.26775588534,3.5,5.0,0.0,0.0,28.0,111.659,0.0,0.0,65.9431972429253,3.4,77.834116486677,3.9,17.4449608845017,0.8,16.0572067753904,0.8,1.0,3.0,0.0
chr5-180911569-180911570-A-G,mcdb048,Reject,0.337,6.43,3.016,6.3,0.0,35.741,0.04,2.0,26.062,931.472,0.81,0.097,0.0,205.55,555.98,1563.355,546.31,55.8095133078226,0.148375,584.624771870083,1.718125,0.344510869565198,0.758462605392541,1.7317391304347,0.217329742132681,0.205499459989369,0.16484774579294,36257.49,65.85,35516.42,58.58,7.606,1319.22,0.33,15571.71,5.3,196.38,0.4,595.31,0.99,214.72,0.04,3342.11,0.81,0.206197,0.08,0.031011,0.66,3.0,9.0,216.465202567124,0.2,1728.18540463734,4.3,2.0,0.0,0.0,0.0,0.517,0.0,0.0,35.7412716215954,1.9,931.472419180958,30.0,106.333473300152,5.3,1398.52424577611,38.0,1.0,3.0,0.0
chr5-58975663-58975664-T-G,mcdb048,Review,0.253,2.03,5.9,1.97,0.0,114.464,0.16,2.0,120.166,13754.623,4.289,0.11,0.0,411.661,241.6,6414.455,237.68,114.46383616134,0.160125,13754.6233851277,4.289375,0.205380434782597,0.846357912289292,15.1609510869565,0.0154178100810089,0.561558946967125,0.219195871148258,5459.46,86.59,5468.55,90.96,15.582,286.17,0.36,2436.01,1.5,120.68,0.19,19295.7,9.8,392.26,0.19,2910.47,0.75,0.496798,0.19,0.111449,0.87,2.0,10.0,2054.82032600981,1.0,25289.1885284499,32.0,2.0,0.0,0.0,2.0,82.151,0.0,0.0,626.325364758223,0.6,7224.37032436357,6.8,431.062258477914,0.3,5604.54034711307,5.0,1.0,3.0,0.0
chr5-90635240-90635241-G-T,mcdb048,Pending,1.85,0.09,1.59,0.17,0.0,188.339,0.205,2.0,0.979,184.305,0.345,0.054,0.0,1684.248,55.89,1618.686,80.54,188.339304982415,0.393875,184.304883415641,0.38325,0.205380434782597,0.846491273812726,0.344510869565198,0.758127304611771,0.698565371334553,0.532959170639515,234.47,0.83,570.29,1.58,0.961,2103.13,2.6,3077.79,3.4,3848.7,5.1,4727.1,6.0,1600.22,1.5,1793.43,1.6,0.182667,0.64,0.164994,0.71,0.0,9.0,1158.05301827804,2.2,912.748447087475,1.5,3.0,0.0,0.0,0.0,15.997,0.0,0.0,1768.27578628903,5.1,1443.94283478388,4.2,2178.36173699418,5.9,2133.6835059833,5.8,1.0,3.0,0.0
chr6-100448518-100448519-G-A,mcdb048,Reject,0.535,0.25,0.143,1.15,0.0,39.06,0.1,2.0,0.44,17.18,0.06,0.138,0.0,146.327,82.57,51.925,172.19,228.927094891519,0.4695,76.2898927880739,0.1155,1.42888586956512,0.282606313631678,0.516521739130397,0.654681992942821,0.006294300990703,0.148705584695563,61.83,0.27,13.17,0.04,0.355,39.06,0.1,17.18,0.06,81.75,0.35,27.56,0.1,89.16,0.1,17.89,0.03,0.092575,1.3,0.476527,0.17,2.0,9.0,554.87924755187,0.6,268.761769787247,0.2,6.0,6.0,1.0,0.0,13.811,0.0,0.0,203.493246262245,0.8,94.9620321988823,0.4,255.346553259196,0.9,106.446160228436,0.4,1.0,3.0,1.0
chr6-138289914-138289915-C-G,mcdb048,Reject,1.85,5.48,16.0,4.0,0.0,114.3,0.086,2.0,134.944,15424.177,6.874,0.078,0.0,1204.623,487.71,14674.955,383.9,114.300178962013,0.2195,15424.176736868,6.874125,0.0861141304347796,0.923800494932964,16.1575543478261,0.0149831409856159,0.784115761518478,0.242439874447882,5768.21,7.94,10934.62,13.76,12.182,1320.24,1.8,16610.03,22.0,2781.92,1.9,14175.55,16.0,696.37,0.65,15174.36,16.0,0.521631,0.14,0.017428,4.3,1.0,8.0,5997.52246638931,7.2,6903.32775987199,8.7,5.0,0.0,0.0,6.0,57.14,0.0,0.0,1089.00531655753,7.9,29378.5258461941,54.0,1031.9531950223,7.5,5160.12235990981,24.0,1.0,3.0,0.0
chr6-157181007-157181007-G-GA,mcdb048,Pending,20.5,67.0,1.74,69.05,0.0,13431.67,5.6,2.0,0.1,1336.996,0.08,0.162,0.0,15352.985,9688.72,1264.423,11432.405,21309.3306359213,10.967375,516.101327352337,0.849125,24.5792391304348,0.0097470669132946,1.04182065217378,0.405976440813126,0.208153137238696,0.385183405131102,19984.97,27.21,677.11,1.78,0.082,15371.34,20.0,1191.85,1.7,14329.76,20.0,1384.4,2.5,15334.63,17.0,907.46,0.8,0.011438,5.6,0.64041,0.08,0.0,9.0,32787.6412207602,67.0,4676.22687348547,17.0,6.0,0.0,0.0,4.0,60.426,0.0,0.0,13444.6654519262,21.0,1480.982749893,4.3,13431.6695927691,21.0,1336.99566767182,4.0,1.0,0.0,0.0
chr6-27310401-27310402-G-A,mcdb048,Pending,2.178,0.93,2.3,4.08,0.0,500.62,0.56,2.0,1.748,874.9,0.55,0.076,0.0,2863.433,275.51,2538.805,1068.72,3147.86169825018,2.256375,1721.4859629805,1.63825,6.47915760869564,0.0385857734470141,3.5994836956521,0.0758175503000974,0.080355474492535,0.116729438304901,1021.31,2.33,2243.52,3.96,0.887,500.62,0.85,874.9,1.4,3202.08,2.1,3361.84,2.3,1901.58,1.7,2834.09,2.3,0.211543,0.56,0.214819,0.55,0.0,8.0,2579.00523176605,1.7,2032.70746949495,1.1,6.0,0.0,0.0,2.0,0.373,0.0,0.0,3236.16010759613,18.0,3775.9827358922,20.0,6104.63918439991,26.0,5816.47679764471,25.0,6.0,3.0,0.0
chr8-73956042-73956043-T-C,mcdb048,Reject,8.777,20.55,15.0,58.52,3.386,2023.1,1.1,2.0,1.657,3352.667,1.8,0.054,0.0,12593.985,1833.21,20170.468,10640.12,2023.09971638126,1.25425,3352.66736673772,1.657625,5.55494565217388,0.0459576619078191,8.54532608695651,0.0285595390432919,0.0105745929467957,0.0096853347204159,5433.74,50.68,5451.88,80.8,1.602,5825.42,2.6,20623.13,13.0,19505.61,12.0,23067.13,21.0,14664.8,4.4,23264.65,12.0,0.089374,1.1,0.038716,1.8,0.0,8.0,11986.8746485331,15.0,19717.8057553109,27.0,6.0,0.0,0.0,20.0,33.858,0.1,0.0,33184.8607806047,38.0,32880.6201482423,38.0,13201.0963248991,18.0,12549.0254479674,17.0,1.0,3.0,0.0
chr9-130391006-130391006-C-CG,mcdb048,Pending,3.06,4.85,1.7442220985916583,12.97,0.0,2054.82,0.63,2.0,-31.7894435399839,1529.3507406340148,-0.7733552436372149,0.106,0.0,5468.9,1292.19,4538.97431594979,4178.7,3273.07126500305,0.993749999999999,2369.092349478002,-0.37823865923288524,3.05951086956514,0.0932722315091213,2.434371285857289,0.10017889450147988,0.357080760877579,0.3015080280137796,5468.9,91.09,5064.1945240456025,75.25734440733687,4.304196638583712,5468.9,3.06,5131.098529901225,0.3427369662328652,14071.33,6.4,13204.109096837437,7.434481282520467,13850.35,3.1,13435.37318228976,2.6111100172130746,0.09157,0.63,0.09329566948976475,1.7540647229254773,0.0,9.0,2054.82032600981,3.0,1237.173315893519,3.3820934265133573,1.0,0.0,0.0,0.0,1.772,0.0,0.0,5468.9,3.06,5016.630367553933,0.9617995087057383,5468.9,3.06,3663.274187169579,1.3304030887085325,5.0,0.0,0.0
chr9-132897243-132897244-T-A,mcdb048,Accept,0.225,4.26,1.26,11.55,28.821,19.394,0.049,2.0,3.09,59.934,0.156,0.15,0.0,184.95,401.94,1003.295,951.32,41.7446463045133,0.0485,57.1820037233363,0.155875,0.140054347826123,0.888828987660748,0.469836956521675,0.680801171535611,0.389922082424164,0.102842340711504,25546.33,14.48,28322.47,20.4,5.425,219.25,0.07,1377.51,0.33,150.65,0.28,810.33,1.6,753.16,0.17,3799.26,0.92,0.175269,0.1,0.032696,0.64,1.0,9.0,819.146165623611,1.3,1196.25937088688,2.6,6.0,0.0,0.0,6.0,43.21,0.667,0.0,31.3451245608569,1.7,100.500911352278,5.0,19.3941164964868,0.9,59.9335496267297,3.1,1.0,3.0,0.0
chr9-5732394-5732395-A-C,mcdb048,Pending,3.922,0.32,1.917,2.82,0.0,379.463,0.23,2.0,0.684,259.52,1.04,0.062,0.0,2511.447,92.85,1975.465,299.79,5328.30408096422,5.44325,3973.06818861456,4.614125,6.18413043478256,0.0406526389251738,2.33451086956514,0.139489123271099,0.240204002242535,0.538825960829854,1256.17,0.23,5106.94,1.04,0.787,5014.39,1.4,1726.82,0.42,1493.32,2.4,788.71,1.5,3548.34,0.87,2224.11,0.5,0.0065,1.9,0.013715,1.3,0.0,9.0,3529.57450109899,12.0,9047.58649483518,32.0,7.0,0.0,0.0,6.0,29.12,0.0,0.0,379.463492892807,17.0,259.519502507485,13.0,717.249080234215,25.0,545.34332281325,21.0,1.0,3.0,0.0
chrX-105946369-105946369-G-GA,mcdb048,Review,2.2,4.55,4.879262405604014,10.4038751104257,0.0,260.13,0.49,2.0,124.45870877433643,2031.1658263040567,4.758189803694984,0.208,0.0,1485.749,422.33,3731.2015541204523,680.4940681729463,20609.1906869619,10.336125,20509.413432595782,11.793452712978556,46.2246739130435,0.0053274311676287,48.96956507109568,0.0002533749162409449,0.026983582531102,0.0769261569535418,537.71,1.52,2211.6959842435103,2.5414650691449236,7.928290566545383,260.13,0.49,2658.0985128393604,2.30269356806224,1602.13,1.7,2603.354600476916,3.490119402848741,1250.09,1.2,3223.391431266474,1.0143650684166357,0.171031,0.69,0.15112043130975455,2.804116701179254,2.0,10.0,3454.01654281483,3.0,5076.53368113907,6.284147139046782,3.0,0.0,0.0,2.0,16.202,0.0,0.0,1650.51699301861,3.6,4020.6311718738016,5.9181932203188845,1369.36744864066,2.7,3892.94531724658,6.992751328574096,1.0,0.0,0.0
chrX-107639355-107639356-G-A,mcdb048,Pending,1.14,4.15,2.2,5.87,0.0,85.736,0.145,2.0,6.195,531.144,1.208,0.094,0.0,1546.105,393.72,3069.11,515.0,85.7359444327549,0.33,531.143776817644,1.628375,0.144782608695664,0.885274870561346,1.20777173913032,0.347174680055248,0.577481009066105,0.322169581893831,7944.44,1.73,23462.6,11.34,1.985,2301.24,0.55,4660.97,1.3,1276.5,2.2,1477.25,2.4,1815.71,0.4,6712.27,2.0,0.081722,0.28,0.013589,1.3,0.0,9.0,4335.13656730463,15.0,8297.38006551636,29.0,1.0,0.0,0.0,4.0,43.08,0.0,0.0,495.64416752541,20.0,185.853181542466,8.8,434.180185645419,18.0,165.832634419536,8.0,1.0,3.0,0.0
chrX-16852102-16852102-A-AT,mcdb048,Pending,2.85,18.0,18.5,18.0,0.0,223.188,0.5,2.0,1.175,262.223,0.4,0.155,0.0,3753.667,1563.16,9075.226,1497.62,330.914058132439,1.2055,9087.28160382574,7.702875,1.4729891304347,0.271873566731024,22.1923097826087,0.0109689738993995,0.0923093681994942,0.0079017144616955,37086.4,74.72,36591.81,69.37,2.418,6721.79,1.9,9063.17,2.7,13000.15,18.0,20478.82,28.0,11067.3,3.7,25531.96,18.0,0.005857,2.0,8.5e-05,19.0,0.0,9.0,379.957072084836,0.5,337.322928728272,0.4,9.0,0.0,0.0,15.0,89.906,0.0,0.0,785.543066994076,27.0,774.765012056081,27.0,223.187568073907,11.0,262.222528022933,13.0,3.0,0.0,0.0
chr1-157542894-157542895-C-T,JLF-100-042,Reject,2.1,3.07,1.95,0.76,0.0,201.312,0.789,2.0,1.086,218.711,0.827,0.235,0.0,518.865,139.47,435.445,28.83,201.312115051002,0.789125,218.711034592425,0.827125,0.915244565217264,0.458209088883294,1.1200271739129,0.376931189013453,0.186940826009959,0.115004630759358,592.22,2.34,510.09,2.22,0.839,445.51,2.0,360.8,1.8,663.33,2.8,540.07,2.6,863.6,1.9,867.4,1.9,0.151843,1.1,0.113794,1.3,2.0,9.0,2010.83257949086,7.2,1824.25347836465,6.4,8.0,0.0,0.0,0.0,0.016,0.0,0.0,345.382238549824,2.2,283.334852778437,2.0,381.092147397493,2.3,309.050890993262,2.0,1.0,3.0,0.0
chr1-158256276-158256277-G-A,JLF-100-042,Reject,2.58,1.41,2.91,5.01,0.0,185.067,0.756,2.0,2.411,446.237,1.17,0.389,0.0,883.78,113.38,1160.365,297.42,185.067427257033,0.756,446.236684284054,1.16975,1.26271739130424,0.330040608534621,2.042934783,0.170445753719292,0.011092849,0.00556631,678.56,2.46,875.1,2.72,1.313,1649.61,4.2,1461.18,3.9,1619.56,3.8,1445.63,3.7,1089.0,2.1,2238.43,3.2,0.21616,0.84,0.081636,1.6,1.0,9.0,2416.89844963521,8.9,2240.60661125835,8.1,6.0,0.0,0.0,0.0,0.0,0.0,0.0,517.964505605035,2.7,522.7571722,2.7,619.483866028277,3.1,626.657151119697,3.1,1.0,3.0,0.0
chr1-207325651-207325652-G-A,JLF-100-042,Pending,10.1,9.58,24.0,14.45,0.0,222.82,2.3,2.0,1.104,245.99,4.9,0.2,0.0,7124.3,554.87,18519.225,877.71,10680.6298295714,4.822875,21575.5609976853,12.189125,20.23225543,0.011485565,17.305597826087,0.01316839,0.065409693,0.297571681,222.82,26.44,245.99,28.19,2.599,11360.66,2.3,16998.02,4.9,12449.51,11.0,20040.43,21.0,33030.12,20.0,38783.56,35.0,0.000777,9.2,0.000183,17.0,0.0,9.0,3567.97106119069,18.0,30068.9604698158,71.0,3.0,0.0,0.0,33.0,14.983,0.0,0.0,241.635088704624,3.1,1622.40770435607,27.0,387.275479205871,5.4,10965.2869199287,91.0,1.0,3.0,0.0
chr1-216292249-216292250-A-G,JLF-100-042,Pending,4.3,11.12,0.495,10.08,0.0,83.464,0.9,2.0,0.093,7.771,0.2,0.315,0.0,2403.402,1016.7,85.1,861.51,14052.6475379125,6.05987499999999,528.6557811,1.259625,22.1923097826087,0.010016211,0.780815217391179,0.518548858543286,0.101628695,0.520339355804026,1957.05,3.71,30.26,0.41,0.035,9295.66,12.0,93.17,0.58,2054.82,3.8,77.03,0.27,4974.24,4.8,66.13,0.32,0.016337,3.5,0.54865,0.25,2.0,11.0,2751.98487817332,3.8,681.520482356048,0.6,1.0,0.0,0.0,0.0,0.103,0.0,0.0,920.66153750197,8.0,218.826543268068,2.4,83.4641548277322,0.9,7.77141318793679,0.2,1.0,3.0,0.0
chr1-218346722-218346723-G-T,JLF-100-042,Accept,5.6,0.87,4.5,0.93,5.733,83.025,0.199,2.0,1.535,127.412,0.374,0.061,0.0,361.66,83.5,199.002,87.15,89.4246057672902,0.59225,88.0854976599902,0.58325,0.199375000000003,0.85019583765723,0.373586957,0.739861375840763,0.502214055508375,0.302802065387368,487.05,28.45,123.95,14.07,0.55,7326.44,3.6,5130.79,2.6,1183.39,7.6,888.39,6.4,236.27,0.42,258.55,0.44,0.066395,0.73,0.061378,0.78,7.0,9.0,7609.379141,23.0,13356.5921199808,43.0,3.0,0.0,0.0,167.0,119.446,0.048,0.0,83.0252132966708,94.0,127.411902325605,99.0,140.097375645076,100.0,139.45368667384,100.0,1.0,3.0,0.0
chr1-247814933-247814934-T-G,JLF-100-042,Reject,6.55,5.73,6.3,5.46,0.0,36.158,0.61,2.0,1.05,37.95,0.45,0.294,0.0,828.86,129.395,721.059,126.07,467.990171909345,2.32975,539.187297267437,2.499375,2.08619565217384,0.165878864614587,2.25141304347819,0.147847567709318,0.009405867,0.009715662,8659.05,83.16,5498.89,72.51,0.87,678.47,0.61,405.18,0.45,979.25,6.7,902.93,6.4,8978.55,6.4,8587.28,6.2,0.013169,2.2,0.012403,2.3,4.0,9.0,5324.55372491221,15.0,5932.98039812903,17.0,8.0,0.0,0.0,0.0,0.069,0.0,0.0,36.1584662059771,56.0,37.9498444381641,59.0,73.1863351257658,90.0,75.5840223470106,91.0,6.0,3.0,0.0
chr1-248522483-248522484-A-G,JLF-100-042,Reject,0.95,1.64,1.549,3.02,0.0,3.85,0.1,2.0,2.652,10.21,0.18,0.328,0.0,46.385,63.06,98.67,136.78,169.205140525974,1.212125,285.173634731964,1.760375,1.17062499999987,0.358678472616803,1.59771739130426,0.244084001585967,0.022357395,0.010407559,3.85,0.12,10.21,1.35,2.127,47.19,0.1,106.25,0.18,45.58,0.73,91.09,1.5,127.22,0.26,341.41,0.53,0.070389,0.71,0.028026,1.4,4.0,9.0,8853.9038957751,28.0,11112.5358162574,35.0,8.0,0.0,0.0,0.0,0.0,0.0,1.0,16.56570792831,20.0,21.2916834127791,27.0,10.3140682290291,12.0,12.6598919771548,14.0,6.0,3.0,0.0
chr10-68886372-68886373-C-A,JLF-100-042,Review,0.285,1.1,0.135,1.6,0.0,21.49,0.13,2.0,0.642,13.79,0.07,0.134,0.0,48.218,18.6,28.51,26.3,49.4960650223325,0.219125,35.4392616774039,0.10075,0.164103260869567,0.873162876318761,0.08611413,0.92326499714478,0.39439505059272,0.460485686082393,46.94,0.61,20.41,0.25,0.591,30.7,0.17,21.58,0.11,21.49,0.22,13.79,0.07,27.51,0.13,16.22,0.07,0.453622,0.35,0.676241,0.16,3.0,10.0,638.682611773156,0.6,520.001579145507,0.4,7.0,0.0,0.0,8.0,6.328,0.0,0.0,96.3496186354943,1.0,73.2571468217317,0.9,93.2889059721573,1.0,67.5818381622853,0.8,1.0,3.0,0.0
chr10-87961112-87961113-T-G,JLF-100-042,Accept,1.25,7.5,5.45,12.0,53.594,73.592,0.71,2.0,6.237,459.018,4.2,0.637,0.0,196.86,124.88,2983.695,138.78,850.899823769762,1.547875,14485.9293989399,6.24287499999999,2.45013586956512,0.129603784,31.6431793478261,0.007884324,0.091758713,0.041714981,125.34,1.17,428.59,2.06,15.156,198.68,1.2,2587.31,5.3,215.3,1.9,3380.08,5.6,195.04,0.71,3884.3,4.2,0.047675,2.1,0.000962,9.7,5.0,10.0,1209.27290688257,1.3,6469.40997042221,9.8,2.0,0.0,0.0,131.0,108.053,0.496,0.0,86.268053700362,1.0,529.480536207982,3.5,73.5918973377022,0.9,459.018299787708,3.3,1.0,3.0,0.0
chr11-111910307-111910307-C-CA,JLF-100-042,Review,0.195,1.5,9.222561057307649,6.20442168599031,0.0,4.39,0.02,2.0,294.1945062330343,2784.566146532364,6.100374025306654,0.089,0.0,30.033,57.16,4869.984886588416,430.0663906119004,40.5750557508661,0.058125,4509.2229551068485,10.068824979928813,0.199375000000003,0.850194896883704,24.850428776145282,0.6693449144315975,0.285259897937067,0.15681910028292392,4.39,0.19,2798.9080982818928,10.99159288696498,16.39964790349336,17.69,0.03,6709.901163098193,2.6443223955897164,19.49,0.27,6389.7979496778225,10.140455479135406,5.17,0.02,6152.0798250818625,6.5330374638978,0.706328,0.02,0.5709198207496672,7.247867037937739,17.0,9.0,7860.42690668662,24.0,11652.185666644116,38.118669728895,1.0,0.0,0.0,9.0,1650.281,0.0,0.0,44.3823199597318,68.0,3576.5320351417176,66.13417861053782,44.9189917974526,69.0,4691.11356919707,73.82546154183271,2.0,0.0,0.0
chr11-59862688-59862689-A-T,JLF-100-042,Accept,1.379,0.7,3.4,0.94,0.434,71.41,0.7,2.0,6.225,444.5,3.4,0.287,0.0,741.39,74.34,2987.81,87.9,194.500635409089,1.35775,209.545500269771,1.43325,0.997065217391153,0.424211641314488,1.19195652173902,0.352326097178183,0.138500495348126,0.073225504,97.17,12.09,1547.95,46.2,4.03,17763.08,9.8,22770.07,15.0,71.41,0.7,444.5,3.4,1288.28,1.4,4427.67,3.4,0.041307,1.1,0.013964,2.2,2.0,8.0,10527.3321026536,7.3,14407.4942138379,14.0,4.0,0.0,0.0,4.0,0.434,1.0,0.0,741.39,1.379,2987.81,3.4,741.39,1.379,2987.81,3.4,1.0,3.0,0.0
chr12-100622291-100622292-G-C,JLF-100-042,Accept,21.43,2.86,9.901,9.17,10.907,820.087,2.2,2.0,0.962,788.606,2.1,0.248,0.0,13215.775,187.17,9500.335,529.66,22156.249135311,12.02075,14407.5343068167,6.801375,62.7446739130435,0.004768728,31.6431793478261,0.008000648,0.01538365,0.044397821,9365.17,30.84,7827.85,22.26,0.719,17066.38,6.3,14364.38,4.4,18679.43,36.0,11172.82,15.0,30128.55,36.0,19938.78,15.0,0.000191,32.0,0.00165,13.0,1.0,9.0,3066.44897989438,9.5,2054.82032600981,5.0,8.0,0.0,0.0,30.0,19.237,0.567,0.0,836.816047489671,2.3,808.4068782,2.2,820.087136856378,2.2,788.605860145598,2.1,1.0,3.0,0.0
chr12-52613727-52613728-C-T,JLF-100-042,Reject,0.405,4.66,0.44,13.31,0.0,30.58,0.044,2.0,0.799,24.44,0.066,0.251,0.0,64.03,279.76,80.05,796.15,36.95856268,0.115125,39.3041658792198,0.1315,0.044076087,0.95255358,0.065788043,0.937889577,0.616715558,0.553106677,30.58,0.41,24.44,0.32,1.25,64.81,0.4,83.06,0.52,51.34,0.71,57.51,0.74,63.25,0.3,77.04,0.36,0.843373,0.05,0.760709,0.1,3.0,9.0,1249.16910019277,4.1,1437.8310001274,4.9,8.0,0.0,0.0,0.0,0.02,0.0,1.0,107.225974025909,0.9,122.264394104082,1.1,124.746968341964,1.2,148.946396268286,1.3,1.0,3.0,0.0
chr12-56248192-56248193-G-A,JLF-100-042,Accept,3.05,6.7,6.9,12.0,4.714,112.41,0.081,2.0,1.314,147.671,0.104,0.079,0.0,491.3,55.62,1624.31,172.89,112.410378706487,0.81425,147.670998154082,1.079625,0.080842391,0.927790783636657,0.103940217391326,0.911579929316389,0.795959062874317,0.808637104928493,2354.92,54.16,1645.16,47.28,3.306,1916.47,1.3,7836.14,3.9,573.19,4.8,1834.15,9.9,409.41,0.58,1603.46,1.6,0.052583,0.87,0.045217,1.1,2.0,9.0,15373.8370595319,49.0,23957.419858762,68.0,1.0,0.0,0.0,210.0,82.697,0.057,0.0,179.147189809599,100.0,177.096508885373,100.0,172.754751030629,100.0,193.388212852622,100.0,1.0,3.0,0.0
chr12-6592458-6592459-T-G,JLF-100-042,Accept,0.055,0.88,1.4,5.3,45.447,8.76,0.002,2.0,47.909,419.68,0.043,0.31,0.0,16.906,16.09,290.424,72.79,22.8359120370584,0.00725,104.934645907847,0.52125,0.001684783,0.988076346659401,0.042717391,0.953305626325117,0.885224662721157,0.907946541905403,22.31,0.28,679.37,2.47,17.179,10.18,0.03,342.05,1.7,12.78,0.08,220.01,2.0,8.76,0.02,419.68,1.3,0.972273,0.01,0.331023,0.54,6.0,9.0,205.06580260092,0.4,461.653351148899,1.2,1.0,0.0,0.0,431.0,160.589,0.283,0.0,15.146071407034,0.2,190.677741831642,1.5,18.665086202293,0.3,238.797623277022,1.7,1.0,3.0,0.0
chr13-46227589-46227590-G-A,JLF-100-042,Review,1.13,29.87,2.95,31.0,0.0,39.637,0.058,2.0,1.965,77.894,0.098,0.253,0.0,243.17,499.34,943.197,773.875,39.6367187358214,0.134875,77.8937922,0.401375,0.058288043,0.94249510408435,0.097880435,0.915700124813525,0.578579541295767,0.647792603820562,1509.51,3.36,4507.05,5.41,3.879,172.99,0.96,1514.56,4.0,129.48,1.6,893.21,3.1,89.98,0.43,230.73,0.79,0.687687,0.15,0.461929,0.34,1.0,9.0,476.884165661415,1.3,883.596918697149,2.8,3.0,0.0,0.0,3.0,2.968,0.0,0.0,342.215755153739,2.1,1092.19453718505,4.2,313.350217150135,2.1,993.18465281668,4.0,5.0,3.0,0.0
chr14-23566595-23566596-C-T,JLF-100-042,Accept,0.26,1.21,0.306,5.29,7.658,65.593,0.15,2.0,1.093,71.674,0.23,0.258,0.0,392.065,102.63,545.917,312.1,65.593155804799,0.161625,71.67360077595,0.181125,0.409565217391304,0.717224135910071,0.341277173912999,0.760539667951416,0.189492246136069,0.277396958321333,253.12,28.69,125.3,17.04,1.392,12095.13,2.6,17957.68,5.4,369.82,0.15,614.95,0.23,581.03,0.2,855.84,0.25,0.432597,0.22,0.357343,0.27,4.0,10.0,414.310836296246,0.3,476.884165661415,0.4,7.0,0.0,0.0,57.0,33.588,0.228,0.0,392.065,0.26,545.917,0.306,392.065,0.26,545.917,0.306,1.0,3.0,0.0
chr14-31112499-31112500-T-A,JLF-100-042,Reject,0.875,28.0,1.45,36.0,21.401,187.52,0.454,2.0,2.001,375.24,0.512,0.331,0.0,1115.868,326.19,1786.998,507.315,197.266699209647,0.45425,234.843004157043,0.511625,0.812717391304218,0.503859752863326,1.02394021739116,0.412675621644219,0.233088231645525,0.176846935879439,187.52,23.48,375.24,36.07,1.601,21519.67,7.9,22607.07,8.9,1700.36,0.87,3000.81,1.7,6114.88,1.3,9472.83,2.0,0.071582,0.88,0.044427,1.2,1.0,8.0,531.376816391114,0.5,573.185760166311,0.6,6.0,5.0,0.0,149.0,77.823,0.275,0.0,1115.868,0.875,1786.998,1.45,1115.868,0.875,1786.998,1.45,2.0,3.0,1.0
chr14-99659557-99659558-G-A,JLF-100-042,Review,1.779,6.4,1.4,8.1,0.0,13.503,0.11,2.0,1.086,14.67,0.07,0.133,0.0,115.91,138.535,132.741,167.55,193.670188282718,1.35775,136.001723776533,1.00075,0.496684783,0.666225436559968,0.173423913043464,0.866922965,0.419019846245646,0.656291231513023,35.53,5.79,138.38,14.98,1.145,54.62,0.11,35.34,0.07,177.2,2.2,129.48,1.8,454.33,0.62,334.3,0.52,0.118287,0.48,0.189791,0.31,4.0,9.0,3567.97106119069,6.5,3685.68515399165,6.8,5.0,0.0,0.0,4.0,4.155,0.0,0.0,17.5877385093385,22.0,17.9974095666724,22.0,13.5029916780274,15.0,14.669996154497,17.0,1.0,3.0,0.0
chr15-33539441-33539442-G-A,JLF-100-042,Accept,2.55,1.01,3.3,1.11,95.747,118.582,0.613,2.0,0.785,93.115,1.287,0.279,0.0,405.665,37.55,1004.932,41.37,311.273542243722,0.613125,1282.63323187041,1.287375,1.32733695652166,0.310355852335553,2.587527174,0.119819144986776,0.12827401375398,0.179076810367405,397.02,37.15,698.99,48.28,2.477,21683.52,8.0,16599.61,4.7,16404.99,16.0,13141.57,12.0,14388.02,3.3,22358.22,6.8,0.018877,2.0,0.005214,3.8,5.0,9.0,414.310836296246,1.4,727.231584685427,2.8,9.0,0.0,0.0,367.0,206.797,0.463,0.0,238.319730998048,3.1,189.304091223645,1.9,118.582335609341,0.9,93.1150755557454,0.6,1.0,3.0,0.0
chr15-40369907-40369908-G-A,JLF-100-042,Review,0.928,7.94,0.799,4.84,1.183,54.62,0.48,2.0,1.152,62.92,0.22,0.282,0.0,231.332,580.93,145.455,270.23,164.265787393284,0.702375,101.359034085199,0.504875,1.15317934782594,0.365346696064236,0.827119565217274,0.49652043696669,0.022384269,0.041978807,54.62,0.69,62.92,0.77,0.629,671.49,2.5,189.55,1.2,394.62,1.6,487.32,1.8,192.58,0.7,64.6,0.31,0.363122,0.48,0.587303,0.22,1.0,11.0,2873.70327679293,4.0,2635.42197653288,3.7,5.0,0.0,0.0,11.0,2.601,0.455,1.0,68.24958265,0.7,68.24958265,0.7,270.084710832466,2.8,266.379009676699,2.8,1.0,3.0,0.0
chr17-32342041-32342042-G-T,JLF-100-042,Reject,7.125,37.93,7.52,63.77,3.808,1393.317,1.4,2.0,2.193,3055.273,3.0,0.077,0.0,4897.379,3506.74,6877.747,9919.77,3463.83901043455,3.185,2452.62097207156,2.62525,9.155353261,0.02696417,6.47915760869564,0.038148264,0.001930891,0.008488329,2266.5,5.75,2710.99,7.84,1.404,6471.65,1.4,11763.06,3.0,11604.04,14.0,16493.98,24.0,21365.16,8.6,19680.3,7.2,0.019364,2.9,0.02878,2.2,1.0,9.0,6330.91865694631,12.0,8208.08818314808,17.0,7.0,0.0,0.0,208.0,61.426,0.062,0.0,1393.31720528296,4.8,3055.27284425318,12.0,2377.33289659667,8.5,5547.40661428934,21.0,1.0,3.0,0.0
chr17-3292214-3292215-T-C,JLF-100-042,Reject,0.132,1.8,0.015,1.4,0.0,12.85,0.04,2.0,0.301,3.87,0.01,0.363,0.0,26.235,21.25,11.384,19.4,38.3579418602353,0.042,27.8176456542975,0.001625,0.144782608695664,0.885149956435605,0.003125,0.985162456872391,0.356319229,0.876771934330463,63.1,9.05,41.33,6.55,0.434,34.97,0.07,8.03,0.02,12.85,0.12,3.87,0.01,17.5,0.04,2.3,0.01,0.372365,0.11,0.938577,0.01,3.0,9.0,2122.61272297631,2.2,1006.1015840455,0.5,3.0,3.0,1.0,1.0,0.619,0.0,0.0,17.4264931534732,22.0,12.91843784463,15.0,16.5741017236164,20.0,9.84985869044205,9.6,6.0,3.0,1.0
chr18-45669420-45669421-C-A,JLF-100-042,Reject,0.751,2.16,1.201,0.52,0.0,17.49,0.03,2.0,3.528,61.71,0.12,0.32,0.0,58.705,87.55,116.083,20.75,108.662087758733,0.771875,151.030429731337,1.1015,0.135353260869579,0.891451865511839,0.439701086956504,0.698836481350127,0.660146437585354,0.393314043059945,461.99,27.77,2998.9,59.09,1.977,17.49,0.03,61.71,0.12,45.58,0.73,79.57,1.3,71.83,0.16,299.11,0.48,0.2267,0.26,0.095765,0.58,6.0,9.0,9146.0108795381,29.0,14722.6637659505,47.0,3.0,0.0,0.0,1.0,1.667,0.0,0.0,42.4824935357661,66.0,81.13532871,93.0,33.2989086483635,50.0,50.9835415192047,74.0,1.0,3.0,0.0
chr19-35806822-35806823-C-T,JLF-100-042,Reject,0.835,4.9,0.536,2.5,0.0,24.616,0.03,2.0,1.349,33.205,0.01,0.291,0.0,46.808,46.51,41.78,37.225,49.76513949,0.1525,51.42266074,0.171375,0.082228261,0.925948210332628,0.271195652173887,0.804792611,0.564570143818855,0.259972503874451,43.85,6.88,33.86,5.55,0.893,270.33,0.37,173.42,0.27,73.76,1.3,49.7,0.8,36.3,0.09,15.81,0.04,0.670061,0.03,0.785134,0.01,6.0,9.0,5805.97248675531,16.0,3416.84629914709,5.9,3.0,0.0,0.0,0.0,0.0,0.0,0.0,24.6155758503923,33.0,33.2054981557987,50.0,35.9277483399824,56.0,28.1468630473867,40.0,1.0,3.0,0.0
chr19-3819225-3819226-G-A,JLF-100-042,Review,10.75,4.43,13.0,4.88,0.76,7.713,2.1,2.0,1.384,10.671,9.5,0.238,0.0,4233.485,236.68,7583.973,273.86,681.984992992295,2.801875,2514.73230480433,5.0675,2.35676630434774,0.137794671,6.631304348,0.037236516,0.050999939,0.008249467,1011.62,39.03,87.08,11.27,1.791,28599.45,22.0,40560.31,51.0,16140.9,39.0,21384.59,48.0,7455.35,5.3,23204.57,22.0,0.014963,2.1,0.000704,9.5,0.0,9.0,8297.38006551636,26.0,12653.2128518332,41.0,9.0,0.0,0.0,4.0,1.521,0.5,0.0,7.71276324078418,5.5,10.6711199089184,12.0,13.7857373522744,16.0,12.0345540006541,14.0,5.0,3.0,0.0
chr19-55809018-55809019-G-A,JLF-100-042,Reject,0.409,20.0,0.716,17.0,0.0,7.83,0.02,2.0,2.165,16.95,0.04,0.246,0.0,45.528,324.55,56.78,252.945,45.2864092555708,0.108375,40.2151248994215,0.058125,0.05701087,0.943920792827274,0.131711956521755,0.893405924354176,0.622684866189957,0.393008233979344,45.77,7.12,35.98,5.86,1.247,29.44,0.06,56.75,0.11,43.65,0.71,73.37,1.3,7.83,0.02,16.95,0.04,0.670999,0.03,0.631414,0.03,4.0,9.0,4429.96936959386,9.5,5099.02725598475,14.0,8.0,0.0,0.0,0.0,0.044,0.0,0.0,78.9241657541505,92.0,65.9492711155515,85.0,64.4807380821428,84.0,56.8106816179968,79.0,1.0,3.0,0.0
chr2-102684276-102684277-C-T,JLF-100-042,Review,0.92,0.35,1.0,0.99,0.193,60.29,0.47,2.0,0.491,29.63,0.49,0.274,0.0,104.654,15.67,120.349,36.99,105.017128075097,0.52125,109.6842881,0.538,0.594076087,0.610819244,0.495108695652163,0.666835239563056,0.18304613023065,0.263706184923649,60.29,0.74,29.63,0.4,1.15,142.25,0.84,132.93,0.8,147.43,1.5,159.89,1.6,104.29,0.47,108.09,0.49,0.039756,2.3,0.069323,1.7,8.0,10.0,2469.76904535209,3.5,2904.96492618402,4.2,9.0,0.0,0.0,3.0,0.289,0.667,0.0,104.195748787032,1.1,122.984392440518,1.3,89.9145551580926,1.0,117.714510227508,1.2,1.0,3.0,0.0
chr2-1504060-1504061-G-A,JLF-100-042,Pending,8.5,82.2,13.95,85.0,0.0,432.279,0.812,2.0,3.109,1343.767,1.519,0.364,0.0,12743.492,16694.275,15439.77,19277.045,432.278568081443,0.812499999999999,1343.76652916901,1.5195,1.641820652,0.234309908349382,3.807445652,0.071024769,0.1094261733233,0.028804759,2169.16,2.83,1516.25,1.65,1.212,43264.39,98.0,43385.35,99.0,16140.9,28.0,19400.38,39.0,17729.28,12.0,22408.35,18.0,0.007634,5.0,0.002441,9.9,1.0,10.0,9346.08343273421,15.0,11479.1593257801,18.0,8.0,0.0,0.0,0.0,0.0,0.0,0.0,12743.492,8.5,15439.77,13.95,12743.492,8.5,15439.77,13.95,1.0,3.0,0.0
chr2-189078561-189078562-C-T,JLF-100-042,Accept,1.258,1.04,3.692,1.09,7.898,24.45,0.12,2.0,11.421,279.25,0.9,0.259,0.0,234.944,38.77,2512.327,40.81,180.9862653,0.74175,1214.90569983512,1.780875,1.01682065217378,0.416253439338786,3.18451086956512,0.088106794,0.10949752992019,0.067287801,205.75,1.5,5465.45,5.98,10.693,36.48,0.21,506.78,2.2,888.39,3.5,5071.52,6.6,24.45,0.12,279.25,0.9,0.211769,0.85,0.030304,2.7,2.0,10.0,2416.89844963521,3.4,2842.77804823565,4.2,10.0,0.0,0.0,117.0,61.707,0.128,0.0,396.141188305105,3.0,3458.199152296,9.1,264.137461666447,2.3,2181.87567241473,7.3,1.0,3.0,0.0
chr22-43223195-43223196-G-A,JLF-100-042,Reject,1.855,4.66,5.5,6.0,0.0,224.375,0.835,2.0,3.669,823.303,1.527,0.369,0.0,431.816,279.79,2662.349,350.21,224.375400003432,0.8355,823.303494,1.52725,1.414836957,0.286955139558852,2.89065217391295,0.101878185733095,0.006815418,0.005813197,455.97,2.11,5433.21,5.96,6.165,312.64,1.6,5704.04,8.1,531.38,2.6,3975.68,5.6,638.19,1.6,3337.23,3.9,0.045255,2.2,0.017535,3.4,3.0,9.0,543.000891385649,1.5,1567.83228391243,5.4,3.0,3.0,1.0,0.0,0.04,0.0,0.0,407.661783347945,2.4,1987.46733708477,6.3,389.96892384508,2.3,1774.31204179075,5.8,1.0,3.0,1.0
chr3-122285075-122285076-G-A,JLF-100-042,Pending,6.454,10.21,10.65,40.5,0.0,17.1,0.62,2.0,1.857,31.76,2.81,0.363,0.0,1795.514,593.42,5593.621,3940.78,1686.08844222712,1.491,3002.52067296866,2.01775,4.80709239130432,0.053605523,7.3480163043478,0.03318525,0.006329572,0.023179283,17.1,0.62,31.76,2.81,3.115,8529.68,1.5,21946.92,8.3,20149.14,22.0,27725.29,36.0,24184.26,8.1,27921.87,13.0,0.010767,2.6,0.003238,4.9,0.0,9.0,1904.93895517228,9.0,6978.42577496761,32.0,6.0,0.0,0.0,0.0,0.013,0.0,0.0,1096.88222805992,19.0,4208.816584,61.0,586.165157795569,9.0,1207.86945827018,21.0,1.0,3.0,0.0
chr4-174977112-174977113-C-T,JLF-100-042,Pending,3.157,10.29,3.79,12.46,0.0,236.67,1.0,2.0,0.738,174.6,1.5,0.269,0.0,2730.429,598.46,3170.15,737.12,1485.17781531008,1.39325,2904.92054102657,1.979875,4.21347826086952,0.062643832,5.67187499999996,0.044976827,0.018247473,0.103508098982275,236.67,27.5,174.6,22.3,1.161,30509.4,21.0,21151.71,7.6,3975.68,2.1,3435.38,1.8,7388.14,1.5,9001.01,1.9,0.001054,8.0,0.002374,5.6,0.0,10.0,912.748447087475,1.0,1209.27290688257,1.5,4.0,4.0,1.0,0.0,0.0,0.0,0.0,2730.429,3.157,3170.15,3.79,2730.429,3.157,3170.15,3.79,1.0,3.0,2.0
chr4-99652412-99652413-G-A,JLF-100-042,Reject,5.165,3.4,3.7,0.98,0.0,35.82,1.256,2.0,3.104,111.17,0.461,0.249,0.0,613.634,50.41,396.345,76.245,187.977781501009,1.322375,76.7753724183397,0.461,1.25611413043468,0.331543484277049,0.609538043478196,0.602626519940995,0.017295442,0.087345172,35.82,5.83,111.17,13.16,0.646,2586.16,1.6,2609.4,1.6,1039.29,6.9,681.52,5.4,4599.45,3.6,2266.11,2.0,0.003575,4.5,0.077986,0.66,3.0,9.0,7131.08155905495,21.0,6399.78970601227,18.0,5.0,5.0,1.0,0.0,0.012,0.0,0.0,58.3727293213404,80.0,57.30730694,79.0,53.3863218054977,76.0,69.7316593667792,88.0,1.0,3.0,1.0
chr5-149335654-149335655-C-T,JLF-100-042,Reject,10.424,5.96,10.895,31.0,0.617,867.142,1.4,2.0,1.091,946.433,2.1,0.08,0.0,6510.085,121.855,10629.462,1042.84,14594.897152667,8.847375,16018.8049941804,9.747875,37.3590489130435,0.006901959,37.3590489130435,0.006296556,0.005882082,0.005320397,3871.85,14.14,3497.79,11.99,1.633,6620.38,1.4,9272.05,2.1,11986.87,15.0,14802.53,20.0,15795.71,4.7,22555.51,9.8,0.001504,13.0,0.001035,15.0,2.0,9.0,6399.78970601227,12.0,11986.8746485331,28.0,1.0,0.0,0.0,93.0,28.033,0.022,0.0,2328.35930450598,8.3,2642.71299338556,9.5,867.1415572,2.8,946.433272927849,3.1,1.0,3.0,0.0
chr5-180620658-180620659-C-A,JLF-100-042,Review,8.3,3.24,8.91,3.08,0.0,83.22,0.287,2.0,1.018,84.713,0.212,0.325,0.0,561.39,207.04,523.525,198.52,83.21976727,0.536875,84.712839445883,0.546875,0.286847826086927,0.794245533574066,0.212201086956526,0.842531616,0.373535972088575,0.470691900700331,455.24,27.58,147.24,15.52,0.933,2643.16,1.6,4222.87,2.3,3150.53,15.0,3567.97,16.0,667.54,0.83,899.81,1.1,0.074781,0.68,0.041231,1.1,4.0,9.0,13501.8921247818,43.0,17695.7463258507,54.0,7.0,0.0,0.0,33.0,11.585,0.0,0.0,100.048365979523,97.0,99.818261123112,97.0,111.283301085658,98.0,108.25052218381,98.0,1.0,3.0,0.0
chr5-36955578-36955579-G-A,JLF-100-042,Accept,0.525,5.8,1.12,6.9,30.518,69.914,0.177,2.0,1.257,87.877,0.231,0.289,0.0,277.111,452.715,2278.973,506.525,69.91355634,0.17675,87.877415020574,0.231125,0.203858695652158,0.847828389931327,0.531168478260824,0.646198491,0.429420275613666,0.176979977637529,136.96,18.39,4258.21,81.91,8.224,4049.61,0.45,5799.32,0.74,2228.52,1.4,4242.33,2.7,1398.4,0.36,10206.23,2.1,0.489587,0.19,0.114281,0.66,2.0,9.0,238.604605560771,0.6,228.498283614918,0.6,2.0,0.0,0.0,180.0,88.715,0.344,0.0,315.616718417135,4.3,315.616718417135,4.3,169.832186127293,1.6,163.312715444744,1.5,1.0,3.0,0.0
chr5-41047746-41047747-C-T,JLF-100-042,Reject,6.35,2.23,5.3,2.39,0.0,46.474,1.2,2.0,1.0,46.474,1.2,0.313,0.0,706.765,155.56,792.235,163.6,207.310347569331,1.4225,165.145846796299,1.189125,1.20198369565206,0.348611386718926,1.10562499999985,0.382121306435139,0.065669194,0.044109943,423.1,26.65,724.45,33.96,1.121,6720.84,3.3,8902.22,4.4,1663.96,9.4,860.02,6.2,990.43,1.2,950.35,1.2,0.008626,2.8,0.009338,2.7,1.0,9.0,11604.0356333116,37.0,11233.4238012277,36.0,4.0,0.0,0.0,0.0,0.0,0.0,0.0,46.4739942585644,70.0,46.4739942585644,70.0,90.2464235698925,95.0,79.6948027392321,93.0,1.0,3.0,0.0
chr6-109979403-109979404-G-A,JLF-100-042,Reject,2.05,0.08,1.9,0.05,0.0,95.034,0.072,2.0,0.854,81.172,0.06,0.327,0.0,402.159,6.74,324.54,5.48,95.03401867,0.481,81.1719032881905,0.414375,0.07173913,0.933557247402429,0.06013587,0.941225007559293,0.77513225376606,0.768816784024239,1152.79,3.03,1381.44,3.25,0.807,373.23,1.8,325.78,1.7,317.83,2.3,276.13,2.1,461.69,1.4,323.3,0.98,0.123556,1.3,0.180405,0.95,4.0,10.0,2443.19073685795,3.5,2032.70746949495,2.9,4.0,0.0,0.0,0.0,0.0,0.0,0.0,422.522654905769,3.1,334.079633079737,2.7,381.794792036561,2.9,296.367106462232,2.4,2.0,3.0,0.0
chr7-142876466-142876467-C-T,JLF-100-042,Reject,0.835,16.62,0.955,16.91,0.269,49.181,0.03,2.0,1.119,55.056,0.06,0.182,0.0,1281.747,259.175,1341.021,385.33,49.18110988,0.05125,55.0562080239446,0.069375,0.380624999999981,0.736071391202075,0.413396739130434,0.715162539445546,0.137261844,0.138549262,1216.04,1.48,934.54,1.2,1.046,2072.46,0.98,2680.54,1.4,2430.01,0.69,2593.0,0.71,473.2,0.11,919.03,0.19,0.872447,0.03,0.730835,0.06,1.0,9.0,1347.4542324467,3.0,2496.63648660682,7.1,9.0,0.0,0.0,6.0,1.612,0.167,0.0,1910.16111535091,2.1,1567.00362089689,1.8,714.973590095161,1.0,1115.03885188808,1.3,1.0,3.0,0.0
chr7-150996872-150996873-C-A,JLF-100-042,Pending,4.296,70.0,3.0,44.0,0.0,696.429,0.6,2.0,1.056,735.143,0.6,0.189,0.0,1558.397,1155.935,884.205,377.625,1742.20610437137,2.06625,456.911476420971,1.181125,4.39192934782604,0.059714629,1.42540760869556,0.283733129688171,0.047651954,0.19759310875088,3931.0,5.05,2351.64,4.01,0.567,4985.34,7.5,3228.44,6.0,1461.36,4.2,883.6,3.4,1420.19,2.4,721.85,1.7,0.019543,3.2,0.03192,2.6,0.0,10.0,696.429008571064,0.6,735.142790762325,0.6,8.0,0.0,0.0,7.0,7.632,0.0,0.0,1461.67224355543,6.0,884.809954517362,4.7,1655.12195659553,6.4,1039.51317969528,5.1,1.0,3.0,0.0
chr7-20643287-20643288-G-A,JLF-100-042,Reject,0.53,0.28,2.242,1.05,0.0,1.627,0.2,2.0,0.813,1.323,0.2,0.224,0.0,195.042,46.14,1879.82,93.68,225.064984483649,1.513875,3221.12482522074,5.70925,0.221249999999983,0.836427369036864,1.8842934782608,0.192800975244849,0.726145163178444,0.590782824903727,6.69,0.61,1770.45,48.67,9.638,165.02,0.27,399.63,0.45,659.75,5.3,1989.19,12.0,651.51,0.82,3096.32,2.6,0.126277,0.45,0.028795,1.4,3.0,9.0,5560.05507446561,15.0,9550.53265102175,30.0,2.0,0.0,0.0,0.0,0.167,0.0,0.0,2.74290016113048,0.4,3.03535855538316,0.6,1.62715902745643,0.2,1.32260451216849,0.2,1.0,3.0,0.0
chr7-82950028-82950029-G-A,JLF-100-042,Review,0.607,0.07,0.511,0.3,0.0,12.28,0.09,2.0,0.951,11.674,0.06,0.21,0.0,41.11,25.4,32.22,47.27,47.3927097960197,0.13,45.58635859,0.108375,0.454836956521717,0.689960770387607,0.371739130434761,0.741306961,0.063298285,0.124090300872922,21.57,3.57,14.18,2.17,0.784,313.04,0.4,226.3,0.33,47.08,0.76,41.12,0.65,35.14,0.09,23.32,0.06,0.198858,0.29,0.363817,0.12,4.0,9.0,5044.15430351795,13.0,4478.16089666066,9.8,5.0,0.0,0.0,10.0,7.772,0.0,0.0,12.280328941656,14.0,11.6737395596142,13.0,13.195626062025,15.0,14.8057359576599,17.0,1.0,3.0,0.0
chr8-123191874-123191875-C-T,JLF-100-042,Reject,2.02,1.73,1.385,1.89,0.0,8.076,0.57,2.0,0.982,7.929,0.57,0.318,0.0,181.754,129.77,121.84,137.98,96.1971075200081,0.66075,62.60986109,0.299125,0.749374999999887,0.534063805728328,0.440923913043463,0.698065162531669,0.070132874,0.150531636085361,15.53,2.44,22.81,3.8,0.67,602.76,0.57,603.96,0.57,267.31,2.9,181.07,2.2,727.56,0.88,210.83,0.38,0.022098,1.6,0.243695,0.23,2.0,9.0,2664.09147713626,3.6,2390.88910567882,2.9,5.0,5.0,1.0,0.0,0.368,0.0,0.0,8.07625457378269,6.2,7.92884631511689,5.8,14.2046324278371,16.0,18.5536773538544,23.0,1.0,3.0,1.0
chr8-24914780-24914781-G-A,JLF-100-042,Review,2.2,2.14,43.5,3.54,0.0,284.014,0.74,2.0,107.925,30652.268,15.0,0.365,0.0,539.736,151.49,32127.8,222.59,284.014112782856,0.944875,30652.2681815105,31.232875,1.39877717391296,0.290914791638292,99.2866032608696,0.00391096,0.076972377,0.048206156,563.02,2.3,23156.95,29.74,59.525,505.33,2.1,32093.74,44.0,649.13,2.8,28331.79,53.0,659.51,1.6,32161.86,34.0,0.242669,0.74,0.000316,15.0,4.0,9.0,3099.80741799732,13.0,50000.0,72.0,9.0,0.0,0.0,6.0,2.464,0.0,0.0,425.892507667206,2.4,60020.5540387196,43.0,516.452043283204,2.7,114559.207340931,54.0,1.0,3.0,0.0
chr8-27776884-27776885-C-T,JLF-100-042,Accept,1.015,5.2,1.335,19.0,4.09,55.646,0.265,2.0,2.39,133.009,0.617,0.286,0.0,163.007,123.5,304.57,467.155,55.6459571724651,0.264875,133.00912662736,0.616625,0.342690217391279,0.759190593901544,0.885896739130317,0.471089663363158,0.205818003974855,0.087797373,69.2,0.83,105.37,1.07,1.868,188.98,1.2,314.71,1.6,190.11,1.8,437.34,2.6,123.55,0.54,294.43,0.93,0.363611,0.48,0.28032,0.63,3.0,10.0,3033.44952712265,4.5,3529.57450109899,5.2,5.0,0.0,0.0,42.0,34.369,0.119,0.0,404.436180263561,3.0,484.005169248486,3.4,137.03452539515,1.4,227.944963079764,2.1,1.0,3.0,0.0
chr9-25678308-25678309-A-T,JLF-100-042,Pending,1.45,23.0,16.397,17.0,0.0,224.931,0.07,2.0,2.679,602.629,0.38,0.305,0.0,1770.265,582.275,7945.14,774.875,2055.26019111235,2.397625,24621.8734527883,20.79375,5.78807065217389,0.043825642,62.7446739130435,0.004088143,0.000848006,0.000635857,2795.9,8.26,5132.66,22.33,4.488,683.04,0.07,2763.71,0.38,1485.27,0.55,10757.62,12.0,3019.24,0.33,15839.18,4.7,0.014106,3.6,0.00027,26.0,0.0,9.0,2416.89844963521,2.3,13501.8921247818,32.0,2.0,0.0,0.0,7.0,4.012,0.0,0.0,224.931355272212,0.5,602.628962303926,1.8,269.829855,0.6,948.615026946794,3.1,6.0,3.0,0.0
chr1-153663086-153663087-C-T,TWJF-5120-13,Accept,1.116,16.0,1.1,16.0,14.492,32.25,0.23,2.0,1.46,47.1,0.21,0.122,0.0,129.042,75.0,173.619,72.95,82.2005917540893,0.532375,88.6649419624526,0.563375,0.363913043478234,0.74615313465196,0.254293478260863,0.815678970621344,0.293132228776812,0.429553378373384,5508.61,3.34,5271.39,1.36,1.345,59.84,0.53,99.49,0.84,165.16,2.3,254.61,2.7,32.25,0.29,47.1,0.41,0.548888,0.23,0.588853,0.21,5.0,10.0,121.995182747588,1.7,126.02003385118,1.7,8.0,0.0,0.0,2855.0,90.013,0.161,0.0,140.113505880026,1.8,254.964666952738,2.7,136.088052778376,1.7,221.217764866395,2.5,1.0,3.0,0.0
chr1-186114925-186114926-G-T,TWJF-5120-13,Pending,0.04,29.0,15.0,30.0,0.044,4.71,0.0,2.0,2426.875,11430.58,0.697,0.099,0.0,13.315,134.615,4448.88,142.02,13.065128428289,0.023125,2034.62162706265,2.312125,0.00027173913044,0.994221194827577,0.697255434782505,0.559215170977102,0.93839830905199,0.936623610556126,551.2,0.01,5508.46,3.33,334.12,6.76,0.05,10655.11,20.0,6.4,0.21,13141.57,19.0,4.71,0.03,11430.58,15.0,0.992285,0.01,0.028487,2.9,4.0,9.0,14.1660134909836,0.4,1637.17642763048,20.0,2.0,0.0,0.0,321.0,14.643,0.003,0.0,14.2925592084098,0.4,3389.29990934354,15.0,13.5653186557441,0.3,3165.41021846569,15.0,1.0,3.0,0.0
chr1-247424556-247424557-G-A,TWJF-5120-13,Pending,3.284,8.3,7.15,8.0,0.0,26.51,0.48,2.0,2.595,68.8,1.12,0.111,0.0,3093.979,165.65,6608.127,197.6,3423.14019318671,2.668375,10150.6948486627,4.8285,5.44942934782604,0.0464877789050479,18.6179891304348,0.012421798304724,0.158360603963956,0.0738541518221609,26.51,0.48,68.8,1.12,2.136,10400.08,14.0,21163.39,29.0,314.41,2.1,2264.98,6.2,2880.24,3.9,7891.7,8.7,0.074669,2.0,0.02233,3.7,0.0,11.0,3307.718431318,4.7,5324.55372491221,8.1,2.0,0.0,0.0,207.0,7.452,0.0,0.0,3093.979,3.284,6608.127,7.15,3093.979,3.284,6608.127,7.15,1.0,3.0,0.0
chr10-105089784-105089785-G-A,TWJF-5120-13,Pending,1.7,0.02,1.8,11.64,0.0,45.086,0.286,2.0,1.228,55.376,0.748,0.073,0.0,212.942,7.71,230.483,787.99,82.5600140474813,0.532375,143.350366828753,0.747749999999999,0.285570652173874,0.794820148416272,1.00907608695638,0.418952178222049,0.372345630079508,0.0486307171231601,5211.91,1.24,5231.17,1.27,1.082,248.29,1.8,245.97,1.8,317.83,3.6,356.07,3.7,558.7,2.4,1015.08,3.3,0.247235,0.65,0.179782,0.88,1.0,9.0,45.0855572161967,1.6,55.3755269039887,1.8,1.0,0.0,0.0,5.0,0.044,0.0,0.0,169.086914812112,2.4,202.819636488807,2.8,177.594699638268,2.5,214.995811910545,2.9,1.0,3.0,0.0
chr11-20159232-20159233-C-T,TWJF-5120-13,Pending,0.26,0.07,0.254,0.43,0.0,4.47,0.07,2.0,0.62,2.77,0.07,0.053,0.0,63.058,23.36,52.307,69.36,67.7563435041616,0.36725,60.2844372849205,0.308,0.0961956521739182,0.916445618457498,0.135353260869579,0.891594563356875,0.612254749983549,0.498813826590776,4.47,1.15,2.77,0.55,0.83,199.0,0.32,215.68,0.34,7.44,0.07,6.97,0.07,58.36,0.14,44.33,0.11,0.21159,0.33,0.21283,0.33,4.0,10.0,995.274467102104,0.2,893.209148776166,0.2,7.0,0.0,0.0,0.0,0.0,0.0,0.0,63.058,0.26,52.307,0.254,63.058,0.26,52.307,0.254,5.0,3.0,0.0
chr12-25245349-25245350-C-T,TWJF-5120-13,Accept,2.7,13.0,2.75,9.1,3.286,71.795,0.645,2.0,1.176,84.446,0.649,0.077,1.0,307.08,59.25,355.644,44.7,110.780649076064,0.6455,111.387333781622,0.649375,0.869782608695559,0.477572586012892,0.943152173912921,0.446071874929728,0.0449423716636374,0.0106078732060268,5548.8,6.88,5602.19,69.79,1.158,498.01,2.8,506.91,2.8,333.69,3.0,638.68,4.0,280.47,1.7,346.13,1.9,0.017062,3.8,0.012394,4.5,3.0,10.0,71.7948267298489,1.1,84.4457314436612,1.2,8.0,0.0,0.0,611.0,16.186,0.203,0.0,343.937872091586,3.4,365.15731075202,3.6,234.325741510123,2.6,245.934807840291,2.7,1.0,3.0,0.0
chr12-72618943-72618944-A-G,TWJF-5120-13,Accept,0.65,0.05,0.22,0.39,0.375,22.611,0.051,2.0,0.796,17.993,0.006,0.052,0.0,86.54,10.53,43.496,28.71,22.6106180020276,0.12525,17.9932596168571,0.0755,0.0509510869565446,0.947758437957796,0.006168478260875,0.981497591846093,0.453175648115575,0.693720426177606,2319.32,0.29,1728.36,0.24,0.503,76.42,0.69,21.84,0.2,84.9,2.1,22.56,0.8,80.59,0.61,20.69,0.19,0.517881,0.26,0.821593,0.07,1.0,9.0,88.1807080720235,2.8,64.432272895153,2.1,4.0,0.0,0.0,204.0,9.615,0.039,0.0,130.349689202059,2.0,66.5441680828914,1.2,141.068484260054,2.2,68.7749051324776,1.3,1.0,3.0,0.0
chr12-85805666-85805667-C-T,TWJF-5120-13,Accept,0.38,1.81,0.91,2.99,0.234,34.71,0.29,2.0,2.362,81.99,0.57,0.114,0.0,49.969,11.635,136.99,16.645,41.2449825087158,0.290625,53.478953823177,0.375125,0.304076086956485,0.783753798880649,0.480815217391282,0.674813150673388,0.163007091265172,0.076711778761819,2555.93,0.32,3991.1,0.52,2.742,48.34,0.44,145.2,1.2,49.7,1.5,128.78,2.5,34.71,0.32,81.99,0.62,0.469551,0.29,0.291017,0.57,8.0,9.0,50.2373984792183,1.7,69.5018303009072,2.2,3.0,0.0,0.0,216.0,2.291,0.102,0.0,96.4073177360447,1.6,197.747043902194,2.7,100.79291372885,1.6,204.376049418189,2.8,1.0,3.0,0.0
chr14-94497801-94497802-C-T,TWJF-5120-13,Pending,0.62,12.89,0.68,14.72,0.0,35.23,0.1,2.0,1.368,48.185,0.11,0.071,0.0,119.664,82.01,112.35,97.215,109.855416075398,0.641875,90.0577777615362,0.56775,0.563695652173863,0.628447475909156,0.58154891304342,0.618509155101026,0.216554340906441,0.150033813901246,832.26,0.1,865.02,0.11,0.939,398.5,2.5,398.5,2.5,38.96,0.36,70.26,0.79,165.31,1.2,154.08,1.2,0.251801,0.64,0.243084,0.66,3.0,11.0,44.600371020112,0.6,57.2024699483931,0.7,9.0,0.0,0.0,2.0,0.004,0.0,0.0,35.2297855855976,0.2,48.184793264983,0.3,129.473235191415,1.0,134.641828210681,1.0,1.0,3.0,0.0
chr15-23442090-23442090-A-AT,TWJF-5120-13,Pending,64.872,12.0,72.93,12.0,0.0,5609.87,20.383,2.0,1.0,5607.54,39.067,0.113,0.0,31796.371,1308.18,34567.668,2495.68,25027.6223721595,20.3825,29512.8062103071,39.067375,62.7446739130435,0.0041437484393419,99.2866032608696,0.003435571623791,0.0089573538934928,0.0010417505691293,5609.87,79.42,5607.54,76.86,1.087,42421.24,95.0,42835.87,96.0,38565.12,93.0,39622.53,98.0,43728.44,89.0,45925.6,97.0,4.5e-05,44.0,8e-06,69.0,0.0,11.0,50000.0,55.0,50000.0,55.0,11.0,0.0,0.0,0.0,0.004,0.0,0.0,8164.13166356005,46.0,2760.00583360549,25.0,21487.2085987256,67.0,9229.53880264835,48.0,5.0,0.0,0.0
chr16-25246753-25246754-C-T,TWJF-5120-13,Pending,4.4,27.0,9.75,23.0,0.451,466.675,1.87,2.0,2.795,1304.419,38.08,0.092,0.0,1683.437,89.915,5006.765,76.84,1780.22795240292,2.1955,7199.06593842468,4.343125,2.60176630434776,0.118918102775107,6.47915760869564,0.0389575975221497,0.266655140556395,0.310281341895461,5415.08,1.87,5583.56,38.08,2.974,1922.06,6.3,8002.8,17.0,638.68,4.0,4429.97,9.1,2107.56,4.8,7006.49,10.0,0.037894,2.5,0.010724,4.8,0.0,10.0,466.675458100716,4.8,1304.4189904398,9.5,3.0,0.0,0.0,102.0,4.598,0.098,0.0,1586.64584952748,12.0,3503.32154538148,18.0,1339.12155295329,9.5,3153.69725433237,17.0,1.0,3.0,0.0
chr16-30668905-30668906-C-T,TWJF-5120-13,Review,6.7,1.52,28.5,0.86,3.717,10.037,0.635,2.0,10.765,108.046,1.802,0.106,0.0,1131.96,58.08,8879.999,32.23,139.609191569159,0.903125,365.994103803923,2.244375,0.63521739130428,0.590379922303729,1.8016032608695,0.20534006774847,0.237127295695245,0.0159308456932194,150.31,8.98,17511.15,60.32,7.845,2113.61,1.6,6885.35,3.4,13947.35,23.0,21734.48,32.0,28759.25,17.0,34402.32,25.0,0.001037,6.2,0.000541,7.9,1.0,9.0,3975.67635914596,16.0,10874.6486382493,42.0,3.0,0.0,0.0,986.0,24.296,0.153,0.0,10.0371404202393,4.7,108.046325067055,55.0,13.4824866831072,7.2,117.698248490266,58.0,5.0,3.0,0.0
chr16-89291038-89291039-G-A,TWJF-5120-13,Accept,0.645,0.03,5.95,0.06,15.113,9.6,0.02,2.0,9.908,95.12,0.96,0.121,0.0,81.299,18.6,1153.5,23.42,95.5559991081562,0.591,2913.82902767544,2.70475,0.872309782608596,0.477099569339086,7.5582608695652,0.0320499461240762,0.0038188074613572,0.0047772543111932,5099.89,1.08,5601.29,68.5,14.188,100.79,0.85,4180.32,10.0,9.6,0.02,95.12,0.96,31.85,0.29,1390.4,3.9,0.120213,1.3,0.0082,5.5,8.0,11.0,20.0269443582293,0.3,309.352836369049,3.5,2.0,0.0,0.0,1282.0,85.868,0.176,0.0,73.4361668666505,0.5,591.439055986976,6.4,89.1620407296902,0.7,916.60031044338,9.8,1.0,3.0,0.0
chr17-27648897-27648898-A-C,TWJF-5120-13,Accept,0.045,1.1,0.055,1.1,31.839,3.85,0.01,2.0,1.078,4.15,0.01,0.081,0.0,13.104,8.12,12.836,7.94,11.8875320758962,0.0135,12.6809220302374,0.019375,0.0141576086956831,0.974422537162283,0.006168478260875,0.981298484389725,0.486357165500522,0.594577174633741,573.47,0.02,640.35,0.04,0.98,8.85,0.07,10.11,0.09,3.85,0.06,4.15,0.07,4.54,0.03,4.48,0.03,0.983796,0.01,0.978995,0.01,7.0,9.0,14.3201188054052,0.4,12.9913980944003,0.4,4.0,0.0,0.0,3412.0,225.805,0.141,0.0,20.1887764906226,0.4,22.3928824343602,0.5,18.9421817785229,0.4,21.2534775202451,0.5,1.0,3.0,0.0
chr17-7675189-7675190-C-T,TWJF-5120-13,Accept,1.53,36.0,2.05,49.0,18.602,20.119,0.03,2.0,0.773,15.546,0.15,0.115,1.0,83.65,416.995,202.855,480.195,34.9520974850207,0.07425,38.267391345689,0.10225,0.174646739130424,0.865992785754305,0.42125,0.71048238922121,0.281006474979222,0.0322221294045448,81.68,7.12,492.41,13.65,2.425,243.34,0.36,1500.48,1.3,277.63,3.3,191.14,2.8,85.62,0.19,214.57,0.32,0.770221,0.03,0.433398,0.15,10.0,9.0,1249.16910019277,2.7,1422.35784649154,3.3,5.0,0.0,0.0,1154.0,48.568,0.383,0.0,20.1191672071058,14.0,15.5456898892248,8.9,59.5346767609475,39.0,45.0578017671258,31.0,1.0,3.0,0.0
chr18-10696484-10696485-C-T,TWJF-5120-13,Pending,0.698,19.0,0.676,18.0,0.0,3.43,0.06,1.0,1.233,4.23,0.09,0.054,0.0,41.142,163.93,49.335,93.355,62.2747623459721,0.322875,65.6301336089421,0.35125,0.596195652173861,0.609924084095412,0.248152173913041,0.819017607819484,0.0385173842078074,0.353284860029817,3.43,0.8,4.23,1.07,1.199,87.05,0.2,235.31,0.35,69.88,1.6,68.75,1.5,20.01,0.06,33.04,0.09,0.470352,0.12,0.42725,0.15,1.0,9.0,743.140059082542,1.0,767.657650839511,1.0,7.0,0.0,0.0,144.0,13.436,0.0,0.0,16.6575068295414,9.9,11.3399202417835,5.8,8.18031448383439,3.5,5.80456929267779,2.1,5.0,3.0,0.0
chr18-14748527-14748528-G-T,TWJF-5120-13,Pending,6.0,2.4,4.805,5.0,0.0,6.93,0.91,2.0,4.55,31.53,0.71,0.117,0.0,1026.985,45.065,654.5,118.97,4679.09841300454,9.58925,2578.49834594249,7.05575,9.15535326086956,0.0269366788804521,6.79260869565216,0.0365031696020648,0.0841960409015882,0.0092871006927452,6.93,1.79,31.53,4.71,0.637,997.67,0.91,710.46,0.71,1056.3,6.0,598.54,4.7,4607.27,2.3,2320.82,1.5,0.001128,6.0,0.001829,4.9,2.0,9.0,1765.99013402768,4.8,1517.75856701751,3.8,7.0,0.0,0.0,2.0,0.089,0.0,0.0,14.8118736935547,8.3,11.5507450995013,5.9,16.9344072590998,11.0,10.9086246860292,5.5,1.0,3.0,0.0
chr18-23903051-23903052-A-C,TWJF-5120-13,Accept,0.192,15.0,1.115,12.0,26.371,27.2,0.007,2.0,8.765,238.42,0.038,0.053,0.0,38.645,38.75,227.595,33.55,29.8062834374041,0.0072499999999999,37.3730154195014,0.037875,0.173423913043464,0.86755254709936,0.138342391304363,0.889805977019693,0.241101253777742,0.362357314676046,36.56,0.67,401.7,3.14,5.889,27.2,0.13,238.42,0.83,30.87,0.21,146.63,1.4,40.73,0.15,197.01,0.61,0.922004,0.01,0.805216,0.06,5.0,9.0,579.421175080228,1.2,1121.06690721145,3.6,8.0,0.0,0.0,1680.0,86.748,0.304,0.0,41.7830366646621,0.3,216.770410481969,1.4,46.553249402853,0.3,252.900681701498,1.7,1.0,3.0,0.0
chr19-14766290-14766291-G-A,TWJF-5120-13,Pending,10.95,40.0,60.84,47.0,0.0,1391.909,2.7,2.0,35.922,50000.0,25.0,0.103,0.0,3263.655,512.1,35270.275,1204.98,14315.6332665499,7.538375,26757.927712996,25.389875,31.6431793478261,0.0079970996045112,99.2866032608696,0.0038867530578939,0.0425146241032052,0.0091413259651744,5867.62,99.59,5594.58,57.68,10.807,4026.24,9.8,35173.16,71.0,7527.49,13.0,35367.39,64.0,2501.07,5.3,30312.65,42.0,0.033666,2.7,0.000221,25.0,2.0,10.0,1391.90928823136,9.9,50000.0,54.0,2.0,0.0,0.0,136.0,13.053,0.0,0.0,1877.06797420987,13.0,103628.68805577,68.0,1729.09955888458,12.0,91795.205833849,66.0,1.0,3.0,0.0
chr19-32639329-32639330-A-G,TWJF-5120-13,Accept,48.112,4.3,39.0,9.19,2.737,1015.711,8.7,2.0,2.307,2342.988,15.0,0.099,0.0,18330.688,226.81,21422.224,737.6,17676.3067018454,25.464125,16578.4882753332,23.918875,46.2246739130435,0.0058005938004707,37.3590489130435,0.006253544861025,0.0090228406807,0.012799277625163,13366.06,51.52,17280.15,59.83,1.169,44349.27,50.0,42363.88,40.0,18985.07,29.0,26407.71,38.0,25686.56,14.0,30085.88,19.0,0.000404,8.7,8.9e-05,15.0,1.0,9.0,25017.04006358,69.0,25564.2975668624,70.0,2.0,0.0,0.0,35.0,31.83,0.086,0.0,2200.94910503062,96.0,2515.41704811443,97.0,1015.71063556846,91.0,2342.98765315062,97.0,1.0,3.0,0.0
chr19-36936819-36936820-GA-G,TWJF-5120-13,Pending,31.335,28.0,28.5,29.0,0.0,12653.213,8.017,2.0,0.635,8032.377,13.3,0.109,0.0,19213.494,618.395,19067.009,1156.245,17672.1189812668,8.017,23528.7205588116,13.29975,46.2246739130435,0.0057617289298921,62.7446739130435,0.0043258546319082,0.0070466711767949,0.0042098445119336,19199.22,30.67,12142.04,19.83,0.992,19227.77,25.0,22201.04,30.0,17223.5,32.0,21384.59,45.0,22023.76,29.0,24026.73,33.0,0.002207,11.0,0.000648,17.0,1.0,9.0,12653.2128518332,37.0,8032.37680934315,27.0,9.0,0.0,0.0,312.0,8.33,0.0,0.0,21379.6208950223,36.0,16749.4287602643,33.0,19631.3424964219,35.0,9952.90823664422,26.0,1.0,0.0,0.0
chr19-41988573-41988574-C-T,TWJF-5120-13,Pending,25.5,7.2,22.815,7.76,0.0,12.96,5.1,2.0,0.809,10.486,3.1,0.111,0.0,11660.238,397.97,7253.134,440.05,4425.97699675599,9.312625,4792.86233895447,9.69700000000001,9.15535326086956,0.0269325297367947,11.6303260869565,0.0205326973712577,0.0688829954306129,0.0122100420412607,19492.24,64.51,13918.25,52.72,0.622,11716.44,5.1,6027.38,3.1,28640.0,42.0,26123.53,38.0,40963.43,41.0,40062.24,38.0,5e-06,36.0,5e-06,36.0,0.0,9.0,11604.0356333116,44.0,8478.88848885099,34.0,4.0,0.0,0.0,2.0,2.927,0.0,0.0,12.9601491625784,6.7,10.4860035401823,5.1,20.8818994390627,15.0,12.9948119758024,6.8,2.0,3.0,0.0
chr19-50625187-50625188-C-T,TWJF-5120-13,Pending,1.631,1.64,6.333,3.89,0.0,8.429,0.21,2.0,6.138,51.733,1.9,0.119,0.0,138.259,62.89,2464.975,195.48,132.808778329025,0.8495,1070.38312307093,4.46675,0.862880434782525,0.481181658168165,3.21203804347816,0.087927205155532,0.0988193865632638,0.0318851906922645,143.71,8.84,11604.34,47.76,17.829,94.43,0.21,2713.46,1.9,153.12,2.4,2216.49,8.2,221.55,0.32,3163.85,1.8,0.095385,0.67,0.007925,2.6,2.0,9.0,1619.55802714288,4.2,3133.52874666195,12.0,9.0,0.0,0.0,21.0,0.571,0.0,0.0,10.1300129370834,4.8,87.2187784837801,50.0,8.42888250499048,3.6,51.7332782756141,35.0,1.0,3.0,0.0
chr19-55391689-55391690-T-A,TWJF-5120-13,Review,7.229,0.05,5.525,0.25,270.633,15.122,2.0,2.0,1.282,19.391,1.8,0.102,0.0,2071.657,4.25,1640.789,9.7,3339.0750274228,8.058875,2514.31935406678,6.93325,6.32709239130432,0.0398266808080417,1.62260869565208,0.239047066719463,0.105856543057598,0.600214052945375,1130.74,18.21,46.6,5.65,0.792,6544.74,3.3,5824.72,3.0,1269.61,6.4,864.68,5.4,13338.4,5.7,8092.22,3.6,0.014595,2.0,0.017277,1.8,0.0,9.0,2873.70327679293,9.6,2416.89844963521,7.7,6.0,0.0,0.0,211.0,554.575,0.488,0.0,15.1220266814411,8.6,19.3914372853522,13.0,39.4248454936492,28.0,42.5373078197902,30.0,2.0,3.0,0.0
chr19-56460706-56460707-G-A,TWJF-5120-13,Pending,0.065,4.0,1.45,0.52,0.0,3.8,0.02,2.0,34.818,132.31,1.3,0.087,0.0,11.431,17.5,178.278,6.415,14.9636325031038,0.041625,130.360923194716,0.706499999999999,0.0978804347825956,0.915822574613466,0.978722826086823,0.431232536213591,0.195328391389921,0.0367567227222025,676.53,0.06,2836.01,0.35,15.596,4.11,0.02,156.52,1.3,3.8,0.06,132.31,2.5,4.58,0.03,283.44,1.7,0.819193,0.07,0.319548,0.51,9.0,9.0,7.8977479745597,0.3,46.0718213551006,1.6,7.0,0.0,0.0,151.0,2.799,0.0,1.0,18.285633039804,0.4,200.03684675209,2.7,18.5536773538543,0.4,210.586244671192,2.9,1.0,3.0,0.0
chr19-7682466-7682467-C-T,TWJF-5120-13,Reject,7.75,8.3,11.92,11.99,27.62,352.242,1.554,2.0,1.354,476.884,2.895,0.113,0.0,2216.19,145.83,4597.311,603.66,733.83827279243,1.553875,3374.55230310862,2.895125,2.7082880434782,0.111579991473015,8.83929347826086,0.0279625768088919,0.0030106387785053,0.0053276003600331,5592.1,53.35,5518.16,3.75,2.074,3113.79,8.3,10559.04,20.0,4429.97,9.4,10992.95,17.0,4031.38,7.0,15092.0,19.0,0.009484,5.1,0.004938,7.0,0.0,9.0,352.242489888701,7.2,476.884165661415,8.7,5.0,5.0,1.0,1948.0,150.11,0.184,0.0,1318.59067465966,8.5,3532.72636894992,15.0,1301.45752850357,8.4,3676.46131047304,16.0,1.0,3.0,1.0
chr19-8978361-8978362-G-A,TWJF-5120-13,Reject,0.595,6.8,0.917,10.2,5.3,8.85,0.21,2.0,1.903,16.84,0.38,0.125,0.0,623.15,39.68,1213.08,62.77,64.4142721766619,0.338375,100.770573217636,0.61175,0.669211956521664,0.573320989811193,0.903559782608582,0.463295383112572,0.0049493515471112,0.0027432709393906,796.85,16.11,1233.48,18.8,1.947,23861.95,12.0,23907.18,12.0,8.85,0.21,16.84,0.38,449.45,0.52,1192.68,0.93,0.06273,0.87,0.033227,1.3,1.0,11.0,1318.60914342724,0.4,1864.15973431607,0.8,1.0,0.0,0.0,118.0,10.252,0.517,0.0,623.15,0.595,1213.08,0.917,623.15,0.595,1213.08,0.917,5.0,3.0,0.0
chr2-74460415-74460415-G-GC,TWJF-5120-13,Pending,5.6,5.72,20.5,7.56,0.0,954.993,2.5,2.0,6.808,6501.297,19.0,0.069,0.0,2919.41,347.52,12206.235,537.91,9386.11393454346,4.5855,14606.0493178149,6.520625,22.1923097826087,0.0106812672762424,37.3590489130435,0.0068963593341521,0.009190124561428,0.0058607893151929,6924.26,13.37,9806.42,16.87,4.181,1197.84,2.5,14621.7,19.0,2812.19,7.5,18985.07,37.0,3026.63,4.1,16552.09,20.0,0.02397,3.5,0.021613,3.7,0.0,9.0,3416.84629914709,14.0,8119.75721135566,28.0,7.0,0.0,0.0,1289.0,78.191,0.0,0.0,954.992586021436,5.5,6501.29690343091,21.0,1020.82195047177,5.7,6352.57790885517,21.0,1.0,0.0,0.0
chr2-85579010-85579011-G-C,TWJF-5120-13,Pending,58.82,41.0,66.372,52.2,17.639,126.943,29.295,2.0,1.0,126.943,35.116,0.063,0.0,18157.719,4808.945,23377.005,6935.91,19596.757034885,29.294875,22168.8006364159,35.116125,46.2246739130435,0.0050903391670245,62.7446739130435,0.0045362640075645,0.000219993346036,0.0013481622627296,16718.68,58.64,24585.21,75.11,1.287,44050.4,48.0,43070.11,43.0,44150.12,99.0,43439.36,95.0,48513.21,96.0,47768.36,88.0,0.0,100.0,0.0,100.0,0.0,9.0,14252.4486128885,50.0,13356.5921199808,48.0,2.0,0.0,0.0,2794.0,169.601,0.104,0.0,126.943363141485,59.0,126.943363141485,59.0,211.237004384771,71.0,202.660915406284,70.0,1.0,3.0,0.0
chr21-31702260-31702260-A-AT,TWJF-5120-13,Pending,12.5,5.18,11.34,11.15,0.0,11.184,0.61,2.0,1.0,11.184,7.922,0.064,0.0,11473.039,299.28,6942.787,1020.39,114.283034553228,0.71,3243.72017365617,7.922375,0.609538043478196,0.603096742102928,8.54532608695651,0.0286974211915408,0.197110151988454,0.0020172107797407,7065.03,37.41,241.99,10.68,0.605,22583.84,10.0,23988.8,12.0,35752.13,58.0,38984.65,69.0,38982.97,34.0,41619.7,43.0,0.0001,15.0,4e-06,38.0,0.0,9.0,15881.0489318526,54.0,10641.8539351179,41.0,9.0,0.0,0.0,348.0,15.165,0.0,0.0,11.1843307031652,5.7,11.1843307031652,5.7,15.0928063564116,8.6,14.2813742437345,7.9,1.0,0.0,0.0
chr22-22515442-22515442-C-CA,TWJF-5120-13,Review,1.251,25.0,7.388856241937456,28.493923972857672,0.0,171.841,0.601,2.0,95.23719528456806,2979.5729998026436,4.055797951853559,0.052,0.0,366.616,98.395,3967.855936169204,309.1426528503529,171.841070309294,0.601375,4168.966407430436,4.1747914741686944,1.20198369565206,0.349262696677754,10.494621082323697,0.23580886182065597,0.0149631681415485,0.03119888534339993,370.99,3.01,3498.2578430542476,9.00395808431622,15.367038829675117,417.8,1.3,4945.082401219497,7.016099298782832,207.3,1.8,4453.841162599118,9.415509798950985,447.22,1.2,5223.67887426519,6.677134515621903,0.21577,0.88,0.16716440762482393,6.309333402674168,9.0,9.0,537.157411716568,1.0,3473.4313630488195,7.463158397105498,1.0,0.0,0.0,9.0,0.453,0.0,0.0,362.2429984167,2.4,6560.6067141661515,8.82157141431503,303.354191466951,2.2,7298.131585392321,9.072432243037087,1.0,0.0,0.0
chr22-36564366-36564367-C-T,TWJF-5120-13,Pending,1.247,0.98,1.115,1.9,0.0,49.747,0.31,2.0,0.855,42.537,0.2,0.08,0.0,238.865,320.82,217.503,870.525,184.140306283323,1.215375,160.36675726151,1.047375,1.27959239130423,0.325110826959832,1.18195652173902,0.354895675583925,0.0033884054137161,0.0029699875594815,293.59,11.41,883.79,16.71,0.911,180.61,0.31,86.17,0.2,319.56,3.5,274.64,3.3,385.95,0.48,335.83,0.43,0.067927,0.83,0.064673,0.86,1.0,9.0,837.065307307968,1.2,743.140059082542,1.0,5.0,0.0,0.0,0.0,0.005,0.0,0.0,65.2544299334027,42.0,46.4098323943804,32.0,49.7473555908694,34.0,42.5373078197902,30.0,1.0,3.0,0.0
chr22-50283949-50283958-GGCTGCAGTC-G,TWJF-5120-13,Reject,1.09,19.0,45.451,72.0,34.287,5.53,0.51,2.0,945.284,5227.42,7.8,0.061,0.0,264.456,48.72,12103.961,913.715,112.472200860388,0.70275,24467.5715651022,42.901875,0.701385869565115,0.557540926431545,62.7446739130435,0.0041210691521644,0.139816712122411,0.0011865530759678,5.53,1.44,5227.42,32.75,45.769,416.44,0.51,18464.43,7.8,973.97,5.8,39196.13,70.0,1062.24,0.88,42791.86,48.0,0.09863,0.65,1e-06,59.0,1.0,9.0,855.376437201731,1.3,5743.49177498518,24.0,8.0,3.0,0.0,3302.0,183.353,0.187,1.0,25.7994234072419,19.0,51.5952831306536,35.0,49.0647962836757,34.0,119.06112997513,58.0,5.0,1.0,1.0
chr3-3146582-3146583-G-C,TWJF-5120-13,Accept,0.726,13.0,7.1,9.7,2.92,14.732,0.21,2.0,12.589,185.46,3.1,0.069,0.0,58.855,37.765,1883.01,24.7,147.654680647783,0.534125,4179.26622937597,2.926,0.91285326086944,0.459415642170404,8.54532608695651,0.0285411975800726,0.103212659945711,0.0700010953005403,125.75,1.68,4308.98,10.17,31.994,40.71,0.21,1628.43,3.1,51.61,0.54,1593.49,6.0,66.1,0.24,2137.59,3.2,0.377756,0.46,0.013487,4.6,7.0,10.0,1785.20149967003,1.9,5154.49714516903,8.2,10.0,0.0,0.0,726.0,29.499,0.099,0.0,14.731602776237,1.2,185.459890914623,9.0,51.3617721610275,3.4,600.67561264023,21.0,1.0,3.0,0.0
chr3-98469940-98469941-G-A,TWJF-5120-13,Pending,0.02,1.32,0.05,0.73,0.0,2.85,0.006,2.0,0.849,2.42,0.011,0.069,0.0,3.795,108.51,4.165,76.26,23.6566345817569,0.006125,25.6287063101727,0.01225,0.018722826087,0.970462223726538,0.0108695652174048,0.976977369593253,0.633443128317595,0.727746933698654,2.85,0.58,2.42,0.42,1.098,3.63,0.02,3.24,0.02,3.38,0.02,3.89,0.07,2.94,0.02,4.44,0.02,0.924757,0.01,0.825299,0.03,13.0,9.0,363.863633791522,0.3,367.821932979062,0.3,5.0,0.0,0.0,0.0,0.0,0.0,1.0,3.95922333071831,1.2,2.53869191549598,0.5,7.49497174573084,3.1,5.67244116442188,2.1,6.0,3.0,0.0
chr4-153350103-153350104-G-A,TWJF-5120-13,Accept,0.615,3.78,0.385,8.17,0.325,22.44,0.162,2.0,0.598,13.42,0.064,0.059,0.0,49.311,235.13,34.929,471.9,26.5528412304157,0.16225,19.9203600894787,0.097,0.218288043478239,0.838834286103601,0.0643206521739188,0.938518865606614,0.144388725049794,0.369601238053292,5160.55,1.16,4954.87,0.92,0.708,25.42,0.22,13.93,0.12,22.44,0.8,13.42,0.48,31.34,0.28,12.44,0.12,0.359233,0.43,0.467456,0.29,2.0,9.0,67.2820680151848,2.2,51.3363611539899,1.7,1.0,0.0,0.0,36.0,1.673,0.194,0.0,87.1184219351556,1.5,51.8931459507595,0.9,81.7391279417192,1.4,49.9378683387295,0.9,1.0,3.0,0.0
chr4-37446678-37446695-TCTGGGATCATCTGGCGG-T,TWJF-5120-13,Pending,1.72,5.31,7.73375441745372,6.05,0.0,26.34,0.19,2.0,84.20932508243723,2593.537049740645,4.245294643746373,0.058,0.0,164.625,36.885,3781.917139035965,38.765,104.997106645516,0.640875,3983.0246791956893,4.624598103198483,0.447499999999977,0.693705235167745,10.577409247684374,0.5097711721719574,0.286648003384471,0.25196719410022717,1106.91,18.07,3928.203820638704,22.263012343654175,13.73499784082049,547.79,0.6,5009.160998690972,6.337003108462817,196.38,2.8,4358.120286953695,9.619720746821686,132.87,0.24,4753.96568470773,6.000900951524031,0.366884,0.19,0.28204421537935276,6.516811626962617,6.0,9.0,2664.09147713626,8.7,5625.807461798892,14.793587637453392,1.0,0.0,0.0,8.0,0.052,0.0,0.0,26.3396500133454,19.0,5384.023212727248,23.411947038074647,35.6262408819191,26.0,6311.33046922314,30.77767295363511,5.0,0.0,0.0
chr5-136356908-136356909-C-T,TWJF-5120-13,Pending,0.08,21.0,0.135,17.0,0.0,2.39,0.02,2.0,1.598,3.82,0.02,0.105,0.0,33.533,77.96,52.579,88.42,28.9356509870453,0.029125,32.3689305255635,0.053,0.0225815217391556,0.967423960299659,0.0165760869565616,0.972593112340081,0.660185448825359,0.741308614611626,2.39,0.4,3.82,0.93,1.568,198.92,0.32,325.28,0.42,4.72,0.02,4.4,0.02,38.13,0.1,72.79,0.17,0.657481,0.06,0.519006,0.1,3.0,10.0,922.677802760882,0.2,1145.59068280975,0.3,9.0,0.0,0.0,0.0,0.005,0.0,0.0,33.533,0.08,52.579,0.135,33.533,0.08,52.579,0.135,5.0,3.0,0.0
chr5-140562384-140562385-G-A,TWJF-5120-13,Accept,3.157,39.0,16.0,48.0,3.131,25.249,1.5,2.0,8.995,227.117,16.0,0.08,0.0,978.155,543.54,13795.905,1009.84,5359.22358827856,3.3135,23979.1509865747,14.04425,5.2477717391304,0.0485744976031691,46.2246739130435,0.0058057887314844,0.294455009978265,0.0930005233967676,3333.94,8.88,15421.72,24.4,14.104,509.22,1.5,12170.09,16.0,409.85,3.0,7287.08,16.0,1447.09,2.6,19687.53,25.0,0.109202,1.5,0.001881,11.0,2.0,10.0,5997.52246638931,9.6,18279.5623628811,26.0,10.0,0.0,0.0,388.0,43.484,0.072,0.0,25.2493382296429,1.8,227.117186727976,12.0,53.6586818716373,3.5,190.827077866841,9.2,1.0,3.0,0.0
chr5-160670617-160670618-C-T,TWJF-5120-13,Pending,5.747,13.53,6.55,2.34,3.554,13.232,2.103,2.0,0.953,12.607,3.212,0.053,0.0,1442.539,1122.23,2116.096,264.13,2133.85752740148,6.394,2870.08138302277,7.45325,2.10336956521732,0.163920789164312,3.21203804347816,0.0871905546251501,0.421927854418755,0.300063104368746,284.01,11.28,133.57,8.6,1.467,4183.4,2.4,8536.88,4.0,751.22,5.1,1362.11,6.6,5732.75,2.7,9452.66,4.1,0.008609,2.5,0.004203,3.5,1.0,9.0,5044.15430351795,21.0,5560.05507446561,23.0,5.0,0.0,0.0,1371.0,43.875,0.081,0.0,13.2315279948173,7.0,12.6069491176335,6.5,25.0478238255911,18.0,21.7655677441733,16.0,1.0,3.0,0.0
chr6-105129485-105129486-C-T,TWJF-5120-13,Pending,1.4,0.93,1.45,0.87,0.0,38.748,0.47,2.0,1.056,40.902,0.46,0.074,0.0,166.323,68.27,178.752,65.06,169.256904971434,0.818124999999999,175.443347278159,0.839249999999999,1.12491847826072,0.374716625024689,1.1116576086955,0.380330952617235,0.041962898831116,0.0585708931903354,3771.4,0.47,3693.4,0.46,1.075,178.31,1.4,188.72,1.5,163.39,2.7,182.06,2.9,305.62,1.7,301.88,1.7,0.098836,1.4,0.097599,1.4,12.0,9.0,38.7482293332948,1.3,40.9022040991997,1.4,5.0,0.0,0.0,74.0,2.681,0.0,0.0,126.50567259795,2.0,130.65017626905,2.0,126.598919771549,2.0,132.260451216849,2.0,1.0,3.0,0.0
chr6-46688875-46688876-G-A,TWJF-5120-13,Pending,1.035,9.1,0.59,15.0,0.057,38.919,0.274,2.0,0.792,30.838,0.202,0.094,0.0,90.304,27.025,78.014,46.425,38.9192157559457,0.274375,30.8383209867663,0.202,0.449130434782603,0.693252417598737,0.354239130434763,0.752238119729665,0.0135815074900165,0.0331265206914395,5139.58,1.13,2878.57,0.35,0.864,72.95,0.67,76.03,0.68,73.76,1.9,45.09,1.4,97.97,0.73,61.28,0.49,0.167962,0.94,0.326671,0.5,9.0,9.0,82.6379931308113,2.6,79.9986856517797,2.5,5.0,0.0,0.0,18.0,0.343,0.167,0.0,229.144796720476,3.0,168.310031007232,2.4,227.211338434672,3.0,173.552150730983,2.5,1.0,3.0,0.0
chr6-83181850-83181851-C-T,TWJF-5120-13,Accept,0.79,8.7,1.148,8.9,3.03,45.39,0.21,2.0,1.676,76.08,0.31,0.075,0.0,126.977,23.24,135.745,25.645,161.154449392884,0.57375,280.122390562005,0.830125,0.509429347826057,0.659595720563138,1.09546195652158,0.386231428133514,0.360175895504653,0.194085681345314,45.39,0.81,76.08,1.2,1.069,92.8,0.42,121.65,0.53,165.16,1.7,149.84,1.6,277.29,0.77,306.44,0.83,0.613807,0.21,0.483585,0.31,3.0,10.0,6062.766657073,9.7,6330.91865694631,11.0,7.0,0.0,0.0,1208.0,45.907,0.066,0.0,62.8420002346341,4.0,49.9171751129198,3.3,90.9159330172931,5.5,88.4382214396643,5.4,1.0,3.0,0.0
chr7-142752527-142752527-T-TC,TWJF-5120-13,Pending,10.95,7.47,44.5,16.43,0.0,5.41,1.41,2.0,761.854,4121.63,29.64,0.081,0.0,3571.315,528.01,23808.002,1968.44,22787.2950154584,37.130375,28936.5698543616,63.321,22.1923097826087,0.010813969575586,99.2866032608696,0.0038399937792774,0.256225845543668,0.0271968399174511,5.41,1.41,4121.63,29.64,6.666,12349.83,5.3,38623.99,29.0,3416.85,9.9,35367.39,57.0,13577.49,5.8,39000.7,34.0,0.0009,6.5,7e-06,33.0,2.0,9.0,3725.77996753086,15.0,18679.4349151247,60.0,9.0,0.0,0.0,8086.0,4678.683,0.0,0.0,17.9725623942547,12.0,35.9426422318654,26.0,44.9541716987654,31.0,107.589527442808,55.0,1.0,0.0,0.0
chr7-152181644-152181645-AT-A,TWJF-5120-13,Accept,1.45,12.44,20.5,15.0,23.552,12.467,0.119,2.0,10.889,135.759,17.877,0.168,0.0,68.815,293.705,13288.219,750.825,39.7847535260845,0.119375,12246.6785763136,17.877375,0.272717391304326,0.803598158887013,18.6179891304348,0.0127897757392868,0.18738327594474,0.13374487881083,45.05,5.57,5056.58,32.28,193.101,1938.75,1.5,18890.61,8.0,92.58,1.8,14329.76,24.0,227.12,0.33,31463.84,20.0,0.415032,0.15,0.000151,13.0,2.0,9.0,912.748447087475,1.4,18478.4170164655,59.0,6.0,0.0,0.0,658.0,136.141,0.173,0.0,19.7974839704573,14.0,28.9474291732755,21.0,12.4672308160157,6.4,135.759428160934,61.0,1.0,0.0,0.0
chr7-47834978-47834979-C-T,TWJF-5120-13,Pending,9.7,2.23,19.0,5.03,0.0,224.335,0.43,2.0,3.69,827.853,0.53,0.086,0.0,3270.143,91.37,5454.645,286.34,224.33452548989,1.48225,827.852715716884,3.86625,0.824701086956395,0.498164039875751,1.49845108695642,0.266045247316028,0.261949554784223,0.33567659324035,13216.71,51.21,27274.73,80.62,1.668,328.47,0.43,453.39,0.53,6610.93,15.0,16316.49,26.0,10249.16,4.4,22260.7,12.0,0.02641,1.5,0.006239,2.9,0.0,9.0,5997.52246638931,25.0,10081.4370738872,39.0,1.0,0.0,0.0,21.0,0.719,0.0,0.0,542.762707225621,85.0,160.549885435265,65.0,535.512977636446,85.0,192.650437671984,69.0,1.0,3.0,0.0
chr9-98078270-98078271-A-G,TWJF-5120-13,Accept,0.4,6.6,0.675,7.79,27.385,19.87,0.09,2.0,0.937,18.62,0.21,0.061,0.0,131.79,58.87,330.645,97.35,336.312218451118,0.92525,361.259874751223,0.957375,1.10855978260854,0.380916811774838,1.02394021739116,0.412745974961016,0.2379220854491,0.295167370699346,19.87,0.33,18.62,0.31,2.509,130.66,0.55,308.29,0.99,25.55,0.09,40.03,0.21,132.92,0.47,353.0,0.92,0.565489,0.23,0.403549,0.43,4.0,11.0,333.692843203167,0.1,471.752198162359,0.2,8.0,0.0,0.0,2197.0,103.731,0.264,0.0,131.79,0.4,330.645,0.675,131.79,0.4,330.645,0.675,1.0,3.0,0.0
chrX-74743916-74743917-C-T,TWJF-5120-13,Pending,25.5,17.0,27.812,14.0,0.0,1485.268,12.0,2.0,0.362,537.157,5.4,0.265,0.0,8148.13,244.4,5050.877,207.6,31460.1862243609,57.38875,27323.0245017155,27.6235,99.2866032608696,0.0032646524505687,99.2866032608696,0.0038089764288642,0.004113019160286,0.0091437447772477,5654.41,94.28,5602.09,69.65,0.62,23700.62,41.0,16141.24,28.0,10641.85,17.0,4242.33,8.4,14666.39,19.0,5664.56,8.7,0.001191,13.0,0.010222,4.9,0.0,11.0,1485.26775588534,12.0,537.157411716568,5.4,11.0,0.0,0.0,56.0,0.669,0.0,0.0,1870.29451409869,19.0,3372.17418955226,28.0,4103.74153597685,32.0,4499.66311680576,33.0,1.0,3.0,0.0
chr1-114677966-114677967-G-T,TWJF-10146-MO011-0029,Pending,2.54,14.0,3.5,16.0,0.0,369.59,1.17,2.0,4.491,1659.97,2.3,0.47,0.0,776.028,149.435,2611.43,172.185,2910.56742050316,2.080125,1815.03034250326,1.62975,4.32959239130432,0.0601663450175993,2.83290760869558,0.104732664252486,0.190809831023216,0.23155477270484,4099.86,1.17,4755.49,2.3,3.365,369.59,1.4,1659.97,3.5,390.37,3.0,2145.7,7.3,612.94,1.7,2033.06,3.5,0.054904,1.9,0.021205,3.4,2.0,10.0,3307.718431318,7.3,4676.22687348547,12.0,1.0,0.0,0.0,2.0,0.195,0.0,0.0,832.357697176752,12.0,4648.46965233001,29.0,719.697509794937,9.9,3077.15944444033,24.0,1.0,3.0,0.0
chr1-228376861-228376862-C-T,TWJF-10146-MO011-0029,Accept,0.07,0.16,0.063,1.29,107.286,11.75,0.013,2.0,0.833,9.79,0.008,0.702,0.0,40.298,25.24,40.53,83.21,40.2978026831845,0.062625,40.5296940826463,0.062625,0.0130978260869767,0.975277529068732,0.0084239130434866,0.979170418798943,0.831373013556004,0.882500492036343,11623.15,8.22,16944.46,14.15,1.006,40.298,0.07,40.53,0.063,11.75,0.06,9.79,0.04,40.11,0.07,36.31,0.06,0.844982,0.1,0.850118,0.09,2.0,9.0,69.5018303009072,0.1,72.5758484586572,0.1,7.0,0.0,0.0,318.0,161.576,0.664,0.0,40.298,0.07,40.53,0.063,40.298,0.07,40.53,0.063,1.0,3.0,0.0
chr1-242107791-242107792-A-G,TWJF-10146-MO011-0029,Review,0.043,1.3,0.081,1.5,0.144,0.283,0.01,2.0,2.661,0.753,0.01,0.196,0.0,20.325,13.575,26.2,19.085,40.1068311415029,0.01875,51.8597816788381,0.062875,0.0657880434782782,0.93761179127558,0.208940217391273,0.844391027517696,0.557311818003654,0.339949641376734,59.64,0.6,56.42,0.57,1.289,18.28,0.01,16.37,0.01,13.13,0.01,20.35,0.02,22.37,0.02,32.05,0.02,0.902674,0.01,0.774546,0.02,6.0,9.0,323.035299579482,0.3,340.992504225032,0.3,1.0,0.0,0.0,6.0,0.432,0.333,0.0,0.283015355773162,0.1,0.753026049413528,0.1,0.954047504738837,0.1,1.93005639945682,0.2,1.0,3.0,0.0
chr1-43991893-43991894-C-A,TWJF-10146-MO011-0029,Accept,0.38,1.56,0.755,1.87,3.377,16.89,0.1,2.0,1.323,22.34,1.2,0.082,0.0,70.373,103.26,120.142,119.63,46.6352120244036,0.144,79.5031965376259,0.268375,0.380624999999981,0.735810943667363,0.730353260869435,0.54286570842878,0.122290298342705,0.0278156623244285,1394.22,0.1,4122.46,1.2,1.707,16.89,0.15,22.34,0.2,21.14,0.51,29.56,0.78,41.8,0.25,108.87,0.53,0.323478,0.38,0.242151,0.55,5.0,9.0,456.685289375157,1.8,567.017447389529,2.5,3.0,0.0,0.0,343.0,50.401,0.067,0.0,109.544354352386,1.4,150.86552207798,1.9,94.1109158891949,1.1,131.413505377668,1.7,1.0,3.0,0.0
chr1-57015363-57015364-C-T,TWJF-10146-MO011-0029,Pending,3.05,0.24,6.046,0.27,0.0,136.33,0.65,2.0,0.247,33.64,0.57,0.437,0.0,683.683,18.405,1134.436,23.145,1076.66096139073,1.2765,2472.70436064329,1.906875,3.45448369565209,0.0793135871229249,6.79260869565216,0.0369093990112049,0.0016943477094173,0.0010325238108634,5348.71,6.04,5626.72,17.63,1.659,136.33,0.7,33.64,0.29,354.15,2.8,1115.02,5.3,147.65,0.65,116.47,0.57,0.083207,1.4,0.083236,1.4,2.0,10.0,1785.20149967003,3.3,3133.52874666195,6.8,2.0,0.0,0.0,4.0,0.297,0.0,0.0,667.282906718484,9.4,1097.26114319254,14.0,700.083754612219,9.7,1153.85171526983,15.0,1.0,3.0,0.0
chr1-979348-979349-G-A,TWJF-10146-MO011-0029,Reject,3.5,1.64,4.82,2.06,0.138,416.702,0.75,2.0,2.503,1043.086,0.76,0.214,0.0,1523.591,154.79,2075.95,177.01,416.702230288944,0.804124999999999,1043.08636114398,1.254875,1.66154891304338,0.231085438001944,1.44845108695642,0.2774679238321,0.094246819615364,0.415438547730446,5408.38,7.03,5333.95,5.84,1.363,1429.58,3.2,1701.71,3.5,588.9,3.8,1407.05,5.9,1457.5,2.9,2314.05,3.8,0.174183,0.75,0.172292,0.76,0.0,10.0,3454.01654281483,7.7,4018.92584890218,9.1,4.0,4.0,1.0,4.0,0.552,0.25,0.0,1589.68106024571,17.0,1837.84973493098,19.0,1671.66788824728,18.0,2438.6529538195,22.0,2.0,3.0,1.0
chr10-117543493-117543494-C-T,TWJF-10146-MO011-0029,Pending,3.26,0.67,1.81,2.93,0.0,167.56,0.73,2.0,0.396,66.33,0.58,0.157,0.0,1080.009,54.43,497.462,181.18,2223.64182854326,1.80275,650.392553297133,1.000625,5.34668478260863,0.0475638202653576,2.24152173913036,0.148360801238545,0.0467079989612102,0.0623449645936489,5160.78,4.12,4545.84,1.82,0.461,167.56,0.79,66.33,0.45,286.79,2.4,154.78,1.8,472.88,1.5,353.54,1.2,0.179939,0.73,0.231857,0.58,1.0,10.0,3380.0760613847,7.5,2781.92241107235,5.9,4.0,0.0,0.0,1.0,0.148,0.0,0.0,984.713744987799,14.0,443.925405432079,7.0,1175.30342026532,15.0,550.997971501483,8.2,1.0,3.0,0.0
chr10-126459179-126459180-C-T,TWJF-10146-MO011-0029,Reject,1.805,5.0,3.834,14.0,0.083,320.359,0.698,2.0,5.53,1771.616,1.611,0.795,0.0,509.888,51.715,1111.342,219.245,320.35923980509,0.697999999999999,1771.61642498264,1.6115,1.28616847826078,0.322847407227769,4.0479076086956,0.0655902518735292,0.15249190852046,0.0805447734892368,4436.09,1.61,5083.67,3.62,2.18,349.19,1.4,722.58,2.1,479.47,3.9,1183.39,5.7,835.39,2.0,1305.99,2.7,0.160572,0.8,0.101964,1.2,2.0,9.0,973.968525934644,5.0,1039.29477233106,5.5,4.0,0.0,0.0,2.0,0.083,1.0,0.0,465.146759778906,5.0,652.514249250438,6.3,540.30626085396,5.6,834.910648294982,7.7,1.0,3.0,0.0
chr10-21766296-21766297-C-G,TWJF-10146-MO011-0029,Accept,0.768,27.0,0.807,16.0,47.559,60.8,0.3,2.0,0.546,33.19,0.4,0.369,0.0,1097.049,952.225,890.464,373.35,180.396451780783,0.429875,210.799682118338,0.478,0.796711956521605,0.511924374651175,0.814918478260736,0.503192448664607,0.217664420604706,0.250549882650375,60.8,7.93,33.19,3.06,0.812,17047.0,4.9,16440.71,4.6,1834.15,0.72,1362.11,0.56,5775.27,1.2,4424.7,0.85,0.091607,0.74,0.085126,0.8,1.0,11.0,359.94793166265,0.3,418.817926575128,0.4,8.0,0.0,0.0,1487.0,97.859,0.486,0.0,1097.049,0.768,890.464,0.807,1097.049,0.768,890.464,0.807,1.0,3.0,0.0
chr10-42830383-42830394-GCGGAGACCGGC-G,TWJF-10146-MO011-0029,Reject,33.785,34.46,21.5,79.5,5.765,168.89,2.1,2.0,1.12,189.16,0.6,0.15,0.0,14055.669,2030.71,4664.775,8326.44,30574.707933727,42.57025,22124.5542507143,12.77775,99.2866032608696,0.0033161945583256,62.7446739130435,0.0045576481116079,0.0007170095659603,0.0021349601447582,168.89,21.74,189.16,23.64,0.332,22956.84,9.3,5480.85,0.68,34423.54,56.0,23571.74,28.0,45586.49,76.0,40716.85,43.0,9e-06,45.0,7.2e-05,23.0,0.0,9.0,5154.49714516903,25.0,3848.70047370434,20.0,6.0,0.0,0.0,1024.0,47.256,0.122,0.0,256.542900141019,3.3,234.509262024085,2.9,198.618638251442,2.1,86.9000447314361,0.6,1.0,0.0,0.0
chr11-111723821-111723822-C-A,TWJF-10146-MO011-0029,Pending,24.5,4.9,54.5,6.1,1.064,264.253,2.771,2.0,11.066,2924.287,1.796,0.058,0.0,6840.802,139.1,14653.032,182.35,5110.47709886863,2.7705,2418.67573262263,1.796125,12.1872282608695,0.0193061888935768,6.63130434782606,0.037734691959496,0.0120637826621532,0.0014597401022911,3741.47,79.79,6610.28,88.47,2.142,34222.27,29.0,34934.21,31.0,42051.98,95.0,42740.04,98.0,44752.26,68.0,44340.18,65.0,0.000116,20.0,0.000223,15.0,0.0,9.0,8571.12627878052,36.0,22695.7842337769,63.0,3.0,0.0,0.0,249.0,33.24,0.032,1.0,625.40305733947,9.7,4944.92831324068,67.0,264.253044754423,3.4,2924.28704313759,46.0,1.0,3.0,0.0
chr11-30331018-30331019-G-A,TWJF-10146-MO011-0029,Accept,0.17,0.63,0.255,0.53,19.735,24.672,0.003,2.0,1.239,30.569,0.015,0.846,0.0,59.798,51.81,72.442,46.34,24.6715682898108,0.002875,30.5685844945734,0.014625,0.0108695652174048,0.977454917827215,0.0176630434782936,0.971207024495277,0.723359916359186,0.711250327527523,39.03,0.15,108.92,0.32,1.211,66.1,0.19,70.21,0.21,64.78,0.38,76.61,0.44,57.59,0.13,69.08,0.15,0.887312,0.03,0.836279,0.04,7.0,9.0,98.2569506316853,0.2,134.472479246524,0.3,5.0,0.0,0.0,80.0,22.868,0.863,0.0,62.0054694590298,0.3,69.0923556709858,0.3,56.5158156726779,0.3,74.6741005108025,0.4,1.0,3.0,0.0
chr11-72231572-72231573-G-A,TWJF-10146-MO011-0029,Reject,2.15,5.5,2.08,3.3,235.676,129.757,0.396,2.0,0.951,123.448,0.381,0.356,0.0,652.03,46.16,600.76,42.875,129.756605563381,0.395625,123.448375071326,0.381375,0.74154891304336,0.538267043501958,0.839918478260756,0.490851655937395,0.157068572938442,0.0896953307092189,4526.82,1.78,4703.18,2.16,0.921,822.05,2.2,712.83,2.0,560.92,4.1,520.0,4.0,863.65,2.1,827.64,2.0,0.067223,1.6,0.068801,1.6,3.0,9.0,743.140059082542,3.7,681.520482356048,3.4,4.0,0.0,0.0,2554.0,487.941,0.483,1.0,224.176456447908,2.8,229.398196917476,2.8,256.826598581329,3.1,264.630562538432,3.2,1.0,3.0,0.0
chr12-113153354-113153355-C-A,TWJF-10146-MO011-0029,Pending,1.75,3.68,2.6,15.83,0.0,251.87,0.25,2.0,1.376,346.57,0.34,0.143,0.0,2347.916,99.84,2484.669,464.33,292.333936083657,1.045625,435.244072169721,1.45375,1.35964673913034,0.302296508477485,1.8984782608695,0.190411417266916,0.100319501012564,0.0369117707014083,1352.13,5.01,1078.77,4.35,1.058,8430.13,3.0,9057.18,3.3,251.87,0.25,346.57,0.34,5677.38,1.5,8742.15,2.3,0.017963,2.0,0.009668,2.9,2.0,10.0,3343.70152488211,2.4,3890.56865327316,3.0,9.0,0.0,0.0,0.0,0.193,0.0,0.0,2347.916,1.75,2484.669,2.6,2347.916,1.75,2484.669,2.6,3.0,3.0,0.0
chr13-110183209-110183210-C-G,TWJF-10146-MO011-0029,Pending,3.218,13.09,2.533,38.36,0.0,1151.619,0.93,2.0,0.567,652.981,2.04,0.206,0.0,3093.94,717.96,4576.122,2338.22,1151.61936467158,3.218125,652.981193854048,2.533375,3.526929347826,0.0772009045628104,2.46326086956512,0.129075369270019,0.0118935666978359,0.0177494473755359,1214.49,0.93,2996.64,2.04,1.479,3093.94,3.218,4576.122,2.533,7761.67,8.6,11412.55,13.0,3093.94,2.0,4767.52,2.8,0.244857,0.98,0.230003,1.1,0.0,11.0,4242.33386040426,7.2,4576.12241190687,7.8,7.0,0.0,0.0,351.0,55.841,0.0,0.0,3093.94,3.218,4576.122,2.533,3093.94,3.218,4576.122,2.533,1.0,3.0,0.0
chr13-20439603-20439604-C-G,TWJF-10146-MO011-0029,Reject,1.6,12.42,1.461,13.03,4.848,83.44,0.4,2.0,1.239,103.4,0.45,0.7,0.0,801.611,646.17,942.862,677.87,396.00934639672,1.995375,318.129150034666,1.776,1.62260869565208,0.238289423909649,1.46108695652164,0.274735701185579,0.0916004255414009,0.0855652503669262,15441.48,12.26,9356.01,6.28,1.176,801.611,1.6,942.862,1.461,83.44,0.4,103.4,0.45,2185.02,1.6,2209.69,1.6,0.128906,1.6,0.175388,1.3,2.0,11.0,801.610620817419,0.5,942.861739365281,0.7,1.0,0.0,0.0,102.0,6.337,0.765,0.0,801.611,1.6,942.862,1.461,801.611,1.6,942.862,1.461,1.0,3.0,0.0
chr14-23052057-23052058-AG-A,TWJF-10146-MO011-0029,Accept,0.87,0.03,6.729686523773191,3.683817753254478,11.886,18.62,0.17,2.0,93.75174913840286,2734.517864816316,4.458212706345009,0.777,0.0,38.683,11.64,3594.1325175990655,202.63434455709734,1882.93656427643,1.661125,5330.166453571688,5.549966759685809,5.05404891304345,0.0507162002447499,13.388668983241814,-0.010056074470128185,0.0201230160892009,0.015755497742941077,4130.2,1.21,6720.9945524278755,9.696534897530517,13.811866189506773,18.62,0.17,4432.770985757306,5.8227202458923015,21.6,0.53,4006.928795557309,8.345847838981058,43.82,0.26,4700.3291752096,5.972906134032823,0.073602,1.5,0.07592448228568185,7.686696217621194,22.0,9.0,367.821932979062,1.3,3148.5740006183923,7.644691339582305,1.0,0.0,0.0,48.0,14.638,0.812,0.0,21.408685386831,0.3,5562.445384422468,7.287261627076866,33.5459426364854,0.5,6205.240950791147,8.18286549846711,1.0,0.0,0.0
chr15-22851842-22851843-C-A,TWJF-10146-MO011-0029,Accept,6.992,1.0,7.9,0.52,17.209,3423.54,0.79,2.0,1.128,3862.38,0.89,0.703,0.0,5346.006,72.46,6406.38,45.18,4391.12316185741,7.883875,6111.4525569207,9.973625,10.2319836956522,0.0237832258431128,14.2770380434783,0.0166464299697869,0.0306523218750953,0.0185104757547378,4886.04,11.57,6201.83,13.66,1.198,20891.96,9.2,19121.95,8.1,6978.43,6.1,8853.9,7.7,3423.54,0.79,3862.38,0.89,0.010746,2.7,0.005938,3.8,1.0,10.0,5805.97248675531,5.5,6610.93083536569,6.8,1.0,0.0,0.0,379.0,19.293,0.892,0.0,5346.006,6.992,6406.38,7.9,5346.006,6.992,6406.38,7.9,1.0,3.0,0.0
chr16-24790656-24790657-G-A,TWJF-10146-MO011-0029,Pending,17.0,0.95,4.95,0.66,10.238,171.009,1.7,2.0,0.802,137.094,1.1,0.126,0.0,5616.584,370.27,1319.6,305.21,9871.05551400728,4.507,2059.77822766006,1.651875,24.5792391304348,0.0098753488917666,5.78807065217389,0.0439577852468812,0.000617291778326,0.0023408383131027,267.21,29.69,221.23,26.31,0.235,30158.88,20.0,19511.74,6.4,21617.22,24.0,10357.86,7.9,36811.18,29.0,19012.61,5.1,0.000276,14.0,0.011327,2.6,0.0,9.0,1362.11254533707,6.2,579.421175080228,2.2,2.0,0.0,0.0,674.0,63.987,0.16,0.0,401.014429591708,5.7,345.270918414332,4.8,171.009406601905,1.7,137.094489905691,1.1,5.0,3.0,0.0
chr16-71537275-71537276-T-C,TWJF-10146-MO011-0029,Pending,4.5,1.4,3.469,1.2,0.474,860.02,2.201,2.0,0.735,631.81,1.862,0.119,0.0,2039.307,64.245,1624.083,67.04,3229.12499545704,2.200875,2376.0957519171,1.861875,6.32709239130432,0.0393654915544013,3.23874999999992,0.0868006378321813,0.0932365581393241,0.246820297092199,5493.91,9.22,5258.45,4.96,0.796,1770.37,3.6,850.75,2.3,860.02,4.5,631.81,4.0,1932.91,3.4,675.49,1.8,0.013866,4.3,0.03573,2.5,0.0,10.0,2145.7036159278,4.5,1904.93895517228,3.7,6.0,0.0,0.0,59.0,2.334,0.203,0.0,1668.43772075288,18.0,1473.36381629703,17.0,2148.57243662034,20.0,1774.80237006391,18.0,1.0,3.0,0.0
chr17-11932025-11932026-A-T,TWJF-10146-MO011-0029,Pending,0.588,8.4,1.276,11.63,0.0,130.797,0.335,2.0,5.427,709.775,0.952,0.414,0.0,922.896,370.67,2289.805,526.35,130.796565271042,0.335375,709.775306435687,0.952,0.646739130434725,0.583636578277708,1.8201630434782,0.202619053253641,0.211364489048719,0.193029925227165,593.41,45.02,2735.51,74.47,2.481,9229.41,1.7,10398.5,2.0,902.93,0.49,1844.1,0.91,2393.42,0.53,4057.86,0.79,0.271498,0.34,0.126411,0.62,1.0,8.0,942.861739365281,1.3,1133.26246020407,1.6,8.0,0.0,0.0,0.0,0.014,0.0,0.0,922.896,0.588,2289.805,1.276,922.896,0.588,2289.805,1.276,1.0,3.0,0.0
chr17-19003955-19003957-TC-CT,TWJF-10146-MO011-0029,Review,0.45,0.14,1.95,0.38,6.138847997844646,95.448,0.24,2.0,2.243,214.118,0.85,0.049,0.0,272.812,21.36,1330.51,37.36,95.4484563837732,0.289375,214.117668398757,0.78875,0.349538043478233,0.755441351917624,0.476902173913004,0.676711902661297,0.348186943680048,0.46001135930419,156.14,1.25,1215.39,4.68,4.877,637.12,0.24,2684.38,0.85,377.91,0.55,1445.63,1.8,1119.31,0.26,7927.47,2.1,0.183702,0.3,0.036962,1.3,2.0,9.0,1550.96012730843,3.3,1709.58761513716,3.9,3.0,0.0,0.0,560.8254918355373,23.418,0.0699888597338802,0.0,115.560656392026,1.8,296.35345856686,3.8,167.714263741877,2.4,452.449382679928,5.3,5.0,3.0,0.0
chr17-28917403-28917404-C-G,TWJF-10146-MO011-0029,Pending,0.495,0.35,0.249,0.46,0.0,37.92,0.26,2.0,0.677,25.69,0.1,0.138,0.0,235.554,9.085,143.864,11.425,168.897162623007,0.4715,39.8098545223266,0.1155,0.885896739130317,0.471454227918552,0.208940217391273,0.843938322293197,0.153790563344955,0.26638100668788,2219.04,0.26,1392.15,0.1,0.611,53.32,0.39,32.93,0.29,37.92,0.68,25.69,0.44,52.84,0.31,27.52,0.17,0.267613,0.49,0.669231,0.1,5.0,10.0,503.393672721951,0.5,482.07196139087,0.5,4.0,0.0,0.0,1131.0,192.661,0.0,0.0,302.210813563855,5.2,247.919107620279,4.6,360.703203982561,5.9,281.287219427814,5.0,1.0,3.0,0.0
chr17-28919176-28919177-C-A,TWJF-10146-MO011-0029,Pending,0.09,4.93,0.107,12.55,0.0,14.43,0.05,2.0,1.306,18.85,0.07,0.148,0.0,40.884,312.73,45.172,1046.59,40.8837965745619,0.065375,45.1723358506428,0.106625,0.176141304347794,0.865571881519169,0.0794021739130386,0.928761399129646,0.323018126189709,0.549790427088737,28895.52,42.62,31909.39,56.99,1.105,40.884,0.09,45.172,0.107,14.43,0.06,18.85,0.12,30.35,0.05,41.0,0.07,0.870076,0.09,0.887672,0.07,5.0,9.0,514.405605540615,1.2,618.284248621816,1.6,8.0,0.0,0.0,1054.0,192.661,0.0,0.0,40.884,0.09,45.172,0.107,40.884,0.09,45.172,0.107,1.0,3.0,0.0
chr17-61408173-61408174-G-A,TWJF-10146-MO011-0029,Reject,2.5,0.84,3.9,0.71,0.912,272.11,0.684,2.0,4.167,1133.8,1.212,0.183,0.0,505.426,188.58,1079.242,171.21,307.191869923519,0.683749999999999,963.69332892853,1.21225,1.38801630434772,0.293948260994215,2.79543478260862,0.106627147508228,0.102653134614229,0.0634142085909843,5404.2,6.95,5648.87,20.51,2.135,272.11,1.2,1133.8,2.7,611.63,4.3,2122.61,7.6,1269.51,2.6,2448.96,4.0,0.05409,1.9,0.023105,3.2,2.0,9.0,548.907939487181,2.4,751.224325876238,3.8,6.0,0.0,0.0,157.0,8.945,0.102,1.0,461.944712007429,5.0,1024.68410632052,8.8,426.226060487295,4.8,1013.07127177561,8.7,1.0,3.0,0.0
chr17-7675189-7675189-G-GC,TWJF-10146-MO011-0029,Review,0.485,1.18,17.0,2.21,0.0,27.01,0.14,2.0,685.459,18514.24,19.0,0.73,1.0,189.22,129.08,18514.24,185.12,78.3034371331429,0.48525,6762.50337240017,7.266,0.469836956521675,0.681657287486173,16.1575543478261,0.0143429576095845,0.190258447080851,0.0035456046462059,15932.65,12.84,27832.37,38.53,97.845,189.22,0.485,18514.24,17.0,27.01,0.14,18514.24,19.0,189.22,0.24,22924.81,17.0,0.393919,0.62,0.000389,24.0,6.0,10.0,1567.83228391243,1.6,5099.02725598475,9.1,10.0,4.0,0.0,121.0,27.149,0.0,0.0,189.22,0.485,18514.24,17.0,189.22,0.485,18514.24,17.0,1.0,0.0,1.0
chr17-81691455-81691456-C-T,TWJF-10146-MO011-0029,Reject,0.75,6.14,33.0,8.06,43.643,50.6,0.38,2.0,599.086,30313.77,33.0,0.273,0.0,611.631,338.16,30313.77,429.15,103.460585268312,0.720375,22330.6050174259,27.75625,0.78812499999988,0.515545290880267,62.7446739130435,0.0045583510809245,0.0691269151866436,0.0047237549260898,26654.99,34.46,32997.26,63.32,49.562,611.631,0.75,30313.77,33.0,50.6,0.38,30313.77,33.0,1063.06,0.9,32893.89,33.0,0.325132,0.75,0.000234,29.0,2.0,8.0,611.630610489998,0.4,7208.65719926761,15.0,8.0,7.0,0.0,696.0,156.427,0.279,0.0,611.631,0.75,30313.77,33.0,611.631,0.75,30313.77,33.0,1.0,3.0,1.0
chr17-9861194-9861195-A-G,TWJF-10146-MO011-0029,Pending,3.1,1.08,5.0,4.72,0.0,167.714,1.3,2.0,0.867,145.402,3.6,0.158,0.0,2131.389,219.61,3788.21,606.76,1683.77199888821,4.0665,7744.37614402493,11.98825,4.15711956521734,0.0631025904510167,18.6179891304348,0.012778556484991,0.054903257638216,0.0076759085059165,303.91,1.95,373.91,2.24,1.777,5842.21,2.1,5106.65,1.8,9146.01,8.6,13356.59,14.0,5105.1,1.3,11996.61,3.6,0.008424,3.1,0.002062,6.4,1.0,9.0,2579.00523176605,6.9,2469.76904535209,6.5,9.0,0.0,0.0,0.0,0.0,0.0,0.0,231.105350348144,3.1,231.105350348144,3.1,167.714263741876,2.4,145.401872685066,2.1,1.0,3.0,0.0
chr18-14752874-14752875-C-G,TWJF-10146-MO011-0029,Pending,0.18,1.02,0.195,1.7,0.0,36.103,0.027,2.0,1.161,41.928,0.064,0.095,0.0,362.031,82.65,335.772,94.945,36.1028244199947,0.04025,41.9280550107261,0.064375,0.0267391304348052,0.96435942315638,0.0670652173913168,0.936932075101702,0.694632105529308,0.566236056387424,82.02,11.31,35.31,3.45,0.927,12791.28,2.9,10837.88,2.1,371.82,0.19,307.68,0.17,494.34,0.17,505.78,0.18,0.59152,0.15,0.462311,0.21,5.0,8.0,352.242489888701,0.4,363.863633791522,0.4,1.0,0.0,0.0,9.0,0.521,0.0,0.0,362.031,0.18,335.772,0.195,362.031,0.18,335.772,0.195,1.0,3.0,0.0
chr19-39314605-39314606-G-A,TWJF-10146-MO011-0029,Reject,5.3,26.0,31.822,32.0,7.404,220.84,0.523,2.0,15.363,3392.67,8.096,0.18,0.0,1501.815,382.315,12106.93,706.195,244.268183780553,0.523125,17082.7783891732,8.096125,0.984076086956378,0.428446923256857,31.6431793478261,0.0078675799585902,0.205943439155817,0.0863788425922393,220.84,26.28,3392.67,78.17,8.062,17132.43,5.0,34306.79,29.0,19088.05,20.0,40708.92,86.0,19976.13,5.6,42160.86,50.0,0.056553,1.1,0.000501,11.0,0.0,9.0,1062.02975060326,4.6,7131.08155905495,32.0,9.0,0.0,0.0,706.0,37.967,0.195,0.0,1941.60105810804,32.0,2673.9913620409,43.0,783.465721865295,14.0,1199.55454340561,21.0,1.0,3.0,0.0
chr19-39913736-39913737-T-G,TWJF-10146-MO011-0029,Pending,1.1,4.72,0.209,4.66,9.67,146.01,0.68,2.0,0.341,49.717,0.14,0.097,0.0,10354.2,607.97,2037.49,601.17,146.009844152343,0.851625,49.7169833135104,0.133875,1.08366847826071,0.38978800204596,0.208940217391273,0.843870902412679,0.0194425694644451,0.327247653156519,24459.55,42.17,30243.17,58.79,0.197,10354.2,1.1,2037.49,0.209,10354.2,1.3,2037.49,0.22,11863.91,0.68,3894.7,0.14,0.008852,1.1,0.103628,0.14,6.0,10.0,1262.75821593613,2.2,442.099590302049,0.4,1.0,0.0,0.0,17.0,81.949,0.118,0.0,10354.2,1.1,2037.49,0.209,10354.2,1.1,2037.49,0.209,1.0,3.0,0.0
chr2-11635286-11635287-T-C,TWJF-10146-MO011-0029,Pending,5.45,4.3,8.35,4.1,0.0,773.82,0.45,2.0,2.5,1934.817,0.77,0.13,0.0,1925.983,32.335,3293.933,31.24,1276.99785771952,1.380625,1688.54538444844,1.575625,2.95114130434774,0.0987149078620911,3.5994836956521,0.0757360235262511,0.116411250084639,0.111096225678921,2904.69,0.45,3587.06,0.77,1.71,2123.78,4.0,4817.92,7.1,3606.79,9.8,7989.04,17.0,5482.93,6.9,8522.85,9.6,0.036186,2.5,0.021435,3.4,3.0,9.0,1728.18540463734,9.8,3000.80519647765,17.0,3.0,0.0,0.0,22.0,2.46,0.0,0.0,930.229268665055,8.2,2407.63140721232,17.0,773.820088696776,7.2,1934.81746956051,15.0,1.0,3.0,0.0
chr2-1889469-1889470-T-G,TWJF-10146-MO011-0029,Pending,2.6,6.3,3.899,7.2,0.0,511.199,0.62,2.0,0.929,474.887,1.1,0.084,0.0,1136.23,391.89,1638.58,457.88,2259.71419627317,1.82125,3754.20505787617,2.375875,2.34546195652166,0.138341736076705,3.89864130434776,0.0683657858500564,0.381192646920681,0.299273662269115,5178.21,4.25,5254.45,4.92,1.442,1136.5,2.7,1986.78,3.9,1340.18,6.1,1290.38,6.0,1135.96,2.5,2255.0,3.8,0.215454,0.62,0.11238,1.1,2.0,9.0,514.405605540615,2.2,508.869852753973,2.2,6.0,0.0,0.0,0.0,0.003,0.0,0.0,511.199005190135,5.4,474.886692776977,5.1,654.093750935443,6.3,613.25344984471,6.1,1.0,3.0,0.0
chr2-240568619-240568620-G-A,TWJF-10146-MO011-0029,Accept,2.485,5.9,2.276,8.49,9.028,113.71,0.765,2.0,0.942,107.14,0.633,0.124,0.0,302.615,1248.4,239.753,1672.36,380.288168167473,0.765249999999999,268.977393083996,0.632749999999999,1.87081521739124,0.194501191854924,1.55282608695644,0.253269387255292,0.0072929263114929,0.0082513689994812,5022.77,3.28,5136.15,3.96,0.792,284.05,1.2,210.12,0.9,113.71,1.5,107.14,1.5,321.18,1.2,387.43,1.3,0.018706,3.7,0.021783,3.3,1.0,10.0,1709.58761513716,3.1,1672.99030017259,3.0,4.0,0.0,0.0,202.0,72.807,0.124,0.0,173.105154530374,3.4,210.528065579568,4.0,170.667175075788,3.3,192.819077169373,3.7,1.0,3.0,0.0
chr2-240964517-240964518-G-T,TWJF-10146-MO011-0029,Pending,0.515,0.07,0.325,0.46,0.046,62.391,0.11,2.0,0.663,41.387,0.1,0.354,0.0,237.27,112.57,239.394,251.45,62.3913478891651,0.148125,41.3874195683638,0.062375,0.500163043478224,0.664159786214587,0.191467391304343,0.855348635219352,0.105420231819153,0.30230500549078,173.27,22.17,132.97,17.93,1.009,2242.31,0.15,3371.46,0.32,1011.56,0.53,601.78,0.33,248.5,0.11,198.14,0.1,0.614687,0.14,0.727019,0.1,1.0,9.0,226.039309613391,0.6,280.648918037273,0.7,5.0,0.0,0.0,26.0,0.099,0.462,0.0,674.776578788935,12.0,663.987647435815,12.0,183.239880551168,1.8,182.39796977548,1.8,5.0,3.0,0.0
chr2-240964517-240964519-GC-TA,TWJF-10146-MO011-0029,Review,0.515,0.07,0.325,0.46,0.46009835592851234,62.391,0.11,2.0,0.663,41.387,0.1,0.378,0.0,237.27,112.57,239.394,251.45,62.3913478891651,0.148125,41.3874195683638,0.062375,0.500163043478224,0.664159786214587,0.191467391304343,0.855348635219352,0.105420231819153,0.30230500549078,173.27,22.17,132.97,17.93,1.009,2242.31,0.15,3371.46,0.32,1011.56,0.53,601.78,0.33,248.5,0.11,198.14,0.1,0.614687,0.14,0.727019,0.1,1.0,9.0,226.039309613391,0.6,280.648918037273,0.7,5.0,0.0,0.0,385.3408543078895,0.099,0.25399091910649185,0.0,674.776578788935,12.0,663.987647435815,12.0,183.239880551168,1.8,182.39796977548,1.8,5.0,3.0,0.0
chr2-240964518-240964519-C-A,TWJF-10146-MO011-0029,Pending,0.515,0.07,0.325,0.46,0.046,62.391,0.11,2.0,0.663,41.387,0.1,0.354,0.0,237.27,112.57,239.394,251.45,62.3913478891651,0.148125,41.3874195683638,0.062375,0.500163043478224,0.664159786214587,0.191467391304343,0.855348635219352,0.105420231819153,0.30230500549078,173.27,22.17,132.97,17.93,1.009,2242.31,0.15,3371.46,0.32,1011.56,0.53,601.78,0.33,248.5,0.11,198.14,0.1,0.614687,0.14,0.727019,0.1,1.0,9.0,226.039309613391,0.6,280.648918037273,0.7,5.0,0.0,0.0,26.0,0.099,0.462,0.0,674.776578788935,12.0,663.987647435815,12.0,183.239880551168,1.8,182.39796977548,1.8,5.0,3.0,0.0
chr2-26482518-26482519-G-T,TWJF-10146-MO011-0029,Review,0.105,1.89,0.095,3.12,0.538,38.361,0.03,2.0,1.02,39.13,0.05,0.268,0.0,71.815,108.76,79.94,160.51,38.3612963961133,0.0495,39.1301025816466,0.05225,0.321684782608685,0.772398741896805,0.339782608695643,0.760771036682742,0.124519024044275,0.111597005277872,52.05,6.42,40.83,4.43,1.113,1713.42,0.1,1059.26,0.06,91.58,0.08,93.08,0.08,43.05,0.03,66.8,0.05,0.695641,0.11,0.690213,0.11,5.0,8.0,283.701963961855,0.3,174.344676921567,0.2,6.0,0.0,0.0,2.0,0.538,1.0,0.0,71.815,0.105,79.94,0.095,71.815,0.105,79.94,0.095,1.0,3.0,0.0
chr2-32115756-32115757-G-T,TWJF-10146-MO011-0029,Pending,3.74,14.7,31.0,12.33,3.519,378.46,1.287,2.0,2.844,1076.515,19.283,0.081,0.0,1549.663,765.75,16768.177,641.46,1272.29662362816,1.287375,25590.4165493497,19.282625,3.67942934782602,0.0731815467282176,62.7446739130435,0.0041221540266996,0.0229123048484325,0.0135796107351779,1827.03,67.1,3146.99,76.92,10.821,14948.83,3.8,30146.16,20.0,11233.42,8.7,37132.0,67.0,14036.51,3.2,42835.87,54.0,0.02196,1.8,4.5e-05,27.0,0.0,9.0,855.376437201731,3.5,7945.93674759663,35.0,9.0,0.0,0.0,705.0,54.146,0.065,0.0,516.606659143995,7.6,711.475582666777,13.0,378.460013043475,5.2,1076.51478782639,19.0,1.0,3.0,0.0
chr2-47839678-47839679-G-A,TWJF-10146-MO011-0029,Accept,0.73,0.43,17.5,1.99,26.133,18.08,0.08,2.0,3.324,60.09,12.0,0.422,0.0,1290.985,40.1,18483.924,126.63,796.767568264366,2.348875,24314.6376974358,56.176,2.7082880434782,0.111146835995426,62.7446739130435,0.0043724197072467,0.0243610255420207,0.0162696316838264,18.08,0.19,60.09,0.6,14.318,2606.53,0.83,30848.97,21.0,113.1,0.08,12653.21,12.0,2275.45,0.51,27462.26,17.0,0.082185,0.66,0.000205,18.0,1.0,8.0,1785.20149967003,0.8,3807.28285666677,2.9,8.0,0.0,0.0,477.0,71.208,0.367,0.0,1290.985,0.73,18483.924,17.5,1290.985,0.73,18483.924,17.5,1.0,3.0,0.0
chr20-37123740-37123741-C-T,TWJF-10146-MO011-0029,Accept,0.765,0.09,1.45,0.1,1.914,82.22,0.18,2.0,1.23,101.16,0.29,0.404,0.0,125.065,19.49,262.458,20.57,1242.12657458435,1.1455,3914.77941813505,1.942875,2.53013586956511,0.123659679391616,5.55494565217388,0.0457800363246681,0.18041980266571,0.190658159554005,128.13,0.36,119.27,0.34,2.099,82.22,0.24,101.16,0.29,122.0,0.4,236.04,0.61,89.62,0.18,174.76,0.29,0.095449,0.83,0.044418,1.4,8.0,10.0,1637.17642763048,1.4,2010.83257949086,1.7,8.0,0.0,0.0,4.0,1.914,1.0,0.0,113.164445566541,0.7,288.875027612648,1.5,172.528163724827,1.0,368.010322007762,1.9,1.0,3.0,0.0
chr21-46349070-46349071-A-T,TWJF-10146-MO011-0029,Reject,4.65,3.88,4.349,4.71,16.089,950.189,1.5,2.0,0.55,522.168,2.0,0.202,0.0,2562.852,269.92,2528.215,310.51,981.170093677382,2.7715,1275.08939630706,3.3495,3.15885869565209,0.0896639748816657,3.89864130434776,0.0687700231779795,0.0140601657330989,0.0045992173254489,2707.07,7.76,3139.66,8.56,0.986,13595.12,5.1,12800.28,4.8,14485.65,15.0,14643.23,16.0,10768.45,3.1,12466.63,3.8,0.02766,1.5,0.018194,2.0,0.0,9.0,1804.62185661009,4.2,1637.17642763048,3.6,4.0,0.0,0.0,581.0,98.104,0.164,0.0,950.189003414025,8.8,522.167695266048,5.8,2418.63314411852,17.0,1916.76998465809,15.0,1.0,3.0,0.0
chr22-38298861-38298862-C-G,TWJF-10146-MO011-0029,Accept,0.078,0.62,0.165,0.33,52.213,7.28,0.01,2.0,1.438,10.47,0.08,0.261,0.0,36.86,51.29,103.464,34.19,42.8799822218585,0.069125,164.367406610986,0.404375,0.0861141304347796,0.923227604967544,0.594076086956477,0.610946811021835,0.512659441679716,0.306185834109783,17.15,0.0699999999999999,15.46,0.0699999999999999,2.807,30.84,0.1,42.56,0.13,14.4,0.03,15.78,0.03,7.28,0.02,10.47,0.03,0.968778,0.01,0.721779,0.08,10.0,11.0,141.947667971001,0.1,196.380048123136,0.2,4.0,0.0,0.0,2137.0,211.388,0.247,0.0,1535.92496678247,2.4,1535.92496678247,2.4,6108.15430883302,21.0,4394.50537497881,14.0,1.0,3.0,0.0
chr3-142694468-142694469-G-C,TWJF-10146-MO011-0029,Accept,4.6,0.1,17.0,0.78,7.034,67.21,0.9,2.0,10.193,685.04,1.7,0.205,0.0,1150.458,64.5,7388.597,180.8,1104.65705374969,1.188375,12744.4874875006,5.684625,2.53013586956511,0.124048495845614,27.6173913043478,0.0081085039499072,0.149231884628534,0.0145404338836669,67.21,9.01,685.04,47.88,6.422,23504.26,9.7,24771.13,12.0,13356.59,13.0,26265.23,33.0,18107.71,4.7,33888.79,22.0,0.007196,3.2,7.5e-05,23.0,1.0,9.0,1196.25937088688,5.3,2032.70746949495,9.6,9.0,0.0,0.0,398.0,27.158,0.259,0.0,325.207086036345,4.5,325.207086036345,4.5,119.404309091458,0.9,171.403623997682,1.7,1.0,3.0,0.0
chr3-51975141-51975142-G-C,TWJF-10146-MO011-0029,Reject,1.165,3.28,4.3,3.7,1.158,169.092,0.59,2.0,11.429,1932.514,3.1,0.105,0.0,586.28,204.83,2632.94,224.58,169.092198851132,1.165125,1932.51394532961,3.9845,1.18883152173902,0.352476926119647,5.34668478260863,0.0471982872568559,0.0145246461033821,0.0058945529162883,9968.21,6.78,8452.39,5.6,4.491,586.28,1.165,2632.94,4.3,285.65,0.99,2632.94,4.3,586.28,0.59,5419.0,3.1,0.02385,4.1,0.002775,11.0,3.0,10.0,1050.60076521104,0.8,2122.61272297631,2.5,1.0,4.0,0.0,25.0,9.651,0.12,0.0,586.28,1.165,2632.94,4.3,586.28,1.165,2632.94,4.3,1.0,3.0,2.0
chr3-52199259-52199260-C-A,TWJF-10146-MO011-0029,Reject,2.7,1.49,4.5,0.76,32.148,110.487,1.5,2.0,1.352,149.386,3.5,0.446,0.0,580.905,92.01,1671.655,59.03,2012.10495478122,1.718,6554.35275278647,3.347375,3.21203804347816,0.0874356620195858,9.49423913043476,0.0259186458800787,0.203427568078041,0.165537711232901,5271.82,5.1,5349.5,6.05,2.878,667.86,2.0,1350.11,3.0,365.84,2.9,719.41,4.2,493.95,1.5,1993.2,3.5,0.035628,2.5,0.009385,5.2,3.0,10.0,1884.4390402882,3.7,2264.98110352767,4.8,6.0,7.0,0.0,893.0,71.441,0.45,0.0,110.486699408111,2.4,149.3860348676,3.0,176.258471648598,3.4,271.112786059012,4.9,1.0,3.0,1.0
chr5-41510434-41510435-A-G,TWJF-10146-MO011-0029,Review,0.309,0.46,0.353,0.04,0.052,13.73,0.12,2.0,0.79,10.84,0.13,0.088,0.0,93.691,250.32,75.411,91.13,59.6419550371552,0.198375,59.064121486627,0.196375,0.152717391304364,0.880539320036246,0.476902173913004,0.676778290823307,0.464899372309446,0.106518253684044,1535.75,0.12,1545.75,0.13,0.805,13.73,0.13,10.84,0.1,36.12,0.9,26.53,0.7,78.58,0.42,38.27,0.23,0.61538,0.12,0.619003,0.12,3.0,9.0,711.663664608525,3.5,659.753955386447,3.2,8.0,0.0,0.0,13.0,0.134,0.385,0.0,129.00008605085,1.6,110.303679541342,1.4,108.802781983409,1.4,91.7571677880575,1.1,1.0,3.0,0.0
chr5-80654880-80654907-TGCAGCGGCTGCAGCGGCCGCAGCGGCC-T,TWJF-10146-MO011-0029,Pending,2.064,4.05,0.96,2.52,0.0,155.604,0.926,2.0,0.951,147.918,0.267,0.435,0.0,1781.47,278.15,300.204,201.25,674.740008135617,0.925875,101.712738116912,0.26675,2.02769021739122,0.172553553147331,0.586820652173856,0.615363503066649,0.12327478453517,0.179683394730091,2888.2,75.42,345.8,34.5,0.169,10761.46,2.1,9021.0,1.6,14407.49,14.0,4478.16,2.9,16365.63,4.0,3068.87,0.62,0.016605,2.1,0.164413,0.53,0.0,9.0,514.405605540615,1.8,254.608349869884,0.6,8.0,0.0,0.0,184.0,10.198,0.0,1.0,171.854140459549,1.7,171.854140459549,1.7,155.603728812039,1.3,147.917650519516,1.3,1.0,1.0,0.0
chr6-116512113-116512114-C-G,TWJF-10146-MO011-0029,Pending,0.45,21.38,0.29,30.74,0.0,60.288,0.14,2.0,0.842,50.788,0.09,0.234,0.0,101.5,417.045,53.56,829.06,60.2880102770378,0.288125,50.7877979184142,0.171375,0.471766304347781,0.679954315357532,0.440923913043463,0.698557529736001,0.116263143718243,0.0937404036521911,23672.54,26.16,19601.07,18.06,0.528,101.5,0.45,53.56,0.29,100.04,0.45,53.56,0.29,101.5,0.14,52.87,0.09,0.606799,0.3,0.744459,0.16,2.0,9.0,316.120050253441,0.5,286.788222519084,0.4,8.0,0.0,0.0,7.0,0.056,0.0,0.0,101.5,0.45,53.56,0.29,101.5,0.45,53.56,0.29,1.0,3.0,0.0
chr6-136179050-136179051-G-T,TWJF-10146-MO011-0029,Pending,0.73,0.12,0.885,0.17,0.037,22.19,0.137,2.0,0.897,19.91,0.304,0.125,0.0,885.412,29.26,1324.655,34.58,87.2818826281931,0.228,206.558942188789,0.472,0.136929347826097,0.890539013488359,0.304076086956485,0.783597360664731,0.597338516265154,0.605043493211269,22.19,1.26,19.91,0.97,1.496,15339.77,4.1,14174.78,3.5,1347.45,0.56,1967.79,0.8,4909.38,0.92,7234.44,1.5,0.069271,0.9,0.028322,1.6,5.0,11.0,423.37404734272,0.4,681.520482356048,0.6,6.0,0.0,0.0,36.0,0.661,0.056,0.0,885.412,0.73,1324.655,0.885,885.412,0.73,1324.655,0.885,1.0,3.0,0.0
chr6-149968653-149968654-C-G,TWJF-10146-MO011-0029,Pending,0.385,4.7,0.4,14.23,0.0,46.04,0.09,2.0,1.229,56.58,0.05,0.424,0.0,97.21,310.26,121.43,774.95,68.3970323878833,0.38525,70.068595859139,0.400375,0.442608695652154,0.697006771256246,0.493315217391284,0.668218354406002,0.173384819179773,0.142438199371099,6656.31,4.31,12418.91,8.98,1.249,97.21,0.385,121.43,0.4,46.04,0.3,56.58,0.36,97.21,0.13,121.43,0.16,0.866536,0.09,0.911565,0.05,4.0,11.0,1485.26775588534,1.7,1437.8310001274,1.6,7.0,0.0,0.0,3.0,0.294,0.0,0.0,97.21,0.385,121.43,0.4,97.21,0.385,121.43,0.4,1.0,3.0,0.0
chr6-34242748-34242749-G-C,TWJF-10146-MO011-0029,Reject,11.9,73.72,19.5,54.41,102.328,426.177,3.2,2.0,7.43,3166.577,3.8,0.398,0.0,7410.985,6946.81,8415.277,3912.54,8824.4479699533,4.1595,6584.16484013112,3.347375,5.78807065217389,0.0430642361090846,1.79527173913036,0.207071734975083,0.395706232637167,0.812284216284752,5645.51,20.03,5520.37,10.21,1.136,18165.61,24.0,16099.03,22.0,17316.93,29.0,10246.39,19.0,15060.52,18.0,17691.92,21.0,0.023179,3.2,0.017508,3.8,0.0,9.0,5997.52246638931,29.0,16583.4568046996,50.0,9.0,0.0,0.0,4427.0,219.588,0.466,0.0,426.17699222329,4.8,3166.57661353158,20.0,567.074345232719,5.8,4546.11062883002,23.0,1.0,3.0,0.0
chr6-4060499-4060500-C-G,TWJF-10146-MO011-0029,Reject,5.7,16.0,17.83,16.0,37.02,98.36,0.942,2.0,1.606,158.0,1.837,0.376,0.0,2459.021,359.205,9006.769,333.32,699.89788630306,0.942,2528.88848562163,1.8375,1.54850543478253,0.254666120137205,3.996902173913,0.0670102164780912,0.272878173738718,0.184732958674431,98.36,13.63,158.0,20.66,3.663,10388.38,2.0,19992.36,6.8,6978.43,4.8,21384.59,24.0,21985.43,6.6,29694.25,15.0,0.022868,1.8,0.006633,3.3,0.0,9.0,2551.25138296514,14.0,9654.42834743743,39.0,6.0,0.0,0.0,1294.0,93.485,0.396,0.0,2366.79149509522,39.0,8359.10922474373,85.0,770.938971298613,14.0,1548.88794619601,26.0,1.0,3.0,0.0
chr6-73105338-73105339-T-C,TWJF-10146-MO011-0029,Pending,1.95,3.5,1.96,3.6,0.0,88.135,0.378,2.0,1.021,89.981,0.483,0.377,0.0,171.065,33.865,195.855,34.065,121.35652948231,0.3785,173.997899201875,0.4835,0.888423913043354,0.470047777272239,1.02657608695638,0.41178798354393,0.06144430488348,0.0934845209121704,4693.02,2.14,4645.48,2.02,1.145,477.12,1.6,575.21,1.8,197.45,2.0,211.83,2.1,144.68,0.64,179.88,0.73,0.021609,3.4,0.013974,4.3,9.0,10.0,1391.90928823136,2.4,1485.26775588534,2.6,8.0,0.0,0.0,26.0,2.421,0.0,0.0,97.5685835108901,2.1,110.232587051015,2.4,88.1353229065596,1.9,89.9808310646326,1.9,1.0,3.0,0.0
chr6-73518398-73518399-G-T,TWJF-10146-MO011-0029,Reject,8.35,15.26,21.5,16.86,2370.452,461.647,0.58,2.0,5.585,2578.161,1.2,0.379,0.0,2973.085,796.87,6241.005,885.73,12470.1471716315,5.734125,11144.9042906156,5.133,27.6173913043478,0.0089806944825899,24.5792391304348,0.0098038292821862,0.0376898609101772,0.0318648070096969,5627.03,17.67,5741.91,42.41,2.099,893.93,2.3,6013.44,8.4,3416.85,9.6,10414.04,20.0,2529.32,4.0,6468.57,7.8,0.231991,0.58,0.105261,1.2,0.0,10.0,11730.2704107223,25.0,16583.4568046996,31.0,1.0,0.0,0.0,20825.0,5577.535,0.425,0.0,461.646981232661,7.1,2578.16079508674,23.0,847.520086662567,12.0,3623.6813432489,26.0,1.0,3.0,0.0
chr8-115418357-115418358-G-C,TWJF-10146-MO011-0029,Reject,2.8,3.67,2.51,2.58,35.102,666.931,0.993,2.0,1.056,704.005,0.944,0.291,0.0,1782.536,222.84,1700.605,172.45,905.507456480716,0.992875,803.352235859506,0.943875,3.05951086956514,0.0931188797377568,2.83290760869558,0.104409170967626,0.0037888884544372,0.0068117082118988,4845.61,3.43,2907.96,2.42,0.954,2509.64,2.8,2316.21,2.6,4727.1,5.4,3150.53,4.0,4511.18,2.8,3536.04,2.4,0.003247,5.0,0.002668,5.5,0.0,9.0,666.931104469387,1.4,704.005128091668,1.5,6.0,4.0,0.0,313.0,90.005,0.39,0.0,1055.43137406711,2.6,1085.000654095,2.6,711.491965186093,1.9,769.431567227931,2.0,1.0,3.0,2.0
chr8-142681447-142681448-C-G,TWJF-10146-MO011-0029,Pending,13.5,7.44,13.0,17.65,0.0,566.435,4.2,2.0,1.327,751.883,3.6,0.416,0.0,4130.591,886.54,3864.588,2076.75,24748.6907909587,19.033875,27609.1799770302,28.239125,46.2246739130435,0.0052168270506935,99.2866032608696,0.0038509405693006,0.0712728351354599,0.0151127688586711,5709.93,32.65,5150.17,4.05,0.936,2259.52,4.2,1745.7,3.6,5774.65,14.0,5590.22,14.0,9325.58,12.0,13646.11,16.0,9.3e-05,37.0,8e-06,69.0,0.0,10.0,2551.25138296514,5.5,2579.00523176605,5.5,10.0,0.0,0.0,0.0,0.809,0.0,0.0,914.765969693856,13.0,278.811061571209,5.0,566.434894938152,8.3,751.882540205631,12.0,4.0,3.0,0.0
chr8-18075544-18075545-G-T,TWJF-10146-MO011-0029,Accept,0.05,1.1,0.589,1.36,39.484,7.72,0.02,2.0,5.926,45.75,0.23,0.76,0.0,39.151,97.56,145.14,110.82,39.151174729416,0.050375,89.042447736454,0.589125,0.136929347826097,0.890466523815497,0.646739130434725,0.584571361831137,0.377027343958616,0.106883734464645,18291.43,16.02,10527.86,7.24,3.707,39.151,0.05,145.14,0.589,7.72,0.02,45.75,0.23,15.68,0.03,145.14,0.19,0.942443,0.04,0.607665,0.3,26.0,9.0,326.549446762997,0.5,1109.00259611381,3.8,1.0,0.0,0.0,746.0,51.748,0.763,0.0,39.151,0.05,145.14,0.589,39.151,0.05,145.14,0.589,1.0,3.0,0.0
chr8-42732034-42732035-C-G,TWJF-10146-MO011-0029,Pending,14.0,1.43,14.0,8.1,0.0,6829.038,2.854,2.0,0.747,5099.027,10.698,0.111,0.0,10098.189,95.79,12711.64,569.47,7465.45007233347,2.854,21863.3747280066,10.698,16.1575543478261,0.0145239539437249,46.2246739130435,0.0053771579178933,0.0342916510999202,0.0458421893417835,8245.02,5.26,13560.95,8.44,1.259,15124.87,12.0,11257.03,8.0,11233.42,12.0,19932.31,21.0,25696.57,19.0,22124.06,15.0,0.000729,9.4,0.000797,9.0,3.0,9.0,6829.03790868801,17.0,5099.02725598475,14.0,9.0,0.0,0.0,0.0,0.0,0.0,0.0,10554.3137406711,17.0,8006.26572349545,14.0,9642.06378193024,16.0,11862.3299570899,18.0,1.0,3.0,0.0
chr9-110483684-110483685-G-A,TWJF-10146-MO011-0029,Review,0.8,1.63,1.63,0.94,0.332,51.065,0.165,2.0,1.097,56.01,0.182,0.386,0.0,155.406,154.37,454.225,114.81,51.0646882690501,0.16475,56.0102628891023,0.182,0.5279076086956,0.648548004388102,0.488315217391275,0.671364202710574,0.0308557301759719,0.0849781967699527,3950.56,1.04,4461.24,1.66,2.923,212.13,0.91,1092.11,2.7,127.39,2.1,828.06,4.9,163.38,0.69,539.82,1.6,0.234707,0.58,0.210265,0.64,4.0,9.0,209.55169696951,0.5,257.378112854794,0.6,7.0,0.0,0.0,20.0,1.108,0.3,0.0,147.431403533533,1.9,368.629425993464,4.3,134.165236332493,1.7,356.155782591999,4.2,1.0,3.0,0.0
chr9-17789436-17789437-A-C,TWJF-10146-MO011-0029,Pending,5.2,19.0,8.935,22.0,0.194,551.266,0.89,2.0,5.671,3126.188,0.87,0.448,0.0,4987.46,525.485,4263.745,518.305,551.26616721108,1.76925,3126.18845992442,6.26825,2.30184782608688,0.142964269303007,8.26921195652172,0.0297950807685432,0.0046900808811187,0.0028135813772678,24045.36,45.46,8470.15,17.26,0.855,7859.66,2.8,4057.51,1.4,8032.38,7.6,10246.39,9.7,4533.89,1.2,4469.98,1.2,0.056321,0.89,0.058719,0.87,0.0,9.0,5441.03041320878,19.0,3272.12256819681,9.6,2.0,0.0,0.0,10.0,0.646,0.3,0.0,4119.17269504185,22.0,29840.7682604731,50.0,1826.2910886979,14.0,3030.88877997292,19.0,1.0,3.0,0.0
chrX-18901552-18901553-C-T,TWJF-10146-MO011-0029,Pending,2.15,13.0,0.937,13.0,0.0,214.14,0.923,2.0,0.595,127.39,0.602,0.326,0.0,517.308,160.8,318.778,168.525,543.685669958492,0.923499999999999,246.579630811249,0.601875,1.7557336956521,0.213497548683474,0.903559782608582,0.462661105909064,0.138507841620594,0.247690014541149,5046.47,3.41,3036.19,0.5,0.616,793.28,2.2,238.62,0.97,214.14,2.1,127.39,1.6,490.93,1.5,158.94,0.68,0.108932,1.1,0.290081,0.44,1.0,10.0,1584.88798467302,2.8,1517.75856701751,2.7,5.0,0.0,0.0,760.0,53.774,0.0,0.0,401.152958990658,6.4,426.884120549934,6.7,415.097387436635,6.6,390.975910770377,6.2,1.0,3.0,0.0
